SeriesID,SeriesCode,Series,Unit,Database,Year,AreaName,AreaCode,DisaggregationGroup,Disaggregation1,Disaggregation2,Value,Notes,Source,LastModifiedOn
8915,HHA422-%_HH-RURAL-,HH04 - Households with a computer - %_HH - RURAL,% of households,ITU Households Database,2025,Azerbaijan,AZE,Location,Rural,,72.57803057868692,,State Statistical Committee of the Republic of Azerbaijan,2026-07-06
8916,HHA422-%_HH-URBAN-,HH04 - Households with a computer - %_HH - URBAN,% of households,ITU Households Database,2025,Azerbaijan,AZE,Location,Urban,,82.12201826795965,,State Statistical Committee of the Republic of Azerbaijan,2026-07-05
8917,HHA422-%_HH--,HH04 - Households with a computer - %_HH,% of households,ITU Households Database,2025,Azerbaijan,AZE,,,,77.92543591192303,,State Statistical Committee of the Republic of Azerbaijan,2026-07-05
8912,HHA422-%_HH-NOCHILDREN-,HH04 - Households with a computer - %_HH - NOCHILDREN,% of households,ITU Households Database,2025,Brazil,BRA,Family,No Children,,31.005078348445547,,CETIC.br/NIC.br,2026-07-05
8917,HHA422-%_HH--,HH04 - Households with a computer - %_HH,% of households,ITU Households Database,2025,Brazil,BRA,,,,31.67850372023395,,CETIC.br/NIC.br,2026-07-04
8914,HHA422-%_HH-NOCHILDREN-URBAN,HH04 - Households with a computer - %_HH - NOCHILDREN - URBAN,% of households,ITU Households Database,2025,Brazil,BRA,Location,No Children,Urban,33.02294923298461,,CETIC.br/NIC.br,2026-07-05
8907,HHA422-%_HH-CHILDREN-RURAL,HH04 - Households with a computer - %_HH - CHILDREN - RURAL,% of households,ITU Households Database,2025,Brazil,BRA,Location,Children,Rural,16.592395502539688,,CETIC.br/NIC.br,2026-07-06
8908,HHA422-%_HH-CHILDREN-URBAN,HH04 - Households with a computer - %_HH - CHILDREN - URBAN,% of households,ITU Households Database,2025,Brazil,BRA,Location,Children,Urban,35.37281928123661,,CETIC.br/NIC.br,2026-07-04
8915,HHA422-%_HH-RURAL-,HH04 - Households with a computer - %_HH - RURAL,% of households,ITU Households Database,2025,Brazil,BRA,Location,Rural,,14.74809906491385,,CETIC.br/NIC.br,2026-07-05
8906,HHA422-%_HH-CHILDREN-,HH04 - Households with a computer - %_HH - CHILDREN,% of households,ITU Households Database,2025,Brazil,BRA,Family,Children,,32.918608443022364,,CETIC.br/NIC.br,2026-07-07
8913,HHA422-%_HH-NOCHILDREN-RURAL,HH04 - Households with a computer - %_HH - NOCHILDREN - RURAL,% of households,ITU Households Database,2025,Brazil,BRA,Location,No Children,Rural,13.480587294366222,,CETIC.br/NIC.br,2026-07-05
8916,HHA422-%_HH-URBAN-,HH04 - Households with a computer - %_HH - URBAN,% of households,ITU Households Database,2025,Brazil,BRA,Location,Urban,,33.833367112439625,,CETIC.br/NIC.br,2026-07-04
8913,HHA422-%_HH-NOCHILDREN-RURAL,HH04 - Households with a computer - %_HH - NOCHILDREN - RURAL,% of households,ITU Households Database,2025,Belarus,BLR,Location,No Children,Rural,47.353828920725114,,National Statistical Committee of the Republic of Belarus (Belstat),2026-05-16
8907,HHA422-%_HH-CHILDREN-RURAL,HH04 - Households with a computer - %_HH - CHILDREN - RURAL,% of households,ITU Households Database,2025,Belarus,BLR,Location,Children,Rural,85.97148311719388,,National Statistical Committee of the Republic of Belarus (Belstat),2026-05-16
8908,HHA422-%_HH-CHILDREN-URBAN,HH04 - Households with a computer - %_HH - CHILDREN - URBAN,% of households,ITU Households Database,2025,Belarus,BLR,Location,Children,Urban,94.88245601997245,,National Statistical Committee of the Republic of Belarus (Belstat),2026-05-16
8917,HHA422-%_HH--,HH04 - Households with a computer - %_HH,% of households,ITU Households Database,2025,Belarus,BLR,,,,69.56813132046013,,National Statistical Committee of the Republic of Belarus (Belstat),2026-05-16
8915,HHA422-%_HH-RURAL-,HH04 - Households with a computer - %_HH - RURAL,% of households,ITU Households Database,2025,Belarus,BLR,Location,Rural,,54.91815389004652,,National Statistical Committee of the Republic of Belarus (Belstat),2026-05-16
8916,HHA422-%_HH-URBAN-,HH04 - Households with a computer - %_HH - URBAN,% of households,ITU Households Database,2025,Belarus,BLR,Location,Urban,,74.0979156519235,,National Statistical Committee of the Republic of Belarus (Belstat),2026-05-16
8906,HHA422-%_HH-CHILDREN-,HH04 - Households with a computer - %_HH - CHILDREN,% of households,ITU Households Database,2025,Belarus,BLR,Family,Children,,93.07943217473037,,National Statistical Committee of the Republic of Belarus (Belstat),2026-05-16
8912,HHA422-%_HH-NOCHILDREN-,HH04 - Households with a computer - %_HH - NOCHILDREN,% of households,ITU Households Database,2025,Belarus,BLR,Family,No Children,,62.599317645502616,,National Statistical Committee of the Republic of Belarus (Belstat),2026-05-16
8914,HHA422-%_HH-NOCHILDREN-URBAN,HH04 - Households with a computer - %_HH - NOCHILDREN - URBAN,% of households,ITU Households Database,2025,Belarus,BLR,Location,No Children,Urban,67.57880368877665,,National Statistical Committee of the Republic of Belarus (Belstat),2026-05-16
8906,HHA422-%_HH-CHILDREN-,HH04 - Households with a computer - %_HH - CHILDREN,% of households,ITU Households Database,2025,Costa Rica,CRI,Family,Children,,48.57679327570051,,Instituto Nacional de Estadisticas y Censos ,2026-06-25
8915,HHA422-%_HH-RURAL-,HH04 - Households with a computer - %_HH - RURAL,% of households,ITU Households Database,2025,Costa Rica,CRI,Location,Rural,,29.79416612365365,,Instituto Nacional de Estadisticas y Censos ,2026-06-25
8914,HHA422-%_HH-NOCHILDREN-URBAN,HH04 - Households with a computer - %_HH - NOCHILDREN - URBAN,% of households,ITU Households Database,2025,Costa Rica,CRI,Location,No Children,Urban,52.19386747407451,,Instituto Nacional de Estadisticas y Censos ,2026-06-25
8913,HHA422-%_HH-NOCHILDREN-RURAL,HH04 - Households with a computer - %_HH - NOCHILDREN - RURAL,% of households,ITU Households Database,2025,Costa Rica,CRI,Location,No Children,Rural,26.87267461027646,,Instituto Nacional de Estadisticas y Censos ,2026-06-25
8908,HHA422-%_HH-CHILDREN-URBAN,HH04 - Households with a computer - %_HH - CHILDREN - URBAN,% of households,ITU Households Database,2025,Costa Rica,CRI,Location,Children,Urban,54.869321717485995,,Instituto Nacional de Estadisticas y Censos ,2026-06-25
8916,HHA422-%_HH-URBAN-,HH04 - Households with a computer - %_HH - URBAN,% of households,ITU Households Database,2025,Costa Rica,CRI,Location,Urban,,52.94820303556207,,Instituto Nacional de Estadisticas y Censos ,2026-06-25
8907,HHA422-%_HH-CHILDREN-RURAL,HH04 - Households with a computer - %_HH - CHILDREN - RURAL,% of households,ITU Households Database,2025,Costa Rica,CRI,Location,Children,Rural,35.24597367785029,,Instituto Nacional de Estadisticas y Censos ,2026-06-25
8917,HHA422-%_HH--,HH04 - Households with a computer - %_HH,% of households,ITU Households Database,2025,Costa Rica,CRI,,,,46.554952166960014,,Instituto Nacional de Estadisticas y Censos ,2026-06-25
8912,HHA422-%_HH-NOCHILDREN-,HH04 - Households with a computer - %_HH - NOCHILDREN,% of households,ITU Households Database,2025,Costa Rica,CRI,Family,No Children,,45.686651547770516,,Instituto Nacional de Estadisticas y Censos ,2026-06-25
8907,HHA422-%_HH-CHILDREN-RURAL,HH04 - Households with a computer - %_HH - CHILDREN - RURAL,% of households,ITU Households Database,2025,Spain,ESP,Location,Children,Rural,93.49486930367897,Households with children under 15 include children 15 years of age,Instituto Nacional de Estadistica,2026-06-05
8916,HHA422-%_HH-URBAN-,HH04 - Households with a computer - %_HH - URBAN,% of households,ITU Households Database,2025,Spain,ESP,Location,Urban,,86.58447577004901,,Instituto Nacional de Estadistica,2026-06-05
8914,HHA422-%_HH-NOCHILDREN-URBAN,HH04 - Households with a computer - %_HH - NOCHILDREN - URBAN,% of households,ITU Households Database,2025,Spain,ESP,Location,No Children,Urban,84.00163025256867,,Instituto Nacional de Estadistica,2026-06-05
8913,HHA422-%_HH-NOCHILDREN-RURAL,HH04 - Households with a computer - %_HH - NOCHILDREN - RURAL,% of households,ITU Households Database,2025,Spain,ESP,Location,No Children,Rural,75.5301918739367,,Instituto Nacional de Estadistica,2026-06-05
8912,HHA422-%_HH-NOCHILDREN-,HH04 - Households with a computer - %_HH - NOCHILDREN,% of households,ITU Households Database,2025,Spain,ESP,Family,No Children,,80.27061295840606,,Instituto Nacional de Estadistica,2026-06-05
8915,HHA422-%_HH-RURAL-,HH04 - Households with a computer - %_HH - RURAL,% of households,ITU Households Database,2025,Spain,ESP,Location,Rural,,80.28054755203611,,Instituto Nacional de Estadistica,2026-06-05
8906,HHA422-%_HH-CHILDREN-,HH04 - Households with a computer - %_HH - CHILDREN,% of households,ITU Households Database,2025,Spain,ESP,Family,Children,,94.07301761487858,Households with children under 15 include children 15 years of age,Instituto Nacional de Estadistica,2026-06-05
8908,HHA422-%_HH-CHILDREN-URBAN,HH04 - Households with a computer - %_HH - CHILDREN - URBAN,% of households,ITU Households Database,2025,Spain,ESP,Location,Children,Urban,94.57936529710118,Households with children under 15 include children 15 years of age,Instituto Nacional de Estadistica,2026-06-05
8917,HHA422-%_HH--,HH04 - Households with a computer - %_HH,% of households,ITU Households Database,2025,Spain,ESP,,,,83.76581872112054,,Instituto Nacional de Estadistica,2026-06-05
8912,HHA422-%_HH-NOCHILDREN-,HH04 - Households with a computer - %_HH - NOCHILDREN,% of households,ITU Households Database,2025,Ecuador,ECU,Family,No Children,,28.76238922617757,,Instituto Nacional de Estadistica y Censos,2026-06-05
8915,HHA422-%_HH-RURAL-,HH04 - Households with a computer - %_HH - RURAL,% of households,ITU Households Database,2025,Ecuador,ECU,Location,Rural,,16.16136549174734,,Instituto Nacional de Estadistica y Censos,2026-06-05
8908,HHA422-%_HH-CHILDREN-URBAN,HH04 - Households with a computer - %_HH - CHILDREN - URBAN,% of households,ITU Households Database,2025,Ecuador,ECU,Location,Children,Urban,45.16168549015171,,Instituto Nacional de Estadistica y Censos,2026-06-05
8917,HHA422-%_HH--,HH04 - Households with a computer - %_HH,% of households,ITU Households Database,2025,Ecuador,ECU,,,,32.72927114967693,"The information corresponds to, Has this household: desktop/laptop, or, tablet/tablet",Instituto Nacional de Estadistica y Censos,2026-06-05
8916,HHA422-%_HH-URBAN-,HH04 - Households with a computer - %_HH - URBAN,% of households,ITU Households Database,2025,Ecuador,ECU,Location,Urban,,39.61324978337408,,Instituto Nacional de Estadistica y Censos,2026-06-05
8906,HHA422-%_HH-CHILDREN-,HH04 - Households with a computer - %_HH - CHILDREN,% of households,ITU Households Database,2025,Ecuador,ECU,Family,Children,,38.56330579673044,,Instituto Nacional de Estadistica y Censos,2026-06-05
8914,HHA422-%_HH-NOCHILDREN-URBAN,HH04 - Households with a computer - %_HH - NOCHILDREN - URBAN,% of households,ITU Households Database,2025,Ecuador,ECU,Location,No Children,Urban,35.66742641488231,,Instituto Nacional de Estadistica y Censos,2026-06-05
8914,HHA422-%_HH-NOCHILDREN-URBAN,HH04 - Households with a computer - %_HH - NOCHILDREN - URBAN,% of households,ITU Households Database,2025,France,FRA,Location,No Children,Urban,78.13992511585035,,Institut National de la Statistique et des Etudes Economiques,2026-06-02
8913,HHA422-%_HH-NOCHILDREN-RURAL,HH04 - Households with a computer - %_HH - NOCHILDREN - RURAL,% of households,ITU Households Database,2025,France,FRA,Location,No Children,Rural,76.91854147480034,,Institut National de la Statistique et des Etudes Economiques,2026-07-05
8916,HHA422-%_HH-URBAN-,HH04 - Households with a computer - %_HH - URBAN,% of households,ITU Households Database,2025,France,FRA,Location,Urban,,80.49292183600141,,Institut National de la Statistique et des Etudes Economiques,2026-07-04
8917,HHA422-%_HH--,HH04 - Households with a computer - %_HH,% of households,ITU Households Database,2025,France,FRA,,,,80.60566374255329,,Institut National de la Statistique et des Etudes Economiques,2026-06-02
8907,HHA422-%_HH-CHILDREN-RURAL,HH04 - Households with a computer - %_HH - CHILDREN - RURAL,% of households,ITU Households Database,2025,France,FRA,Location,Children,Rural,94.67516253651182,,Institut National de la Statistique et des Etudes Economiques,2026-07-06
8906,HHA422-%_HH-CHILDREN-,HH04 - Households with a computer - %_HH - CHILDREN,% of households,ITU Households Database,2025,France,FRA,Family,Children,,90.54587474149805,,Institut National de la Statistique et des Etudes Economiques,2026-07-05
8912,HHA422-%_HH-NOCHILDREN-,HH04 - Households with a computer - %_HH - NOCHILDREN,% of households,ITU Households Database,2025,France,FRA,Family,No Children,,77.9103436029569,,Institut National de la Statistique et des Etudes Economiques,2026-06-02
8908,HHA422-%_HH-CHILDREN-URBAN,HH04 - Households with a computer - %_HH - CHILDREN - URBAN,% of households,ITU Households Database,2025,France,FRA,Location,Children,Urban,89.43507255700881,,Institut National de la Statistique et des Etudes Economiques,2026-07-04
8915,HHA422-%_HH-RURAL-,HH04 - Households with a computer - %_HH - RURAL,% of households,ITU Households Database,2025,France,FRA,Location,Rural,,81.07681881465433,,Institut National de la Statistique et des Etudes Economiques,2026-07-05
8916,HHA422-%_HH-URBAN-,HH04 - Households with a computer - %_HH - URBAN,% of households,ITU Households Database,2025,Croatia,HRV,Location,Urban,,77.7473149894738,,Croatian Bureau of Statistics,2026-06-24
8917,HHA422-%_HH--,HH04 - Households with a computer - %_HH,% of households,ITU Households Database,2025,Croatia,HRV,,,,73.91393954382673,,Croatian Bureau of Statistics,2026-06-24
8915,HHA422-%_HH-RURAL-,HH04 - Households with a computer - %_HH - RURAL,% of households,ITU Households Database,2025,Croatia,HRV,Location,Rural,,67.24545263321045,,Croatian Bureau of Statistics,2026-06-24
8915,HHA422-%_HH-RURAL-,HH04 - Households with a computer - %_HH - RURAL,% of households,ITU Households Database,2025,Italy,ITA,Location,Rural,,62.49738191757094,,Italian National Institute of Statistics,2026-06-18
8907,HHA422-%_HH-CHILDREN-RURAL,HH04 - Households with a computer - %_HH - CHILDREN - RURAL,% of households,ITU Households Database,2025,Italy,ITA,Location,Children,Rural,87.57971645401466,,Italian National Institute of Statistics,2026-06-18
8913,HHA422-%_HH-NOCHILDREN-RURAL,HH04 - Households with a computer - %_HH - NOCHILDREN - RURAL,% of households,ITU Households Database,2025,Italy,ITA,Location,No Children,Rural,58.14579643003134,,Italian National Institute of Statistics,2026-06-18
8914,HHA422-%_HH-NOCHILDREN-URBAN,HH04 - Households with a computer - %_HH - NOCHILDREN - URBAN,% of households,ITU Households Database,2025,Italy,ITA,Location,No Children,Urban,66.17416095490883,,Italian National Institute of Statistics,2026-06-18
8908,HHA422-%_HH-CHILDREN-URBAN,HH04 - Households with a computer - %_HH - CHILDREN - URBAN,% of households,ITU Households Database,2025,Italy,ITA,Location,Children,Urban,84.55570827618841,,Italian National Institute of Statistics,2026-06-18
8912,HHA422-%_HH-NOCHILDREN-,HH04 - Households with a computer - %_HH - NOCHILDREN,% of households,ITU Households Database,2025,Italy,ITA,Family,No Children,,64.77407530133802,,Italian National Institute of Statistics,2026-06-18
8906,HHA422-%_HH-CHILDREN-,HH04 - Households with a computer - %_HH - CHILDREN,% of households,ITU Households Database,2025,Italy,ITA,Family,Children,,84.98965292208351,,Italian National Institute of Statistics,2026-06-18
8917,HHA422-%_HH--,HH04 - Households with a computer - %_HH,% of households,ITU Households Database,2025,Italy,ITA,,,,68.29420166267002,,Italian National Institute of Statistics,2026-06-18
8916,HHA422-%_HH-URBAN-,HH04 - Households with a computer - %_HH - URBAN,% of households,ITU Households Database,2025,Italy,ITA,Location,Urban,,69.47320611165011,,Italian National Institute of Statistics,2026-06-18
8917,HHA422-%_HH--,HH04 - Households with a computer - %_HH,% of households,ITU Households Database,2025,Indonesia,IDN,,,,19.93625092252635,,BPS-Statistics Indonesia,2026-05-27
8908,HHA422-%_HH-CHILDREN-URBAN,HH04 - Households with a computer - %_HH - CHILDREN - URBAN,% of households,ITU Households Database,2025,Indonesia,IDN,Location,Children,Urban,24.6637412569414,,BPS-Statistics Indonesia,2026-05-27
8906,HHA422-%_HH-CHILDREN-,HH04 - Households with a computer - %_HH - CHILDREN,% of households,ITU Households Database,2025,Indonesia,IDN,Family,Children,,18.69120691518162,,BPS-Statistics Indonesia,2026-05-27
8915,HHA422-%_HH-RURAL-,HH04 - Households with a computer - %_HH - RURAL,% of households,ITU Households Database,2025,Indonesia,IDN,Location,Rural,,10.415746985164942,,BPS-Statistics Indonesia,2026-05-27
8916,HHA422-%_HH-URBAN-,HH04 - Households with a computer - %_HH - URBAN,% of households,ITU Households Database,2025,Indonesia,IDN,Location,Urban,,26.494521940280542,,BPS-Statistics Indonesia,2026-05-27
8914,HHA422-%_HH-NOCHILDREN-URBAN,HH04 - Households with a computer - %_HH - NOCHILDREN - URBAN,% of households,ITU Households Database,2025,Indonesia,IDN,Location,No Children,Urban,28.614176461404366,,BPS-Statistics Indonesia,2026-05-27
8912,HHA422-%_HH-NOCHILDREN-,HH04 - Households with a computer - %_HH - NOCHILDREN,% of households,ITU Households Database,2025,Indonesia,IDN,Family,No Children,,21.449359122058738,,BPS-Statistics Indonesia,2026-05-27
8907,HHA422-%_HH-CHILDREN-RURAL,HH04 - Households with a computer - %_HH - CHILDREN - RURAL,% of households,ITU Households Database,2025,Indonesia,IDN,Location,Children,Rural,10.472852356506474,,BPS-Statistics Indonesia,2026-05-27
8913,HHA422-%_HH-NOCHILDREN-RURAL,HH04 - Households with a computer - %_HH - NOCHILDREN - RURAL,% of households,ITU Households Database,2025,Indonesia,IDN,Location,No Children,Rural,10.34125417578429,,BPS-Statistics Indonesia,2026-05-27
8917,HHA422-%_HH--,HH04 - Households with a computer - %_HH,% of households,ITU Households Database,2025,Korea (Rep. of),KOR,,,,78.66313539036331,,Ministry of Science and ICT,2026-05-30
8908,HHA422-%_HH-CHILDREN-URBAN,HH04 - Households with a computer - %_HH - CHILDREN - URBAN,% of households,ITU Households Database,2025,Korea (Rep. of),KOR,Location,Children,Urban,95.73879850177727,,Ministry of Science and ICT,2026-05-30
8912,HHA422-%_HH-NOCHILDREN-,HH04 - Households with a computer - %_HH - NOCHILDREN,% of households,ITU Households Database,2025,Korea (Rep. of),KOR,Family,No Children,,76.33444678610375,,Ministry of Science and ICT,2026-05-30
8907,HHA422-%_HH-CHILDREN-RURAL,HH04 - Households with a computer - %_HH - CHILDREN - RURAL,% of households,ITU Households Database,2025,Korea (Rep. of),KOR,Location,Children,Rural,92.78983744456023,,Ministry of Science and ICT,2026-05-30
8914,HHA422-%_HH-NOCHILDREN-URBAN,HH04 - Households with a computer - %_HH - NOCHILDREN - URBAN,% of households,ITU Households Database,2025,Korea (Rep. of),KOR,Location,No Children,Urban,78.20952718224929,,Ministry of Science and ICT,2026-05-30
8915,HHA422-%_HH-RURAL-,HH04 - Households with a computer - %_HH - RURAL,% of households,ITU Households Database,2025,Korea (Rep. of),KOR,Location,Rural,,70.96760349132099,,Ministry of Science and ICT,2026-05-30
8913,HHA422-%_HH-NOCHILDREN-RURAL,HH04 - Households with a computer - %_HH - NOCHILDREN - RURAL,% of households,ITU Households Database,2025,Korea (Rep. of),KOR,Location,No Children,Rural,68.52355081554641,,Ministry of Science and ICT,2026-05-30
8906,HHA422-%_HH-CHILDREN-,HH04 - Households with a computer - %_HH - CHILDREN,% of households,ITU Households Database,2025,Korea (Rep. of),KOR,Family,Children,,95.28248891983463,,Ministry of Science and ICT,2026-05-30
8916,HHA422-%_HH-URBAN-,HH04 - Households with a computer - %_HH - URBAN,% of households,ITU Households Database,2025,Korea (Rep. of),KOR,Location,Urban,,80.45435031394277,,Ministry of Science and ICT,2026-05-30
8917,HHA422-%_HH--,HH04 - Households with a computer - %_HH,% of households,ITU Households Database,2025,Kuwait,KWT,,,,75.19180179189303,Based on quota sampling,Communication and Information Technology Regulatory Authority,2026-07-06
8906,HHA422-%_HH-CHILDREN-,HH04 - Households with a computer - %_HH - CHILDREN,% of households,ITU Households Database,2025,Libya,LBY,Family,Children,,88.76811594202898,,General Authority of Telecommunications and Informatics,2026-07-09
8917,HHA422-%_HH--,HH04 - Households with a computer - %_HH,% of households,ITU Households Database,2025,Libya,LBY,,,,90.23263294877981,,General Authority of Telecommunications and Informatics,2026-07-09
8912,HHA422-%_HH-NOCHILDREN-,HH04 - Households with a computer - %_HH - NOCHILDREN,% of households,ITU Households Database,2025,Libya,LBY,Family,No Children,,90.78653043951394,,General Authority of Telecommunications and Informatics,2026-07-09
8916,HHA422-%_HH-URBAN-,HH04 - Households with a computer - %_HH - URBAN,% of households,ITU Households Database,2025,Malaysia,MYS,Location,Urban,,95.25685946440406,,,2026-05-19
8917,HHA422-%_HH--,HH04 - Households with a computer - %_HH,% of households,ITU Households Database,2025,Malaysia,MYS,,,,92.56770784502073,,,2026-05-19
8915,HHA422-%_HH-RURAL-,HH04 - Households with a computer - %_HH - RURAL,% of households,ITU Households Database,2025,Malaysia,MYS,Location,Rural,,83.57158504925148,,,2026-05-19
8907,HHA422-%_HH-CHILDREN-RURAL,HH04 - Households with a computer - %_HH - CHILDREN - RURAL,% of households,ITU Households Database,2025,Niger,NER,Location,Children,Rural,2.629507980685352,,Institut National de la Statistique,2026-05-31
8912,HHA422-%_HH-NOCHILDREN-,HH04 - Households with a computer - %_HH - NOCHILDREN,% of households,ITU Households Database,2025,Niger,NER,Family,No Children,,6.123922309069958,,Institut National de la Statistique,2026-05-31
8906,HHA422-%_HH-CHILDREN-,HH04 - Households with a computer - %_HH - CHILDREN,% of households,ITU Households Database,2025,Niger,NER,Family,Children,,4.890121094202193,,Institut National de la Statistique,2026-05-31
8916,HHA422-%_HH-URBAN-,HH04 - Households with a computer - %_HH - URBAN,% of households,ITU Households Database,2025,Niger,NER,Location,Urban,,18.020719922182245,,Institut National de la Statistique,2026-05-31
8917,HHA422-%_HH--,HH04 - Households with a computer - %_HH,% of households,ITU Households Database,2025,Niger,NER,,,,5.041214226845927,,Institut National de la Statistique,2026-05-31
8913,HHA422-%_HH-NOCHILDREN-RURAL,HH04 - Households with a computer - %_HH - NOCHILDREN - RURAL,% of households,ITU Households Database,2025,Niger,NER,Location,No Children,Rural,2.5024283120064195,,Institut National de la Statistique,2026-05-31
8908,HHA422-%_HH-CHILDREN-URBAN,HH04 - Households with a computer - %_HH - CHILDREN - URBAN,% of households,ITU Households Database,2025,Niger,NER,Location,Children,Urban,17.247367934766437,,Institut National de la Statistique,2026-05-31
8914,HHA422-%_HH-NOCHILDREN-URBAN,HH04 - Households with a computer - %_HH - NOCHILDREN - URBAN,% of households,ITU Households Database,2025,Niger,NER,Location,No Children,Urban,22.83150839730351,,Institut National de la Statistique,2026-05-31
8915,HHA422-%_HH-RURAL-,HH04 - Households with a computer - %_HH - RURAL,% of households,ITU Households Database,2025,Niger,NER,Location,Rural,,2.6143264899935548,,Institut National de la Statistique,2026-05-31
8907,HHA422-%_HH-CHILDREN-RURAL,HH04 - Households with a computer - %_HH - CHILDREN - RURAL,% of households,ITU Households Database,2025,Paraguay,PRY,Location,Children,Rural,17.113303990266466,,Instituto Nacional de Estadística ,2026-06-05
8913,HHA422-%_HH-NOCHILDREN-RURAL,HH04 - Households with a computer - %_HH - NOCHILDREN - RURAL,% of households,ITU Households Database,2025,Paraguay,PRY,Location,No Children,Rural,11.865552825552825,,Instituto Nacional de Estadística ,2026-06-05
8912,HHA422-%_HH-NOCHILDREN-,HH04 - Households with a computer - %_HH - NOCHILDREN,% of households,ITU Households Database,2025,Paraguay,PRY,Family,No Children,,31.098536491450922,,Instituto Nacional de Estadística ,2026-06-05
8916,HHA422-%_HH-URBAN-,HH04 - Households with a computer - %_HH - URBAN,% of households,ITU Households Database,2025,Paraguay,PRY,Location,Urban,,38.79923002452319,,Instituto Nacional de Estadística ,2026-06-05
8908,HHA422-%_HH-CHILDREN-URBAN,HH04 - Households with a computer - %_HH - CHILDREN - URBAN,% of households,ITU Households Database,2025,Paraguay,PRY,Location,Children,Urban,39.61145289014063,,Instituto Nacional de Estadística ,2026-06-05
8906,HHA422-%_HH-CHILDREN-,HH04 - Households with a computer - %_HH - CHILDREN,% of households,ITU Households Database,2025,Paraguay,PRY,Family,Children,,32.48626793464497,,Instituto Nacional de Estadística ,2026-06-05
8915,HHA422-%_HH-RURAL-,HH04 - Households with a computer - %_HH - RURAL,% of households,ITU Households Database,2025,Paraguay,PRY,Location,Rural,,14.661730081945837,,Instituto Nacional de Estadística ,2026-06-05
8914,HHA422-%_HH-NOCHILDREN-URBAN,HH04 - Households with a computer - %_HH - NOCHILDREN - URBAN,% of households,ITU Households Database,2025,Paraguay,PRY,Location,No Children,Urban,38.07429185761013,,Instituto Nacional de Estadística ,2026-06-05
8917,HHA422-%_HH--,HH04 - Households with a computer - %_HH,% of households,ITU Households Database,2025,Paraguay,PRY,,,,31.77771806171637,,Instituto Nacional de Estadística ,2026-06-05
8917,HHA422-%_HH--,HH04 - Households with a computer - %_HH,% of households,ITU Households Database,2025,Russian Federation,RUS,,,,71.86804693738733,,Federal State Statistics Service of the Russian Federation,2026-05-19
8915,HHA422-%_HH-RURAL-,HH04 - Households with a computer - %_HH - RURAL,% of households,ITU Households Database,2025,Russian Federation,RUS,Location,Rural,,60.24793750689216,,Federal State Statistics Service of the Russian Federation,2026-05-19
8916,HHA422-%_HH-URBAN-,HH04 - Households with a computer - %_HH - URBAN,% of households,ITU Households Database,2025,Russian Federation,RUS,Location,Urban,,75.15541871601097,,Federal State Statistics Service of the Russian Federation,2026-05-19
8912,HHA422-%_HH-NOCHILDREN-,HH04 - Households with a computer - %_HH - NOCHILDREN,% of households,ITU Households Database,2025,El Salvador,SLV,Family,No Children,,29.617011711097163,,Banco Central de Reserva de El Salvador,2026-06-05
8906,HHA422-%_HH-CHILDREN-,HH04 - Households with a computer - %_HH - CHILDREN,% of households,ITU Households Database,2025,El Salvador,SLV,Family,Children,,74.2416801142363,,Banco Central de Reserva de El Salvador,2026-06-05
8913,HHA422-%_HH-NOCHILDREN-RURAL,HH04 - Households with a computer - %_HH - NOCHILDREN - RURAL,% of households,ITU Households Database,2025,El Salvador,SLV,Location,No Children,Rural,19.036580165696147,,Banco Central de Reserva de El Salvador,2026-06-05
8917,HHA422-%_HH--,HH04 - Households with a computer - %_HH,% of households,ITU Households Database,2025,El Salvador,SLV,,,,48.76270186298201,,Banco Central de Reserva de El Salvador,2026-06-05
8916,HHA422-%_HH-URBAN-,HH04 - Households with a computer - %_HH - URBAN,% of households,ITU Households Database,2025,El Salvador,SLV,Location,Urban,,50.37258035655812,,Banco Central de Reserva de El Salvador,2026-06-05
8914,HHA422-%_HH-NOCHILDREN-URBAN,HH04 - Households with a computer - %_HH - NOCHILDREN - URBAN,% of households,ITU Households Database,2025,El Salvador,SLV,Location,No Children,Urban,34.87925817265578,,Banco Central de Reserva de El Salvador,2026-06-05
8915,HHA422-%_HH-RURAL-,HH04 - Households with a computer - %_HH - RURAL,% of households,ITU Households Database,2025,El Salvador,SLV,Location,Rural,,46.0686549704671,,Banco Central de Reserva de El Salvador,2026-06-05
8907,HHA422-%_HH-CHILDREN-RURAL,HH04 - Households with a computer - %_HH - CHILDREN - RURAL,% of households,ITU Households Database,2025,El Salvador,SLV,Location,Children,Rural,73.87009809689926,,Banco Central de Reserva de El Salvador,2026-06-05
8908,HHA422-%_HH-CHILDREN-URBAN,HH04 - Households with a computer - %_HH - CHILDREN - URBAN,% of households,ITU Households Database,2025,El Salvador,SLV,Location,Children,Urban,74.52176681276606,,Banco Central de Reserva de El Salvador,2026-06-05
8917,HHA422-%_HH--,HH04 - Households with a computer - %_HH,% of households,ITU Households Database,2025,Singapore,SGP,,,,86.6459455513894,,Infocomm Media Development Authority ,2026-05-23
8912,HHA422-%_HH-NOCHILDREN-,HH04 - Households with a computer - %_HH - NOCHILDREN,% of households,ITU Households Database,2025,Singapore,SGP,Family,No Children,,82.93920950424021,,Infocomm Media Development Authority ,2026-05-23
8906,HHA422-%_HH-CHILDREN-,HH04 - Households with a computer - %_HH - CHILDREN,% of households,ITU Households Database,2025,Singapore,SGP,Family,Children,,97.13032080825361,,Infocomm Media Development Authority ,2026-05-23
8912,HHA422-%_HH-NOCHILDREN-,HH04 - Households with a computer - %_HH - NOCHILDREN,% of households,ITU Households Database,2025,Czech Republic,CZE,Family,No Children,,79.37062374198361,,Czech Statistical Office,2026-06-02
8913,HHA422-%_HH-NOCHILDREN-RURAL,HH04 - Households with a computer - %_HH - NOCHILDREN - RURAL,% of households,ITU Households Database,2025,Czech Republic,CZE,Location,No Children,Rural,79.17281220760746,,Czech Statistical Office,2026-06-02
8916,HHA422-%_HH-URBAN-,HH04 - Households with a computer - %_HH - URBAN,% of households,ITU Households Database,2025,Czech Republic,CZE,Location,Urban,,83.4795498858689,,Czech Statistical Office,2026-06-02
8906,HHA422-%_HH-CHILDREN-,HH04 - Households with a computer - %_HH - CHILDREN,% of households,ITU Households Database,2025,Czech Republic,CZE,Family,Children,,95.73920456549435,,Czech Statistical Office,2026-06-02
8917,HHA422-%_HH--,HH04 - Households with a computer - %_HH,% of households,ITU Households Database,2025,Czech Republic,CZE,,,,83.52602986472297,,Czech Statistical Office,2026-06-02
8914,HHA422-%_HH-NOCHILDREN-URBAN,HH04 - Households with a computer - %_HH - NOCHILDREN - URBAN,% of households,ITU Households Database,2025,Czech Republic,CZE,Location,No Children,Urban,79.48316830319322,,Czech Statistical Office,2026-06-02
8908,HHA422-%_HH-CHILDREN-URBAN,HH04 - Households with a computer - %_HH - CHILDREN - URBAN,% of households,ITU Households Database,2025,Czech Republic,CZE,Location,Children,Urban,95.20258175397103,,Czech Statistical Office,2026-06-02
8907,HHA422-%_HH-CHILDREN-RURAL,HH04 - Households with a computer - %_HH - CHILDREN - RURAL,% of households,ITU Households Database,2025,Czech Republic,CZE,Location,Children,Rural,96.687530802178,,Czech Statistical Office,2026-06-02
8915,HHA422-%_HH-RURAL-,HH04 - Households with a computer - %_HH - RURAL,% of households,ITU Households Database,2025,Czech Republic,CZE,Location,Rural,,83.60786195637364,,Czech Statistical Office,2026-06-02
8908,HHA422-%_HH-CHILDREN-URBAN,HH04 - Households with a computer - %_HH - CHILDREN - URBAN,% of households,ITU Households Database,2025,Thailand,THA,Location,Children,Urban,33.021229212558396,,National Statistical Office,2026-05-19
8913,HHA422-%_HH-NOCHILDREN-RURAL,HH04 - Households with a computer - %_HH - NOCHILDREN - RURAL,% of households,ITU Households Database,2025,Thailand,THA,Location,No Children,Rural,12.476319888364815,,National Statistical Office,2026-05-19
8906,HHA422-%_HH-CHILDREN-,HH04 - Households with a computer - %_HH - CHILDREN,% of households,ITU Households Database,2025,Thailand,THA,Family,Children,,23.82789620466746,,National Statistical Office,2026-05-19
8916,HHA422-%_HH-URBAN-,HH04 - Households with a computer - %_HH - URBAN,% of households,ITU Households Database,2025,Thailand,THA,Location,Urban,,26.573374701695062,,National Statistical Office,2026-05-19
8914,HHA422-%_HH-NOCHILDREN-URBAN,HH04 - Households with a computer - %_HH - NOCHILDREN - URBAN,% of households,ITU Households Database,2025,Thailand,THA,Location,No Children,Urban,25.19512129497207,,National Statistical Office,2026-05-19
8907,HHA422-%_HH-CHILDREN-RURAL,HH04 - Households with a computer - %_HH - CHILDREN - RURAL,% of households,ITU Households Database,2025,Thailand,THA,Location,Children,Rural,18.429110386453516,,National Statistical Office,2026-05-19
8915,HHA422-%_HH-RURAL-,HH04 - Households with a computer - %_HH - RURAL,% of households,ITU Households Database,2025,Thailand,THA,Location,Rural,,14.077454599956566,,National Statistical Office,2026-05-19
8912,HHA422-%_HH-NOCHILDREN-,HH04 - Households with a computer - %_HH - NOCHILDREN,% of households,ITU Households Database,2025,Thailand,THA,Family,No Children,,18.869964152186995,,National Statistical Office,2026-05-19
8917,HHA422-%_HH--,HH04 - Households with a computer - %_HH,% of households,ITU Households Database,2025,Thailand,THA,,,,19.985817855795247,,National Statistical Office,2026-05-19
8917,HHA422-%_HH--,HH04 - Households with a computer - %_HH,% of households,ITU Households Database,2025,Türkiye,TUR,,,,53.49324727811388,,Turkish Statistical Institute,2026-07-06
8906,HHA422-%_HH-CHILDREN-,HH04 - Households with a computer - %_HH - CHILDREN,% of households,ITU Households Database,2025,Türkiye,TUR,Family,Children,,61.307727668938675,,Turkish Statistical Institute,2026-07-07
8912,HHA422-%_HH-NOCHILDREN-,HH04 - Households with a computer - %_HH - NOCHILDREN,% of households,ITU Households Database,2025,Türkiye,TUR,Family,No Children,,48.48202254150238,,Turkish Statistical Institute,2026-07-07
8917,HHA422-%_HH--,HH04 - Households with a computer - %_HH,% of households,ITU Households Database,2025,United Arab Emirates,ARE,,,,100,"Estimated Total number of households   is 1,460,332 for the year 2025",Telecommunications Regulatory Authority ,2026-05-23
8915,HHA422-%_HH-RURAL-,HH04 - Households with a computer - %_HH - RURAL,% of households,ITU Households Database,2025,Viet Nam,VNM,Location,Rural,,17.579999999999995,,General Statistics Office of Vietnam,2026-06-16
8917,HHA422-%_HH--,HH04 - Households with a computer - %_HH,% of households,ITU Households Database,2025,Viet Nam,VNM,,,,27.38,,General Statistics Office of Vietnam,2026-06-16
8916,HHA422-%_HH-URBAN-,HH04 - Households with a computer - %_HH - URBAN,% of households,ITU Households Database,2025,Viet Nam,VNM,Location,Urban,,42.17,,General Statistics Office of Vietnam,2026-06-16
8913,HHA422-%_HH-NOCHILDREN-RURAL,HH04 - Households with a computer - %_HH - NOCHILDREN - RURAL,% of households,ITU Households Database,2025,Serbia,SRB,Location,No Children,Rural,64.34896915236793,,Statistical Office of the Republic of Serbia,2026-06-04
8914,HHA422-%_HH-NOCHILDREN-URBAN,HH04 - Households with a computer - %_HH - NOCHILDREN - URBAN,% of households,ITU Households Database,2025,Serbia,SRB,Location,No Children,Urban,70.62075006181907,,Statistical Office of the Republic of Serbia,2026-06-04
8908,HHA422-%_HH-CHILDREN-URBAN,HH04 - Households with a computer - %_HH - CHILDREN - URBAN,% of households,ITU Households Database,2025,Serbia,SRB,Location,Children,Urban,88.03236802285377,,Statistical Office of the Republic of Serbia,2026-06-04
8915,HHA422-%_HH-RURAL-,HH04 - Households with a computer - %_HH - RURAL,% of households,ITU Households Database,2025,Serbia,SRB,Location,Rural,,67.5048162551816,,Statistical Office of the Republic of Serbia,2026-06-04
8907,HHA422-%_HH-CHILDREN-RURAL,HH04 - Households with a computer - %_HH - CHILDREN - RURAL,% of households,ITU Households Database,2025,Serbia,SRB,Location,Children,Rural,79.9941723121488,,Statistical Office of the Republic of Serbia,2026-06-04
8917,HHA422-%_HH--,HH04 - Households with a computer - %_HH,% of households,ITU Households Database,2025,Serbia,SRB,,,,71.71467503801748,,Statistical Office of the Republic of Serbia,2026-06-04
8916,HHA422-%_HH-URBAN-,HH04 - Households with a computer - %_HH - URBAN,% of households,ITU Households Database,2025,Serbia,SRB,Location,Urban,,73.84869561825272,,Statistical Office of the Republic of Serbia,2026-06-04
8906,HHA422-%_HH-CHILDREN-,HH04 - Households with a computer - %_HH - CHILDREN,% of households,ITU Households Database,2025,Serbia,SRB,Family,Children,,85.17495030640994,,Statistical Office of the Republic of Serbia,2026-06-04
8912,HHA422-%_HH-NOCHILDREN-,HH04 - Households with a computer - %_HH - NOCHILDREN,% of households,ITU Households Database,2025,Serbia,SRB,Family,No Children,,68.53922740302554,,Statistical Office of the Republic of Serbia,2026-06-04
8917,HHA422-%_HH--,HH04 - Households with a computer - %_HH,% of households,ITU Households Database,2025,Zambia,ZMB,,,,8.7,,Zambia Information and Communications Technology Authority,2026-07-21
8906,HHA422-%_HH-CHILDREN-,HH04 - Households with a computer - %_HH - CHILDREN,% of households,ITU Households Database,2025,Moldova,MDA,Family,Children,,66.08419231210672,,,2026-05-13
8915,HHA422-%_HH-RURAL-,HH04 - Households with a computer - %_HH - RURAL,% of households,ITU Households Database,2025,Moldova,MDA,Location,Rural,,28.650606394325205,,,2026-05-13
8916,HHA422-%_HH-URBAN-,HH04 - Households with a computer - %_HH - URBAN,% of households,ITU Households Database,2025,Moldova,MDA,Location,Urban,,61.57162467352242,,,2026-05-13
8908,HHA422-%_HH-CHILDREN-URBAN,HH04 - Households with a computer - %_HH - CHILDREN - URBAN,% of households,ITU Households Database,2025,Moldova,MDA,Location,Children,Urban,81.82436429493566,,,2026-05-13
8913,HHA422-%_HH-NOCHILDREN-RURAL,HH04 - Households with a computer - %_HH - NOCHILDREN - RURAL,% of households,ITU Households Database,2025,Moldova,MDA,Location,No Children,Rural,23.29207386005531,,,2026-05-13
8914,HHA422-%_HH-NOCHILDREN-URBAN,HH04 - Households with a computer - %_HH - NOCHILDREN - URBAN,% of households,ITU Households Database,2025,Moldova,MDA,Location,No Children,Urban,52.97642304572031,,,2026-05-13
8907,HHA422-%_HH-CHILDREN-RURAL,HH04 - Households with a computer - %_HH - CHILDREN - RURAL,% of households,ITU Households Database,2025,Moldova,MDA,Location,Children,Rural,47.92846258866844,,,2026-05-13
8917,HHA422-%_HH--,HH04 - Households with a computer - %_HH,% of households,ITU Households Database,2025,Moldova,MDA,,,,43.69956450584972,,,2026-05-13
8912,HHA422-%_HH-NOCHILDREN-,HH04 - Households with a computer - %_HH - NOCHILDREN,% of households,ITU Households Database,2025,Moldova,MDA,Family,No Children,,36.06682361335981,,,2026-05-13
8914,HHA422-%_HH-NOCHILDREN-URBAN,HH04 - Households with a computer - %_HH - NOCHILDREN - URBAN,% of households,ITU Households Database,2025,Bosnia and Herzegovina,BIH,Location,No Children,Urban,57.78768802434306,,Agency for Statistics of Bosnia and Herzegovina,2026-06-24
8908,HHA422-%_HH-CHILDREN-URBAN,HH04 - Households with a computer - %_HH - CHILDREN - URBAN,% of households,ITU Households Database,2025,Bosnia and Herzegovina,BIH,Location,Children,Urban,93.27946916471507,,Agency for Statistics of Bosnia and Herzegovina,2026-06-24
8913,HHA422-%_HH-NOCHILDREN-RURAL,HH04 - Households with a computer - %_HH - NOCHILDREN - RURAL,% of households,ITU Households Database,2025,Bosnia and Herzegovina,BIH,Location,No Children,Rural,48.21298122580174,,Agency for Statistics of Bosnia and Herzegovina,2026-06-24
8906,HHA422-%_HH-CHILDREN-,HH04 - Households with a computer - %_HH - CHILDREN,% of households,ITU Households Database,2025,Bosnia and Herzegovina,BIH,Family,Children,,90.77227866736945,,Agency for Statistics of Bosnia and Herzegovina,2026-06-24
8912,HHA422-%_HH-NOCHILDREN-,HH04 - Households with a computer - %_HH - NOCHILDREN,% of households,ITU Households Database,2025,Bosnia and Herzegovina,BIH,Family,No Children,,52.28885334452107,,Agency for Statistics of Bosnia and Herzegovina,2026-06-24
8916,HHA422-%_HH-URBAN-,HH04 - Households with a computer - %_HH - URBAN,% of households,ITU Households Database,2025,Bosnia and Herzegovina,BIH,Location,Urban,,70.02171578955866,,Agency for Statistics of Bosnia and Herzegovina,2026-06-24
8917,HHA422-%_HH--,HH04 - Households with a computer - %_HH,% of households,ITU Households Database,2025,Bosnia and Herzegovina,BIH,,,,64.78557516378446,,Agency for Statistics of Bosnia and Herzegovina,2026-06-24
8907,HHA422-%_HH-CHILDREN-RURAL,HH04 - Households with a computer - %_HH - CHILDREN - RURAL,% of households,ITU Households Database,2025,Bosnia and Herzegovina,BIH,Location,Children,Rural,88.58736691724208,,Agency for Statistics of Bosnia and Herzegovina,2026-06-24
8915,HHA422-%_HH-RURAL-,HH04 - Households with a computer - %_HH - RURAL,% of households,ITU Households Database,2025,Bosnia and Herzegovina,BIH,Location,Rural,,60.693624600709526,,Agency for Statistics of Bosnia and Herzegovina,2026-06-24
8917,HHA422-%_HH--,HH04 - Households with a computer - %_HH,% of households,ITU Households Database,2025,"Taiwan, Province of China",TWN,,,,80.6,,National Communications Commission,2026-06-29
8914,HHA422-%_HH-NOCHILDREN-URBAN,HH04 - Households with a computer - %_HH - NOCHILDREN - URBAN,% of households,ITU Households Database,2024,South Africa,ZAF,Location,No Children,Urban,32.10354455144362,,Statistics South Africa,2026-07-07
8913,HHA422-%_HH-NOCHILDREN-RURAL,HH04 - Households with a computer - %_HH - NOCHILDREN - RURAL,% of households,ITU Households Database,2024,South Africa,ZAF,Location,No Children,Rural,11.55872841946306,,Statistics South Africa,2026-07-07
8917,HHA422-%_HH--,HH04 - Households with a computer - %_HH,% of households,ITU Households Database,2024,South Africa,ZAF,,,,25.251874748897578,,Statistics South Africa,2026-07-06
8916,HHA422-%_HH-URBAN-,HH04 - Households with a computer - %_HH - URBAN,% of households,ITU Households Database,2024,South Africa,ZAF,Location,Urban,,31.360963976601532,,Statistics South Africa,2026-07-05
8907,HHA422-%_HH-CHILDREN-RURAL,HH04 - Households with a computer - %_HH - CHILDREN - RURAL,% of households,ITU Households Database,2024,South Africa,ZAF,Location,Children,Rural,10.832998609509302,,Statistics South Africa,2026-07-07
8908,HHA422-%_HH-CHILDREN-URBAN,HH04 - Households with a computer - %_HH - CHILDREN - URBAN,% of households,ITU Households Database,2024,South Africa,ZAF,Location,Children,Urban,30.334817766585175,,Statistics South Africa,2026-07-07
8915,HHA422-%_HH-RURAL-,HH04 - Households with a computer - %_HH - RURAL,% of households,ITU Households Database,2024,South Africa,ZAF,Location,Rural,,11.17925429733788,,Statistics South Africa,2026-07-06
8912,HHA422-%_HH-NOCHILDREN-,HH04 - Households with a computer - %_HH - NOCHILDREN,% of households,ITU Households Database,2024,South Africa,ZAF,Family,No Children,,26.698595388422742,,Statistics South Africa,2026-07-07
8906,HHA422-%_HH-CHILDREN-,HH04 - Households with a computer - %_HH - CHILDREN,% of households,ITU Households Database,2024,South Africa,ZAF,Family,Children,,23.491000612255704,,Statistics South Africa,2026-07-07
8916,HHA422-%_HH-URBAN-,HH04 - Households with a computer - %_HH - URBAN,% of households,ITU Households Database,2024,Argentina,ARG,Location,Urban,,60.3128711924389,,Instituto Nacional de Estadistica y Censos,2025-07-03
8917,HHA422-%_HH--,HH04 - Households with a computer - %_HH,% of households,ITU Households Database,2024,Argentina,ARG,,,,60.3128711924389,,Instituto Nacional de Estadistica y Censos,2025-07-03
8908,HHA422-%_HH-CHILDREN-URBAN,HH04 - Households with a computer - %_HH - CHILDREN - URBAN,% of households,ITU Households Database,2024,Argentina,ARG,Location,Children,Urban,59.37641609077211,,Instituto Nacional de Estadistica y Censos,2026-07-05
8912,HHA422-%_HH-NOCHILDREN-,HH04 - Households with a computer - %_HH - NOCHILDREN,% of households,ITU Households Database,2024,Argentina,ARG,Family,No Children,,60.81063660395849,,Instituto Nacional de Estadistica y Censos,2026-07-05
8914,HHA422-%_HH-NOCHILDREN-URBAN,HH04 - Households with a computer - %_HH - NOCHILDREN - URBAN,% of households,ITU Households Database,2024,Argentina,ARG,Location,No Children,Urban,60.81063660395849,,Instituto Nacional de Estadistica y Censos,2026-07-05
8906,HHA422-%_HH-CHILDREN-,HH04 - Households with a computer - %_HH - CHILDREN,% of households,ITU Households Database,2024,Argentina,ARG,Family,Children,,59.37641609077211,,Instituto Nacional de Estadistica y Censos,2026-07-06
8913,HHA422-%_HH-NOCHILDREN-RURAL,HH04 - Households with a computer - %_HH - NOCHILDREN - RURAL,% of households,ITU Households Database,2024,Armenia,ARM,Location,No Children,Rural,27.005735884088722,,The Statistical Committee of the Republic of Armenia ,2026-05-25
8908,HHA422-%_HH-CHILDREN-URBAN,HH04 - Households with a computer - %_HH - CHILDREN - URBAN,% of households,ITU Households Database,2024,Armenia,ARM,Location,Children,Urban,53.15835235853134,,The Statistical Committee of the Republic of Armenia ,2026-05-25
8907,HHA422-%_HH-CHILDREN-RURAL,HH04 - Households with a computer - %_HH - CHILDREN - RURAL,% of households,ITU Households Database,2024,Armenia,ARM,Location,Children,Rural,32.08130912810023,,The Statistical Committee of the Republic of Armenia ,2026-05-25
8914,HHA422-%_HH-NOCHILDREN-URBAN,HH04 - Households with a computer - %_HH - NOCHILDREN - URBAN,% of households,ITU Households Database,2024,Armenia,ARM,Location,No Children,Urban,42.381062858657984,,The Statistical Committee of the Republic of Armenia ,2026-05-25
8917,HHA422-%_HH--,HH04 - Households with a computer - %_HH,% of households,ITU Households Database,2024,Armenia,ARM,,,,40.79453388818005,,The Statistical Committee of the Republic of Armenia ,2026-05-25
8915,HHA422-%_HH-RURAL-,HH04 - Households with a computer - %_HH - RURAL,% of households,ITU Households Database,2024,Armenia,ARM,Location,Rural,,29.226695507859844,,The Statistical Committee of the Republic of Armenia ,2026-05-25
8916,HHA422-%_HH-URBAN-,HH04 - Households with a computer - %_HH - URBAN,% of households,ITU Households Database,2024,Armenia,ARM,Location,Urban,,45.80480295665967,,The Statistical Committee of the Republic of Armenia ,2026-05-25
8906,HHA422-%_HH-CHILDREN-,HH04 - Households with a computer - %_HH - CHILDREN,% of households,ITU Households Database,2024,Armenia,ARM,Family,Children,,45.28262828862512,,The Statistical Committee of the Republic of Armenia ,2026-05-25
8912,HHA422-%_HH-NOCHILDREN-,HH04 - Households with a computer - %_HH - NOCHILDREN,% of households,ITU Households Database,2024,Armenia,ARM,Family,No Children,,38.33601122095975,,The Statistical Committee of the Republic of Armenia ,2026-05-25
8917,HHA422-%_HH--,HH04 - Households with a computer - %_HH,% of households,ITU Households Database,2024,Saudi Arabia,SAU,,,,99.57747550544524,Results are based on unweighted survey data using quota sampling,"Communications, Space and Technology Commission",2026-07-05
8907,HHA422-%_HH-CHILDREN-RURAL,HH04 - Households with a computer - %_HH - CHILDREN - RURAL,% of households,ITU Households Database,2024,Brazil,BRA,Location,Children,Rural,16.191009309830967,,NIC.br,2026-07-06
8912,HHA422-%_HH-NOCHILDREN-,HH04 - Households with a computer - %_HH - NOCHILDREN,% of households,ITU Households Database,2024,Brazil,BRA,Family,No Children,,32.19225656631405,,NIC.br,2026-07-05
8908,HHA422-%_HH-CHILDREN-URBAN,HH04 - Households with a computer - %_HH - CHILDREN - URBAN,% of households,ITU Households Database,2024,Brazil,BRA,Location,Children,Urban,39.65407898100768,,NIC.br,2026-07-05
8914,HHA422-%_HH-NOCHILDREN-URBAN,HH04 - Households with a computer - %_HH - NOCHILDREN - URBAN,% of households,ITU Households Database,2024,Brazil,BRA,Location,No Children,Urban,34.511817745488365,,NIC.br,2026-07-05
8916,HHA422-%_HH-URBAN-,HH04 - Households with a computer - %_HH - URBAN,% of households,ITU Households Database,2024,Brazil,BRA,Location,Urban,,36.38021725789612,,NIC.br,2026-07-05
8915,HHA422-%_HH-RURAL-,HH04 - Households with a computer - %_HH - RURAL,% of households,ITU Households Database,2024,Brazil,BRA,Location,Rural,,14.231843924587878,,NIC.br,2026-07-06
8917,HHA422-%_HH--,HH04 - Households with a computer - %_HH,% of households,ITU Households Database,2024,Brazil,BRA,,,,33.76688087782322,,NIC.br,2026-07-06
8913,HHA422-%_HH-NOCHILDREN-RURAL,HH04 - Households with a computer - %_HH - NOCHILDREN - RURAL,% of households,ITU Households Database,2024,Brazil,BRA,Location,No Children,Rural,12.738395072421707,,NIC.br,2026-07-05
8906,HHA422-%_HH-CHILDREN-,HH04 - Households with a computer - %_HH - CHILDREN,% of households,ITU Households Database,2024,Brazil,BRA,Family,Children,,36.43071987911913,,NIC.br,2026-07-06
8916,HHA422-%_HH-URBAN-,HH04 - Households with a computer - %_HH - URBAN,% of households,ITU Households Database,2024,Bangladesh,BGD,Location,Urban,,21.065861057620815,,Bangladesh Bureau of Statistics,2026-07-05
8908,HHA422-%_HH-CHILDREN-URBAN,HH04 - Households with a computer - %_HH - CHILDREN - URBAN,% of households,ITU Households Database,2024,Bangladesh,BGD,Location,Children,Urban,20.693049301779176,,Bangladesh Bureau of Statistics,2026-07-07
8914,HHA422-%_HH-NOCHILDREN-URBAN,HH04 - Households with a computer - %_HH - NOCHILDREN - URBAN,% of households,ITU Households Database,2024,Bangladesh,BGD,Location,No Children,Urban,21.93996550562489,,Bangladesh Bureau of Statistics,2026-07-07
8907,HHA422-%_HH-CHILDREN-RURAL,HH04 - Households with a computer - %_HH - CHILDREN - RURAL,% of households,ITU Households Database,2024,Bangladesh,BGD,Location,Children,Rural,3.427149848340029,,Bangladesh Bureau of Statistics,2026-07-07
8915,HHA422-%_HH-RURAL-,HH04 - Households with a computer - %_HH - RURAL,% of households,ITU Households Database,2024,Bangladesh,BGD,Location,Rural,,3.606246190194802,,Bangladesh Bureau of Statistics,2026-07-06
8917,HHA422-%_HH--,HH04 - Households with a computer - %_HH,% of households,ITU Households Database,2024,Bangladesh,BGD,,,,9.0427365977578,,Bangladesh Bureau of Statistics,2026-07-06
8906,HHA422-%_HH-CHILDREN-,HH04 - Households with a computer - %_HH - CHILDREN,% of households,ITU Households Database,2024,Bangladesh,BGD,Family,Children,,8.775488461939252,,Bangladesh Bureau of Statistics,2026-07-07
8913,HHA422-%_HH-NOCHILDREN-RURAL,HH04 - Households with a computer - %_HH - NOCHILDREN - RURAL,% of households,ITU Households Database,2024,Bangladesh,BGD,Location,No Children,Rural,4.036965674192189,,Bangladesh Bureau of Statistics,2026-07-07
8912,HHA422-%_HH-NOCHILDREN-,HH04 - Households with a computer - %_HH - NOCHILDREN,% of households,ITU Households Database,2024,Bangladesh,BGD,Family,No Children,,9.680375012085687,,Bangladesh Bureau of Statistics,2026-07-07
8916,HHA422-%_HH-URBAN-,HH04 - Households with a computer - %_HH - URBAN,% of households,ITU Households Database,2024,Bahrain,BHR,Location,Urban,,97,,TRA bahrain,2025-07-03
8917,HHA422-%_HH--,HH04 - Households with a computer - %_HH,% of households,ITU Households Database,2024,Bahrain,BHR,,,,97,,TRA bahrain,2025-07-03
8912,HHA422-%_HH-NOCHILDREN-,HH04 - Households with a computer - %_HH - NOCHILDREN,% of households,ITU Households Database,2024,Belarus,BLR,Family,No Children,,60.68585016231292,,National Statistical Committee of the Republic of Belarus (Belstat),2026-07-05
8917,HHA422-%_HH--,HH04 - Households with a computer - %_HH,% of households,ITU Households Database,2024,Belarus,BLR,,,,67.46268096402486,,National Statistical Committee of the Republic of Belarus (Belstat),2026-07-06
8914,HHA422-%_HH-NOCHILDREN-URBAN,HH04 - Households with a computer - %_HH - NOCHILDREN - URBAN,% of households,ITU Households Database,2024,Belarus,BLR,Location,No Children,Urban,66.13983662218818,,National Statistical Committee of the Republic of Belarus (Belstat),2026-07-05
8907,HHA422-%_HH-CHILDREN-RURAL,HH04 - Households with a computer - %_HH - CHILDREN - RURAL,% of households,ITU Households Database,2024,Belarus,BLR,Location,Children,Rural,79.49048527667475,,National Statistical Committee of the Republic of Belarus (Belstat),2026-07-06
8908,HHA422-%_HH-CHILDREN-URBAN,HH04 - Households with a computer - %_HH - CHILDREN - URBAN,% of households,ITU Households Database,2024,Belarus,BLR,Location,Children,Urban,92.92809991595632,,National Statistical Committee of the Republic of Belarus (Belstat),2026-07-05
8916,HHA422-%_HH-URBAN-,HH04 - Households with a computer - %_HH - URBAN,% of households,ITU Households Database,2024,Belarus,BLR,Location,Urban,,72.55762424057566,,National Statistical Committee of the Republic of Belarus (Belstat),2026-07-05
8915,HHA422-%_HH-RURAL-,HH04 - Households with a computer - %_HH - RURAL,% of households,ITU Households Database,2024,Belarus,BLR,Location,Rural,,50.994060083598825,,National Statistical Committee of the Republic of Belarus (Belstat),2026-07-06
8913,HHA422-%_HH-NOCHILDREN-RURAL,HH04 - Households with a computer - %_HH - NOCHILDREN - RURAL,% of households,ITU Households Database,2024,Belarus,BLR,Location,No Children,Rural,43.9810031957478,,National Statistical Committee of the Republic of Belarus (Belstat),2025-07-03
8906,HHA422-%_HH-CHILDREN-,HH04 - Households with a computer - %_HH - CHILDREN,% of households,ITU Households Database,2024,Belarus,BLR,Family,Children,,90.19742640393449,,National Statistical Committee of the Republic of Belarus (Belstat),2026-07-06
8913,HHA422-%_HH-NOCHILDREN-RURAL,HH04 - Households with a computer - %_HH - NOCHILDREN - RURAL,% of households,ITU Households Database,2024,Belize,BLZ,Location,No Children,Rural,42.12697339321211,,Statistical Institute of Belize,2026-07-07
8907,HHA422-%_HH-CHILDREN-RURAL,HH04 - Households with a computer - %_HH - CHILDREN - RURAL,% of households,ITU Households Database,2024,Belize,BLZ,Location,Children,Rural,46.34691522344923,,Statistical Institute of Belize,2026-07-07
8908,HHA422-%_HH-CHILDREN-URBAN,HH04 - Households with a computer - %_HH - CHILDREN - URBAN,% of households,ITU Households Database,2024,Belize,BLZ,Location,Children,Urban,80.26520067837436,,Statistical Institute of Belize,2026-07-07
8914,HHA422-%_HH-NOCHILDREN-URBAN,HH04 - Households with a computer - %_HH - NOCHILDREN - URBAN,% of households,ITU Households Database,2024,Belize,BLZ,Location,No Children,Urban,48.929368737203035,,Statistical Institute of Belize,2026-07-07
8915,HHA422-%_HH-RURAL-,HH04 - Households with a computer - %_HH - RURAL,% of households,ITU Households Database,2024,Belize,BLZ,Location,Rural,,44.29465873098682,,Statistical Institute of Belize,2026-07-06
8906,HHA422-%_HH-CHILDREN-,HH04 - Households with a computer - %_HH - CHILDREN,% of households,ITU Households Database,2024,Belize,BLZ,Family,Children,,60.646620125764514,,Statistical Institute of Belize,2026-07-07
8917,HHA422-%_HH--,HH04 - Households with a computer - %_HH,% of households,ITU Households Database,2024,Belize,BLZ,,,,52.781283316398074,,Statistical Institute of Belize,2026-07-05
8912,HHA422-%_HH-NOCHILDREN-,HH04 - Households with a computer - %_HH - NOCHILDREN,% of households,ITU Households Database,2024,Belize,BLZ,Family,No Children,,45.46378700562904,,Statistical Institute of Belize,2026-07-07
8916,HHA422-%_HH-URBAN-,HH04 - Households with a computer - %_HH - URBAN,% of households,ITU Households Database,2024,Belize,BLZ,Location,Urban,,62.85245562583183,,Statistical Institute of Belize,2026-07-05
8907,HHA422-%_HH-CHILDREN-RURAL,HH04 - Households with a computer - %_HH - CHILDREN - RURAL,% of households,ITU Households Database,2024,Botswana,BWA,Location,Children,Rural,11.880107794507481,,Statistics Botswana,2026-07-07
8908,HHA422-%_HH-CHILDREN-URBAN,HH04 - Households with a computer - %_HH - CHILDREN - URBAN,% of households,ITU Households Database,2024,Botswana,BWA,Location,Children,Urban,36.902408111533575,,Statistics Botswana,2026-07-07
8916,HHA422-%_HH-URBAN-,HH04 - Households with a computer - %_HH - URBAN,% of households,ITU Households Database,2024,Botswana,BWA,Location,Urban,,32.502556825609126,,Statistics Botswana,2026-07-05
8917,HHA422-%_HH--,HH04 - Households with a computer - %_HH,% of households,ITU Households Database,2024,Botswana,BWA,,,,25.84160411243508,,Statistics Botswana,2026-07-06
8913,HHA422-%_HH-NOCHILDREN-RURAL,HH04 - Households with a computer - %_HH - NOCHILDREN - RURAL,% of households,ITU Households Database,2024,Botswana,BWA,Location,No Children,Rural,10.650976503558454,,Statistics Botswana,2026-07-07
8914,HHA422-%_HH-NOCHILDREN-URBAN,HH04 - Households with a computer - %_HH - NOCHILDREN - URBAN,% of households,ITU Households Database,2024,Botswana,BWA,Location,No Children,Urban,30.220618225818196,,Statistics Botswana,2026-07-07
8915,HHA422-%_HH-RURAL-,HH04 - Households with a computer - %_HH - RURAL,% of households,ITU Households Database,2024,Botswana,BWA,Location,Rural,,11.047763064042886,,Statistics Botswana,2026-07-06
8912,HHA422-%_HH-NOCHILDREN-,HH04 - Households with a computer - %_HH - NOCHILDREN,% of households,ITU Households Database,2024,Botswana,BWA,Family,No Children,,24.027021738001807,,Statistics Botswana,2026-07-07
8906,HHA422-%_HH-CHILDREN-,HH04 - Households with a computer - %_HH - CHILDREN,% of households,ITU Households Database,2024,Botswana,BWA,Family,Children,,29.432210471737623,,Statistics Botswana,2026-07-07
8916,HHA422-%_HH-URBAN-,HH04 - Households with a computer - %_HH - URBAN,% of households,ITU Households Database,2024,Chile,CHL,Location,Urban,,67.57685672856184,,Instituto Nacional de Estadisticas,2026-07-05
8915,HHA422-%_HH-RURAL-,HH04 - Households with a computer - %_HH - RURAL,% of households,ITU Households Database,2024,Chile,CHL,Location,Rural,,51.719340290388914,,Instituto Nacional de Estadisticas,2026-07-06
8917,HHA422-%_HH--,HH04 - Households with a computer - %_HH,% of households,ITU Households Database,2024,Chile,CHL,,,,65.61462838554614,,Instituto Nacional de Estadisticas,2026-07-06
8917,HHA422-%_HH--,HH04 - Households with a computer - %_HH,% of households,ITU Households Database,2024,Colombia,COL,,,,35.67396030417882,,Departamento Administrativo Nacional de Estadistica (DANE),2026-07-06
8916,HHA422-%_HH-URBAN-,HH04 - Households with a computer - %_HH - URBAN,% of households,ITU Households Database,2024,Colombia,COL,Location,Urban,,43.19737255830128,,Departamento Administrativo Nacional de Estadistica (DANE),2026-07-05
8915,HHA422-%_HH-RURAL-,HH04 - Households with a computer - %_HH - RURAL,% of households,ITU Households Database,2024,Colombia,COL,Location,Rural,,9.649110150979356,,Departamento Administrativo Nacional de Estadistica (DANE),2026-07-06
8917,HHA422-%_HH--,HH04 - Households with a computer - %_HH,% of households,ITU Households Database,2024,Sri Lanka,LKA,,,,19.049942450315438,,Department of Census and Statistics,2026-07-05
8907,HHA422-%_HH-CHILDREN-RURAL,HH04 - Households with a computer - %_HH - CHILDREN - RURAL,% of households,ITU Households Database,2024,Côte d'Ivoire,CIV,Location,Children,Rural,3.0314002999102274,,ARTCI,2026-07-07
8906,HHA422-%_HH-CHILDREN-,HH04 - Households with a computer - %_HH - CHILDREN,% of households,ITU Households Database,2024,Côte d'Ivoire,CIV,Family,Children,,17.317853920218298,,ARTCI,2026-07-07
8914,HHA422-%_HH-NOCHILDREN-URBAN,HH04 - Households with a computer - %_HH - NOCHILDREN - URBAN,% of households,ITU Households Database,2024,Côte d'Ivoire,CIV,Location,No Children,Urban,25.355467436101296,,ARTCI,2026-07-07
8908,HHA422-%_HH-CHILDREN-URBAN,HH04 - Households with a computer - %_HH - CHILDREN - URBAN,% of households,ITU Households Database,2024,Côte d'Ivoire,CIV,Location,Children,Urban,26.076270217154157,,ARTCI,2026-07-07
8916,HHA422-%_HH-URBAN-,HH04 - Households with a computer - %_HH - URBAN,% of households,ITU Households Database,2024,Côte d'Ivoire,CIV,Location,Urban,,25.645802841921373,,ARTCI,2026-07-05
8915,HHA422-%_HH-RURAL-,HH04 - Households with a computer - %_HH - RURAL,% of households,ITU Households Database,2024,Côte d'Ivoire,CIV,Location,Rural,,2.4587922079811455,,ARTCI,2026-07-06
8917,HHA422-%_HH--,HH04 - Households with a computer - %_HH,% of households,ITU Households Database,2024,Côte d'Ivoire,CIV,,,,14.983739372927282,,ARTCI,2026-07-05
8912,HHA422-%_HH-NOCHILDREN-,HH04 - Households with a computer - %_HH - NOCHILDREN,% of households,ITU Households Database,2024,Côte d'Ivoire,CIV,Family,No Children,,13.72156620709189,,ARTCI,2026-07-07
8913,HHA422-%_HH-NOCHILDREN-RURAL,HH04 - Households with a computer - %_HH - NOCHILDREN - RURAL,% of households,ITU Households Database,2024,Côte d'Ivoire,CIV,Location,No Children,Rural,2.2248179729782347,,ARTCI,2026-07-07
8912,HHA422-%_HH-NOCHILDREN-,HH04 - Households with a computer - %_HH - NOCHILDREN,% of households,ITU Households Database,2024,Costa Rica,CRI,Family,No Children,,45.38365016270127,,Instituto Nacional de Estadisticas y Censos ,2026-06-30
8915,HHA422-%_HH-RURAL-,HH04 - Households with a computer - %_HH - RURAL,% of households,ITU Households Database,2024,Costa Rica,CRI,Location,Rural,,29.5623925472792,,Instituto Nacional de Estadisticas y Censos ,2026-06-30
8916,HHA422-%_HH-URBAN-,HH04 - Households with a computer - %_HH - URBAN,% of households,ITU Households Database,2024,Costa Rica,CRI,Location,Urban,,52.83767169667142,,Instituto Nacional de Estadisticas y Censos ,2026-06-30
8908,HHA422-%_HH-CHILDREN-URBAN,HH04 - Households with a computer - %_HH - CHILDREN - URBAN,% of households,ITU Households Database,2024,Costa Rica,CRI,Location,Children,Urban,55.47131740391534,,Instituto Nacional de Estadisticas y Censos ,2026-06-30
8906,HHA422-%_HH-CHILDREN-,HH04 - Households with a computer - %_HH - CHILDREN,% of households,ITU Households Database,2024,Costa Rica,CRI,Family,Children,,48.682687528511416,,Instituto Nacional de Estadisticas y Censos ,2026-06-30
8913,HHA422-%_HH-NOCHILDREN-RURAL,HH04 - Households with a computer - %_HH - NOCHILDREN - RURAL,% of households,ITU Households Database,2024,Costa Rica,CRI,Location,No Children,Rural,27.181573097479074,,Instituto Nacional de Estadisticas y Censos ,2026-06-30
8907,HHA422-%_HH-CHILDREN-RURAL,HH04 - Households with a computer - %_HH - CHILDREN - RURAL,% of households,ITU Households Database,2024,Costa Rica,CRI,Location,Children,Rural,33.68674040693705,,Instituto Nacional de Estadisticas y Censos ,2026-06-30
8914,HHA422-%_HH-NOCHILDREN-URBAN,HH04 - Households with a computer - %_HH - NOCHILDREN - URBAN,% of households,ITU Households Database,2024,Costa Rica,CRI,Location,No Children,Urban,51.676612240359475,,Instituto Nacional de Estadisticas y Censos ,2026-06-30
8917,HHA422-%_HH--,HH04 - Households with a computer - %_HH,% of households,ITU Households Database,2024,Costa Rica,CRI,,,,46.44741500201706,,Instituto Nacional de Estadisticas y Censos ,2026-06-30
8916,HHA422-%_HH-URBAN-,HH04 - Households with a computer - %_HH - URBAN,% of households,ITU Households Database,2024,Dominican Rep.,DOM,Location,Urban,,37.03505162531075,,Oficina Nacional de Estadistica,2026-07-05
8912,HHA422-%_HH-NOCHILDREN-,HH04 - Households with a computer - %_HH - NOCHILDREN,% of households,ITU Households Database,2024,Dominican Rep.,DOM,Family,No Children,,26.781020476237032,,Oficina Nacional de Estadistica,2026-07-05
8917,HHA422-%_HH--,HH04 - Households with a computer - %_HH,% of households,ITU Households Database,2024,Dominican Rep.,DOM,,,,34.3953731046083,,Oficina Nacional de Estadistica,2025-07-03
8906,HHA422-%_HH-CHILDREN-,HH04 - Households with a computer - %_HH - CHILDREN,% of households,ITU Households Database,2024,Dominican Rep.,DOM,Family,Children,,45.31052972152368,,Oficina Nacional de Estadistica,2026-07-06
8913,HHA422-%_HH-NOCHILDREN-RURAL,HH04 - Households with a computer - %_HH - NOCHILDREN - RURAL,% of households,ITU Households Database,2024,Dominican Rep.,DOM,Location,No Children,Rural,9.507594511507623,,Oficina Nacional de Estadistica,2026-07-05
8915,HHA422-%_HH-RURAL-,HH04 - Households with a computer - %_HH - RURAL,% of households,ITU Households Database,2024,Dominican Rep.,DOM,Location,Rural,,19.740570536976655,,Oficina Nacional de Estadistica,2026-07-06
8908,HHA422-%_HH-CHILDREN-URBAN,HH04 - Households with a computer - %_HH - CHILDREN - URBAN,% of households,ITU Households Database,2024,Dominican Rep.,DOM,Location,Children,Urban,47.672934120694876,,Oficina Nacional de Estadistica,2026-07-05
8914,HHA422-%_HH-NOCHILDREN-URBAN,HH04 - Households with a computer - %_HH - NOCHILDREN - URBAN,% of households,ITU Households Database,2024,Dominican Rep.,DOM,Location,No Children,Urban,29.744832030951834,,Oficina Nacional de Estadistica,2026-07-05
8907,HHA422-%_HH-CHILDREN-RURAL,HH04 - Households with a computer - %_HH - CHILDREN - RURAL,% of households,ITU Households Database,2024,Dominican Rep.,DOM,Location,Children,Rural,33.04388979743882,,Oficina Nacional de Estadistica,2026-07-06
8906,HHA422-%_HH-CHILDREN-,HH04 - Households with a computer - %_HH - CHILDREN,% of households,ITU Households Database,2024,Spain,ESP,Family,Children,,94.32517164003701,,Instituto Nacional de Estadistica,2026-07-06
8908,HHA422-%_HH-CHILDREN-URBAN,HH04 - Households with a computer - %_HH - CHILDREN - URBAN,% of households,ITU Households Database,2024,Spain,ESP,Location,Children,Urban,94.22578751109998,,Instituto Nacional de Estadistica,2026-07-05
8913,HHA422-%_HH-NOCHILDREN-RURAL,HH04 - Households with a computer - %_HH - NOCHILDREN - RURAL,% of households,ITU Households Database,2024,Spain,ESP,Location,No Children,Rural,74.14759168326395,,Instituto Nacional de Estadistica,2026-07-05
8912,HHA422-%_HH-NOCHILDREN-,HH04 - Households with a computer - %_HH - NOCHILDREN,% of households,ITU Households Database,2024,Spain,ESP,Family,No Children,,79.08383381712342,,Instituto Nacional de Estadistica,2026-07-05
8915,HHA422-%_HH-RURAL-,HH04 - Households with a computer - %_HH - RURAL,% of households,ITU Households Database,2024,Spain,ESP,Location,Rural,,79.57586601228668,,Instituto Nacional de Estadistica,2026-07-06
8917,HHA422-%_HH--,HH04 - Households with a computer - %_HH,% of households,ITU Households Database,2024,Spain,ESP,,,,83.03201950772926,,Instituto Nacional de Estadistica,2026-07-05
8914,HHA422-%_HH-NOCHILDREN-URBAN,HH04 - Households with a computer - %_HH - NOCHILDREN - URBAN,% of households,ITU Households Database,2024,Spain,ESP,Location,No Children,Urban,83.18498551088165,,Instituto Nacional de Estadistica,2026-07-05
8916,HHA422-%_HH-URBAN-,HH04 - Households with a computer - %_HH - URBAN,% of households,ITU Households Database,2024,Spain,ESP,Location,Urban,,85.96520848876115,,Instituto Nacional de Estadistica,2026-07-05
8907,HHA422-%_HH-CHILDREN-RURAL,HH04 - Households with a computer - %_HH - CHILDREN - RURAL,% of households,ITU Households Database,2024,Spain,ESP,Location,Children,Rural,94.43538267317723,,Instituto Nacional de Estadistica,2026-07-06
8912,HHA422-%_HH-NOCHILDREN-,HH04 - Households with a computer - %_HH - NOCHILDREN,% of households,ITU Households Database,2024,Ecuador,ECU,Family,No Children,,29.988097465714254,,Instituto Nacional de Estadistica y Censos,2026-07-05
8914,HHA422-%_HH-NOCHILDREN-URBAN,HH04 - Households with a computer - %_HH - NOCHILDREN - URBAN,% of households,ITU Households Database,2024,Ecuador,ECU,Location,No Children,Urban,37.13305175491099,,Instituto Nacional de Estadistica y Censos,2026-07-05
8915,HHA422-%_HH-RURAL-,HH04 - Households with a computer - %_HH - RURAL,% of households,ITU Households Database,2024,Ecuador,ECU,Location,Rural,,17.59866759524373,,Instituto Nacional de Estadistica y Censos,2026-07-06
8906,HHA422-%_HH-CHILDREN-,HH04 - Households with a computer - %_HH - CHILDREN,% of households,ITU Households Database,2024,Ecuador,ECU,Family,Children,,38.16948691528815,,Instituto Nacional de Estadistica y Censos,2026-07-06
8908,HHA422-%_HH-CHILDREN-URBAN,HH04 - Households with a computer - %_HH - CHILDREN - URBAN,% of households,ITU Households Database,2024,Ecuador,ECU,Location,Children,Urban,43.883757869087276,,Instituto Nacional de Estadistica y Censos,2026-07-05
8917,HHA422-%_HH--,HH04 - Households with a computer - %_HH,% of households,ITU Households Database,2024,Ecuador,ECU,,,,33.1623244163289,,Instituto Nacional de Estadistica y Censos,2025-07-03
8916,HHA422-%_HH-URBAN-,HH04 - Households with a computer - %_HH - URBAN,% of households,ITU Households Database,2024,Ecuador,ECU,Location,Urban,,39.79867666242324,,Instituto Nacional de Estadistica y Censos,2026-07-05
8907,HHA422-%_HH-CHILDREN-RURAL,HH04 - Households with a computer - %_HH - CHILDREN - RURAL,% of households,ITU Households Database,2024,France,FRA,Location,Children,Rural,95.6925930369424,,Institut National de la Statistique et des Etudes Economiques,2025-07-03
8906,HHA422-%_HH-CHILDREN-,HH04 - Households with a computer - %_HH - CHILDREN,% of households,ITU Households Database,2024,France,FRA,Family,Children,,92.56688406915492,,Institut National de la Statistique et des Etudes Economiques,2026-07-06
8917,HHA422-%_HH--,HH04 - Households with a computer - %_HH,% of households,ITU Households Database,2024,France,FRA,,,,82.02154452367485,,Institut National de la Statistique et des Etudes Economiques,2026-07-05
8908,HHA422-%_HH-CHILDREN-URBAN,HH04 - Households with a computer - %_HH - CHILDREN - URBAN,% of households,ITU Households Database,2024,France,FRA,Location,Children,Urban,91.67065367098502,,Institut National de la Statistique et des Etudes Economiques,2026-07-05
8915,HHA422-%_HH-RURAL-,HH04 - Households with a computer - %_HH - RURAL,% of households,ITU Households Database,2024,France,FRA,Location,Rural,,82.79741142220851,,Institut National de la Statistique et des Etudes Economiques,2026-07-06
8916,HHA422-%_HH-URBAN-,HH04 - Households with a computer - %_HH - URBAN,% of households,ITU Households Database,2024,France,FRA,Location,Urban,,81.84093170860493,,Institut National de la Statistique et des Etudes Economiques,2026-07-05
8912,HHA422-%_HH-NOCHILDREN-,HH04 - Households with a computer - %_HH - NOCHILDREN,% of households,ITU Households Database,2024,France,FRA,Family,No Children,,79.06237218540242,,Institut National de la Statistique et des Etudes Economiques,2026-07-05
8914,HHA422-%_HH-NOCHILDREN-URBAN,HH04 - Households with a computer - %_HH - NOCHILDREN - URBAN,% of households,ITU Households Database,2024,France,FRA,Location,No Children,Urban,79.2289374699399,,Institut National de la Statistique et des Etudes Economiques,2025-07-03
8913,HHA422-%_HH-NOCHILDREN-RURAL,HH04 - Households with a computer - %_HH - NOCHILDREN - RURAL,% of households,ITU Households Database,2024,France,FRA,Location,No Children,Rural,78.29984449659307,,Institut National de la Statistique et des Etudes Economiques,2026-07-05
8917,HHA422-%_HH--,HH04 - Households with a computer - %_HH,% of households,ITU Households Database,2024,Finland,FIN,,,,87.14235247719618,,Statistics Finland,2026-07-05
8917,HHA422-%_HH--,HH04 - Households with a computer - %_HH,% of households,ITU Households Database,2024,Gambia,GMB,,,,8.64583613253433,,Gambia Bureau of Statistics,2026-05-25
8917,HHA422-%_HH--,HH04 - Households with a computer - %_HH,% of households,ITU Households Database,2024,"Hong Kong, China",HKG,,,,71.96406109613656,"""Computer"" includes desktop computer, laptop and tablet.","Census and Statistics Department, Hong Kong Special Administrative Region, China",2026-07-06
8906,HHA422-%_HH-CHILDREN-,HH04 - Households with a computer - %_HH - CHILDREN,% of households,ITU Households Database,2024,"Hong Kong, China",HKG,Family,Children,,93.75,"""Computer"" includes desktop computer, laptop and tablet.","Census and Statistics Department, Hong Kong Special Administrative Region, China",2026-07-07
8912,HHA422-%_HH-NOCHILDREN-,HH04 - Households with a computer - %_HH - NOCHILDREN,% of households,ITU Households Database,2024,"Hong Kong, China",HKG,Family,No Children,,67.40405928115085,"""Computer"" includes desktop computer, laptop and tablet.","Census and Statistics Department, Hong Kong Special Administrative Region, China",2026-07-07
8916,HHA422-%_HH-URBAN-,HH04 - Households with a computer - %_HH - URBAN,% of households,ITU Households Database,2024,Croatia,HRV,Location,Urban,,79.10625859964708,,Croatian Bureau of Statistics,2026-07-05
8915,HHA422-%_HH-RURAL-,HH04 - Households with a computer - %_HH - RURAL,% of households,ITU Households Database,2024,Croatia,HRV,Location,Rural,,68.08967765849067,,Croatian Bureau of Statistics,2026-07-06
8917,HHA422-%_HH--,HH04 - Households with a computer - %_HH,% of households,ITU Households Database,2024,Croatia,HRV,,,,75.04575087472728,,Croatian Bureau of Statistics,2026-07-05
8916,HHA422-%_HH-URBAN-,HH04 - Households with a computer - %_HH - URBAN,% of households,ITU Households Database,2024,Indonesia,IDN,Location,Urban,,25.225484684076875,,BPS-Statistics Indonesia,2026-07-05
8913,HHA422-%_HH-NOCHILDREN-RURAL,HH04 - Households with a computer - %_HH - NOCHILDREN - RURAL,% of households,ITU Households Database,2024,Indonesia,IDN,Location,No Children,Rural,8.629817921799145,,BPS-Statistics Indonesia,2026-07-05
8908,HHA422-%_HH-CHILDREN-URBAN,HH04 - Households with a computer - %_HH - CHILDREN - URBAN,% of households,ITU Households Database,2024,Indonesia,IDN,Location,Children,Urban,23.448315698953234,,BPS-Statistics Indonesia,2026-07-05
8906,HHA422-%_HH-CHILDREN-,HH04 - Households with a computer - %_HH - CHILDREN,% of households,ITU Households Database,2024,Indonesia,IDN,Family,Children,,17.39154419042465,,BPS-Statistics Indonesia,2026-07-06
8912,HHA422-%_HH-NOCHILDREN-,HH04 - Households with a computer - %_HH - NOCHILDREN,% of households,ITU Households Database,2024,Indonesia,IDN,Family,No Children,,19.970854531099867,,BPS-Statistics Indonesia,2026-07-05
8914,HHA422-%_HH-NOCHILDREN-URBAN,HH04 - Households with a computer - %_HH - NOCHILDREN - URBAN,% of households,ITU Households Database,2024,Indonesia,IDN,Location,No Children,Urban,27.404064754413614,,BPS-Statistics Indonesia,2026-07-05
8907,HHA422-%_HH-CHILDREN-RURAL,HH04 - Households with a computer - %_HH - CHILDREN - RURAL,% of households,ITU Households Database,2024,Indonesia,IDN,Location,Children,Rural,9.235823289841925,,BPS-Statistics Indonesia,2026-07-06
8917,HHA422-%_HH--,HH04 - Households with a computer - %_HH,% of households,ITU Households Database,2024,Indonesia,IDN,,,,18.51765697937538,,BPS-Statistics Indonesia,2026-07-05
8915,HHA422-%_HH-RURAL-,HH04 - Households with a computer - %_HH - RURAL,% of households,ITU Households Database,2024,Indonesia,IDN,Location,Rural,,8.982157647040722,,BPS-Statistics Indonesia,2026-07-06
8917,HHA422-%_HH--,HH04 - Households with a computer - %_HH,% of households,ITU Households Database,2024,Israel,ISR,,,,81.41196414810156,,Central Bureau of Statistics,2026-07-06
8914,HHA422-%_HH-NOCHILDREN-URBAN,HH04 - Households with a computer - %_HH - NOCHILDREN - URBAN,% of households,ITU Households Database,2024,Japan,JPN,Location,No Children,Urban,72.60545063892344,,Ministry of Internal Affairs and Communications,2026-07-07
8912,HHA422-%_HH-NOCHILDREN-,HH04 - Households with a computer - %_HH - NOCHILDREN,% of households,ITU Households Database,2024,Japan,JPN,Family,No Children,,68.60904888639865,,Ministry of Internal Affairs and Communications,2026-07-07
8916,HHA422-%_HH-URBAN-,HH04 - Households with a computer - %_HH - URBAN,% of households,ITU Households Database,2024,Japan,JPN,Location,Urban,,76.72391017173051,,Ministry of Internal Affairs and Communications,2026-07-05
8906,HHA422-%_HH-CHILDREN-,HH04 - Households with a computer - %_HH - CHILDREN,% of households,ITU Households Database,2024,Japan,JPN,Family,Children,,85.25763358778626,,Ministry of Internal Affairs and Communications,2026-07-07
8907,HHA422-%_HH-CHILDREN-RURAL,HH04 - Households with a computer - %_HH - CHILDREN - RURAL,% of households,ITU Households Database,2024,Japan,JPN,Location,Children,Rural,81.28972457627118,,Ministry of Internal Affairs and Communications,2026-07-07
8917,HHA422-%_HH--,HH04 - Households with a computer - %_HH,% of households,ITU Households Database,2024,Japan,JPN,,,,72.3876556578235,,Ministry of Internal Affairs and Communications,2026-07-06
8915,HHA422-%_HH-RURAL-,HH04 - Households with a computer - %_HH - RURAL,% of households,ITU Households Database,2024,Japan,JPN,Location,Rural,,69.37614678899082,,Ministry of Internal Affairs and Communications,2026-07-06
8913,HHA422-%_HH-NOCHILDREN-RURAL,HH04 - Households with a computer - %_HH - NOCHILDREN - RURAL,% of households,ITU Households Database,2024,Japan,JPN,Location,No Children,Rural,65.79847303960553,,Ministry of Internal Affairs and Communications,2026-07-07
8908,HHA422-%_HH-CHILDREN-URBAN,HH04 - Households with a computer - %_HH - CHILDREN - URBAN,% of households,ITU Households Database,2024,Japan,JPN,Location,Children,Urban,91.22213375796179,,Ministry of Internal Affairs and Communications,2026-07-07
8917,HHA422-%_HH--,HH04 - Households with a computer - %_HH,% of households,ITU Households Database,2024,Jordan,JOR,,,,42.44805677510504,,Ministry of Digital Economy and Entrepreneurship,2026-07-06
8914,HHA422-%_HH-NOCHILDREN-URBAN,HH04 - Households with a computer - %_HH - NOCHILDREN - URBAN,% of households,ITU Households Database,2024,Jordan,JOR,Location,No Children,Urban,36.865587441746385,,Ministry of Digital Economy and Entrepreneurship,2026-07-07
8915,HHA422-%_HH-RURAL-,HH04 - Households with a computer - %_HH - RURAL,% of households,ITU Households Database,2024,Jordan,JOR,Location,Rural,,26.805965853444036,,Ministry of Digital Economy and Entrepreneurship,2026-07-06
8908,HHA422-%_HH-CHILDREN-URBAN,HH04 - Households with a computer - %_HH - CHILDREN - URBAN,% of households,ITU Households Database,2024,Jordan,JOR,Location,Children,Urban,53.61772355407008,,Ministry of Digital Economy and Entrepreneurship,2026-07-07
8906,HHA422-%_HH-CHILDREN-,HH04 - Households with a computer - %_HH - CHILDREN,% of households,ITU Households Database,2024,Jordan,JOR,Family,Children,,51.27412446968849,,Ministry of Digital Economy and Entrepreneurship,2026-07-07
8912,HHA422-%_HH-NOCHILDREN-,HH04 - Households with a computer - %_HH - NOCHILDREN,% of households,ITU Households Database,2024,Jordan,JOR,Family,No Children,,35.30105186797243,,Ministry of Digital Economy and Entrepreneurship,2026-07-07
8916,HHA422-%_HH-URBAN-,HH04 - Households with a computer - %_HH - URBAN,% of households,ITU Households Database,2024,Jordan,JOR,Location,Urban,,44.23912889244491,,Ministry of Digital Economy and Entrepreneurship,2026-07-05
8907,HHA422-%_HH-CHILDREN-RURAL,HH04 - Households with a computer - %_HH - CHILDREN - RURAL,% of households,ITU Households Database,2024,Jordan,JOR,Location,Children,Rural,33.64570051861296,,Ministry of Digital Economy and Entrepreneurship,2026-07-07
8913,HHA422-%_HH-NOCHILDREN-RURAL,HH04 - Households with a computer - %_HH - NOCHILDREN - RURAL,% of households,ITU Households Database,2024,Jordan,JOR,Location,No Children,Rural,19.65728114065208,,Ministry of Digital Economy and Entrepreneurship,2026-07-07
8912,HHA422-%_HH-NOCHILDREN-,HH04 - Households with a computer - %_HH - NOCHILDREN,% of households,ITU Households Database,2024,Kenya,KEN,Family,No Children,,11.838563916246066,,Kenya National Bureau of Statistics,2026-07-05
8916,HHA422-%_HH-URBAN-,HH04 - Households with a computer - %_HH - URBAN,% of households,ITU Households Database,2024,Kenya,KEN,Location,Urban,,17.918559632943808,,Kenya National Bureau of Statistics,2026-07-05
8908,HHA422-%_HH-CHILDREN-URBAN,HH04 - Households with a computer - %_HH - CHILDREN - URBAN,% of households,ITU Households Database,2024,Kenya,KEN,Location,Children,Urban,14.716511092275478,,Kenya National Bureau of Statistics,2026-07-05
8917,HHA422-%_HH--,HH04 - Households with a computer - %_HH,% of households,ITU Households Database,2024,Kenya,KEN,,,,8.753681885185042,,Kenya National Bureau of Statistics,2026-07-05
8913,HHA422-%_HH-NOCHILDREN-RURAL,HH04 - Households with a computer - %_HH - NOCHILDREN - RURAL,% of households,ITU Households Database,2024,Kenya,KEN,Location,No Children,Rural,3.8365864576668596,,Kenya National Bureau of Statistics,2026-07-05
8906,HHA422-%_HH-CHILDREN-,HH04 - Households with a computer - %_HH - CHILDREN,% of households,ITU Households Database,2024,Kenya,KEN,Family,Children,,6.621329846497713,,Kenya National Bureau of Statistics,2026-07-06
8907,HHA422-%_HH-CHILDREN-RURAL,HH04 - Households with a computer - %_HH - CHILDREN - RURAL,% of households,ITU Households Database,2024,Kenya,KEN,Location,Children,Rural,2.4968617562251945,,Kenya National Bureau of Statistics,2026-07-06
8914,HHA422-%_HH-NOCHILDREN-URBAN,HH04 - Households with a computer - %_HH - NOCHILDREN - URBAN,% of households,ITU Households Database,2024,Kenya,KEN,Location,No Children,Urban,21.338393083552162,,Kenya National Bureau of Statistics,2026-07-05
8915,HHA422-%_HH-RURAL-,HH04 - Households with a computer - %_HH - RURAL,% of households,ITU Households Database,2024,Kenya,KEN,Location,Rural,,2.981270375032644,,Kenya National Bureau of Statistics,2026-07-06
8908,HHA422-%_HH-CHILDREN-URBAN,HH04 - Households with a computer - %_HH - CHILDREN - URBAN,% of households,ITU Households Database,2024,Korea (Rep. of),KOR,Location,Children,Urban,98.72138247694804,,Ministry of Science and ICT,2026-07-06
8916,HHA422-%_HH-URBAN-,HH04 - Households with a computer - %_HH - URBAN,% of households,ITU Households Database,2024,Korea (Rep. of),KOR,Location,Urban,,79.53114279717018,,Ministry of Science and ICT,2026-07-05
8907,HHA422-%_HH-CHILDREN-RURAL,HH04 - Households with a computer - %_HH - CHILDREN - RURAL,% of households,ITU Households Database,2024,Korea (Rep. of),KOR,Location,Children,Rural,97.24826337163634,,Ministry of Science and ICT,2026-07-07
8917,HHA422-%_HH--,HH04 - Households with a computer - %_HH,% of households,ITU Households Database,2024,Korea (Rep. of),KOR,,,,77.18839192890678,,Ministry of Science and ICT,2026-07-06
8906,HHA422-%_HH-CHILDREN-,HH04 - Households with a computer - %_HH - CHILDREN,% of households,ITU Households Database,2024,Korea (Rep. of),KOR,Family,Children,,98.49249899664285,,Ministry of Science and ICT,2026-07-06
8915,HHA422-%_HH-RURAL-,HH04 - Households with a computer - %_HH - RURAL,% of households,ITU Households Database,2024,Korea (Rep. of),KOR,Location,Rural,,67.09624499452094,,Ministry of Science and ICT,2026-07-06
8914,HHA422-%_HH-NOCHILDREN-URBAN,HH04 - Households with a computer - %_HH - NOCHILDREN - URBAN,% of households,ITU Households Database,2024,Korea (Rep. of),KOR,Location,No Children,Urban,75.48150432135958,,Ministry of Science and ICT,2026-07-05
8913,HHA422-%_HH-NOCHILDREN-RURAL,HH04 - Households with a computer - %_HH - NOCHILDREN - RURAL,% of households,ITU Households Database,2024,Korea (Rep. of),KOR,Location,No Children,Rural,62.26560735439729,,Ministry of Science and ICT,2026-07-05
8912,HHA422-%_HH-NOCHILDREN-,HH04 - Households with a computer - %_HH - NOCHILDREN,% of households,ITU Households Database,2024,Korea (Rep. of),KOR,Family,No Children,,72.90382698982556,,Ministry of Science and ICT,2026-07-05
8907,HHA422-%_HH-CHILDREN-RURAL,HH04 - Households with a computer - %_HH - CHILDREN - RURAL,% of households,ITU Households Database,2024,Mexico,MEX,Location,Children,Rural,22.528694050385607,,Instituto Nacional de Estadística y Geografía (INEGI),2026-07-07
8917,HHA422-%_HH--,HH04 - Households with a computer - %_HH,% of households,ITU Households Database,2024,Mexico,MEX,,,,43.94153051711483,,Instituto Nacional de Estadística y Geografía (INEGI),2026-07-05
8912,HHA422-%_HH-NOCHILDREN-,HH04 - Households with a computer - %_HH - NOCHILDREN,% of households,ITU Households Database,2024,Mexico,MEX,Family,No Children,,42.725406039695066,,Instituto Nacional de Estadística y Geografía (INEGI),2026-07-07
8915,HHA422-%_HH-RURAL-,HH04 - Households with a computer - %_HH - RURAL,% of households,ITU Households Database,2024,Mexico,MEX,Location,Rural,,19.461190153672455,,Instituto Nacional de Estadística y Geografía (INEGI),2026-07-06
8913,HHA422-%_HH-NOCHILDREN-RURAL,HH04 - Households with a computer - %_HH - NOCHILDREN - RURAL,% of households,ITU Households Database,2024,Mexico,MEX,Location,No Children,Rural,15.980089158401455,,Instituto Nacional de Estadística y Geografía (INEGI),2026-07-07
8916,HHA422-%_HH-URBAN-,HH04 - Households with a computer - %_HH - URBAN,% of households,ITU Households Database,2024,Mexico,MEX,Location,Urban,,49.83205748990144,,Instituto Nacional de Estadística y Geografía (INEGI),2026-07-05
8906,HHA422-%_HH-CHILDREN-,HH04 - Households with a computer - %_HH - CHILDREN,% of households,ITU Households Database,2024,Mexico,MEX,Family,Children,,45.56918084063477,,Instituto Nacional de Estadística y Geografía (INEGI),2026-07-07
8914,HHA422-%_HH-NOCHILDREN-URBAN,HH04 - Households with a computer - %_HH - NOCHILDREN - URBAN,% of households,ITU Households Database,2024,Mexico,MEX,Location,No Children,Urban,47.7718017906639,,Instituto Nacional de Estadística y Geografía (INEGI),2026-07-07
8908,HHA422-%_HH-CHILDREN-URBAN,HH04 - Households with a computer - %_HH - CHILDREN - URBAN,% of households,ITU Households Database,2024,Mexico,MEX,Location,Children,Urban,52.888728018200105,,Instituto Nacional de Estadística y Geografía (INEGI),2026-07-07
8915,HHA422-%_HH-RURAL-,HH04 - Households with a computer - %_HH - RURAL,% of households,ITU Households Database,2024,Malaysia,MYS,Location,Rural,,83.2387470287545,,Department of Statistics,2025-07-03
8917,HHA422-%_HH--,HH04 - Households with a computer - %_HH,% of households,ITU Households Database,2024,Malaysia,MYS,,,,92.18901802713047,,Department of Statistics,2026-07-05
8916,HHA422-%_HH-URBAN-,HH04 - Households with a computer - %_HH - URBAN,% of households,ITU Households Database,2024,Malaysia,MYS,Location,Urban,,94.86995587506905,,Department of Statistics,2026-07-05
8916,HHA422-%_HH-URBAN-,HH04 - Households with a computer - %_HH - URBAN,% of households,ITU Households Database,2024,Morocco,MAR,Location,Urban,,84.38060120860622,,Agence Nationale de Réglementation des Télécommunications,2026-02-17
8917,HHA422-%_HH--,HH04 - Households with a computer - %_HH,% of households,ITU Households Database,2024,Morocco,MAR,,,,74.00407166617973,,Agence Nationale de Réglementation des Télécommunications,2026-02-17
8915,HHA422-%_HH-RURAL-,HH04 - Households with a computer - %_HH - RURAL,% of households,ITU Households Database,2024,Morocco,MAR,Location,Rural,,49.0857552540736,,Agence Nationale de Réglementation des Télécommunications,2026-07-06
8917,HHA422-%_HH--,HH04 - Households with a computer - %_HH,% of households,ITU Households Database,2024,Oman,OMN,,,,77.47553852806833,,"Ministry of Transport, Communications and Information Technology",2026-07-05
8916,HHA422-%_HH-URBAN-,HH04 - Households with a computer - %_HH - URBAN,% of households,ITU Households Database,2024,Philippines,PHL,Location,Urban,,13.638403688839743,"Excludes barangays established after the 2015 Census of Population and Housing (CPH), which serves as the basis for the urban–rural classification",Department of  Information and Communications Technology,2026-07-05
8907,HHA422-%_HH-CHILDREN-RURAL,HH04 - Households with a computer - %_HH - CHILDREN - RURAL,% of households,ITU Households Database,2024,Philippines,PHL,Location,Children,Rural,7.482072820021174,"Excludes barangays established after the 2015 Census of Population and Housing (CPH), which serves as the basis for the urban–rural classification",Department of  Information and Communications Technology,2026-07-07
8913,HHA422-%_HH-NOCHILDREN-RURAL,HH04 - Households with a computer - %_HH - NOCHILDREN - RURAL,% of households,ITU Households Database,2024,Philippines,PHL,Location,No Children,Rural,6.8918462461003624,"Excludes barangays established after the 2015 Census of Population and Housing (CPH), which serves as the basis for the urban–rural classification",Department of  Information and Communications Technology,2026-07-07
8906,HHA422-%_HH-CHILDREN-,HH04 - Households with a computer - %_HH - CHILDREN,% of households,ITU Households Database,2024,Philippines,PHL,Family,Children,,10.913422912369256,,Department of  Information and Communications Technology,2026-07-07
8912,HHA422-%_HH-NOCHILDREN-,HH04 - Households with a computer - %_HH - NOCHILDREN,% of households,ITU Households Database,2024,Philippines,PHL,Family,No Children,,10.714743636266869,,Department of  Information and Communications Technology,2026-07-07
8915,HHA422-%_HH-RURAL-,HH04 - Households with a computer - %_HH - RURAL,% of households,ITU Households Database,2024,Philippines,PHL,Location,Rural,,7.219584393936095,"Excludes barangays established after the 2015 Census of Population and Housing (CPH), which serves as the basis for the urban–rural classification",Department of  Information and Communications Technology,2026-07-06
8908,HHA422-%_HH-CHILDREN-URBAN,HH04 - Households with a computer - %_HH - CHILDREN - URBAN,% of households,ITU Households Database,2024,Philippines,PHL,Location,Children,Urban,13.947677900208127,"Excludes barangays established after the 2015 Census of Population and Housing (CPH), which serves as the basis for the urban–rural classification",Department of  Information and Communications Technology,2026-07-07
8917,HHA422-%_HH--,HH04 - Households with a computer - %_HH,% of households,ITU Households Database,2024,Philippines,PHL,,,,10.818872957806112,,Department of  Information and Communications Technology,2026-07-05
8914,HHA422-%_HH-NOCHILDREN-URBAN,HH04 - Households with a computer - %_HH - NOCHILDREN - URBAN,% of households,ITU Households Database,2024,Philippines,PHL,Location,No Children,Urban,13.330881569817576,"Excludes barangays established after the 2015 Census of Population and Housing (CPH), which serves as the basis for the urban–rural classification",Department of  Information and Communications Technology,2026-07-07
8913,HHA422-%_HH-NOCHILDREN-RURAL,HH04 - Households with a computer - %_HH - NOCHILDREN - RURAL,% of households,ITU Households Database,2024,Paraguay,PRY,Location,No Children,Rural,13.735833660505476,,Instituto Nacional de Estadística,2026-07-05
8914,HHA422-%_HH-NOCHILDREN-URBAN,HH04 - Households with a computer - %_HH - NOCHILDREN - URBAN,% of households,ITU Households Database,2024,Paraguay,PRY,Location,No Children,Urban,40.46208554750416,,Instituto Nacional de Estadística,2026-07-05
8916,HHA422-%_HH-URBAN-,HH04 - Households with a computer - %_HH - URBAN,% of households,ITU Households Database,2024,Paraguay,PRY,Location,Urban,,41.08038089382403,,Instituto Nacional de Estadística,2026-07-05
8907,HHA422-%_HH-CHILDREN-RURAL,HH04 - Households with a computer - %_HH - CHILDREN - RURAL,% of households,ITU Households Database,2024,Paraguay,PRY,Location,Children,Rural,14.070734016554804,,Instituto Nacional de Estadística,2026-07-06
8908,HHA422-%_HH-CHILDREN-URBAN,HH04 - Households with a computer - %_HH - CHILDREN - URBAN,% of households,ITU Households Database,2024,Paraguay,PRY,Location,Children,Urban,41.72005987823891,,Instituto Nacional de Estadística,2026-07-05
8917,HHA422-%_HH--,HH04 - Households with a computer - %_HH,% of households,ITU Households Database,2024,Paraguay,PRY,,,,30.64699046638266,,Instituto Nacional de Estadística,2026-07-06
8906,HHA422-%_HH-CHILDREN-,HH04 - Households with a computer - %_HH - CHILDREN,% of households,ITU Households Database,2024,Paraguay,PRY,Family,Children,,30.25413274137071,,Instituto Nacional de Estadística,2026-07-06
8915,HHA422-%_HH-RURAL-,HH04 - Households with a computer - %_HH - RURAL,% of households,ITU Households Database,2024,Paraguay,PRY,Location,Rural,,13.92277252907903,,Instituto Nacional de Estadística,2026-07-06
8912,HHA422-%_HH-NOCHILDREN-,HH04 - Households with a computer - %_HH - NOCHILDREN,% of households,ITU Households Database,2024,Paraguay,PRY,Family,No Children,,31.067708861131532,,Instituto Nacional de Estadística,2026-07-06
8915,HHA422-%_HH-RURAL-,HH04 - Households with a computer - %_HH - RURAL,% of households,ITU Households Database,2024,Peru,PER,Location,Rural,,9.596475671010749,,Instituto Nacional de Estadistica e Informatica,2026-07-06
8912,HHA422-%_HH-NOCHILDREN-,HH04 - Households with a computer - %_HH - NOCHILDREN,% of households,ITU Households Database,2024,Peru,PER,Family,No Children,,30.940071391120988,,Instituto Nacional de Estadistica e Informatica,2026-07-07
8914,HHA422-%_HH-NOCHILDREN-URBAN,HH04 - Households with a computer - %_HH - NOCHILDREN - URBAN,% of households,ITU Households Database,2024,Peru,PER,Location,No Children,Urban,37.15378758599849,,Instituto Nacional de Estadistica e Informatica,2026-07-07
8913,HHA422-%_HH-NOCHILDREN-RURAL,HH04 - Households with a computer - %_HH - NOCHILDREN - RURAL,% of households,ITU Households Database,2024,Peru,PER,Location,No Children,Rural,7.8786928822381626,,Instituto Nacional de Estadistica e Informatica,2026-07-07
8917,HHA422-%_HH--,HH04 - Households with a computer - %_HH,% of households,ITU Households Database,2024,Peru,PER,,,,32.07365755839331,Información proveniente del módulo: Equipamiento del Hogar,Instituto Nacional de Estadistica e Informatica,2026-07-06
8906,HHA422-%_HH-CHILDREN-,HH04 - Households with a computer - %_HH - CHILDREN,% of households,ITU Households Database,2024,Peru,PER,Family,Children,,33.4026376052217,,Instituto Nacional de Estadistica e Informatica,2025-07-03
8907,HHA422-%_HH-CHILDREN-RURAL,HH04 - Households with a computer - %_HH - CHILDREN - RURAL,% of households,ITU Households Database,2024,Peru,PER,Location,Children,Rural,11.778563307306749,,Instituto Nacional de Estadistica e Informatica,2026-07-07
8908,HHA422-%_HH-CHILDREN-URBAN,HH04 - Households with a computer - %_HH - CHILDREN - URBAN,% of households,ITU Households Database,2024,Peru,PER,Location,Children,Urban,38.670511226421134,,Instituto Nacional de Estadistica e Informatica,2026-07-07
8916,HHA422-%_HH-URBAN-,HH04 - Households with a computer - %_HH - URBAN,% of households,ITU Households Database,2024,Peru,PER,Location,Urban,,37.85972895179124,,Instituto Nacional de Estadistica e Informatica,2026-07-05
8917,HHA422-%_HH--,HH04 - Households with a computer - %_HH,% of households,ITU Households Database,2024,Rwanda,RWA,,,,6.838905775075988,,Rwanda National Institute of Statistics,2026-05-16
8915,HHA422-%_HH-RURAL-,HH04 - Households with a computer - %_HH - RURAL,% of households,ITU Households Database,2024,Rwanda,RWA,Location,Rural,,2.493551160791058,,Rwanda National Institute of Statistics,2026-05-16
8916,HHA422-%_HH-URBAN-,HH04 - Households with a computer - %_HH - URBAN,% of households,ITU Households Database,2024,Rwanda,RWA,Location,Urban,,17.323651452282157,,Rwanda National Institute of Statistics,2026-05-16
8915,HHA422-%_HH-RURAL-,HH04 - Households with a computer - %_HH - RURAL,% of households,ITU Households Database,2024,Russian Federation,RUS,Location,Rural,,59.58471608858393,,Federal State Statistics Service of the Russian Federation,2026-07-07
8916,HHA422-%_HH-URBAN-,HH04 - Households with a computer - %_HH - URBAN,% of households,ITU Households Database,2024,Russian Federation,RUS,Location,Urban,,75.71215715243416,,Federal State Statistics Service of the Russian Federation,2026-07-05
8917,HHA422-%_HH--,HH04 - Households with a computer - %_HH,% of households,ITU Households Database,2024,Russian Federation,RUS,,,,72.155761952524,,Federal State Statistics Service of the Russian Federation,2026-07-06
8916,HHA422-%_HH-URBAN-,HH04 - Households with a computer - %_HH - URBAN,% of households,ITU Households Database,2024,Senegal,SEN,Location,Urban,,29.771160132786207,,Agence Nationale de la Statistique et de la Démographie (ANSD),2026-07-04
8915,HHA422-%_HH-RURAL-,HH04 - Households with a computer - %_HH - RURAL,% of households,ITU Households Database,2024,Senegal,SEN,Location,Rural,,6.774187459907111,,Agence Nationale de la Statistique et de la Démographie (ANSD),2026-06-25
8917,HHA422-%_HH--,HH04 - Households with a computer - %_HH,% of households,ITU Households Database,2024,Senegal,SEN,,,,20.813250848394603,,Agence Nationale de la Statistique et de la Démographie (ANSD),2026-07-04
8912,HHA422-%_HH-NOCHILDREN-,HH04 - Households with a computer - %_HH - NOCHILDREN,% of households,ITU Households Database,2024,Singapore,SGP,Family,No Children,,84.61032478559164,,Infocomm Media Development Authority,2026-07-05
8917,HHA422-%_HH--,HH04 - Households with a computer - %_HH,% of households,ITU Households Database,2024,Singapore,SGP,,,,88.4034034237653,,Infocomm Media Development Authority,2025-07-03
8906,HHA422-%_HH-CHILDREN-,HH04 - Households with a computer - %_HH - CHILDREN,% of households,ITU Households Database,2024,Singapore,SGP,Family,Children,,99.31226375994258,,Infocomm Media Development Authority,2026-07-06
8908,HHA422-%_HH-CHILDREN-URBAN,HH04 - Households with a computer - %_HH - CHILDREN - URBAN,% of households,ITU Households Database,2024,Czech Republic,CZE,Location,Children,Urban,95.02543825356007,,Czech Statistical Office,2026-07-05
8906,HHA422-%_HH-CHILDREN-,HH04 - Households with a computer - %_HH - CHILDREN,% of households,ITU Households Database,2024,Czech Republic,CZE,Family,Children,,95.75881810006354,,Czech Statistical Office,2026-07-06
8917,HHA422-%_HH--,HH04 - Households with a computer - %_HH,% of households,ITU Households Database,2024,Czech Republic,CZE,,,,83.22344520384468,,Czech Statistical Office,2026-07-05
8912,HHA422-%_HH-NOCHILDREN-,HH04 - Households with a computer - %_HH - NOCHILDREN,% of households,ITU Households Database,2024,Czech Republic,CZE,Family,No Children,,78.82414558203212,,Czech Statistical Office,2026-07-05
8914,HHA422-%_HH-NOCHILDREN-URBAN,HH04 - Households with a computer - %_HH - NOCHILDREN - URBAN,% of households,ITU Households Database,2024,Czech Republic,CZE,Location,No Children,Urban,80.14886665836583,,Czech Statistical Office,2026-07-05
8916,HHA422-%_HH-URBAN-,HH04 - Households with a computer - %_HH - URBAN,% of households,ITU Households Database,2024,Czech Republic,CZE,Location,Urban,,83.95209493864373,,Czech Statistical Office,2026-07-05
8913,HHA422-%_HH-NOCHILDREN-RURAL,HH04 - Households with a computer - %_HH - NOCHILDREN - RURAL,% of households,ITU Households Database,2024,Czech Republic,CZE,Location,No Children,Rural,76.47864488091625,,Czech Statistical Office,2026-07-05
8907,HHA422-%_HH-CHILDREN-RURAL,HH04 - Households with a computer - %_HH - CHILDREN - RURAL,% of households,ITU Households Database,2024,Czech Republic,CZE,Location,Children,Rural,96.9829805685791,,Czech Statistical Office,2025-07-03
8915,HHA422-%_HH-RURAL-,HH04 - Households with a computer - %_HH - RURAL,% of households,ITU Households Database,2024,Czech Republic,CZE,Location,Rural,,81.9530452001452,,Czech Statistical Office,2025-07-03
8913,HHA422-%_HH-NOCHILDREN-RURAL,HH04 - Households with a computer - %_HH - NOCHILDREN - RURAL,% of households,ITU Households Database,2024,Thailand,THA,Location,No Children,Rural,12.768656635223206,,National Statistical Office,2026-07-07
8915,HHA422-%_HH-RURAL-,HH04 - Households with a computer - %_HH - RURAL,% of households,ITU Households Database,2024,Thailand,THA,Location,Rural,,14.256862851264282,,National Statistical Office,2026-07-06
8908,HHA422-%_HH-CHILDREN-URBAN,HH04 - Households with a computer - %_HH - CHILDREN - URBAN,% of households,ITU Households Database,2024,Thailand,THA,Location,Children,Urban,32.52750510416318,,National Statistical Office,2026-07-07
8916,HHA422-%_HH-URBAN-,HH04 - Households with a computer - %_HH - URBAN,% of households,ITU Households Database,2024,Thailand,THA,Location,Urban,,27.894305748973085,,National Statistical Office,2026-07-05
8912,HHA422-%_HH-NOCHILDREN-,HH04 - Households with a computer - %_HH - NOCHILDREN,% of households,ITU Households Database,2024,Thailand,THA,Family,No Children,,19.857048276607532,,National Statistical Office,2026-07-07
8917,HHA422-%_HH--,HH04 - Households with a computer - %_HH,% of households,ITU Households Database,2024,Thailand,THA,,,,20.648109560575683,,National Statistical Office,2026-07-05
8907,HHA422-%_HH-CHILDREN-RURAL,HH04 - Households with a computer - %_HH - CHILDREN - RURAL,% of households,ITU Households Database,2024,Thailand,THA,Location,Children,Rural,17.916889650005352,,National Statistical Office,2026-07-07
8906,HHA422-%_HH-CHILDREN-,HH04 - Households with a computer - %_HH - CHILDREN,% of households,ITU Households Database,2024,Thailand,THA,Family,Children,,23.15943341843037,,National Statistical Office,2026-07-07
8914,HHA422-%_HH-NOCHILDREN-URBAN,HH04 - Households with a computer - %_HH - NOCHILDREN - URBAN,% of households,ITU Households Database,2024,Thailand,THA,Location,No Children,Urban,26.853701388799394,,National Statistical Office,2026-07-07
8917,HHA422-%_HH--,HH04 - Households with a computer - %_HH,% of households,ITU Households Database,2024,Türkiye,TUR,,,,50.851377043473725,,Turkish Statistical Institute,2026-07-06
8917,HHA422-%_HH--,HH04 - Households with a computer - %_HH,% of households,ITU Households Database,2024,United Arab Emirates,ARE,,,,100,,Telecommunications & Digital Government Regulatory Authority,2025-07-03
8917,HHA422-%_HH--,HH04 - Households with a computer - %_HH,% of households,ITU Households Database,2024,Uruguay,URY,,,,63.579054926505584,,Instituto Nacional de Estadistica,2026-07-06
8915,HHA422-%_HH-RURAL-,HH04 - Households with a computer - %_HH - RURAL,% of households,ITU Households Database,2024,Viet Nam,VNM,Location,Rural,,15.994336569579342,,General Statistics Office of Vietnam,2026-07-06
8917,HHA422-%_HH--,HH04 - Households with a computer - %_HH,% of households,ITU Households Database,2024,Viet Nam,VNM,,,,23.349999999999987,,General Statistics Office of Vietnam,2026-07-05
8916,HHA422-%_HH-URBAN-,HH04 - Households with a computer - %_HH - URBAN,% of households,ITU Households Database,2024,Viet Nam,VNM,Location,Urban,,35.24999999999981,,General Statistics Office of Vietnam,2026-07-05
8914,HHA422-%_HH-NOCHILDREN-URBAN,HH04 - Households with a computer - %_HH - NOCHILDREN - URBAN,% of households,ITU Households Database,2024,Serbia,SRB,Location,No Children,Urban,72.4789989501929,,Statistical Office of the Republic of Serbia,2026-07-07
8913,HHA422-%_HH-NOCHILDREN-RURAL,HH04 - Households with a computer - %_HH - NOCHILDREN - RURAL,% of households,ITU Households Database,2024,Serbia,SRB,Location,No Children,Rural,59.07801499776595,,Statistical Office of the Republic of Serbia,2026-07-07
8916,HHA422-%_HH-URBAN-,HH04 - Households with a computer - %_HH - URBAN,% of households,ITU Households Database,2024,Serbia,SRB,Location,Urban,,76.24893259035098,,Statistical Office of the Republic of Serbia,2026-07-05
8917,HHA422-%_HH--,HH04 - Households with a computer - %_HH,% of households,ITU Households Database,2024,Serbia,SRB,,,,72.14528028254884,,Statistical Office of the Republic of Serbia,2026-07-05
8906,HHA422-%_HH-CHILDREN-,HH04 - Households with a computer - %_HH - CHILDREN,% of households,ITU Households Database,2024,Serbia,SRB,Family,Children,,90.51823875239661,,Statistical Office of the Republic of Serbia,2026-07-07
8907,HHA422-%_HH-CHILDREN-RURAL,HH04 - Households with a computer - %_HH - CHILDREN - RURAL,% of households,ITU Households Database,2024,Serbia,SRB,Location,Children,Rural,86.72907924016022,,Statistical Office of the Republic of Serbia,2026-07-07
8915,HHA422-%_HH-RURAL-,HH04 - Households with a computer - %_HH - RURAL,% of households,ITU Households Database,2024,Serbia,SRB,Location,Rural,,63.74534605986633,,Statistical Office of the Republic of Serbia,2026-07-06
8912,HHA422-%_HH-NOCHILDREN-,HH04 - Households with a computer - %_HH - NOCHILDREN,% of households,ITU Households Database,2024,Serbia,SRB,Family,No Children,,67.99799465303687,,Statistical Office of the Republic of Serbia,2026-07-07
8908,HHA422-%_HH-CHILDREN-URBAN,HH04 - Households with a computer - %_HH - CHILDREN - URBAN,% of households,ITU Households Database,2024,Serbia,SRB,Location,Children,Urban,92.14848669153066,,Statistical Office of the Republic of Serbia,2026-07-07
8914,HHA422-%_HH-NOCHILDREN-URBAN,HH04 - Households with a computer - %_HH - NOCHILDREN - URBAN,% of households,ITU Households Database,2024,Moldova,MDA,Location,No Children,Urban,61.42331985525171,,National Bureau of Statistics of the Republic of Moldova,2026-07-05
8907,HHA422-%_HH-CHILDREN-RURAL,HH04 - Households with a computer - %_HH - CHILDREN - RURAL,% of households,ITU Households Database,2024,Moldova,MDA,Location,Children,Rural,67.4769291183978,,National Bureau of Statistics of the Republic of Moldova,2025-07-03
8916,HHA422-%_HH-URBAN-,HH04 - Households with a computer - %_HH - URBAN,% of households,ITU Households Database,2024,Moldova,MDA,Location,Urban,,68.26146776540641,,National Bureau of Statistics of the Republic of Moldova,2026-07-05
8912,HHA422-%_HH-NOCHILDREN-,HH04 - Households with a computer - %_HH - NOCHILDREN,% of households,ITU Households Database,2024,Moldova,MDA,Family,No Children,,48.67404442098153,,National Bureau of Statistics of the Republic of Moldova,2026-07-05
8913,HHA422-%_HH-NOCHILDREN-RURAL,HH04 - Households with a computer - %_HH - NOCHILDREN - RURAL,% of households,ITU Households Database,2024,Moldova,MDA,Location,No Children,Rural,40.115508499391254,,National Bureau of Statistics of the Republic of Moldova,2026-07-05
8917,HHA422-%_HH--,HH04 - Households with a computer - %_HH,% of households,ITU Households Database,2024,Moldova,MDA,,,,55.190271140596096,,National Bureau of Statistics of the Republic of Moldova,2026-07-06
8906,HHA422-%_HH-CHILDREN-,HH04 - Households with a computer - %_HH - CHILDREN,% of households,ITU Households Database,2024,Moldova,MDA,Family,Children,,77.11601785665805,,National Bureau of Statistics of the Republic of Moldova,2026-07-06
8908,HHA422-%_HH-CHILDREN-URBAN,HH04 - Households with a computer - %_HH - CHILDREN - URBAN,% of households,ITU Households Database,2024,Moldova,MDA,Location,Children,Urban,86.52015999264403,,National Bureau of Statistics of the Republic of Moldova,2026-07-05
8915,HHA422-%_HH-RURAL-,HH04 - Households with a computer - %_HH - RURAL,% of households,ITU Households Database,2024,Moldova,MDA,Location,Rural,,45.5048644768657,,National Bureau of Statistics of the Republic of Moldova,2025-07-03
8914,HHA422-%_HH-NOCHILDREN-URBAN,HH04 - Households with a computer - %_HH - NOCHILDREN - URBAN,% of households,ITU Households Database,2024,Bosnia and Herzegovina,BIH,Location,No Children,Urban,60.95952302193679,,Agency for Statistics of Bosnia and Herzegovina,2026-07-05
8917,HHA422-%_HH--,HH04 - Households with a computer - %_HH,% of households,ITU Households Database,2024,Bosnia and Herzegovina,BIH,,,,66.63764285527873,,Agency for Statistics of Bosnia and Herzegovina,2026-07-05
8908,HHA422-%_HH-CHILDREN-URBAN,HH04 - Households with a computer - %_HH - CHILDREN - URBAN,% of households,ITU Households Database,2024,Bosnia and Herzegovina,BIH,Location,Children,Urban,92.7542155473037,,Agency for Statistics of Bosnia and Herzegovina,2025-07-03
8907,HHA422-%_HH-CHILDREN-RURAL,HH04 - Households with a computer - %_HH - CHILDREN - RURAL,% of households,ITU Households Database,2024,Bosnia and Herzegovina,BIH,Location,Children,Rural,89.11713203222006,,Agency for Statistics of Bosnia and Herzegovina,2026-07-06
8913,HHA422-%_HH-NOCHILDREN-RURAL,HH04 - Households with a computer - %_HH - NOCHILDREN - RURAL,% of households,ITU Households Database,2024,Bosnia and Herzegovina,BIH,Location,No Children,Rural,50.770607044577275,,Agency for Statistics of Bosnia and Herzegovina,2026-07-05
8916,HHA422-%_HH-URBAN-,HH04 - Households with a computer - %_HH - URBAN,% of households,ITU Households Database,2024,Bosnia and Herzegovina,BIH,Location,Urban,,71.03415397673099,,Agency for Statistics of Bosnia and Herzegovina,2026-07-05
8915,HHA422-%_HH-RURAL-,HH04 - Households with a computer - %_HH - RURAL,% of households,ITU Households Database,2024,Bosnia and Herzegovina,BIH,Location,Rural,,63.31451780878984,,Agency for Statistics of Bosnia and Herzegovina,2026-07-06
8912,HHA422-%_HH-NOCHILDREN-,HH04 - Households with a computer - %_HH - NOCHILDREN,% of households,ITU Households Database,2024,Bosnia and Herzegovina,BIH,Family,No Children,,55.194403722911424,,Agency for Statistics of Bosnia and Herzegovina,2026-07-06
8906,HHA422-%_HH-CHILDREN-,HH04 - Households with a computer - %_HH - CHILDREN,% of households,ITU Households Database,2024,Bosnia and Herzegovina,BIH,Family,Children,,90.65454572188975,,Agency for Statistics of Bosnia and Herzegovina,2026-07-06
8915,HHA422-%_HH-RURAL-,HH04 - Households with a computer - %_HH - RURAL,% of households,ITU Households Database,2024,Georgia,GEO,Location,Rural,,45.787132420016476,,National Statistics Office of Georgia,2026-07-06
8906,HHA422-%_HH-CHILDREN-,HH04 - Households with a computer - %_HH - CHILDREN,% of households,ITU Households Database,2024,Georgia,GEO,Family,Children,,83.87637364318127,,National Statistics Office of Georgia,2026-07-07
8914,HHA422-%_HH-NOCHILDREN-URBAN,HH04 - Households with a computer - %_HH - NOCHILDREN - URBAN,% of households,ITU Households Database,2024,Georgia,GEO,Location,No Children,Urban,57.36979688037472,,National Statistics Office of Georgia,2026-07-07
8912,HHA422-%_HH-NOCHILDREN-,HH04 - Households with a computer - %_HH - NOCHILDREN,% of households,ITU Households Database,2024,Georgia,GEO,Family,No Children,,46.38070620487866,,National Statistics Office of Georgia,2026-07-07
8908,HHA422-%_HH-CHILDREN-URBAN,HH04 - Households with a computer - %_HH - CHILDREN - URBAN,% of households,ITU Households Database,2024,Georgia,GEO,Location,Children,Urban,86.62241329869983,,National Statistics Office of Georgia,2026-07-07
8913,HHA422-%_HH-NOCHILDREN-RURAL,HH04 - Households with a computer - %_HH - NOCHILDREN - RURAL,% of households,ITU Households Database,2024,Georgia,GEO,Location,No Children,Rural,31.472194797263253,,National Statistics Office of Georgia,2026-07-07
8917,HHA422-%_HH--,HH04 - Households with a computer - %_HH,% of households,ITU Households Database,2024,Georgia,GEO,,,,57.57469513643392,,National Statistics Office of Georgia,2026-07-06
8916,HHA422-%_HH-URBAN-,HH04 - Households with a computer - %_HH - URBAN,% of households,ITU Households Database,2024,Georgia,GEO,Location,Urban,,66.18319833045568,,National Statistics Office of Georgia,2026-07-05
8907,HHA422-%_HH-CHILDREN-RURAL,HH04 - Households with a computer - %_HH - CHILDREN - RURAL,% of households,ITU Households Database,2024,Georgia,GEO,Location,Children,Rural,80.03328025445335,,National Statistics Office of Georgia,2026-07-07
8916,HHA422-%_HH-URBAN-,HH04 - Households with a computer - %_HH - URBAN,% of households,ITU Households Database,2024,Kazakhstan,KAZ,Location,Urban,,84.9667024115693,,Bureau of National statistics Agency for Strategic planning and reforms of the Republic of Kazakhstan,2026-07-05
8908,HHA422-%_HH-CHILDREN-URBAN,HH04 - Households with a computer - %_HH - CHILDREN - URBAN,% of households,ITU Households Database,2024,Kazakhstan,KAZ,Location,Children,Urban,94.80725498479791,,Bureau of National statistics Agency for Strategic planning and reforms of the Republic of Kazakhstan,2026-07-07
8917,HHA422-%_HH--,HH04 - Households with a computer - %_HH,% of households,ITU Households Database,2024,Kazakhstan,KAZ,,,,83.02318060556344,,Bureau of National statistics Agency for Strategic planning and reforms of the Republic of Kazakhstan,2026-07-06
8907,HHA422-%_HH-CHILDREN-RURAL,HH04 - Households with a computer - %_HH - CHILDREN - RURAL,% of households,ITU Households Database,2024,Kazakhstan,KAZ,Location,Children,Rural,86.47195976344318,,Bureau of National statistics Agency for Strategic planning and reforms of the Republic of Kazakhstan,2026-07-07
8906,HHA422-%_HH-CHILDREN-,HH04 - Households with a computer - %_HH - CHILDREN,% of households,ITU Households Database,2024,Kazakhstan,KAZ,Family,Children,,91.89014325296233,,Bureau of National statistics Agency for Strategic planning and reforms of the Republic of Kazakhstan,2026-07-07
8913,HHA422-%_HH-NOCHILDREN-RURAL,HH04 - Households with a computer - %_HH - NOCHILDREN - RURAL,% of households,ITU Households Database,2024,Kazakhstan,KAZ,Location,No Children,Rural,72.96845383157324,,Bureau of National statistics Agency for Strategic planning and reforms of the Republic of Kazakhstan,2026-07-07
8915,HHA422-%_HH-RURAL-,HH04 - Households with a computer - %_HH - RURAL,% of households,ITU Households Database,2024,Kazakhstan,KAZ,Location,Rural,,78.47668410989981,,Bureau of National statistics Agency for Strategic planning and reforms of the Republic of Kazakhstan,2026-07-06
8912,HHA422-%_HH-NOCHILDREN-,HH04 - Households with a computer - %_HH - NOCHILDREN,% of households,ITU Households Database,2024,Kazakhstan,KAZ,Family,No Children,,78.26875024036575,,Bureau of National statistics Agency for Strategic planning and reforms of the Republic of Kazakhstan,2026-07-07
8914,HHA422-%_HH-NOCHILDREN-URBAN,HH04 - Households with a computer - %_HH - NOCHILDREN - URBAN,% of households,ITU Households Database,2024,Kazakhstan,KAZ,Location,No Children,Urban,80.25289455221055,,Bureau of National statistics Agency for Strategic planning and reforms of the Republic of Kazakhstan,2026-07-07
8917,HHA422-%_HH--,HH04 - Households with a computer - %_HH,% of households,ITU Households Database,2024,"Taiwan, Province of China",TWN,,,,71.11999999999999,,National Communications Commission,2026-07-05
8912,HHA422-%_HH-NOCHILDREN-,HH04 - Households with a computer - %_HH - NOCHILDREN,% of households,ITU Households Database,2023,South Africa,ZAF,Family,No Children,,25.659451135898365,,Statistics South Africa,2026-07-07
8907,HHA422-%_HH-CHILDREN-RURAL,HH04 - Households with a computer - %_HH - CHILDREN - RURAL,% of households,ITU Households Database,2023,South Africa,ZAF,Location,Children,Rural,12.241565996198188,,Statistics South Africa,2026-07-07
8913,HHA422-%_HH-NOCHILDREN-RURAL,HH04 - Households with a computer - %_HH - NOCHILDREN - RURAL,% of households,ITU Households Database,2023,South Africa,ZAF,Location,No Children,Rural,11.45991815215888,,Statistics South Africa,2026-07-07
8914,HHA422-%_HH-NOCHILDREN-URBAN,HH04 - Households with a computer - %_HH - NOCHILDREN - URBAN,% of households,ITU Households Database,2023,South Africa,ZAF,Location,No Children,Urban,30.716227538869322,,Statistics South Africa,2026-07-07
8916,HHA422-%_HH-URBAN-,HH04 - Households with a computer - %_HH - URBAN,% of households,ITU Households Database,2023,South Africa,ZAF,Location,Urban,,30.45063278672751,,Statistics South Africa,2026-07-05
8915,HHA422-%_HH-RURAL-,HH04 - Households with a computer - %_HH - RURAL,% of households,ITU Households Database,2023,South Africa,ZAF,Location,Rural,,11.874918469134844,,Statistics South Africa,2026-07-06
8908,HHA422-%_HH-CHILDREN-URBAN,HH04 - Households with a computer - %_HH - CHILDREN - URBAN,% of households,ITU Households Database,2023,South Africa,ZAF,Location,Children,Urban,30.093546709521807,,Statistics South Africa,2026-07-07
8917,HHA422-%_HH--,HH04 - Households with a computer - %_HH,% of households,ITU Households Database,2023,South Africa,ZAF,,,,24.81622444495331,,Statistics South Africa,2026-07-06
8906,HHA422-%_HH-CHILDREN-,HH04 - Households with a computer - %_HH - CHILDREN,% of households,ITU Households Database,2023,South Africa,ZAF,Family,Children,,23.81916168888653,,Statistics South Africa,2026-07-07
8917,HHA422-%_HH--,HH04 - Households with a computer - %_HH,% of households,ITU Households Database,2023,Argentina,ARG,,,,60.98999676569331,,Instituto Nacional de Estadistica y Censos,2026-07-05
8907,HHA422-%_HH-CHILDREN-RURAL,HH04 - Households with a computer - %_HH - CHILDREN - RURAL,% of households,ITU Households Database,2023,Armenia,ARM,Location,Children,Rural,41.80423804418108,,The Statistical Committee of the Republic of Armenia,2026-07-07
8906,HHA422-%_HH-CHILDREN-,HH04 - Households with a computer - %_HH - CHILDREN,% of households,ITU Households Database,2023,Armenia,ARM,Family,Children,,51.995592346835764,,The Statistical Committee of the Republic of Armenia,2026-07-07
8914,HHA422-%_HH-NOCHILDREN-URBAN,HH04 - Households with a computer - %_HH - NOCHILDREN - URBAN,% of households,ITU Households Database,2023,Armenia,ARM,Location,No Children,Urban,43.282010641911015,,The Statistical Committee of the Republic of Armenia,2026-07-07
8917,HHA422-%_HH--,HH04 - Households with a computer - %_HH,% of households,ITU Households Database,2023,Armenia,ARM,,,,43.96876987826875,,The Statistical Committee of the Republic of Armenia,2026-07-06
8915,HHA422-%_HH-RURAL-,HH04 - Households with a computer - %_HH - RURAL,% of households,ITU Households Database,2023,Armenia,ARM,Location,Rural,,35.51239967567606,,The Statistical Committee of the Republic of Armenia,2026-07-06
8908,HHA422-%_HH-CHILDREN-URBAN,HH04 - Households with a computer - %_HH - CHILDREN - URBAN,% of households,ITU Households Database,2023,Armenia,ARM,Location,Children,Urban,59.31839567160668,,The Statistical Committee of the Republic of Armenia,2026-07-07
8913,HHA422-%_HH-NOCHILDREN-RURAL,HH04 - Households with a computer - %_HH - NOCHILDREN - RURAL,% of households,ITU Households Database,2023,Armenia,ARM,Location,No Children,Rural,31.27424138717773,,The Statistical Committee of the Republic of Armenia,2026-07-07
8916,HHA422-%_HH-URBAN-,HH04 - Households with a computer - %_HH - URBAN,% of households,ITU Households Database,2023,Armenia,ARM,Location,Urban,,48.492433506572915,,The Statistical Committee of the Republic of Armenia,2026-07-05
8912,HHA422-%_HH-NOCHILDREN-,HH04 - Households with a computer - %_HH - NOCHILDREN,% of households,ITU Households Database,2023,Armenia,ARM,Family,No Children,,39.37934839603371,,The Statistical Committee of the Republic of Armenia,2026-07-07
8917,HHA422-%_HH--,HH04 - Households with a computer - %_HH,% of households,ITU Households Database,2023,Saudi Arabia,SAU,,,,99.51177619764539,Results are based on unweighted survey data,Communications & IT Commission,2026-07-05
8915,HHA422-%_HH-RURAL-,HH04 - Households with a computer - %_HH - RURAL,% of households,ITU Households Database,2023,Azerbaijan,AZE,Location,Rural,,70.96204582341457,,State Statistical Committee of the Republic of Azerbaijan,2026-07-06
8917,HHA422-%_HH--,HH04 - Households with a computer - %_HH,% of households,ITU Households Database,2023,Azerbaijan,AZE,,,,76.79831651416943,,State Statistical Committee of the Republic of Azerbaijan,2026-07-06
8916,HHA422-%_HH-URBAN-,HH04 - Households with a computer - %_HH - URBAN,% of households,ITU Households Database,2023,Azerbaijan,AZE,Location,Urban,,81.37855479415282,,State Statistical Committee of the Republic of Azerbaijan,2026-07-05
8916,HHA422-%_HH-URBAN-,HH04 - Households with a computer - %_HH - URBAN,% of households,ITU Households Database,2023,Brazil,BRA,Location,Urban,,43.246106260399145,,NIC.br,2026-07-05
8907,HHA422-%_HH-CHILDREN-RURAL,HH04 - Households with a computer - %_HH - CHILDREN - RURAL,% of households,ITU Households Database,2023,Brazil,BRA,Location,Children,Rural,22.908704592389583,,NIC.br,2026-07-06
8908,HHA422-%_HH-CHILDREN-URBAN,HH04 - Households with a computer - %_HH - CHILDREN - URBAN,% of households,ITU Households Database,2023,Brazil,BRA,Location,Children,Urban,43.186132546256125,,NIC.br,2026-07-05
8914,HHA422-%_HH-NOCHILDREN-URBAN,HH04 - Households with a computer - %_HH - NOCHILDREN - URBAN,% of households,ITU Households Database,2023,Brazil,BRA,Location,No Children,Urban,43.28036666938314,,NIC.br,2026-07-05
8913,HHA422-%_HH-NOCHILDREN-RURAL,HH04 - Households with a computer - %_HH - NOCHILDREN - RURAL,% of households,ITU Households Database,2023,Brazil,BRA,Location,No Children,Rural,21.32591358031493,,NIC.br,2026-07-05
8912,HHA422-%_HH-NOCHILDREN-,HH04 - Households with a computer - %_HH - NOCHILDREN,% of households,ITU Households Database,2023,Brazil,BRA,Family,No Children,,40.79224910383929,,NIC.br,2026-07-05
8906,HHA422-%_HH-CHILDREN-,HH04 - Households with a computer - %_HH - CHILDREN,% of households,ITU Households Database,2023,Brazil,BRA,Family,Children,,40.28832556889275,,NIC.br,2026-07-06
8915,HHA422-%_HH-RURAL-,HH04 - Households with a computer - %_HH - RURAL,% of households,ITU Households Database,2023,Brazil,BRA,Location,Rural,,22.001766051619445,,NIC.br,2026-07-06
8917,HHA422-%_HH--,HH04 - Households with a computer - %_HH,% of households,ITU Households Database,2023,Brazil,BRA,,,,40.60506529434213,,NIC.br,2026-07-06
8913,HHA422-%_HH-NOCHILDREN-RURAL,HH04 - Households with a computer - %_HH - NOCHILDREN - RURAL,% of households,ITU Households Database,2023,Bangladesh,BGD,Location,No Children,Rural,3.6871295849652506,,Bangladesh Bureau of Statistics,2026-07-07
8914,HHA422-%_HH-NOCHILDREN-URBAN,HH04 - Households with a computer - %_HH - NOCHILDREN - URBAN,% of households,ITU Households Database,2023,Bangladesh,BGD,Location,No Children,Urban,27.00404284321746,,Bangladesh Bureau of Statistics,2026-07-07
8906,HHA422-%_HH-CHILDREN-,HH04 - Households with a computer - %_HH - CHILDREN,% of households,ITU Households Database,2023,Bangladesh,BGD,Family,Children,,8.476363823617955,,Bangladesh Bureau of Statistics,2026-07-07
8917,HHA422-%_HH--,HH04 - Households with a computer - %_HH,% of households,ITU Households Database,2023,Bangladesh,BGD,,,,8.92380128164499,,Bangladesh Bureau of Statistics,2025-07-04
8912,HHA422-%_HH-NOCHILDREN-,HH04 - Households with a computer - %_HH - NOCHILDREN,% of households,ITU Households Database,2023,Bangladesh,BGD,Family,No Children,,9.693240428447313,,Bangladesh Bureau of Statistics,2026-07-07
8916,HHA422-%_HH-URBAN-,HH04 - Households with a computer - %_HH - URBAN,% of households,ITU Households Database,2023,Bangladesh,BGD,Location,Urban,,26.03363300972158,,Bangladesh Bureau of Statistics,2026-07-05
8908,HHA422-%_HH-CHILDREN-URBAN,HH04 - Households with a computer - %_HH - CHILDREN - URBAN,% of households,ITU Households Database,2023,Bangladesh,BGD,Location,Children,Urban,25.4379594188818,,Bangladesh Bureau of Statistics,2025-07-04
8907,HHA422-%_HH-CHILDREN-RURAL,HH04 - Households with a computer - %_HH - CHILDREN - RURAL,% of households,ITU Households Database,2023,Bangladesh,BGD,Location,Children,Rural,3.0013040246222826,,Bangladesh Bureau of Statistics,2026-07-07
8915,HHA422-%_HH-RURAL-,HH04 - Households with a computer - %_HH - RURAL,% of households,ITU Households Database,2023,Bangladesh,BGD,Location,Rural,,3.2505960319545517,,Bangladesh Bureau of Statistics,2026-07-06
8917,HHA422-%_HH--,HH04 - Households with a computer - %_HH,% of households,ITU Households Database,2023,Bahrain,BHR,,,,97.00000000000001,,TRA bahrain,2026-07-06
8916,HHA422-%_HH-URBAN-,HH04 - Households with a computer - %_HH - URBAN,% of households,ITU Households Database,2023,Belarus,BLR,Location,Urban,,76.36700756604762,,National Statistical Committee of the Republic of Belarus (Belstat),2026-07-05
8912,HHA422-%_HH-NOCHILDREN-,HH04 - Households with a computer - %_HH - NOCHILDREN,% of households,ITU Households Database,2023,Belarus,BLR,Family,No Children,,64.94735616818991,,National Statistical Committee of the Republic of Belarus (Belstat),2026-07-05
8913,HHA422-%_HH-NOCHILDREN-RURAL,HH04 - Households with a computer - %_HH - NOCHILDREN - RURAL,% of households,ITU Households Database,2023,Belarus,BLR,Location,No Children,Rural,48.57073387052071,,National Statistical Committee of the Republic of Belarus (Belstat),2026-07-05
8907,HHA422-%_HH-CHILDREN-RURAL,HH04 - Households with a computer - %_HH - CHILDREN - RURAL,% of households,ITU Households Database,2023,Belarus,BLR,Location,Children,Rural,84.85317101258534,,National Statistical Committee of the Republic of Belarus (Belstat),2026-07-06
8917,HHA422-%_HH--,HH04 - Households with a computer - %_HH,% of households,ITU Households Database,2023,Belarus,BLR,,,,71.42985373676468,,National Statistical Committee of the Republic of Belarus (Belstat),2026-07-06
8908,HHA422-%_HH-CHILDREN-URBAN,HH04 - Households with a computer - %_HH - CHILDREN - URBAN,% of households,ITU Households Database,2023,Belarus,BLR,Location,Children,Urban,94.93362769239478,,National Statistical Committee of the Republic of Belarus (Belstat),2026-07-05
8906,HHA422-%_HH-CHILDREN-,HH04 - Households with a computer - %_HH - CHILDREN,% of households,ITU Households Database,2023,Belarus,BLR,Family,Children,,93.01808913161956,,National Statistical Committee of the Republic of Belarus (Belstat),2026-07-06
8914,HHA422-%_HH-NOCHILDREN-URBAN,HH04 - Households with a computer - %_HH - NOCHILDREN - URBAN,% of households,ITU Households Database,2023,Belarus,BLR,Location,No Children,Urban,70.35905134443384,,National Statistical Committee of the Republic of Belarus (Belstat),2026-07-05
8915,HHA422-%_HH-RURAL-,HH04 - Households with a computer - %_HH - RURAL,% of households,ITU Households Database,2023,Belarus,BLR,Location,Rural,,55.348943467900405,,National Statistical Committee of the Republic of Belarus (Belstat),2026-07-06
8917,HHA422-%_HH--,HH04 - Households with a computer - %_HH,% of households,ITU Households Database,2023,Chile,CHL,,,,68.49608352411877,,Instituto Nacional de Estadisticas,2026-07-06
8916,HHA422-%_HH-URBAN-,HH04 - Households with a computer - %_HH - URBAN,% of households,ITU Households Database,2023,Chile,CHL,Location,Urban,,70.80881021117666,,Instituto Nacional de Estadisticas,2026-07-05
8915,HHA422-%_HH-RURAL-,HH04 - Households with a computer - %_HH - RURAL,% of households,ITU Households Database,2023,Chile,CHL,Location,Rural,,52.11871798758254,,Instituto Nacional de Estadisticas,2026-07-06
8916,HHA422-%_HH-URBAN-,HH04 - Households with a computer - %_HH - URBAN,% of households,ITU Households Database,2023,Colombia,COL,Location,Urban,,41.46855849382027,,Departamento Administrativo Nacional de Estadistica (DANE),2026-07-05
8915,HHA422-%_HH-RURAL-,HH04 - Households with a computer - %_HH - RURAL,% of households,ITU Households Database,2023,Colombia,COL,Location,Rural,,8.522500534256897,,Departamento Administrativo Nacional de Estadistica (DANE),2026-07-06
8917,HHA422-%_HH--,HH04 - Households with a computer - %_HH,% of households,ITU Households Database,2023,Colombia,COL,,,,34.04663477900234,,Departamento Administrativo Nacional de Estadistica (DANE),2026-07-06
8917,HHA422-%_HH--,HH04 - Households with a computer - %_HH,% of households,ITU Households Database,2023,Côte d'Ivoire,CIV,,,,16.211248018846398,,ARTCI,2026-07-05
8912,HHA422-%_HH-NOCHILDREN-,HH04 - Households with a computer - %_HH - NOCHILDREN,% of households,ITU Households Database,2023,Côte d'Ivoire,CIV,Family,No Children,,14.305026788759223,,ARTCI,2026-07-07
8908,HHA422-%_HH-CHILDREN-URBAN,HH04 - Households with a computer - %_HH - CHILDREN - URBAN,% of households,ITU Households Database,2023,Côte d'Ivoire,CIV,Location,Children,Urban,27.722506901238425,,ARTCI,2026-07-07
8914,HHA422-%_HH-NOCHILDREN-URBAN,HH04 - Households with a computer - %_HH - NOCHILDREN - URBAN,% of households,ITU Households Database,2023,Côte d'Ivoire,CIV,Location,No Children,Urban,20.46644673586441,,ARTCI,2026-07-07
8906,HHA422-%_HH-CHILDREN-,HH04 - Households with a computer - %_HH - CHILDREN,% of households,ITU Households Database,2023,Côte d'Ivoire,CIV,Family,Children,,19.622334621949715,,ARTCI,2026-07-07
8907,HHA422-%_HH-CHILDREN-RURAL,HH04 - Households with a computer - %_HH - CHILDREN - RURAL,% of households,ITU Households Database,2023,Côte d'Ivoire,CIV,Location,Children,Rural,6.881778015798634,,ARTCI,2026-07-07
8913,HHA422-%_HH-NOCHILDREN-RURAL,HH04 - Households with a computer - %_HH - NOCHILDREN - RURAL,% of households,ITU Households Database,2023,Côte d'Ivoire,CIV,Location,No Children,Rural,5.386877225219735,,ARTCI,2026-07-07
8916,HHA422-%_HH-URBAN-,HH04 - Households with a computer - %_HH - URBAN,% of households,ITU Households Database,2023,Côte d'Ivoire,CIV,Location,Urban,,23.12324425630651,,ARTCI,2026-07-05
8915,HHA422-%_HH-RURAL-,HH04 - Households with a computer - %_HH - RURAL,% of households,ITU Households Database,2023,Côte d'Ivoire,CIV,Location,Rural,,5.905766127390775,,ARTCI,2026-07-06
8916,HHA422-%_HH-URBAN-,HH04 - Households with a computer - %_HH - URBAN,% of households,ITU Households Database,2023,Costa Rica,CRI,Location,Urban,,53.126312933607224,,Instituto Nacional de Estadisticas y Censos,2026-07-05
8907,HHA422-%_HH-CHILDREN-RURAL,HH04 - Households with a computer - %_HH - CHILDREN - RURAL,% of households,ITU Households Database,2023,Costa Rica,CRI,Location,Children,Rural,32.633772914484005,,Instituto Nacional de Estadisticas y Censos,2026-07-06
8906,HHA422-%_HH-CHILDREN-,HH04 - Households with a computer - %_HH - CHILDREN,% of households,ITU Households Database,2023,Costa Rica,CRI,Family,Children,,48.38433234259908,,Instituto Nacional de Estadisticas y Censos,2026-07-06
8915,HHA422-%_HH-RURAL-,HH04 - Households with a computer - %_HH - RURAL,% of households,ITU Households Database,2023,Costa Rica,CRI,Location,Rural,,28.351672661428417,,Instituto Nacional de Estadisticas y Censos,2026-07-06
8917,HHA422-%_HH--,HH04 - Households with a computer - %_HH,% of households,ITU Households Database,2023,Costa Rica,CRI,,,,46.32465328350168,"Households or individuals with any type of computer, whether it is a laptop, desktop, or tablet, are counted.",Instituto Nacional de Estadisticas y Censos,2026-07-06
8912,HHA422-%_HH-NOCHILDREN-,HH04 - Households with a computer - %_HH - NOCHILDREN,% of households,ITU Households Database,2023,Costa Rica,CRI,Family,No Children,,45.306846769030145,,Instituto Nacional de Estadisticas y Censos,2026-07-05
8914,HHA422-%_HH-NOCHILDREN-URBAN,HH04 - Households with a computer - %_HH - NOCHILDREN - URBAN,% of households,ITU Households Database,2023,Costa Rica,CRI,Location,No Children,Urban,52.09722406393051,,Instituto Nacional de Estadisticas y Censos,2026-07-05
8908,HHA422-%_HH-CHILDREN-URBAN,HH04 - Households with a computer - %_HH - CHILDREN - URBAN,% of households,ITU Households Database,2023,Costa Rica,CRI,Location,Children,Urban,55.353345580390325,,Instituto Nacional de Estadisticas y Censos,2026-07-05
8913,HHA422-%_HH-NOCHILDREN-RURAL,HH04 - Households with a computer - %_HH - NOCHILDREN - RURAL,% of households,ITU Households Database,2023,Costa Rica,CRI,Location,No Children,Rural,25.842010363704293,,Instituto Nacional de Estadisticas y Censos,2026-07-05
8917,HHA422-%_HH--,HH04 - Households with a computer - %_HH,% of households,ITU Households Database,2023,Denmark,DNK,,,,87.10725122045874,,Statistics Denmark,2026-07-06
8915,HHA422-%_HH-RURAL-,HH04 - Households with a computer - %_HH - RURAL,% of households,ITU Households Database,2023,Spain,ESP,Location,Rural,,78.07457402149379,,Instituto Nacional de Estadistica,2026-07-06
8914,HHA422-%_HH-NOCHILDREN-URBAN,HH04 - Households with a computer - %_HH - NOCHILDREN - URBAN,% of households,ITU Households Database,2023,Spain,ESP,Location,No Children,Urban,83.68048866017251,,Instituto Nacional de Estadistica,2026-07-05
8908,HHA422-%_HH-CHILDREN-URBAN,HH04 - Households with a computer - %_HH - CHILDREN - URBAN,% of households,ITU Households Database,2023,Spain,ESP,Location,Children,Urban,94.83532496058058,,Instituto Nacional de Estadistica,2026-07-05
8906,HHA422-%_HH-CHILDREN-,HH04 - Households with a computer - %_HH - CHILDREN,% of households,ITU Households Database,2023,Spain,ESP,Family,Children,,94.35397730753049,,Instituto Nacional de Estadistica,2026-07-06
8916,HHA422-%_HH-URBAN-,HH04 - Households with a computer - %_HH - URBAN,% of households,ITU Households Database,2023,Spain,ESP,Location,Urban,,86.49127471715266,,Instituto Nacional de Estadistica,2026-07-05
8917,HHA422-%_HH--,HH04 - Households with a computer - %_HH,% of households,ITU Households Database,2023,Spain,ESP,,,,82.5851719105377,,Instituto Nacional de Estadistica,2025-07-04
8912,HHA422-%_HH-NOCHILDREN-,HH04 - Households with a computer - %_HH - NOCHILDREN,% of households,ITU Households Database,2023,Spain,ESP,Family,No Children,,78.4512703812243,,Instituto Nacional de Estadistica,2025-07-04
8907,HHA422-%_HH-CHILDREN-RURAL,HH04 - Households with a computer - %_HH - CHILDREN - RURAL,% of households,ITU Households Database,2023,Spain,ESP,Location,Children,Rural,93.83360766401454,,Instituto Nacional de Estadistica,2026-07-06
8913,HHA422-%_HH-NOCHILDREN-RURAL,HH04 - Households with a computer - %_HH - NOCHILDREN - RURAL,% of households,ITU Households Database,2023,Spain,ESP,Location,No Children,Rural,72.27086681843437,,Instituto Nacional de Estadistica,2026-07-05
8906,HHA422-%_HH-CHILDREN-,HH04 - Households with a computer - %_HH - CHILDREN,% of households,ITU Households Database,2023,Ecuador,ECU,Family,Children,,35.3034308882457,,Instituto Nacional de Estadistica y Censos,2025-07-04
8916,HHA422-%_HH-URBAN-,HH04 - Households with a computer - %_HH - URBAN,% of households,ITU Households Database,2023,Ecuador,ECU,Location,Urban,,39.88345270065601,,Instituto Nacional de Estadistica y Censos,2026-07-05
8908,HHA422-%_HH-CHILDREN-URBAN,HH04 - Households with a computer - %_HH - CHILDREN - URBAN,% of households,ITU Households Database,2023,Ecuador,ECU,Location,Children,Urban,42.928882004006304,,Instituto Nacional de Estadistica y Censos,2026-07-06
8912,HHA422-%_HH-NOCHILDREN-,HH04 - Households with a computer - %_HH - NOCHILDREN,% of households,ITU Households Database,2023,Ecuador,ECU,Family,No Children,,31.507785183183096,,Instituto Nacional de Estadistica y Censos,2026-07-05
8915,HHA422-%_HH-RURAL-,HH04 - Households with a computer - %_HH - RURAL,% of households,ITU Households Database,2023,Ecuador,ECU,Location,Rural,,16.8006769768708,,Instituto Nacional de Estadistica y Censos,2025-07-04
8914,HHA422-%_HH-NOCHILDREN-URBAN,HH04 - Households with a computer - %_HH - NOCHILDREN - URBAN,% of households,ITU Households Database,2023,Ecuador,ECU,Location,No Children,Urban,37.85567012387159,,Instituto Nacional de Estadistica y Censos,2026-07-05
8917,HHA422-%_HH--,HH04 - Households with a computer - %_HH,% of households,ITU Households Database,2023,Ecuador,ECU,,,,33.051384889365934,"La información corresponde a, Tiene este hogar: computadora de escritorio/ laptop, o,  tablet / tableta",Instituto Nacional de Estadistica y Censos,2026-07-06
8917,HHA422-%_HH--,HH04 - Households with a computer - %_HH,% of households,ITU Households Database,2023,"Hong Kong, China",HKG,,,,74.3859004956857,,"Census and Statistics Department, Hong Kong Special Administrative Region, China",2025-07-04
8912,HHA422-%_HH-NOCHILDREN-,HH04 - Households with a computer - %_HH - NOCHILDREN,% of households,ITU Households Database,2023,"Hong Kong, China",HKG,Family,No Children,,70.23932006262581,,"Census and Statistics Department, Hong Kong Special Administrative Region, China",2026-07-07
8906,HHA422-%_HH-CHILDREN-,HH04 - Households with a computer - %_HH - CHILDREN,% of households,ITU Households Database,2023,"Hong Kong, China",HKG,Family,Children,,93.37979094076655,,"Census and Statistics Department, Hong Kong Special Administrative Region, China",2026-07-07
8916,HHA422-%_HH-URBAN-,HH04 - Households with a computer - %_HH - URBAN,% of households,ITU Households Database,2023,Croatia,HRV,Location,Urban,,82.41484822361979,,Croatian Bureau of Statistics,2026-07-05
8917,HHA422-%_HH--,HH04 - Households with a computer - %_HH,% of households,ITU Households Database,2023,Croatia,HRV,,,,78.82898086715014,,Croatian Bureau of Statistics,2026-07-05
8915,HHA422-%_HH-RURAL-,HH04 - Households with a computer - %_HH - RURAL,% of households,ITU Households Database,2023,Croatia,HRV,Location,Rural,,72.69394077369347,,Croatian Bureau of Statistics,2026-07-06
8913,HHA422-%_HH-NOCHILDREN-RURAL,HH04 - Households with a computer - %_HH - NOCHILDREN - RURAL,% of households,ITU Households Database,2023,Italy,ITA,Location,No Children,Rural,57.080979550555085,,Italian National Institute of Statistics,2026-07-05
8914,HHA422-%_HH-NOCHILDREN-URBAN,HH04 - Households with a computer - %_HH - NOCHILDREN - URBAN,% of households,ITU Households Database,2023,Italy,ITA,Location,No Children,Urban,65.17895434453018,,Italian National Institute of Statistics,2026-07-05
8908,HHA422-%_HH-CHILDREN-URBAN,HH04 - Households with a computer - %_HH - CHILDREN - URBAN,% of households,ITU Households Database,2023,Italy,ITA,Location,Children,Urban,85.94268379299608,,Italian National Institute of Statistics,2026-07-05
8907,HHA422-%_HH-CHILDREN-RURAL,HH04 - Households with a computer - %_HH - CHILDREN - RURAL,% of households,ITU Households Database,2023,Italy,ITA,Location,Children,Rural,84.93163308070226,,Italian National Institute of Statistics,2026-07-06
8906,HHA422-%_HH-CHILDREN-,HH04 - Households with a computer - %_HH - CHILDREN,% of households,ITU Households Database,2023,Italy,ITA,Family,Children,,85.77867810177338,,Italian National Institute of Statistics,2026-07-06
8916,HHA422-%_HH-URBAN-,HH04 - Households with a computer - %_HH - URBAN,% of households,ITU Households Database,2023,Italy,ITA,Location,Urban,,69.11406799547358,,Italian National Institute of Statistics,2026-07-05
8915,HHA422-%_HH-RURAL-,HH04 - Households with a computer - %_HH - RURAL,% of households,ITU Households Database,2023,Italy,ITA,Location,Rural,,61.86417675596763,,Italian National Institute of Statistics,2026-07-06
8917,HHA422-%_HH--,HH04 - Households with a computer - %_HH,% of households,ITU Households Database,2023,Italy,ITA,,,,67.83775787521841,,Italian National Institute of Statistics,2026-07-05
8912,HHA422-%_HH-NOCHILDREN-,HH04 - Households with a computer - %_HH - NOCHILDREN,% of households,ITU Households Database,2023,Italy,ITA,Family,No Children,,63.727681869735086,,Italian National Institute of Statistics,2026-07-05
8906,HHA422-%_HH-CHILDREN-,HH04 - Households with a computer - %_HH - CHILDREN,% of households,ITU Households Database,2023,Indonesia,IDN,Family,Children,,17.298460876430394,,BPS-Statistics Indonesia,2026-07-06
8907,HHA422-%_HH-CHILDREN-RURAL,HH04 - Households with a computer - %_HH - CHILDREN - RURAL,% of households,ITU Households Database,2023,Indonesia,IDN,Location,Children,Rural,9.144559944872066,,BPS-Statistics Indonesia,2026-07-06
8917,HHA422-%_HH--,HH04 - Households with a computer - %_HH,% of households,ITU Households Database,2023,Indonesia,IDN,,,,18.059790762715043,,BPS-Statistics Indonesia,2026-07-05
8912,HHA422-%_HH-NOCHILDREN-,HH04 - Households with a computer - %_HH - NOCHILDREN,% of households,ITU Households Database,2023,Indonesia,IDN,Family,No Children,,19.042528842306982,,BPS-Statistics Indonesia,2026-07-05
8915,HHA422-%_HH-RURAL-,HH04 - Households with a computer - %_HH - RURAL,% of households,ITU Households Database,2023,Indonesia,IDN,Location,Rural,,8.682439789804782,,BPS-Statistics Indonesia,2026-07-06
8916,HHA422-%_HH-URBAN-,HH04 - Households with a computer - %_HH - URBAN,% of households,ITU Households Database,2023,Indonesia,IDN,Location,Urban,,24.76336358174888,,BPS-Statistics Indonesia,2026-07-05
8913,HHA422-%_HH-NOCHILDREN-RURAL,HH04 - Households with a computer - %_HH - NOCHILDREN - RURAL,% of households,ITU Households Database,2023,Indonesia,IDN,Location,No Children,Rural,8.03587351259587,,BPS-Statistics Indonesia,2025-07-04
8908,HHA422-%_HH-CHILDREN-URBAN,HH04 - Households with a computer - %_HH - CHILDREN - URBAN,% of households,ITU Households Database,2023,Indonesia,IDN,Location,Children,Urban,23.486010756004426,,BPS-Statistics Indonesia,2026-07-05
8914,HHA422-%_HH-NOCHILDREN-URBAN,HH04 - Households with a computer - %_HH - NOCHILDREN - URBAN,% of households,ITU Households Database,2023,Indonesia,IDN,Location,No Children,Urban,26.320697662656755,,BPS-Statistics Indonesia,2026-07-05
8915,HHA422-%_HH-RURAL-,HH04 - Households with a computer - %_HH - RURAL,% of households,ITU Households Database,2023,Israel,ISR,Location,Rural,,88.38261553827064,Source: Household expenditure survey 2022,Central Bureau of Statistics,2026-07-06
8916,HHA422-%_HH-URBAN-,HH04 - Households with a computer - %_HH - URBAN,% of households,ITU Households Database,2023,Israel,ISR,Location,Urban,,79.15716113316367,Source: Household expenditure survey 2022,Central Bureau of Statistics,2026-07-05
8907,HHA422-%_HH-CHILDREN-RURAL,HH04 - Households with a computer - %_HH - CHILDREN - RURAL,% of households,ITU Households Database,2023,Israel,ISR,Location,Children,Rural,95.38422944028949,Source: Household expenditure survey 2022,Central Bureau of Statistics,2026-07-07
8912,HHA422-%_HH-NOCHILDREN-,HH04 - Households with a computer - %_HH - NOCHILDREN,% of households,ITU Households Database,2023,Israel,ISR,Family,No Children,,75.50659394680716,Source: Household expenditure survey 2022,Central Bureau of Statistics,2026-07-07
8908,HHA422-%_HH-CHILDREN-URBAN,HH04 - Households with a computer - %_HH - CHILDREN - URBAN,% of households,ITU Households Database,2023,Israel,ISR,Location,Children,Urban,86.05754362016596,Source: Household expenditure survey 2022,Central Bureau of Statistics,2026-07-07
8913,HHA422-%_HH-NOCHILDREN-RURAL,HH04 - Households with a computer - %_HH - NOCHILDREN - RURAL,% of households,ITU Households Database,2023,Israel,ISR,Location,No Children,Rural,83.55405923716174,Source: Household expenditure survey 2022,Central Bureau of Statistics,2026-07-07
8914,HHA422-%_HH-NOCHILDREN-URBAN,HH04 - Households with a computer - %_HH - NOCHILDREN - URBAN,% of households,ITU Households Database,2023,Israel,ISR,Location,No Children,Urban,74.94825779562835,Source: Household expenditure survey 2022,Central Bureau of Statistics,2026-07-07
8917,HHA422-%_HH--,HH04 - Households with a computer - %_HH,% of households,ITU Households Database,2023,Israel,ISR,,,,79.78333207225596,Source: Household expenditure survey 2022,Central Bureau of Statistics,2026-07-06
8906,HHA422-%_HH-CHILDREN-,HH04 - Households with a computer - %_HH - CHILDREN,% of households,ITU Households Database,2023,Israel,ISR,Family,Children,,86.73603132736775,Source: Household expenditure survey 2022,Central Bureau of Statistics,2026-07-07
8913,HHA422-%_HH-NOCHILDREN-RURAL,HH04 - Households with a computer - %_HH - NOCHILDREN - RURAL,% of households,ITU Households Database,2023,Jamaica,JAM,Location,No Children,Rural,22.965114232407505,,Statistical Institute of Jamaica,2026-07-07
8916,HHA422-%_HH-URBAN-,HH04 - Households with a computer - %_HH - URBAN,% of households,ITU Households Database,2023,Jamaica,JAM,Location,Urban,,51.894768261679545,,Statistical Institute of Jamaica,2026-07-05
8914,HHA422-%_HH-NOCHILDREN-URBAN,HH04 - Households with a computer - %_HH - NOCHILDREN - URBAN,% of households,ITU Households Database,2023,Jamaica,JAM,Location,No Children,Urban,40.478641276376734,,Statistical Institute of Jamaica,2026-07-07
8907,HHA422-%_HH-CHILDREN-RURAL,HH04 - Households with a computer - %_HH - CHILDREN - RURAL,% of households,ITU Households Database,2023,Jamaica,JAM,Location,Children,Rural,68.91667969360637,,Statistical Institute of Jamaica,2026-07-07
8908,HHA422-%_HH-CHILDREN-URBAN,HH04 - Households with a computer - %_HH - CHILDREN - URBAN,% of households,ITU Households Database,2023,Jamaica,JAM,Location,Children,Urban,78.02549711244863,,Statistical Institute of Jamaica,2026-07-07
8917,HHA422-%_HH--,HH04 - Households with a computer - %_HH,% of households,ITU Households Database,2023,Jamaica,JAM,,,,45.166830772246705,,Statistical Institute of Jamaica,2026-07-05
8912,HHA422-%_HH-NOCHILDREN-,HH04 - Households with a computer - %_HH - NOCHILDREN,% of households,ITU Households Database,2023,Jamaica,JAM,Family,No Children,,32.482094407797454,,Statistical Institute of Jamaica,2026-07-07
8915,HHA422-%_HH-RURAL-,HH04 - Households with a computer - %_HH - RURAL,% of households,ITU Households Database,2023,Jamaica,JAM,Location,Rural,,37.23429042984394,,Statistical Institute of Jamaica,2026-07-06
8906,HHA422-%_HH-CHILDREN-,HH04 - Households with a computer - %_HH - CHILDREN,% of households,ITU Households Database,2023,Jamaica,JAM,Family,Children,,73.79736181451437,,Statistical Institute of Jamaica,2026-07-07
8916,HHA422-%_HH-URBAN-,HH04 - Households with a computer - %_HH - URBAN,% of households,ITU Households Database,2023,Jordan,JOR,Location,Urban,,37.47945450786666,,Ministry of Digital Economy and Entrepreneurship,2026-07-05
8917,HHA422-%_HH--,HH04 - Households with a computer - %_HH,% of households,ITU Households Database,2023,Jordan,JOR,,,,36.35391943382522,,Ministry of Digital Economy and Entrepreneurship,2026-07-06
8915,HHA422-%_HH-RURAL-,HH04 - Households with a computer - %_HH - RURAL,% of households,ITU Households Database,2023,Jordan,JOR,Location,Rural,,25.770117853248507,,Ministry of Digital Economy and Entrepreneurship,2026-07-06
8906,HHA422-%_HH-CHILDREN-,HH04 - Households with a computer - %_HH - CHILDREN,% of households,ITU Households Database,2023,Korea (Rep. of),KOR,Family,Children,,99.40252299995119,,Ministry of Science and ICT,2026-07-06
8916,HHA422-%_HH-URBAN-,HH04 - Households with a computer - %_HH - URBAN,% of households,ITU Households Database,2023,Korea (Rep. of),KOR,Location,Urban,,81.02927299001028,,Ministry of Science and ICT,2026-07-05
8912,HHA422-%_HH-NOCHILDREN-,HH04 - Households with a computer - %_HH - NOCHILDREN,% of households,ITU Households Database,2023,Korea (Rep. of),KOR,Family,No Children,,71.8877391551494,,Ministry of Science and ICT,2026-07-05
8914,HHA422-%_HH-NOCHILDREN-URBAN,HH04 - Households with a computer - %_HH - NOCHILDREN - URBAN,% of households,ITU Households Database,2023,Korea (Rep. of),KOR,Location,No Children,Urban,75.34437194521568,,Ministry of Science and ICT,2026-07-05
8907,HHA422-%_HH-CHILDREN-RURAL,HH04 - Households with a computer - %_HH - CHILDREN - RURAL,% of households,ITU Households Database,2023,Korea (Rep. of),KOR,Location,Children,Rural,98.11063869065806,,Ministry of Science and ICT,2026-07-06
8908,HHA422-%_HH-CHILDREN-URBAN,HH04 - Households with a computer - %_HH - CHILDREN - URBAN,% of households,ITU Households Database,2023,Korea (Rep. of),KOR,Location,Children,Urban,99.64462241514525,,Ministry of Science and ICT,2026-07-05
8913,HHA422-%_HH-NOCHILDREN-RURAL,HH04 - Households with a computer - %_HH - NOCHILDREN - RURAL,% of households,ITU Households Database,2023,Korea (Rep. of),KOR,Location,No Children,Rural,58.08648524669924,,Ministry of Science and ICT,2026-07-05
8915,HHA422-%_HH-RURAL-,HH04 - Households with a computer - %_HH - RURAL,% of households,ITU Households Database,2023,Korea (Rep. of),KOR,Location,Rural,,65.53095818024772,,Ministry of Science and ICT,2026-07-06
8917,HHA422-%_HH--,HH04 - Households with a computer - %_HH,% of households,ITU Households Database,2023,Korea (Rep. of),KOR,,,,78.07303203254696,,Ministry of Science and ICT,2026-07-06
8917,HHA422-%_HH--,HH04 - Households with a computer - %_HH,% of households,ITU Households Database,2023,Kuwait,KWT,,,,93.99995736215352,,Communication and Information Technology Regulatory Authority,2026-07-05
8916,HHA422-%_HH-URBAN-,HH04 - Households with a computer - %_HH - URBAN,% of households,ITU Households Database,2023,Lithuania,LTU,Location,Urban,,81.16172693201003,,State Data Agency (Statistics Lithuania),2026-07-05
8915,HHA422-%_HH-RURAL-,HH04 - Households with a computer - %_HH - RURAL,% of households,ITU Households Database,2023,Lithuania,LTU,Location,Rural,,67.04725676605301,,State Data Agency (Statistics Lithuania),2026-07-06
8917,HHA422-%_HH--,HH04 - Households with a computer - %_HH,% of households,ITU Households Database,2023,Lithuania,LTU,,,,76.79959498572065,,State Data Agency (Statistics Lithuania),2026-07-06
8907,HHA422-%_HH-CHILDREN-RURAL,HH04 - Households with a computer - %_HH - CHILDREN - RURAL,% of households,ITU Households Database,2023,Lithuania,LTU,Location,Children,Rural,96.35000393826914,,State Data Agency (Statistics Lithuania),2026-07-07
8913,HHA422-%_HH-NOCHILDREN-RURAL,HH04 - Households with a computer - %_HH - NOCHILDREN - RURAL,% of households,ITU Households Database,2023,Lithuania,LTU,Location,No Children,Rural,59.835003978768434,,State Data Agency (Statistics Lithuania),2026-07-07
8906,HHA422-%_HH-CHILDREN-,HH04 - Households with a computer - %_HH - CHILDREN,% of households,ITU Households Database,2023,Lithuania,LTU,Family,Children,,96.62824170133428,,State Data Agency (Statistics Lithuania),2026-07-07
8914,HHA422-%_HH-NOCHILDREN-URBAN,HH04 - Households with a computer - %_HH - NOCHILDREN - URBAN,% of households,ITU Households Database,2023,Lithuania,LTU,Location,No Children,Urban,76.37521957818059,,State Data Agency (Statistics Lithuania),2026-07-07
8908,HHA422-%_HH-CHILDREN-URBAN,HH04 - Households with a computer - %_HH - CHILDREN - URBAN,% of households,ITU Households Database,2023,Lithuania,LTU,Location,Children,Urban,96.732789031555,,State Data Agency (Statistics Lithuania),2025-07-04
8912,HHA422-%_HH-NOCHILDREN-,HH04 - Households with a computer - %_HH - NOCHILDREN,% of households,ITU Households Database,2023,Lithuania,LTU,Family,No Children,,71.09234261851111,,State Data Agency (Statistics Lithuania),2026-07-07
8917,HHA422-%_HH--,HH04 - Households with a computer - %_HH,% of households,ITU Households Database,2023,Mexico,MEX,,,,43.848331798538744,,Instituto Nacional de Estadística y Geografía (INEGI),2026-07-05
8914,HHA422-%_HH-NOCHILDREN-URBAN,HH04 - Households with a computer - %_HH - NOCHILDREN - URBAN,% of households,ITU Households Database,2023,Mexico,MEX,Location,No Children,Urban,48.81137545472843,,Instituto Nacional de Estadística y Geografía (INEGI),2026-07-07
8913,HHA422-%_HH-NOCHILDREN-RURAL,HH04 - Households with a computer - %_HH - NOCHILDREN - RURAL,% of households,ITU Households Database,2023,Mexico,MEX,Location,No Children,Rural,18.337970819577517,,Instituto Nacional de Estadística y Geografía (INEGI),2026-07-07
8906,HHA422-%_HH-CHILDREN-,HH04 - Households with a computer - %_HH - CHILDREN,% of households,ITU Households Database,2023,Mexico,MEX,Family,Children,,44.29164213236604,,Instituto Nacional de Estadística y Geografía (INEGI),2026-07-07
8915,HHA422-%_HH-RURAL-,HH04 - Households with a computer - %_HH - RURAL,% of households,ITU Households Database,2023,Mexico,MEX,Location,Rural,,20.583912087869308,,Instituto Nacional de Estadística y Geografía (INEGI),2026-07-06
8907,HHA422-%_HH-CHILDREN-RURAL,HH04 - Households with a computer - %_HH - CHILDREN - RURAL,% of households,ITU Households Database,2023,Mexico,MEX,Location,Children,Rural,22.493512620901157,,Instituto Nacional de Estadística y Geografía (INEGI),2026-07-07
8908,HHA422-%_HH-CHILDREN-URBAN,HH04 - Households with a computer - %_HH - CHILDREN - URBAN,% of households,ITU Households Database,2023,Mexico,MEX,Location,Children,Urban,52.03456770143864,,Instituto Nacional de Estadística y Geografía (INEGI),2026-07-07
8912,HHA422-%_HH-NOCHILDREN-,HH04 - Households with a computer - %_HH - NOCHILDREN,% of households,ITU Households Database,2023,Mexico,MEX,Family,No Children,,43.501731389038206,,Instituto Nacional de Estadística y Geografía (INEGI),2026-07-07
8916,HHA422-%_HH-URBAN-,HH04 - Households with a computer - %_HH - URBAN,% of households,ITU Households Database,2023,Mexico,MEX,Location,Urban,,50.137065805497606,,Instituto Nacional de Estadística y Geografía (INEGI),2026-07-05
8916,HHA422-%_HH-URBAN-,HH04 - Households with a computer - %_HH - URBAN,% of households,ITU Households Database,2023,Malaysia,MYS,Location,Urban,,94.19916017793604,,Department of Statistics,2026-07-05
8917,HHA422-%_HH--,HH04 - Households with a computer - %_HH,% of households,ITU Households Database,2023,Malaysia,MYS,,,,91.57624436901904,,Department of Statistics,2026-07-05
8915,HHA422-%_HH-RURAL-,HH04 - Households with a computer - %_HH - RURAL,% of households,ITU Households Database,2023,Malaysia,MYS,Location,Rural,,82.80763915686626,,Department of Statistics,2026-07-06
8917,HHA422-%_HH--,HH04 - Households with a computer - %_HH,% of households,ITU Households Database,2023,Malawi,MWI,,,,3.304565465150059,,National Statistical Office of Malawi,2026-07-06
8908,HHA422-%_HH-CHILDREN-URBAN,HH04 - Households with a computer - %_HH - CHILDREN - URBAN,% of households,ITU Households Database,2023,Malawi,MWI,Location,Children,Urban,12.081824154560103,,National Statistical Office of Malawi,2026-07-05
8907,HHA422-%_HH-CHILDREN-RURAL,HH04 - Households with a computer - %_HH - CHILDREN - RURAL,% of households,ITU Households Database,2023,Malawi,MWI,Location,Children,Rural,1.2302735670137712,,National Statistical Office of Malawi,2026-07-06
8914,HHA422-%_HH-NOCHILDREN-URBAN,HH04 - Households with a computer - %_HH - NOCHILDREN - URBAN,% of households,ITU Households Database,2023,Malawi,MWI,Location,No Children,Urban,21.16160875415293,,National Statistical Office of Malawi,2026-07-05
8912,HHA422-%_HH-NOCHILDREN-,HH04 - Households with a computer - %_HH - NOCHILDREN,% of households,ITU Households Database,2023,Malawi,MWI,Family,No Children,,5.792440855048294,,National Statistical Office of Malawi,2026-07-05
8913,HHA422-%_HH-NOCHILDREN-RURAL,HH04 - Households with a computer - %_HH - NOCHILDREN - RURAL,% of households,ITU Households Database,2023,Malawi,MWI,Location,No Children,Rural,1.914645428582921,,National Statistical Office of Malawi,2026-07-05
8915,HHA422-%_HH-RURAL-,HH04 - Households with a computer - %_HH - RURAL,% of households,ITU Households Database,2023,Malawi,MWI,Location,Rural,,1.3425064236082709,,National Statistical Office of Malawi,2026-07-06
8906,HHA422-%_HH-CHILDREN-,HH04 - Households with a computer - %_HH - CHILDREN,% of households,ITU Households Database,2023,Malawi,MWI,Family,Children,,2.780721958102646,,National Statistical Office of Malawi,2026-07-06
8916,HHA422-%_HH-URBAN-,HH04 - Households with a computer - %_HH - URBAN,% of households,ITU Households Database,2023,Malawi,MWI,Location,Urban,,14.160537480254726,,National Statistical Office of Malawi,2026-07-05
8913,HHA422-%_HH-NOCHILDREN-RURAL,HH04 - Households with a computer - %_HH - NOCHILDREN - RURAL,% of households,ITU Households Database,2023,Portugal,PRT,Location,No Children,Rural,0,Information not collected,Instituto Nacional de Estatistica,2026-07-05
8916,HHA422-%_HH-URBAN-,HH04 - Households with a computer - %_HH - URBAN,% of households,ITU Households Database,2023,Portugal,PRT,Location,Urban,,0,Information not collected,Instituto Nacional de Estatistica,2026-07-04
8907,HHA422-%_HH-CHILDREN-RURAL,HH04 - Households with a computer - %_HH - CHILDREN - RURAL,% of households,ITU Households Database,2023,Portugal,PRT,Location,Children,Rural,0,Information not collected,Instituto Nacional de Estatistica,2026-07-06
8914,HHA422-%_HH-NOCHILDREN-URBAN,HH04 - Households with a computer - %_HH - NOCHILDREN - URBAN,% of households,ITU Households Database,2023,Portugal,PRT,Location,No Children,Urban,0,Information not collected,Instituto Nacional de Estatistica,2026-07-05
8912,HHA422-%_HH-NOCHILDREN-,HH04 - Households with a computer - %_HH - NOCHILDREN,% of households,ITU Households Database,2023,Portugal,PRT,Family,No Children,,0,Information not collected,Instituto Nacional de Estatistica,2026-07-05
8908,HHA422-%_HH-CHILDREN-URBAN,HH04 - Households with a computer - %_HH - CHILDREN - URBAN,% of households,ITU Households Database,2023,Portugal,PRT,Location,Children,Urban,0,Information not collected,Instituto Nacional de Estatistica,2026-07-04
8906,HHA422-%_HH-CHILDREN-,HH04 - Households with a computer - %_HH - CHILDREN,% of households,ITU Households Database,2023,Portugal,PRT,Family,Children,,0,Information not collected,Instituto Nacional de Estatistica,2026-07-05
8917,HHA422-%_HH--,HH04 - Households with a computer - %_HH,% of households,ITU Households Database,2023,Portugal,PRT,,,,0,Information not collected,Instituto Nacional de Estatistica,2026-07-04
8915,HHA422-%_HH-RURAL-,HH04 - Households with a computer - %_HH - RURAL,% of households,ITU Households Database,2023,Portugal,PRT,Location,Rural,,0,Information not collected,Instituto Nacional de Estatistica,2026-07-05
8908,HHA422-%_HH-CHILDREN-URBAN,HH04 - Households with a computer - %_HH - CHILDREN - URBAN,% of households,ITU Households Database,2023,Paraguay,PRY,Location,Children,Urban,38.7447145027294,,"Direccion General de Estadistica, Encuestas y Censos",2025-07-04
8915,HHA422-%_HH-RURAL-,HH04 - Households with a computer - %_HH - RURAL,% of households,ITU Households Database,2023,Paraguay,PRY,Location,Rural,,11.698299454734915,,"Direccion General de Estadistica, Encuestas y Censos",2026-07-06
8913,HHA422-%_HH-NOCHILDREN-RURAL,HH04 - Households with a computer - %_HH - NOCHILDREN - RURAL,% of households,ITU Households Database,2023,Paraguay,PRY,Location,No Children,Rural,10.395105279210906,,"Direccion General de Estadistica, Encuestas y Censos",2026-07-05
8916,HHA422-%_HH-URBAN-,HH04 - Households with a computer - %_HH - URBAN,% of households,ITU Households Database,2023,Paraguay,PRY,Location,Urban,,38.77721620227961,,"Direccion General de Estadistica, Encuestas y Censos",2026-07-05
8914,HHA422-%_HH-NOCHILDREN-URBAN,HH04 - Households with a computer - %_HH - NOCHILDREN - URBAN,% of households,ITU Households Database,2023,Paraguay,PRY,Location,No Children,Urban,38.809862777520095,,"Direccion General de Estadistica, Encuestas y Censos",2026-07-05
8906,HHA422-%_HH-CHILDREN-,HH04 - Households with a computer - %_HH - CHILDREN,% of households,ITU Households Database,2023,Paraguay,PRY,Family,Children,,27.876974243795548,,"Direccion General de Estadistica, Encuestas y Censos",2026-07-06
8917,HHA422-%_HH--,HH04 - Households with a computer - %_HH,% of households,ITU Households Database,2023,Paraguay,PRY,,,,28.305262259711245,"Incluye computadora de escritorio, computadora portátil, una tableta o dispositivo similar","Direccion General de Estadistica, Encuestas y Censos",2026-07-06
8907,HHA422-%_HH-CHILDREN-RURAL,HH04 - Households with a computer - %_HH - CHILDREN - RURAL,% of households,ITU Households Database,2023,Paraguay,PRY,Location,Children,Rural,12.687160745166343,,"Direccion General de Estadistica, Encuestas y Censos",2026-07-06
8912,HHA422-%_HH-NOCHILDREN-,HH04 - Households with a computer - %_HH - NOCHILDREN,% of households,ITU Households Database,2023,Paraguay,PRY,Family,No Children,,28.782827445761967,,"Direccion General de Estadistica, Encuestas y Censos",2026-07-05
8906,HHA422-%_HH-CHILDREN-,HH04 - Households with a computer - %_HH - CHILDREN,% of households,ITU Households Database,2023,Peru,PER,Family,Children,,34.02614797464545,,Instituto Nacional de Estadistica e Informatica,2026-07-07
8912,HHA422-%_HH-NOCHILDREN-,HH04 - Households with a computer - %_HH - NOCHILDREN,% of households,ITU Households Database,2023,Peru,PER,Family,No Children,,31.90570225110769,,Instituto Nacional de Estadistica e Informatica,2026-07-07
8907,HHA422-%_HH-CHILDREN-RURAL,HH04 - Households with a computer - %_HH - CHILDREN - RURAL,% of households,ITU Households Database,2023,Peru,PER,Location,Children,Rural,10.390795570073834,,Instituto Nacional de Estadistica e Informatica,2026-07-07
8916,HHA422-%_HH-URBAN-,HH04 - Households with a computer - %_HH - URBAN,% of households,ITU Households Database,2023,Peru,PER,Location,Urban,,39.13359578425267,,Instituto Nacional de Estadistica e Informatica,2026-07-05
8908,HHA422-%_HH-CHILDREN-URBAN,HH04 - Households with a computer - %_HH - CHILDREN - URBAN,% of households,ITU Households Database,2023,Peru,PER,Location,Children,Urban,39.93142361049462,,Instituto Nacional de Estadistica e Informatica,2026-07-07
8915,HHA422-%_HH-RURAL-,HH04 - Households with a computer - %_HH - RURAL,% of households,ITU Households Database,2023,Peru,PER,Location,Rural,,9.251616324645227,,Instituto Nacional de Estadistica e Informatica,2026-07-06
8914,HHA422-%_HH-NOCHILDREN-URBAN,HH04 - Households with a computer - %_HH - NOCHILDREN - URBAN,% of households,ITU Households Database,2023,Peru,PER,Location,No Children,Urban,38.399363000034754,,Instituto Nacional de Estadistica e Informatica,2026-07-07
8917,HHA422-%_HH--,HH04 - Households with a computer - %_HH,% of households,ITU Households Database,2023,Peru,PER,,,,32.911343303585404,Information from the module: Household Equipment,Instituto Nacional de Estadistica e Informatica,2026-07-05
8913,HHA422-%_HH-NOCHILDREN-RURAL,HH04 - Households with a computer - %_HH - NOCHILDREN - RURAL,% of households,ITU Households Database,2023,Peru,PER,Location,No Children,Rural,8.299405726718422,,Instituto Nacional de Estadistica e Informatica,2026-07-07
8917,HHA422-%_HH--,HH04 - Households with a computer - %_HH,% of households,ITU Households Database,2023,Russian Federation,RUS,,,,71.23979333057962,,Federal State Statistics Service of the Russian Federation,2026-07-06
8915,HHA422-%_HH-RURAL-,HH04 - Households with a computer - %_HH - RURAL,% of households,ITU Households Database,2023,Russian Federation,RUS,Location,Rural,,59.61926105160049,,Federal State Statistics Service of the Russian Federation,2026-07-06
8916,HHA422-%_HH-URBAN-,HH04 - Households with a computer - %_HH - URBAN,% of households,ITU Households Database,2023,Russian Federation,RUS,Location,Urban,,75.02015480593542,,Federal State Statistics Service of the Russian Federation,2026-07-05
8912,HHA422-%_HH-NOCHILDREN-,HH04 - Households with a computer - %_HH - NOCHILDREN,% of households,ITU Households Database,2023,Singapore,SGP,Family,No Children,,85.08669356322471,,Infocomm Media Development Authority,2026-07-05
8906,HHA422-%_HH-CHILDREN-,HH04 - Households with a computer - %_HH - CHILDREN,% of households,ITU Households Database,2023,Singapore,SGP,Family,Children,,98.05810635876783,,Infocomm Media Development Authority,2026-07-06
8917,HHA422-%_HH--,HH04 - Households with a computer - %_HH,% of households,ITU Households Database,2023,Singapore,SGP,,,,88.82092972104887,,Infocomm Media Development Authority,2026-07-06
8907,HHA422-%_HH-CHILDREN-RURAL,HH04 - Households with a computer - %_HH - CHILDREN - RURAL,% of households,ITU Households Database,2023,Czech Republic,CZE,Location,Children,Rural,96.9152546703402,,Czech Statistical Office,2025-07-04
8912,HHA422-%_HH-NOCHILDREN-,HH04 - Households with a computer - %_HH - NOCHILDREN,% of households,ITU Households Database,2023,Czech Republic,CZE,Family,No Children,,77.43934229055714,,Czech Statistical Office,2026-07-05
8914,HHA422-%_HH-NOCHILDREN-URBAN,HH04 - Households with a computer - %_HH - NOCHILDREN - URBAN,% of households,ITU Households Database,2023,Czech Republic,CZE,Location,No Children,Urban,79.3967389995424,,Czech Statistical Office,2025-07-04
8915,HHA422-%_HH-RURAL-,HH04 - Households with a computer - %_HH - RURAL,% of households,ITU Households Database,2023,Czech Republic,CZE,Location,Rural,,80.39894343216874,,Czech Statistical Office,2026-07-06
8917,HHA422-%_HH--,HH04 - Households with a computer - %_HH,% of households,ITU Households Database,2023,Czech Republic,CZE,,,,82.29784420624613,,Czech Statistical Office,2026-07-05
8916,HHA422-%_HH-URBAN-,HH04 - Households with a computer - %_HH - URBAN,% of households,ITU Households Database,2023,Czech Republic,CZE,Location,Urban,,83.46450552976387,,Czech Statistical Office,2026-07-05
8906,HHA422-%_HH-CHILDREN-,HH04 - Households with a computer - %_HH - CHILDREN,% of households,ITU Households Database,2023,Czech Republic,CZE,Family,Children,,95.87700379633483,,Czech Statistical Office,2026-07-06
8913,HHA422-%_HH-NOCHILDREN-RURAL,HH04 - Households with a computer - %_HH - NOCHILDREN - RURAL,% of households,ITU Households Database,2023,Czech Republic,CZE,Location,No Children,Rural,74.18321419327853,,Czech Statistical Office,2026-07-05
8908,HHA422-%_HH-CHILDREN-URBAN,HH04 - Households with a computer - %_HH - CHILDREN - URBAN,% of households,ITU Households Database,2023,Czech Republic,CZE,Location,Children,Urban,95.19939858734728,,Czech Statistical Office,2026-07-05
8915,HHA422-%_HH-RURAL-,HH04 - Households with a computer - %_HH - RURAL,% of households,ITU Households Database,2023,Thailand,THA,Location,Rural,,15.613292579661241,,National Statistical Office,2026-07-06
8914,HHA422-%_HH-NOCHILDREN-URBAN,HH04 - Households with a computer - %_HH - NOCHILDREN - URBAN,% of households,ITU Households Database,2023,Thailand,THA,Location,No Children,Urban,29.228643883796817,,National Statistical Office,2026-07-07
8916,HHA422-%_HH-URBAN-,HH04 - Households with a computer - %_HH - URBAN,% of households,ITU Households Database,2023,Thailand,THA,Location,Urban,,30.35160842150262,,National Statistical Office,2026-07-05
8908,HHA422-%_HH-CHILDREN-URBAN,HH04 - Households with a computer - %_HH - CHILDREN - URBAN,% of households,ITU Households Database,2023,Thailand,THA,Location,Children,Urban,35.27223696803119,,National Statistical Office,2026-07-07
8917,HHA422-%_HH--,HH04 - Households with a computer - %_HH,% of households,ITU Households Database,2023,Thailand,THA,,,,22.632599343902815,,National Statistical Office,2026-07-05
8913,HHA422-%_HH-NOCHILDREN-RURAL,HH04 - Households with a computer - %_HH - NOCHILDREN - RURAL,% of households,ITU Households Database,2023,Thailand,THA,Location,No Children,Rural,13.993866782712757,,National Statistical Office,2026-07-07
8907,HHA422-%_HH-CHILDREN-RURAL,HH04 - Households with a computer - %_HH - CHILDREN - RURAL,% of households,ITU Households Database,2023,Thailand,THA,Location,Children,Rural,19.445003070207193,,National Statistical Office,2026-07-07
8912,HHA422-%_HH-NOCHILDREN-,HH04 - Households with a computer - %_HH - NOCHILDREN,% of households,ITU Households Database,2023,Thailand,THA,Family,No Children,,21.80899180892006,,National Statistical Office,2026-07-07
8906,HHA422-%_HH-CHILDREN-,HH04 - Households with a computer - %_HH - CHILDREN,% of households,ITU Households Database,2023,Thailand,THA,Family,Children,,25.18323157599666,,National Statistical Office,2026-07-07
8917,HHA422-%_HH--,HH04 - Households with a computer - %_HH,% of households,ITU Households Database,2023,Tunisia,TUN,,,,25.979993336529635,,Institut National de la Statistique,2026-07-05
8917,HHA422-%_HH--,HH04 - Households with a computer - %_HH,% of households,ITU Households Database,2023,Türkiye,TUR,,,,50.835445630714105,,Turkish Statistical Institute,2026-07-06
8917,HHA422-%_HH--,HH04 - Households with a computer - %_HH,% of households,ITU Households Database,2023,United Arab Emirates,ARE,,,,99.4700287017957,Based on non-probabilistic sampling (snowballing) reweighted for representativeness,Telecommunications Regulatory Authority,2025-07-04
8915,HHA422-%_HH-RURAL-,HH04 - Households with a computer - %_HH - RURAL,% of households,ITU Households Database,2023,United States,USA,Location,Rural,,94.33738043151378,,US Census Bureau,2026-07-06
8916,HHA422-%_HH-URBAN-,HH04 - Households with a computer - %_HH - URBAN,% of households,ITU Households Database,2023,United States,USA,Location,Urban,,96.59838648638882,,US Census Bureau,2026-07-05
8917,HHA422-%_HH--,HH04 - Households with a computer - %_HH,% of households,ITU Households Database,2023,United States,USA,,,,96.1443645724481,,US Census Bureau,2025-07-04
8917,HHA422-%_HH--,HH04 - Households with a computer - %_HH,% of households,ITU Households Database,2023,Uzbekistan,UZB,,,,46.680006878159034,,State Committee of the Republic of Uzbekistan on Statistics,2026-07-05
8916,HHA422-%_HH-URBAN-,HH04 - Households with a computer - %_HH - URBAN,% of households,ITU Households Database,2023,Viet Nam,VNM,Location,Urban,,42.72,,Ministry of Information and Communications,2025-07-04
8917,HHA422-%_HH--,HH04 - Households with a computer - %_HH,% of households,ITU Households Database,2023,Viet Nam,VNM,,,,26.99000017116095,,Ministry of Information and Communications,2026-07-05
8915,HHA422-%_HH-RURAL-,HH04 - Households with a computer - %_HH - RURAL,% of households,ITU Households Database,2023,Viet Nam,VNM,Location,Rural,,17.10778974524087,,Ministry of Information and Communications,2026-07-06
8908,HHA422-%_HH-CHILDREN-URBAN,HH04 - Households with a computer - %_HH - CHILDREN - URBAN,% of households,ITU Households Database,2023,Serbia,SRB,Location,Children,Urban,78.68951176525154,,Statistical Office of the Republic of Serbia,2026-07-07
8913,HHA422-%_HH-NOCHILDREN-RURAL,HH04 - Households with a computer - %_HH - NOCHILDREN - RURAL,% of households,ITU Households Database,2023,Serbia,SRB,Location,No Children,Rural,95.69453928063926,,Statistical Office of the Republic of Serbia,2026-07-07
8917,HHA422-%_HH--,HH04 - Households with a computer - %_HH,% of households,ITU Households Database,2023,Serbia,SRB,,,,75.85023942539566,,Statistical Office of the Republic of Serbia,2026-07-05
8912,HHA422-%_HH-NOCHILDREN-,HH04 - Households with a computer - %_HH - NOCHILDREN,% of households,ITU Households Database,2023,Serbia,SRB,Family,No Children,,96.6899610404142,,Statistical Office of the Republic of Serbia,2025-07-04
8914,HHA422-%_HH-NOCHILDREN-URBAN,HH04 - Households with a computer - %_HH - NOCHILDREN - URBAN,% of households,ITU Households Database,2023,Serbia,SRB,Location,No Children,Urban,97.39147775798011,,Statistical Office of the Republic of Serbia,2026-07-07
8906,HHA422-%_HH-CHILDREN-,HH04 - Households with a computer - %_HH - CHILDREN,% of households,ITU Households Database,2023,Serbia,SRB,Family,Children,,71.7830148364948,,Statistical Office of the Republic of Serbia,2025-07-04
8907,HHA422-%_HH-CHILDREN-RURAL,HH04 - Households with a computer - %_HH - CHILDREN - RURAL,% of households,ITU Households Database,2023,Serbia,SRB,Location,Children,Rural,59.39441672016628,,Statistical Office of the Republic of Serbia,2026-07-07
8915,HHA422-%_HH-RURAL-,HH04 - Households with a computer - %_HH - RURAL,% of households,ITU Households Database,2023,Serbia,SRB,Location,Rural,,66.07162659123055,,Statistical Office of the Republic of Serbia,2026-07-06
8916,HHA422-%_HH-URBAN-,HH04 - Households with a computer - %_HH - URBAN,% of households,ITU Households Database,2023,Serbia,SRB,Location,Urban,,81.51960202242724,,Statistical Office of the Republic of Serbia,2026-07-05
8908,HHA422-%_HH-CHILDREN-URBAN,HH04 - Households with a computer - %_HH - CHILDREN - URBAN,% of households,ITU Households Database,2023,Moldova,MDA,Location,Children,Urban,86.43489673474097,,National Bureau of Statistics of the Republic of Moldova,2026-07-05
8917,HHA422-%_HH--,HH04 - Households with a computer - %_HH,% of households,ITU Households Database,2023,Moldova,MDA,,,,58.6440654165416,,National Bureau of Statistics of the Republic of Moldova,2025-07-04
8906,HHA422-%_HH-CHILDREN-,HH04 - Households with a computer - %_HH - CHILDREN,% of households,ITU Households Database,2023,Moldova,MDA,Family,Children,,79.99428902064219,,National Bureau of Statistics of the Republic of Moldova,2026-07-06
8915,HHA422-%_HH-RURAL-,HH04 - Households with a computer - %_HH - RURAL,% of households,ITU Households Database,2023,Moldova,MDA,Location,Rural,,49.87920918996204,,National Bureau of Statistics of the Republic of Moldova,2026-07-06
8912,HHA422-%_HH-NOCHILDREN-,HH04 - Households with a computer - %_HH - NOCHILDREN,% of households,ITU Households Database,2023,Moldova,MDA,Family,No Children,,52.136840224814826,,National Bureau of Statistics of the Republic of Moldova,2026-07-05
8914,HHA422-%_HH-NOCHILDREN-URBAN,HH04 - Households with a computer - %_HH - NOCHILDREN - URBAN,% of households,ITU Households Database,2023,Moldova,MDA,Location,No Children,Urban,64.71793479080856,,National Bureau of Statistics of the Republic of Moldova,2026-07-05
8907,HHA422-%_HH-CHILDREN-RURAL,HH04 - Households with a computer - %_HH - CHILDREN - RURAL,% of households,ITU Households Database,2023,Moldova,MDA,Location,Children,Rural,72.98912787687674,,National Bureau of Statistics of the Republic of Moldova,2026-07-06
8913,HHA422-%_HH-NOCHILDREN-RURAL,HH04 - Households with a computer - %_HH - NOCHILDREN - RURAL,% of households,ITU Households Database,2023,Moldova,MDA,Location,No Children,Rural,44.442270853249376,,National Bureau of Statistics of the Republic of Moldova,2026-07-05
8916,HHA422-%_HH-URBAN-,HH04 - Households with a computer - %_HH - URBAN,% of households,ITU Households Database,2023,Moldova,MDA,Location,Urban,,71.12454182063408,,National Bureau of Statistics of the Republic of Moldova,2026-07-05
8907,HHA422-%_HH-CHILDREN-RURAL,HH04 - Households with a computer - %_HH - CHILDREN - RURAL,% of households,ITU Households Database,2023,Bosnia and Herzegovina,BIH,Location,Children,Rural,85.10475232321744,,Agency for Statistics of Bosnia and Herzegovina,2026-07-06
8913,HHA422-%_HH-NOCHILDREN-RURAL,HH04 - Households with a computer - %_HH - NOCHILDREN - RURAL,% of households,ITU Households Database,2023,Bosnia and Herzegovina,BIH,Location,No Children,Rural,49.21519694811609,,Agency for Statistics of Bosnia and Herzegovina,2026-07-05
8915,HHA422-%_HH-RURAL-,HH04 - Households with a computer - %_HH - RURAL,% of households,ITU Households Database,2023,Bosnia and Herzegovina,BIH,Location,Rural,,59.92394162384146,,Agency for Statistics of Bosnia and Herzegovina,2026-07-06
8916,HHA422-%_HH-URBAN-,HH04 - Households with a computer - %_HH - URBAN,% of households,ITU Households Database,2023,Bosnia and Herzegovina,BIH,Location,Urban,,68.09800829457005,,Agency for Statistics of Bosnia and Herzegovina,2026-07-05
8912,HHA422-%_HH-NOCHILDREN-,HH04 - Households with a computer - %_HH - NOCHILDREN,% of households,ITU Households Database,2023,Bosnia and Herzegovina,BIH,Family,No Children,,52.630169286344874,,Agency for Statistics of Bosnia and Herzegovina,2026-07-05
8917,HHA422-%_HH--,HH04 - Households with a computer - %_HH,% of households,ITU Households Database,2023,Bosnia and Herzegovina,BIH,,,,63.53497899626864,,Agency for Statistics of Bosnia and Herzegovina,2026-07-05
8906,HHA422-%_HH-CHILDREN-,HH04 - Households with a computer - %_HH - CHILDREN,% of households,ITU Households Database,2023,Bosnia and Herzegovina,BIH,Family,Children,,89.12158341253519,,Agency for Statistics of Bosnia and Herzegovina,2026-07-06
8914,HHA422-%_HH-NOCHILDREN-URBAN,HH04 - Households with a computer - %_HH - NOCHILDREN - URBAN,% of households,ITU Households Database,2023,Bosnia and Herzegovina,BIH,Location,No Children,Urban,56.95174165758144,,Agency for Statistics of Bosnia and Herzegovina,2026-07-05
8908,HHA422-%_HH-CHILDREN-URBAN,HH04 - Households with a computer - %_HH - CHILDREN - URBAN,% of households,ITU Households Database,2023,Bosnia and Herzegovina,BIH,Location,Children,Urban,94.18005429298756,,Agency for Statistics of Bosnia and Herzegovina,2026-07-05
8912,HHA422-%_HH-NOCHILDREN-,HH04 - Households with a computer - %_HH - NOCHILDREN,% of households,ITU Households Database,2023,Georgia,GEO,Family,No Children,,48.884537003455506,,National Statistics Office of Georgia,2026-07-07
8916,HHA422-%_HH-URBAN-,HH04 - Households with a computer - %_HH - URBAN,% of households,ITU Households Database,2023,Georgia,GEO,Location,Urban,,66.28948921081607,,National Statistics Office of Georgia,2026-07-05
8906,HHA422-%_HH-CHILDREN-,HH04 - Households with a computer - %_HH - CHILDREN,% of households,ITU Households Database,2023,Georgia,GEO,Family,Children,,79.58638260540792,,National Statistics Office of Georgia,2026-07-07
8915,HHA422-%_HH-RURAL-,HH04 - Households with a computer - %_HH - RURAL,% of households,ITU Households Database,2023,Georgia,GEO,Location,Rural,,46.03481101116428,,National Statistics Office of Georgia,2026-07-06
8913,HHA422-%_HH-NOCHILDREN-RURAL,HH04 - Households with a computer - %_HH - NOCHILDREN - RURAL,% of households,ITU Households Database,2023,Georgia,GEO,Location,No Children,Rural,34.70024824039143,,National Statistics Office of Georgia,2026-07-07
8917,HHA422-%_HH--,HH04 - Households with a computer - %_HH,% of households,ITU Households Database,2023,Georgia,GEO,,,,57.7406610828511,,National Statistics Office of Georgia,2026-07-06
8914,HHA422-%_HH-NOCHILDREN-URBAN,HH04 - Households with a computer - %_HH - NOCHILDREN - URBAN,% of households,ITU Households Database,2023,Georgia,GEO,Location,No Children,Urban,59.512956727852654,,National Statistics Office of Georgia,2026-07-07
8908,HHA422-%_HH-CHILDREN-URBAN,HH04 - Households with a computer - %_HH - CHILDREN - URBAN,% of households,ITU Households Database,2023,Georgia,GEO,Location,Children,Urban,82.39224433160672,,National Statistics Office of Georgia,2026-07-07
8906,HHA422-%_HH-CHILDREN-,HH04 - Households with a computer - %_HH - CHILDREN,% of households,ITU Households Database,2023,Kazakhstan,KAZ,Family,Children,,89.02392903883883,,Bureau of National statistics Agency for Strategic planning and reforms of the Republic of Kazakhstan,2026-07-07
8912,HHA422-%_HH-NOCHILDREN-,HH04 - Households with a computer - %_HH - NOCHILDREN,% of households,ITU Households Database,2023,Kazakhstan,KAZ,Family,No Children,,77.82014571105391,,Bureau of National statistics Agency for Strategic planning and reforms of the Republic of Kazakhstan,2026-07-07
8908,HHA422-%_HH-CHILDREN-URBAN,HH04 - Households with a computer - %_HH - CHILDREN - URBAN,% of households,ITU Households Database,2023,Kazakhstan,KAZ,Location,Children,Urban,91.49218843575456,,Bureau of National statistics Agency for Strategic planning and reforms of the Republic of Kazakhstan,2026-07-07
8913,HHA422-%_HH-NOCHILDREN-RURAL,HH04 - Households with a computer - %_HH - NOCHILDREN - RURAL,% of households,ITU Households Database,2023,Kazakhstan,KAZ,Location,No Children,Rural,72.35665272890638,,Bureau of National statistics Agency for Strategic planning and reforms of the Republic of Kazakhstan,2026-07-07
8914,HHA422-%_HH-NOCHILDREN-URBAN,HH04 - Households with a computer - %_HH - NOCHILDREN - URBAN,% of households,ITU Households Database,2023,Kazakhstan,KAZ,Location,No Children,Urban,79.91588778208613,,Bureau of National statistics Agency for Strategic planning and reforms of the Republic of Kazakhstan,2026-07-07
8917,HHA422-%_HH--,HH04 - Households with a computer - %_HH,% of households,ITU Households Database,2023,Kazakhstan,KAZ,,,,81.96877471817447,,Bureau of National statistics Agency for Strategic planning and reforms of the Republic of Kazakhstan,2026-07-06
8915,HHA422-%_HH-RURAL-,HH04 - Households with a computer - %_HH - RURAL,% of households,ITU Households Database,2023,Kazakhstan,KAZ,Location,Rural,,77.6040614829058,,Bureau of National statistics Agency for Strategic planning and reforms of the Republic of Kazakhstan,2025-07-04
8916,HHA422-%_HH-URBAN-,HH04 - Households with a computer - %_HH - URBAN,% of households,ITU Households Database,2023,Kazakhstan,KAZ,Location,Urban,,83.89649780828758,,Bureau of National statistics Agency for Strategic planning and reforms of the Republic of Kazakhstan,2026-07-05
8907,HHA422-%_HH-CHILDREN-RURAL,HH04 - Households with a computer - %_HH - CHILDREN - RURAL,% of households,ITU Households Database,2023,Kazakhstan,KAZ,Location,Children,Rural,84.55624748948577,,Bureau of National statistics Agency for Strategic planning and reforms of the Republic of Kazakhstan,2026-07-07
8917,HHA422-%_HH--,HH04 - Households with a computer - %_HH,% of households,ITU Households Database,2023,"Taiwan, Province of China",TWN,,,,76.83,,National Communications Commission,2025-07-04
8917,HHA422-%_HH--,HH04 - Households with a computer - %_HH,% of households,ITU Households Database,2023,Palestine,PSE,,,,29.116734850410324,,Palestinian Central Bureau of Statistics,2026-07-06
8914,HHA422-%_HH-NOCHILDREN-URBAN,HH04 - Households with a computer - %_HH - NOCHILDREN - URBAN,% of households,ITU Households Database,2022,South Africa,ZAF,Location,No Children,Urban,32.30860175903224,,Statistics South Africa,2026-07-07
8912,HHA422-%_HH-NOCHILDREN-,HH04 - Households with a computer - %_HH - NOCHILDREN,% of households,ITU Households Database,2022,South Africa,ZAF,Family,No Children,,26.88579130773817,,Statistics South Africa,2026-07-07
8908,HHA422-%_HH-CHILDREN-URBAN,HH04 - Households with a computer - %_HH - CHILDREN - URBAN,% of households,ITU Households Database,2022,South Africa,ZAF,Location,Children,Urban,31.067551981180287,,Statistics South Africa,2026-07-07
8915,HHA422-%_HH-RURAL-,HH04 - Households with a computer - %_HH - RURAL,% of households,ITU Households Database,2022,South Africa,ZAF,Location,Rural,,11.691914038279668,,Statistics South Africa,2026-07-06
8906,HHA422-%_HH-CHILDREN-,HH04 - Households with a computer - %_HH - CHILDREN,% of households,ITU Households Database,2022,South Africa,ZAF,Family,Children,,24.19790770301535,,Statistics South Africa,2026-07-07
8907,HHA422-%_HH-CHILDREN-RURAL,HH04 - Households with a computer - %_HH - CHILDREN - RURAL,% of households,ITU Households Database,2022,South Africa,ZAF,Location,Children,Rural,11.530876464530479,,Statistics South Africa,2026-07-07
8913,HHA422-%_HH-NOCHILDREN-RURAL,HH04 - Households with a computer - %_HH - NOCHILDREN - RURAL,% of households,ITU Households Database,2022,South Africa,ZAF,Location,No Children,Rural,11.879425084311492,,Statistics South Africa,2026-07-07
8916,HHA422-%_HH-URBAN-,HH04 - Households with a computer - %_HH - URBAN,% of households,ITU Households Database,2022,South Africa,ZAF,Location,Urban,,31.76639231608405,,Statistics South Africa,2026-07-05
8917,HHA422-%_HH--,HH04 - Households with a computer - %_HH,% of households,ITU Households Database,2022,South Africa,ZAF,,,,25.62839278579066,,Statistics South Africa,2026-07-06
8917,HHA422-%_HH--,HH04 - Households with a computer - %_HH,% of households,ITU Households Database,2022,Argentina,ARG,,,,62.61999994750681,,Instituto Nacional de Estadistica y Censos,2026-07-05
8906,HHA422-%_HH-CHILDREN-,HH04 - Households with a computer - %_HH - CHILDREN,% of households,ITU Households Database,2022,Armenia,ARM,Family,Children,,58.87846988396214,,The Statistical Committee of the Republic of Armenia,2026-07-07
8907,HHA422-%_HH-CHILDREN-RURAL,HH04 - Households with a computer - %_HH - CHILDREN - RURAL,% of households,ITU Households Database,2022,Armenia,ARM,Location,Children,Rural,53.76827607472313,,The Statistical Committee of the Republic of Armenia,2026-07-07
8915,HHA422-%_HH-RURAL-,HH04 - Households with a computer - %_HH - RURAL,% of households,ITU Households Database,2022,Armenia,ARM,Location,Rural,,45.86076216125472,,The Statistical Committee of the Republic of Armenia,2026-07-06
8916,HHA422-%_HH-URBAN-,HH04 - Households with a computer - %_HH - URBAN,% of households,ITU Households Database,2022,Armenia,ARM,Location,Urban,,52.02919596453683,,The Statistical Committee of the Republic of Armenia,2026-07-05
8913,HHA422-%_HH-NOCHILDREN-RURAL,HH04 - Households with a computer - %_HH - NOCHILDREN - RURAL,% of households,ITU Households Database,2022,Armenia,ARM,Location,No Children,Rural,40.20439172630134,,The Statistical Committee of the Republic of Armenia,2026-07-07
8917,HHA422-%_HH--,HH04 - Households with a computer - %_HH,% of households,ITU Households Database,2022,Armenia,ARM,,,,49.87943888354307,,The Statistical Committee of the Republic of Armenia,2026-07-06
8908,HHA422-%_HH-CHILDREN-URBAN,HH04 - Households with a computer - %_HH - CHILDREN - URBAN,% of households,ITU Households Database,2022,Armenia,ARM,Location,Children,Urban,62.2160934458144,,The Statistical Committee of the Republic of Armenia,2025-07-04
8912,HHA422-%_HH-NOCHILDREN-,HH04 - Households with a computer - %_HH - NOCHILDREN,% of households,ITU Households Database,2022,Armenia,ARM,Family,No Children,,44.64278681422551,,The Statistical Committee of the Republic of Armenia,2026-07-07
8914,HHA422-%_HH-NOCHILDREN-URBAN,HH04 - Households with a computer - %_HH - NOCHILDREN - URBAN,% of households,ITU Households Database,2022,Armenia,ARM,Location,No Children,Urban,46.74495943169551,,The Statistical Committee of the Republic of Armenia,2026-07-07
8917,HHA422-%_HH--,HH04 - Households with a computer - %_HH,% of households,ITU Households Database,2022,Saudi Arabia,SAU,,,,99.49999330717732,,"The Communications, Space and Technology Commission (CST) ",2026-07-05
8916,HHA422-%_HH-URBAN-,HH04 - Households with a computer - %_HH - URBAN,% of households,ITU Households Database,2022,Azerbaijan,AZE,Location,Urban,,85.46779969206975,,State Statistical Committee of the Republic of Azerbaijan,2026-07-05
8915,HHA422-%_HH-RURAL-,HH04 - Households with a computer - %_HH - RURAL,% of households,ITU Households Database,2022,Azerbaijan,AZE,Location,Rural,,58.048174530773856,,State Statistical Committee of the Republic of Azerbaijan,2026-07-06
8917,HHA422-%_HH--,HH04 - Households with a computer - %_HH,% of households,ITU Households Database,2022,Azerbaijan,AZE,,,,72.77396752654533,,State Statistical Committee of the Republic of Azerbaijan,2026-07-05
8916,HHA422-%_HH-URBAN-,HH04 - Households with a computer - %_HH - URBAN,% of households,ITU Households Database,2022,Brazil,BRA,Location,Urban,,42.18589265947752,,NIC.br,2026-07-05
8913,HHA422-%_HH-NOCHILDREN-RURAL,HH04 - Households with a computer - %_HH - NOCHILDREN - RURAL,% of households,ITU Households Database,2022,Brazil,BRA,Location,No Children,Rural,17.020992313177047,,NIC.br,2026-07-05
8912,HHA422-%_HH-NOCHILDREN-,HH04 - Households with a computer - %_HH - NOCHILDREN,% of households,ITU Households Database,2022,Brazil,BRA,Family,No Children,,37.18157941253667,,NIC.br,2026-07-05
8915,HHA422-%_HH-RURAL-,HH04 - Households with a computer - %_HH - RURAL,% of households,ITU Households Database,2022,Brazil,BRA,Location,Rural,,20.133056175930697,,NIC.br,2026-07-06
8914,HHA422-%_HH-NOCHILDREN-URBAN,HH04 - Households with a computer - %_HH - NOCHILDREN - URBAN,% of households,ITU Households Database,2022,Brazil,BRA,Location,No Children,Urban,39.99733730082954,,NIC.br,2026-07-05
8908,HHA422-%_HH-CHILDREN-URBAN,HH04 - Households with a computer - %_HH - CHILDREN - URBAN,% of households,ITU Households Database,2022,Brazil,BRA,Location,Children,Urban,45.692264074900905,,NIC.br,2026-07-05
8917,HHA422-%_HH--,HH04 - Households with a computer - %_HH,% of households,ITU Households Database,2022,Brazil,BRA,,,,39.38960480660669,,NIC.br,2026-07-06
8907,HHA422-%_HH-CHILDREN-RURAL,HH04 - Households with a computer - %_HH - CHILDREN - RURAL,% of households,ITU Households Database,2022,Brazil,BRA,Location,Children,Rural,24.652087526442227,,NIC.br,2026-07-06
8906,HHA422-%_HH-CHILDREN-,HH04 - Households with a computer - %_HH - CHILDREN,% of households,ITU Households Database,2022,Brazil,BRA,Family,Children,,42.882935531326524,,NIC.br,2026-07-06
8917,HHA422-%_HH--,HH04 - Households with a computer - %_HH,% of households,ITU Households Database,2022,Bahrain,BHR,,,,97.00001554798887,,Information and E-Government Authority,2026-07-06
8916,HHA422-%_HH-URBAN-,HH04 - Households with a computer - %_HH - URBAN,% of households,ITU Households Database,2022,Belarus,BLR,Location,Urban,,72.1345072648914,,National Statistical Committee of the Republic of Belarus (Belstat),2025-07-04
8906,HHA422-%_HH-CHILDREN-,HH04 - Households with a computer - %_HH - CHILDREN,% of households,ITU Households Database,2022,Belarus,BLR,Family,Children,,89.5008249344513,,National Statistical Committee of the Republic of Belarus (Belstat),2025-07-04
8907,HHA422-%_HH-CHILDREN-RURAL,HH04 - Households with a computer - %_HH - CHILDREN - RURAL,% of households,ITU Households Database,2022,Belarus,BLR,Location,Children,Rural,76.88122411721324,,National Statistical Committee of the Republic of Belarus (Belstat),2026-07-06
8913,HHA422-%_HH-NOCHILDREN-RURAL,HH04 - Households with a computer - %_HH - NOCHILDREN - RURAL,% of households,ITU Households Database,2022,Belarus,BLR,Location,No Children,Rural,44.08242211611951,,National Statistical Committee of the Republic of Belarus (Belstat),2026-07-05
8915,HHA422-%_HH-RURAL-,HH04 - Households with a computer - %_HH - RURAL,% of households,ITU Households Database,2022,Belarus,BLR,Location,Rural,,50.553076411230016,,National Statistical Committee of the Republic of Belarus (Belstat),2026-07-06
8908,HHA422-%_HH-CHILDREN-URBAN,HH04 - Households with a computer - %_HH - CHILDREN - URBAN,% of households,ITU Households Database,2022,Belarus,BLR,Location,Children,Urban,92.63265269554579,,National Statistical Committee of the Republic of Belarus (Belstat),2026-07-05
8912,HHA422-%_HH-NOCHILDREN-,HH04 - Households with a computer - %_HH - NOCHILDREN,% of households,ITU Households Database,2022,Belarus,BLR,Family,No Children,,60.13919145318065,,National Statistical Committee of the Republic of Belarus (Belstat),2026-07-05
8914,HHA422-%_HH-NOCHILDREN-URBAN,HH04 - Households with a computer - %_HH - NOCHILDREN - URBAN,% of households,ITU Households Database,2022,Belarus,BLR,Location,No Children,Urban,65.4368971015711,,National Statistical Committee of the Republic of Belarus (Belstat),2025-07-04
8917,HHA422-%_HH--,HH04 - Households with a computer - %_HH,% of households,ITU Households Database,2022,Belarus,BLR,,,,67.02997242418576,,National Statistical Committee of the Republic of Belarus (Belstat),2026-07-06
8912,HHA422-%_HH-NOCHILDREN-,HH04 - Households with a computer - %_HH - NOCHILDREN,% of households,ITU Households Database,2022,Belize,BLZ,Family,No Children,,31.172017152222164,,Statistical Institute of Belize,2026-07-07
8907,HHA422-%_HH-CHILDREN-RURAL,HH04 - Households with a computer - %_HH - CHILDREN - RURAL,% of households,ITU Households Database,2022,Belize,BLZ,Location,Children,Rural,30.079297699990203,,Statistical Institute of Belize,2026-07-07
8906,HHA422-%_HH-CHILDREN-,HH04 - Households with a computer - %_HH - CHILDREN,% of households,ITU Households Database,2022,Belize,BLZ,Family,Children,,37.09074974183189,,Statistical Institute of Belize,2026-07-07
8913,HHA422-%_HH-NOCHILDREN-RURAL,HH04 - Households with a computer - %_HH - NOCHILDREN - RURAL,% of households,ITU Households Database,2022,Belize,BLZ,Location,No Children,Rural,26.476877214599053,,Statistical Institute of Belize,2026-07-07
8908,HHA422-%_HH-CHILDREN-URBAN,HH04 - Households with a computer - %_HH - CHILDREN - URBAN,% of households,ITU Households Database,2022,Belize,BLZ,Location,Children,Urban,46.34485415325516,,Statistical Institute of Belize,2026-07-07
8915,HHA422-%_HH-RURAL-,HH04 - Households with a computer - %_HH - RURAL,% of households,ITU Households Database,2022,Belize,BLZ,Location,Rural,,28.458856139776977,,Statistical Institute of Belize,2026-07-06
8917,HHA422-%_HH--,HH04 - Households with a computer - %_HH,% of households,ITU Households Database,2022,Belize,BLZ,,,,34.20192777211257,,Statistical Institute of Belize,2026-07-06
8916,HHA422-%_HH-URBAN-,HH04 - Households with a computer - %_HH - URBAN,% of households,ITU Households Database,2022,Belize,BLZ,Location,Urban,,40.69660029481003,,Statistical Institute of Belize,2026-07-05
8914,HHA422-%_HH-NOCHILDREN-URBAN,HH04 - Households with a computer - %_HH - NOCHILDREN - URBAN,% of households,ITU Households Database,2022,Belize,BLZ,Location,No Children,Urban,35.694784400947164,,Statistical Institute of Belize,2026-07-07
8917,HHA422-%_HH--,HH04 - Households with a computer - %_HH,% of households,ITU Households Database,2022,Brunei Darussalam,BRN,,,,94.37093312829224,AITI ICT Household and Individual Report 2022 results indicates 94% of Households have computers#,Authority for Info-communications Technology Industry of Brunei Darussalam,2026-07-05
8916,HHA422-%_HH-URBAN-,HH04 - Households with a computer - %_HH - URBAN,% of households,ITU Households Database,2022,Colombia,COL,Location,Urban,,41.607515075392456,,Departamento Administrativo Nacional de Estadistica (DANE),2026-07-05
8915,HHA422-%_HH-RURAL-,HH04 - Households with a computer - %_HH - RURAL,% of households,ITU Households Database,2022,Colombia,COL,Location,Rural,,8.18043799001959,,Departamento Administrativo Nacional de Estadistica (DANE),2025-07-04
8917,HHA422-%_HH--,HH04 - Households with a computer - %_HH,% of households,ITU Households Database,2022,Colombia,COL,,,,34.03204992726093,"Los datos son expandidos con proyecciones de población, elaboradas con base en los resultados del censo 2018. La población objetivo de la encuesta corresponde a las personas de 5 años y más de edad. La caída en el número de hogares con computador se debe a la migración tecnológica hacia equipos de uso personal como el smartphone, el cual implica disponer de él en todo momento para cada miembro del hogar que lo posee.",Departamento Administrativo Nacional de Estadistica (DANE),2026-07-06
8916,HHA422-%_HH-URBAN-,HH04 - Households with a computer - %_HH - URBAN,% of households,ITU Households Database,2022,Côte d'Ivoire,CIV,Location,Urban,,21.046737304857476,,ARTCI,2026-07-05
8912,HHA422-%_HH-NOCHILDREN-,HH04 - Households with a computer - %_HH - NOCHILDREN,% of households,ITU Households Database,2022,Côte d'Ivoire,CIV,Family,No Children,,12.384489728673149,,ARTCI,2026-07-07
8908,HHA422-%_HH-CHILDREN-URBAN,HH04 - Households with a computer - %_HH - CHILDREN - URBAN,% of households,ITU Households Database,2022,Côte d'Ivoire,CIV,Location,Children,Urban,25.472330266795478,,ARTCI,2026-07-07
8913,HHA422-%_HH-NOCHILDREN-RURAL,HH04 - Households with a computer - %_HH - NOCHILDREN - RURAL,% of households,ITU Households Database,2022,Côte d'Ivoire,CIV,Location,No Children,Rural,3.3514212974960627,,ARTCI,2026-07-07
8917,HHA422-%_HH--,HH04 - Households with a computer - %_HH,% of households,ITU Households Database,2022,Côte d'Ivoire,CIV,,,,14.36599615404216,,ARTCI,2026-07-05
8915,HHA422-%_HH-RURAL-,HH04 - Households with a computer - %_HH - RURAL,% of households,ITU Households Database,2022,Côte d'Ivoire,CIV,Location,Rural,,4.126708905105496,,ARTCI,2026-07-06
8914,HHA422-%_HH-NOCHILDREN-URBAN,HH04 - Households with a computer - %_HH - NOCHILDREN - URBAN,% of households,ITU Households Database,2022,Côte d'Ivoire,CIV,Location,No Children,Urban,18.847439172890194,,ARTCI,2026-07-07
8906,HHA422-%_HH-CHILDREN-,HH04 - Households with a computer - %_HH - CHILDREN,% of households,ITU Households Database,2022,Côte d'Ivoire,CIV,Family,Children,,18.849427395897862,,ARTCI,2026-07-07
8907,HHA422-%_HH-CHILDREN-RURAL,HH04 - Households with a computer - %_HH - CHILDREN - RURAL,% of households,ITU Households Database,2022,Côte d'Ivoire,CIV,Location,Children,Rural,6.250161284529124,,ARTCI,2026-07-07
8907,HHA422-%_HH-CHILDREN-RURAL,HH04 - Households with a computer - %_HH - CHILDREN - RURAL,% of households,ITU Households Database,2022,Costa Rica,CRI,Location,Children,Rural,41.33807923740776,,Instituto Nacional de Estadisticas y Censos,2026-07-06
8915,HHA422-%_HH-RURAL-,HH04 - Households with a computer - %_HH - RURAL,% of households,ITU Households Database,2022,Costa Rica,CRI,Location,Rural,,33.02487341303819,,Instituto Nacional de Estadisticas y Censos,2026-07-06
8906,HHA422-%_HH-CHILDREN-,HH04 - Households with a computer - %_HH - CHILDREN,% of households,ITU Households Database,2022,Costa Rica,CRI,Family,Children,,55.21692122818821,,Instituto Nacional de Estadisticas y Censos,2026-07-06
8916,HHA422-%_HH-URBAN-,HH04 - Households with a computer - %_HH - URBAN,% of households,ITU Households Database,2022,Costa Rica,CRI,Location,Urban,,55.7095150715385,,Instituto Nacional de Estadisticas y Censos,2025-07-04
8908,HHA422-%_HH-CHILDREN-URBAN,HH04 - Households with a computer - %_HH - CHILDREN - URBAN,% of households,ITU Households Database,2022,Costa Rica,CRI,Location,Children,Urban,61.23147119714238,,Instituto Nacional de Estadisticas y Censos,2026-07-05
8917,HHA422-%_HH--,HH04 - Households with a computer - %_HH,% of households,ITU Households Database,2022,Costa Rica,CRI,,,,49.480727411207,Se muestra una disminución de hogares con computadora ya que con los celulares se pueden realizar cada vez más actividades sin necesidad de una computadora.,Instituto Nacional de Estadisticas y Censos,2025-07-04
8914,HHA422-%_HH-NOCHILDREN-URBAN,HH04 - Households with a computer - %_HH - NOCHILDREN - URBAN,% of households,ITU Households Database,2022,Costa Rica,CRI,Location,No Children,Urban,52.94540057351733,,Instituto Nacional de Estadisticas y Censos,2026-07-05
8912,HHA422-%_HH-NOCHILDREN-,HH04 - Households with a computer - %_HH - NOCHILDREN,% of households,ITU Households Database,2022,Costa Rica,CRI,Family,No Children,,46.4344629474253,,Instituto Nacional de Estadisticas y Censos,2025-07-04
8913,HHA422-%_HH-NOCHILDREN-RURAL,HH04 - Households with a computer - %_HH - NOCHILDREN - RURAL,% of households,ITU Households Database,2022,Costa Rica,CRI,Location,No Children,Rural,27.88799649732511,,Instituto Nacional de Estadisticas y Censos,2026-07-05
8917,HHA422-%_HH--,HH04 - Households with a computer - %_HH,% of households,ITU Households Database,2022,Denmark,DNK,,,,92.08299314052098,Data source: Home appliances,Statistics Denmark,2026-07-05
8913,HHA422-%_HH-NOCHILDREN-RURAL,HH04 - Households with a computer - %_HH - NOCHILDREN - RURAL,% of households,ITU Households Database,2022,Dominican Rep.,DOM,Location,No Children,Rural,13.8153906475174,,Oficina Nacional de Estadistica,2025-07-04
8914,HHA422-%_HH-NOCHILDREN-URBAN,HH04 - Households with a computer - %_HH - NOCHILDREN - URBAN,% of households,ITU Households Database,2022,Dominican Rep.,DOM,Location,No Children,Urban,28.512421514823394,,Oficina Nacional de Estadistica,2026-07-05
8917,HHA422-%_HH--,HH04 - Households with a computer - %_HH,% of households,ITU Households Database,2022,Dominican Rep.,DOM,,,,41.19825588149461,,Oficina Nacional de Estadistica,2026-07-05
8908,HHA422-%_HH-CHILDREN-URBAN,HH04 - Households with a computer - %_HH - CHILDREN - URBAN,% of households,ITU Households Database,2022,Dominican Rep.,DOM,Location,Children,Urban,61.26516381061246,,Oficina Nacional de Estadistica,2026-07-05
8916,HHA422-%_HH-URBAN-,HH04 - Households with a computer - %_HH - URBAN,% of households,ITU Households Database,2022,Dominican Rep.,DOM,Location,Urban,,42.91768876667287,,Oficina Nacional de Estadistica,2026-07-05
8915,HHA422-%_HH-RURAL-,HH04 - Households with a computer - %_HH - RURAL,% of households,ITU Households Database,2022,Dominican Rep.,DOM,Location,Rural,,32.59197046981691,,Oficina Nacional de Estadistica,2026-07-06
8906,HHA422-%_HH-CHILDREN-,HH04 - Households with a computer - %_HH - CHILDREN,% of households,ITU Households Database,2022,Dominican Rep.,DOM,Family,Children,,60.45302012202326,,Oficina Nacional de Estadistica,2026-07-06
8912,HHA422-%_HH-NOCHILDREN-,HH04 - Households with a computer - %_HH - NOCHILDREN,% of households,ITU Households Database,2022,Dominican Rep.,DOM,Family,No Children,,26.068163898801693,,Oficina Nacional de Estadistica,2026-07-05
8907,HHA422-%_HH-CHILDREN-RURAL,HH04 - Households with a computer - %_HH - CHILDREN - RURAL,% of households,ITU Households Database,2022,Dominican Rep.,DOM,Location,Children,Rural,56.395827664257624,,Oficina Nacional de Estadistica,2026-07-06
8906,HHA422-%_HH-CHILDREN-,HH04 - Households with a computer - %_HH - CHILDREN,% of households,ITU Households Database,2022,Spain,ESP,Family,Children,,95.75465701152636,Includes children 15 years of age,Instituto Nacional de Estadistica,2026-07-06
8913,HHA422-%_HH-NOCHILDREN-RURAL,HH04 - Households with a computer - %_HH - NOCHILDREN - RURAL,% of households,ITU Households Database,2022,Spain,ESP,Location,No Children,Rural,72.39199647832343,,Instituto Nacional de Estadistica,2026-07-04
8907,HHA422-%_HH-CHILDREN-RURAL,HH04 - Households with a computer - %_HH - CHILDREN - RURAL,% of households,ITU Households Database,2022,Spain,ESP,Location,Children,Rural,95.33102624527271,Includes children 15 years of age,Instituto Nacional de Estadistica,2026-07-06
8908,HHA422-%_HH-CHILDREN-URBAN,HH04 - Households with a computer - %_HH - CHILDREN - URBAN,% of households,ITU Households Database,2022,Spain,ESP,Location,Children,Urban,96.14264548540162,Includes children 15 years of age,Instituto Nacional de Estadistica,2026-07-05
8914,HHA422-%_HH-NOCHILDREN-URBAN,HH04 - Households with a computer - %_HH - NOCHILDREN - URBAN,% of households,ITU Households Database,2022,Spain,ESP,Location,No Children,Urban,83.09361632974807,,Instituto Nacional de Estadistica,2026-07-05
8912,HHA422-%_HH-NOCHILDREN-,HH04 - Households with a computer - %_HH - NOCHILDREN,% of households,ITU Households Database,2022,Spain,ESP,Family,No Children,,78.22858389540055,,Instituto Nacional de Estadistica,2026-07-05
8917,HHA422-%_HH--,HH04 - Households with a computer - %_HH,% of households,ITU Households Database,2022,Spain,ESP,,,,82.8521771602338,,Instituto Nacional de Estadistica,2025-07-04
8915,HHA422-%_HH-RURAL-,HH04 - Households with a computer - %_HH - RURAL,% of households,ITU Households Database,2022,Spain,ESP,Location,Rural,,78.67017740262949,,Instituto Nacional de Estadistica,2026-07-06
8916,HHA422-%_HH-URBAN-,HH04 - Households with a computer - %_HH - URBAN,% of households,ITU Households Database,2022,Spain,ESP,Location,Urban,,86.42596273359945,,Instituto Nacional de Estadistica,2026-07-05
8906,HHA422-%_HH-CHILDREN-,HH04 - Households with a computer - %_HH - CHILDREN,% of households,ITU Households Database,2022,Ecuador,ECU,Family,Children,,44.697406958698274,,Instituto Nacional de Estadistica y Censos,2026-07-06
8916,HHA422-%_HH-URBAN-,HH04 - Households with a computer - %_HH - URBAN,% of households,ITU Households Database,2022,Ecuador,ECU,Location,Urban,,49.585444714326556,,Instituto Nacional de Estadistica y Censos,2026-07-05
8914,HHA422-%_HH-NOCHILDREN-URBAN,HH04 - Households with a computer - %_HH - NOCHILDREN - URBAN,% of households,ITU Households Database,2022,Ecuador,ECU,Location,No Children,Urban,45.52252970294662,,Instituto Nacional de Estadistica y Censos,2026-07-05
8908,HHA422-%_HH-CHILDREN-URBAN,HH04 - Households with a computer - %_HH - CHILDREN - URBAN,% of households,ITU Households Database,2022,Ecuador,ECU,Location,Children,Urban,55.940800169115455,,Instituto Nacional de Estadistica y Censos,2026-07-05
8912,HHA422-%_HH-NOCHILDREN-,HH04 - Households with a computer - %_HH - NOCHILDREN,% of households,ITU Households Database,2022,Ecuador,ECU,Family,No Children,,37.56332047688724,,Instituto Nacional de Estadistica y Censos,2026-07-05
8913,HHA422-%_HH-NOCHILDREN-RURAL,HH04 - Households with a computer - %_HH - NOCHILDREN - RURAL,% of households,ITU Households Database,2022,Ecuador,ECU,Location,No Children,Rural,17.645190226025537,,Instituto Nacional de Estadistica y Censos,2026-07-04
8915,HHA422-%_HH-RURAL-,HH04 - Households with a computer - %_HH - RURAL,% of households,ITU Households Database,2022,Ecuador,ECU,Location,Rural,,19.330358367529314,,Instituto Nacional de Estadistica y Censos,2026-07-06
8917,HHA422-%_HH--,HH04 - Households with a computer - %_HH,% of households,ITU Households Database,2022,Ecuador,ECU,,,,40.44633742606798,"La información corresponde a, Tiene este hogar: computadora de escritorio/ laptop, o,  tablet / tableta",Instituto Nacional de Estadistica y Censos,2026-07-06
8917,HHA422-%_HH--,HH04 - Households with a computer - %_HH,% of households,ITU Households Database,2022,Finland,FIN,,,,87.80706464146945,,Statistics Finland,2026-07-06
8917,HHA422-%_HH--,HH04 - Households with a computer - %_HH,% of households,ITU Households Database,2022,"Hong Kong, China",HKG,,,,75.06942880732568,"Personal computer includes desktop computer, laptop and tablet.",Census and Statistics Department,2026-07-06
8906,HHA422-%_HH-CHILDREN-,HH04 - Households with a computer - %_HH - CHILDREN,% of households,ITU Households Database,2022,"Hong Kong, China",HKG,Family,Children,,95.01507537688441,"Personal computer includes desktop computer, laptop and tablet.",Census and Statistics Department,2026-07-07
8912,HHA422-%_HH-NOCHILDREN-,HH04 - Households with a computer - %_HH - NOCHILDREN,% of households,ITU Households Database,2022,"Hong Kong, China",HKG,Family,No Children,,70.49051728115914,"Personal computer includes desktop computer, laptop and tablet.",Census and Statistics Department,2026-07-07
8915,HHA422-%_HH-RURAL-,HH04 - Households with a computer - %_HH - RURAL,% of households,ITU Households Database,2022,Croatia,HRV,Location,Rural,,67.12251461811817,,Croatian Bureau of Statistics,2026-07-06
8917,HHA422-%_HH--,HH04 - Households with a computer - %_HH,% of households,ITU Households Database,2022,Croatia,HRV,,,,75.36323769873154,,Croatian Bureau of Statistics,2026-07-05
8916,HHA422-%_HH-URBAN-,HH04 - Households with a computer - %_HH - URBAN,% of households,ITU Households Database,2022,Croatia,HRV,Location,Urban,,80.62908567130816,,Croatian Bureau of Statistics,2026-07-05
8913,HHA422-%_HH-NOCHILDREN-RURAL,HH04 - Households with a computer - %_HH - NOCHILDREN - RURAL,% of households,ITU Households Database,2022,Italy,ITA,Location,No Children,Rural,58.851142077320574,,Italian National Institute of Statistics,2026-07-05
8915,HHA422-%_HH-RURAL-,HH04 - Households with a computer - %_HH - RURAL,% of households,ITU Households Database,2022,Italy,ITA,Location,Rural,,63.750609535208426,,Italian National Institute of Statistics,2026-07-06
8917,HHA422-%_HH--,HH04 - Households with a computer - %_HH,% of households,ITU Households Database,2022,Italy,ITA,,,,68.82321342144363,,Italian National Institute of Statistics,2026-07-05
8906,HHA422-%_HH-CHILDREN-,HH04 - Households with a computer - %_HH - CHILDREN,% of households,ITU Households Database,2022,Italy,ITA,Family,Children,,88.1619094193208,,Italian National Institute of Statistics,2025-07-04
8914,HHA422-%_HH-NOCHILDREN-URBAN,HH04 - Households with a computer - %_HH - NOCHILDREN - URBAN,% of households,ITU Households Database,2022,Italy,ITA,Location,No Children,Urban,65.35846721247607,,Italian National Institute of Statistics,2026-07-05
8907,HHA422-%_HH-CHILDREN-RURAL,HH04 - Households with a computer - %_HH - CHILDREN - RURAL,% of households,ITU Households Database,2022,Italy,ITA,Location,Children,Rural,86.3741692813121,,Italian National Institute of Statistics,2025-07-04
8916,HHA422-%_HH-URBAN-,HH04 - Households with a computer - %_HH - URBAN,% of households,ITU Households Database,2022,Italy,ITA,Location,Urban,,69.85170492778416,,Italian National Institute of Statistics,2026-07-05
8908,HHA422-%_HH-CHILDREN-URBAN,HH04 - Households with a computer - %_HH - CHILDREN - URBAN,% of households,ITU Households Database,2022,Italy,ITA,Location,Children,Urban,88.49414929117708,,Italian National Institute of Statistics,2026-07-05
8912,HHA422-%_HH-NOCHILDREN-,HH04 - Households with a computer - %_HH - NOCHILDREN,% of households,ITU Households Database,2022,Italy,ITA,Family,No Children,,64.2432179226129,,Italian National Institute of Statistics,2025-07-04
8907,HHA422-%_HH-CHILDREN-RURAL,HH04 - Households with a computer - %_HH - CHILDREN - RURAL,% of households,ITU Households Database,2022,Indonesia,IDN,Location,Children,Rural,8.817923792319034,,BPS-Statistics Indonesia,2026-07-06
8914,HHA422-%_HH-NOCHILDREN-URBAN,HH04 - Households with a computer - %_HH - NOCHILDREN - URBAN,% of households,ITU Households Database,2022,Indonesia,IDN,Location,No Children,Urban,26.220943451899213,,BPS-Statistics Indonesia,2026-07-05
8906,HHA422-%_HH-CHILDREN-,HH04 - Households with a computer - %_HH - CHILDREN,% of households,ITU Households Database,2022,Indonesia,IDN,Family,Children,,17.295744580636025,,BPS-Statistics Indonesia,2026-07-06
8916,HHA422-%_HH-URBAN-,HH04 - Households with a computer - %_HH - URBAN,% of households,ITU Households Database,2022,Indonesia,IDN,Location,Urban,,24.89094179089484,,BPS-Statistics Indonesia,2026-07-05
8908,HHA422-%_HH-CHILDREN-URBAN,HH04 - Households with a computer - %_HH - CHILDREN - URBAN,% of households,ITU Households Database,2022,Indonesia,IDN,Location,Children,Urban,23.866832880848627,,BPS-Statistics Indonesia,2026-07-05
8917,HHA422-%_HH--,HH04 - Households with a computer - %_HH,% of households,ITU Households Database,2022,Indonesia,IDN,,,,18.036213287718123,,BPS-Statistics Indonesia,2026-07-05
8915,HHA422-%_HH-RURAL-,HH04 - Households with a computer - %_HH - RURAL,% of households,ITU Households Database,2022,Indonesia,IDN,Location,Rural,,8.649800281207598,,BPS-Statistics Indonesia,2026-07-06
8912,HHA422-%_HH-NOCHILDREN-,HH04 - Households with a computer - %_HH - NOCHILDREN,% of households,ITU Households Database,2022,Indonesia,IDN,Family,No Children,,19.05708946089594,,BPS-Statistics Indonesia,2026-07-05
8913,HHA422-%_HH-NOCHILDREN-RURAL,HH04 - Households with a computer - %_HH - NOCHILDREN - RURAL,% of households,ITU Households Database,2022,Indonesia,IDN,Location,No Children,Rural,8.397996926558658,,BPS-Statistics Indonesia,2026-07-05
8913,HHA422-%_HH-NOCHILDREN-RURAL,HH04 - Households with a computer - %_HH - NOCHILDREN - RURAL,% of households,ITU Households Database,2022,Iraq,IRQ,Location,No Children,Rural,86.54321471249256,,Authority of Statistics and Geographic Information Systems,2026-01-16
8912,HHA422-%_HH-NOCHILDREN-,HH04 - Households with a computer - %_HH - NOCHILDREN,% of households,ITU Households Database,2022,Iraq,IRQ,Family,No Children,,79.87749614535456,,Authority of Statistics and Geographic Information Systems,2026-01-16
8906,HHA422-%_HH-CHILDREN-,HH04 - Households with a computer - %_HH - CHILDREN,% of households,ITU Households Database,2022,Iraq,IRQ,Family,Children,,73.78841711916971,,Authority of Statistics and Geographic Information Systems,2026-07-07
8907,HHA422-%_HH-CHILDREN-RURAL,HH04 - Households with a computer - %_HH - CHILDREN - RURAL,% of households,ITU Households Database,2022,Iraq,IRQ,Location,Children,Rural,83.14070361273728,,Authority of Statistics and Geographic Information Systems,2026-01-16
8908,HHA422-%_HH-CHILDREN-URBAN,HH04 - Households with a computer - %_HH - CHILDREN - URBAN,% of households,ITU Households Database,2022,Iraq,IRQ,Location,Children,Urban,69.82900701864486,,Authority of Statistics and Geographic Information Systems,2026-01-16
8914,HHA422-%_HH-NOCHILDREN-URBAN,HH04 - Households with a computer - %_HH - NOCHILDREN - URBAN,% of households,ITU Households Database,2022,Iraq,IRQ,Location,No Children,Urban,77.81439286682154,,Authority of Statistics and Geographic Information Systems,2026-07-07
8916,HHA422-%_HH-URBAN-,HH04 - Households with a computer - %_HH - URBAN,% of households,ITU Households Database,2022,Iraq,IRQ,Location,Urban,,72.3156853986127,,Authority of Statistics and Geographic Information Systems,2026-07-05
8917,HHA422-%_HH--,HH04 - Households with a computer - %_HH,% of households,ITU Households Database,2022,Iraq,IRQ,,,,40.74767549757614,,Authority of Statistics and Geographic Information Systems,2026-01-16
8915,HHA422-%_HH-RURAL-,HH04 - Households with a computer - %_HH - RURAL,% of households,ITU Households Database,2022,Iraq,IRQ,Location,Rural,,83.97615626143286,,Authority of Statistics and Geographic Information Systems,2026-07-06
8917,HHA422-%_HH--,HH04 - Households with a computer - %_HH,% of households,ITU Households Database,2022,Israel,ISR,,,,82.35695465261406,,Central Bureau of Statistics,2026-07-06
8916,HHA422-%_HH-URBAN-,HH04 - Households with a computer - %_HH - URBAN,% of households,ITU Households Database,2022,Japan,JPN,Location,Urban,,79.25583443416997,,Ministry of Internal Affairs and Communications,2026-07-05
8913,HHA422-%_HH-NOCHILDREN-RURAL,HH04 - Households with a computer - %_HH - NOCHILDREN - RURAL,% of households,ITU Households Database,2022,Japan,JPN,Location,No Children,Rural,68.72912358835693,,Ministry of Internal Affairs and Communications,2026-07-07
8917,HHA422-%_HH--,HH04 - Households with a computer - %_HH,% of households,ITU Households Database,2022,Japan,JPN,,,,75.36545749864645,,Ministry of Internal Affairs and Communications,2026-07-06
8907,HHA422-%_HH-CHILDREN-RURAL,HH04 - Households with a computer - %_HH - CHILDREN - RURAL,% of households,ITU Households Database,2022,Japan,JPN,Location,Children,Rural,85.76536016949152,,Ministry of Internal Affairs and Communications,2026-07-07
8914,HHA422-%_HH-NOCHILDREN-URBAN,HH04 - Households with a computer - %_HH - NOCHILDREN - URBAN,% of households,ITU Households Database,2022,Japan,JPN,Location,No Children,Urban,75.58520863960194,,Ministry of Internal Affairs and Communications,2026-07-07
8908,HHA422-%_HH-CHILDREN-URBAN,HH04 - Households with a computer - %_HH - CHILDREN - URBAN,% of households,ITU Households Database,2022,Japan,JPN,Location,Children,Urban,92.17754777070064,,Ministry of Internal Affairs and Communications,2026-07-07
8912,HHA422-%_HH-NOCHILDREN-,HH04 - Households with a computer - %_HH - NOCHILDREN,% of households,ITU Households Database,2022,Japan,JPN,Family,No Children,,71.55997572022225,,Ministry of Internal Affairs and Communications,2026-07-07
8906,HHA422-%_HH-CHILDREN-,HH04 - Households with a computer - %_HH - CHILDREN,% of households,ITU Households Database,2022,Japan,JPN,Family,Children,,88.32697201017811,,Ministry of Internal Affairs and Communications,2026-07-07
8915,HHA422-%_HH-RURAL-,HH04 - Households with a computer - %_HH - RURAL,% of households,ITU Households Database,2022,Japan,JPN,Location,Rural,,72.66360856269112,,Ministry of Internal Affairs and Communications,2026-07-06
8917,HHA422-%_HH--,HH04 - Households with a computer - %_HH,% of households,ITU Households Database,2022,Jordan,JOR,,,,27.19997402030262,Not published yet,Ministry of Digital Economy and Entrepreneurship,2026-07-06
8908,HHA422-%_HH-CHILDREN-URBAN,HH04 - Households with a computer - %_HH - CHILDREN - URBAN,% of households,ITU Households Database,2022,Korea (Rep. of),KOR,Location,Children,Urban,99.60502101826914,,Ministry of Science and ICT,2026-07-05
8907,HHA422-%_HH-CHILDREN-RURAL,HH04 - Households with a computer - %_HH - CHILDREN - RURAL,% of households,ITU Households Database,2022,Korea (Rep. of),KOR,Location,Children,Rural,99.39138299159684,,Ministry of Science and ICT,2026-07-06
8914,HHA422-%_HH-NOCHILDREN-URBAN,HH04 - Households with a computer - %_HH - NOCHILDREN - URBAN,% of households,ITU Households Database,2022,Korea (Rep. of),KOR,Location,No Children,Urban,77.91924803073425,,Ministry of Science and ICT,2026-07-05
8912,HHA422-%_HH-NOCHILDREN-,HH04 - Households with a computer - %_HH - NOCHILDREN,% of households,ITU Households Database,2022,Korea (Rep. of),KOR,Family,No Children,,75.43863474088172,,Ministry of Science and ICT,2026-07-06
8916,HHA422-%_HH-URBAN-,HH04 - Households with a computer - %_HH - URBAN,% of households,ITU Households Database,2022,Korea (Rep. of),KOR,Location,Urban,,83.25652655556912,,Ministry of Science and ICT,2026-07-05
8913,HHA422-%_HH-NOCHILDREN-RURAL,HH04 - Households with a computer - %_HH - NOCHILDREN - RURAL,% of households,ITU Households Database,2022,Korea (Rep. of),KOR,Location,No Children,Rural,65.94832329256323,,Ministry of Science and ICT,2026-07-05
8906,HHA422-%_HH-CHILDREN-,HH04 - Households with a computer - %_HH - CHILDREN,% of households,ITU Households Database,2022,Korea (Rep. of),KOR,Family,Children,,99.57583517399114,,Ministry of Science and ICT,2026-07-06
8917,HHA422-%_HH--,HH04 - Households with a computer - %_HH,% of households,ITU Households Database,2022,Korea (Rep. of),KOR,,,,81.00548676381169,,Ministry of Science and ICT,2026-07-06
8915,HHA422-%_HH-RURAL-,HH04 - Households with a computer - %_HH - RURAL,% of households,ITU Households Database,2022,Korea (Rep. of),KOR,Location,Rural,,71.46700633457034,,Ministry of Science and ICT,2026-07-06
8916,HHA422-%_HH-URBAN-,HH04 - Households with a computer - %_HH - URBAN,% of households,ITU Households Database,2022,Liberia,LBR,Location,Urban,,12.394740843240454,,Liberia Institute for Statistics and Geo-Information Services (LISGIS),2026-07-05
8917,HHA422-%_HH--,HH04 - Households with a computer - %_HH,% of households,ITU Households Database,2022,Liberia,LBR,,,,7.939376991961404,,Liberia Institute for Statistics and Geo-Information Services (LISGIS),2026-07-06
8915,HHA422-%_HH-RURAL-,HH04 - Households with a computer - %_HH - RURAL,% of households,ITU Households Database,2022,Liberia,LBR,Location,Rural,,2.528439347112047,,Liberia Institute for Statistics and Geo-Information Services (LISGIS),2026-07-06
8915,HHA422-%_HH-RURAL-,HH04 - Households with a computer - %_HH - RURAL,% of households,ITU Households Database,2022,Lithuania,LTU,Location,Rural,,73.10852828923414,,State Data Agency (Statistics Lithuania),2026-07-06
8906,HHA422-%_HH-CHILDREN-,HH04 - Households with a computer - %_HH - CHILDREN,% of households,ITU Households Database,2022,Lithuania,LTU,Family,Children,,97.07174701717243,,State Data Agency (Statistics Lithuania),2026-07-07
8912,HHA422-%_HH-NOCHILDREN-,HH04 - Households with a computer - %_HH - NOCHILDREN,% of households,ITU Households Database,2022,Lithuania,LTU,Family,No Children,,75.26441564265768,,State Data Agency (Statistics Lithuania),2026-07-07
8908,HHA422-%_HH-CHILDREN-URBAN,HH04 - Households with a computer - %_HH - CHILDREN - URBAN,% of households,ITU Households Database,2022,Lithuania,LTU,Location,Children,Urban,97.01156067404435,,State Data Agency (Statistics Lithuania),2026-07-07
8913,HHA422-%_HH-NOCHILDREN-RURAL,HH04 - Households with a computer - %_HH - NOCHILDREN - RURAL,% of households,ITU Households Database,2022,Lithuania,LTU,Location,No Children,Rural,65.79069687878261,,State Data Agency (Statistics Lithuania),2026-07-07
8907,HHA422-%_HH-CHILDREN-RURAL,HH04 - Households with a computer - %_HH - CHILDREN - RURAL,% of households,ITU Households Database,2022,Lithuania,LTU,Location,Children,Rural,97.21066778962536,,State Data Agency (Statistics Lithuania),2026-07-07
8914,HHA422-%_HH-NOCHILDREN-URBAN,HH04 - Households with a computer - %_HH - NOCHILDREN - URBAN,% of households,ITU Households Database,2022,Lithuania,LTU,Location,No Children,Urban,79.36218455569795,,State Data Agency (Statistics Lithuania),2026-07-07
8917,HHA422-%_HH--,HH04 - Households with a computer - %_HH,% of households,ITU Households Database,2022,Lithuania,LTU,,,,80.33912894194081,, State Data Agency (Statistics Lithuania),2026-07-06
8916,HHA422-%_HH-URBAN-,HH04 - Households with a computer - %_HH - URBAN,% of households,ITU Households Database,2022,Lithuania,LTU,Location,Urban,,83.46781917576557,,State Data Agency (Statistics Lithuania),2026-07-05
8914,HHA422-%_HH-NOCHILDREN-URBAN,HH04 - Households with a computer - %_HH - NOCHILDREN - URBAN,% of households,ITU Households Database,2022,Mexico,MEX,Location,No Children,Urban,49.2416081618562,,Instituto Nacional de Estadística y Geografía (INEGI),2025-07-04
8908,HHA422-%_HH-CHILDREN-URBAN,HH04 - Households with a computer - %_HH - CHILDREN - URBAN,% of households,ITU Households Database,2022,Mexico,MEX,Location,Children,Urban,53.045745260338116,,Instituto Nacional de Estadística y Geografía (INEGI),2026-07-07
8916,HHA422-%_HH-URBAN-,HH04 - Households with a computer - %_HH - URBAN,% of households,ITU Households Database,2022,Mexico,MEX,Location,Urban,,50.85890197949963,,Instituto Nacional de Estadística y Geografía (INEGI),2026-07-05
8917,HHA422-%_HH--,HH04 - Households with a computer - %_HH,% of households,ITU Households Database,2022,Mexico,MEX,,,,43.89844315551928,,Instituto Nacional de Estadística y Geografía (INEGI),2026-07-05
8907,HHA422-%_HH-CHILDREN-RURAL,HH04 - Households with a computer - %_HH - CHILDREN - RURAL,% of households,ITU Households Database,2022,Mexico,MEX,Location,Children,Rural,22.55574281582663,,Instituto Nacional de Estadística y Geografía (INEGI),2026-07-07
8915,HHA422-%_HH-RURAL-,HH04 - Households with a computer - %_HH - RURAL,% of households,ITU Households Database,2022,Mexico,MEX,Location,Rural,,20.464062112850318,,Instituto Nacional de Estadística y Geografía (INEGI),2026-07-06
8912,HHA422-%_HH-NOCHILDREN-,HH04 - Households with a computer - %_HH - NOCHILDREN,% of households,ITU Households Database,2022,Mexico,MEX,Family,No Children,,43.39463363211292,,Instituto Nacional de Estadística y Geografía (INEGI),2026-07-07
8913,HHA422-%_HH-NOCHILDREN-RURAL,HH04 - Households with a computer - %_HH - NOCHILDREN - RURAL,% of households,ITU Households Database,2022,Mexico,MEX,Location,No Children,Rural,17.83057985158306,,Instituto Nacional de Estadística y Geografía (INEGI),2026-07-07
8906,HHA422-%_HH-CHILDREN-,HH04 - Households with a computer - %_HH - CHILDREN,% of households,ITU Households Database,2022,Mexico,MEX,Family,Children,,44.50090404019576,,Instituto Nacional de Estadística y Geografía (INEGI),2026-07-07
8916,HHA422-%_HH-URBAN-,HH04 - Households with a computer - %_HH - URBAN,% of households,ITU Households Database,2022,Malaysia,MYS,Location,Urban,,93.96463142050202,,Department of Statistics,2026-07-05
8915,HHA422-%_HH-RURAL-,HH04 - Households with a computer - %_HH - RURAL,% of households,ITU Households Database,2022,Malaysia,MYS,Location,Rural,,82.35514432191465,,Department of Statistics,2026-07-06
8917,HHA422-%_HH--,HH04 - Households with a computer - %_HH,% of households,ITU Households Database,2022,Malaysia,MYS,,,,91.27418377257654,,Department of Statistics,2026-07-05
8915,HHA422-%_HH-RURAL-,HH04 - Households with a computer - %_HH - RURAL,% of households,ITU Households Database,2022,Maldives,MDV,Location,Rural,,47.08695736022988,,"Maldives Bureau of Statistics, Ministry of Housing, Land and Urban Development",2026-07-06
8906,HHA422-%_HH-CHILDREN-,HH04 - Households with a computer - %_HH - CHILDREN,% of households,ITU Households Database,2022,Maldives,MDV,Family,Children,,70.48708325887095,,"Maldives Bureau of Statistics, Ministry of Housing, Land and Urban Development",2026-07-06
8914,HHA422-%_HH-NOCHILDREN-URBAN,HH04 - Households with a computer - %_HH - NOCHILDREN - URBAN,% of households,ITU Households Database,2022,Maldives,MDV,Location,No Children,Urban,64.7042106758869,,"Maldives Bureau of Statistics, Ministry of Housing, Land and Urban Development",2025-07-04
8916,HHA422-%_HH-URBAN-,HH04 - Households with a computer - %_HH - URBAN,% of households,ITU Households Database,2022,Maldives,MDV,Location,Urban,,74.03631580183692,,"Maldives Bureau of Statistics, Ministry of Housing, Land and Urban Development",2026-07-05
8912,HHA422-%_HH-NOCHILDREN-,HH04 - Households with a computer - %_HH - NOCHILDREN,% of households,ITU Households Database,2022,Maldives,MDV,Family,No Children,,46.37904818101355,,"Maldives Bureau of Statistics, Ministry of Housing, Land and Urban Development",2026-07-05
8907,HHA422-%_HH-CHILDREN-RURAL,HH04 - Households with a computer - %_HH - CHILDREN - RURAL,% of households,ITU Households Database,2022,Maldives,MDV,Location,Children,Rural,61.035186658824344,,"Maldives Bureau of Statistics, Ministry of Housing, Land and Urban Development",2026-07-06
8913,HHA422-%_HH-NOCHILDREN-RURAL,HH04 - Households with a computer - %_HH - NOCHILDREN - RURAL,% of households,ITU Households Database,2022,Maldives,MDV,Location,No Children,Rural,29.520697167755994,,"Maldives Bureau of Statistics, Ministry of Housing, Land and Urban Development",2026-07-05
8908,HHA422-%_HH-CHILDREN-URBAN,HH04 - Households with a computer - %_HH - CHILDREN - URBAN,% of households,ITU Households Database,2022,Maldives,MDV,Location,Children,Urban,83.21838009134123,,"Maldives Bureau of Statistics, Ministry of Housing, Land and Urban Development",2026-07-05
8917,HHA422-%_HH--,HH04 - Households with a computer - %_HH,% of households,ITU Households Database,2022,Maldives,MDV,,,,59.2370583749894,,"Maldives Bureau of Statistics, Ministry of Housing, Land and Urban Development",2025-07-04
8915,HHA422-%_HH-RURAL-,HH04 - Households with a computer - %_HH - RURAL,% of households,ITU Households Database,2022,Mozambique,MOZ,Location,Rural,,0.8,,Instituto Nacional de Estatistica,2025-07-04
8916,HHA422-%_HH-URBAN-,HH04 - Households with a computer - %_HH - URBAN,% of households,ITU Households Database,2022,Mozambique,MOZ,Location,Urban,,8.3,,Instituto Nacional de Estatistica,2025-07-04
8917,HHA422-%_HH--,HH04 - Households with a computer - %_HH,% of households,ITU Households Database,2022,Mozambique,MOZ,,,,3.3000000000000003,,Instituto Nacional de Estatistica,2026-07-05
8917,HHA422-%_HH--,HH04 - Households with a computer - %_HH,% of households,ITU Households Database,2022,Niger,NER,,,,3.9588852656260025,,Institut National de la Statistique,2026-07-06
8906,HHA422-%_HH-CHILDREN-,HH04 - Households with a computer - %_HH - CHILDREN,% of households,ITU Households Database,2022,Philippines,PHL,Family,Children,,25.648249308058617,,Department of  Information and Communications Technology,2026-07-07
8908,HHA422-%_HH-CHILDREN-URBAN,HH04 - Households with a computer - %_HH - CHILDREN - URBAN,% of households,ITU Households Database,2022,Philippines,PHL,Location,Children,Urban,34.34219173552479,,Department of  Information and Communications Technology,2026-07-07
8914,HHA422-%_HH-NOCHILDREN-URBAN,HH04 - Households with a computer - %_HH - NOCHILDREN - URBAN,% of households,ITU Households Database,2022,Philippines,PHL,Location,No Children,Urban,34.605525316484375,,Department of  Information and Communications Technology,2026-07-07
8916,HHA422-%_HH-URBAN-,HH04 - Households with a computer - %_HH - URBAN,% of households,ITU Households Database,2022,Philippines,PHL,Location,Urban,,34.46714372157615,,Department of  Information and Communications Technology,2026-07-05
8907,HHA422-%_HH-CHILDREN-RURAL,HH04 - Households with a computer - %_HH - CHILDREN - RURAL,% of households,ITU Households Database,2022,Philippines,PHL,Location,Children,Rural,16.016446703215347,,Department of  Information and Communications Technology,2026-07-07
8917,HHA422-%_HH--,HH04 - Households with a computer - %_HH,% of households,ITU Households Database,2022,Philippines,PHL,,,,26.380868006186237,,Department of  Information and Communications Technology,2026-07-06
8912,HHA422-%_HH-NOCHILDREN-,HH04 - Households with a computer - %_HH - NOCHILDREN,% of households,ITU Households Database,2022,Philippines,PHL,Family,No Children,,27.270616727370523,,Department of  Information and Communications Technology,2026-07-07
8915,HHA422-%_HH-RURAL-,HH04 - Households with a computer - %_HH - RURAL,% of households,ITU Households Database,2022,Philippines,PHL,Location,Rural,,16.556571347356382,,Department of  Information and Communications Technology,2026-07-06
8913,HHA422-%_HH-NOCHILDREN-RURAL,HH04 - Households with a computer - %_HH - NOCHILDREN - RURAL,% of households,ITU Households Database,2022,Philippines,PHL,Location,No Children,Rural,17.291169966491154,,Department of  Information and Communications Technology,2026-07-07
8913,HHA422-%_HH-NOCHILDREN-RURAL,HH04 - Households with a computer - %_HH - NOCHILDREN - RURAL,% of households,ITU Households Database,2022,Portugal,PRT,Location,No Children,Rural,0,Information not collected,Instituto Nacional de Estatistica,2026-07-05
8907,HHA422-%_HH-CHILDREN-RURAL,HH04 - Households with a computer - %_HH - CHILDREN - RURAL,% of households,ITU Households Database,2022,Portugal,PRT,Location,Children,Rural,0,Information not collected,Instituto Nacional de Estatistica,2026-07-06
8917,HHA422-%_HH--,HH04 - Households with a computer - %_HH,% of households,ITU Households Database,2022,Portugal,PRT,,,,0,Information not collected,Instituto Nacional de Estatistica,2026-07-04
8912,HHA422-%_HH-NOCHILDREN-,HH04 - Households with a computer - %_HH - NOCHILDREN,% of households,ITU Households Database,2022,Portugal,PRT,Family,No Children,,0,Information not collected,Instituto Nacional de Estatistica,2026-07-05
8916,HHA422-%_HH-URBAN-,HH04 - Households with a computer - %_HH - URBAN,% of households,ITU Households Database,2022,Portugal,PRT,Location,Urban,,0,Information not collected,Instituto Nacional de Estatistica,2026-07-04
8906,HHA422-%_HH-CHILDREN-,HH04 - Households with a computer - %_HH - CHILDREN,% of households,ITU Households Database,2022,Portugal,PRT,Family,Children,,0,Information not collected,Instituto Nacional de Estatistica,2026-07-05
8914,HHA422-%_HH-NOCHILDREN-URBAN,HH04 - Households with a computer - %_HH - NOCHILDREN - URBAN,% of households,ITU Households Database,2022,Portugal,PRT,Location,No Children,Urban,0,Information not collected,Instituto Nacional de Estatistica,2026-07-05
8908,HHA422-%_HH-CHILDREN-URBAN,HH04 - Households with a computer - %_HH - CHILDREN - URBAN,% of households,ITU Households Database,2022,Portugal,PRT,Location,Children,Urban,0,Information not collected,Instituto Nacional de Estatistica,2026-07-04
8915,HHA422-%_HH-RURAL-,HH04 - Households with a computer - %_HH - RURAL,% of households,ITU Households Database,2022,Portugal,PRT,Location,Rural,,0,Information not collected,Instituto Nacional de Estatistica,2026-07-05
8907,HHA422-%_HH-CHILDREN-RURAL,HH04 - Households with a computer - %_HH - CHILDREN - RURAL,% of households,ITU Households Database,2022,Paraguay,PRY,Location,Children,Rural,12.875110302646615,,Instituto Nacional de Estadística (INE),2026-07-06
8906,HHA422-%_HH-CHILDREN-,HH04 - Households with a computer - %_HH - CHILDREN,% of households,ITU Households Database,2022,Paraguay,PRY,Family,Children,,27.166720391589877,,Instituto Nacional de Estadística (INE),2026-07-06
8913,HHA422-%_HH-NOCHILDREN-RURAL,HH04 - Households with a computer - %_HH - NOCHILDREN - RURAL,% of households,ITU Households Database,2022,Paraguay,PRY,Location,No Children,Rural,11.149836520191041,,Instituto Nacional de Estadística (INE),2026-07-05
8914,HHA422-%_HH-NOCHILDREN-URBAN,HH04 - Households with a computer - %_HH - NOCHILDREN - URBAN,% of households,ITU Households Database,2022,Paraguay,PRY,Location,No Children,Urban,43.814848339634025,,Instituto Nacional de Estadística (INE),2026-07-05
8915,HHA422-%_HH-RURAL-,HH04 - Households with a computer - %_HH - RURAL,% of households,ITU Households Database,2022,Paraguay,PRY,Location,Rural,,12.206165805584908,,Instituto Nacional de Estadística (INE),2026-07-06
8916,HHA422-%_HH-URBAN-,HH04 - Households with a computer - %_HH - URBAN,% of households,ITU Households Database,2022,Paraguay,PRY,Location,Urban,,39.849507038674595,,Instituto Nacional de Estadística (INE),2026-07-05
8908,HHA422-%_HH-CHILDREN-URBAN,HH04 - Households with a computer - %_HH - CHILDREN - URBAN,% of households,ITU Households Database,2022,Paraguay,PRY,Location,Children,Urban,36.638990196839195,,Instituto Nacional de Estadística (INE),2026-07-05
8912,HHA422-%_HH-NOCHILDREN-,HH04 - Households with a computer - %_HH - NOCHILDREN,% of households,ITU Households Database,2022,Paraguay,PRY,Family,No Children,,32.66254828962671,,Instituto Nacional de Estadística (INE),2026-07-05
8917,HHA422-%_HH--,HH04 - Households with a computer - %_HH,% of households,ITU Households Database,2022,Paraguay,PRY,,,,29.50283308921001,"Incluye computadora de escritorio, computadora portátil, una tableta o dispositivo similar",Instituto Nacional de Estadistica,2026-07-06
8906,HHA422-%_HH-CHILDREN-,HH04 - Households with a computer - %_HH - CHILDREN,% of households,ITU Households Database,2022,Peru,PER,Family,Children,,33.72971157255805,,Instituto Nacional de Estadistica e Informatica,2026-07-07
8908,HHA422-%_HH-CHILDREN-URBAN,HH04 - Households with a computer - %_HH - CHILDREN - URBAN,% of households,ITU Households Database,2022,Peru,PER,Location,Children,Urban,39.61154975677572,,Instituto Nacional de Estadistica e Informatica,2026-07-07
8912,HHA422-%_HH-NOCHILDREN-,HH04 - Households with a computer - %_HH - NOCHILDREN,% of households,ITU Households Database,2022,Peru,PER,Family,No Children,,32.04629909592017,,Instituto Nacional de Estadistica e Informatica,2026-07-07
8907,HHA422-%_HH-CHILDREN-RURAL,HH04 - Households with a computer - %_HH - CHILDREN - RURAL,% of households,ITU Households Database,2022,Peru,PER,Location,Children,Rural,10.69643931758743,,Instituto Nacional de Estadistica e Informatica,2026-07-07
8915,HHA422-%_HH-RURAL-,HH04 - Households with a computer - %_HH - RURAL,% of households,ITU Households Database,2022,Peru,PER,Location,Rural,,9.01738149889058,,Instituto Nacional de Estadistica e Informatica,2026-07-06
8916,HHA422-%_HH-URBAN-,HH04 - Households with a computer - %_HH - URBAN,% of households,ITU Households Database,2022,Peru,PER,Location,Urban,,39.25209121170341,,Instituto Nacional de Estadistica e Informatica,2026-07-05
8917,HHA422-%_HH--,HH04 - Households with a computer - %_HH,% of households,ITU Households Database,2022,Peru,PER,,,,32.86018261027406,Information from module: Household Equipment,Instituto Nacional de Estadistica e Informatica,2026-07-05
8913,HHA422-%_HH-NOCHILDREN-RURAL,HH04 - Households with a computer - %_HH - NOCHILDREN - RURAL,% of households,ITU Households Database,2022,Peru,PER,Location,No Children,Rural,7.55686830496711,,Instituto Nacional de Estadistica e Informatica,2026-07-07
8914,HHA422-%_HH-NOCHILDREN-URBAN,HH04 - Households with a computer - %_HH - NOCHILDREN - URBAN,% of households,ITU Households Database,2022,Peru,PER,Location,No Children,Urban,38.90897140769768,,Instituto Nacional de Estadistica e Informatica,2026-07-07
8917,HHA422-%_HH--,HH04 - Households with a computer - %_HH,% of households,ITU Households Database,2022,Puerto Rico,PRI,,,,86.30679486950783,"Source: U.S. Census Bureau, 2022 American Community Survey 1-Year Estimate - Table S2801: Types of computers and Internet Subscriptions#",Puerto Rico Institute of Statistics,2026-07-06
8916,HHA422-%_HH-URBAN-,HH04 - Households with a computer - %_HH - URBAN,% of households,ITU Households Database,2022,Russian Federation,RUS,Location,Urban,,76.99281177478967,,Federal State Statistics Service of the Russian Federation,2026-07-05
8917,HHA422-%_HH--,HH04 - Households with a computer - %_HH,% of households,ITU Households Database,2022,Russian Federation,RUS,,,,73.01324604280295,,Federal State Statistics Service of the Russian Federation,2026-07-06
8915,HHA422-%_HH-RURAL-,HH04 - Households with a computer - %_HH - RURAL,% of households,ITU Households Database,2022,Russian Federation,RUS,Location,Rural,,60.78035826284744,,Federal State Statistics Service of the Russian Federation,2026-07-06
8917,HHA422-%_HH--,HH04 - Households with a computer - %_HH,% of households,ITU Households Database,2022,Seychelles,SYC,,,,53.82589817214091,Assuming no nonresponse bias##,National Bureau of Statistics (NBS),2026-07-06
8906,HHA422-%_HH-CHILDREN-,HH04 - Households with a computer - %_HH - CHILDREN,% of households,ITU Households Database,2022,Singapore,SGP,Family,Children,,96.3799880647824,,Infocomm Media Development Authority,2026-07-06
8912,HHA422-%_HH-NOCHILDREN-,HH04 - Households with a computer - %_HH - NOCHILDREN,% of households,ITU Households Database,2022,Singapore,SGP,Family,No Children,,87.49270801519015,,Infocomm Media Development Authority,2026-07-05
8917,HHA422-%_HH--,HH04 - Households with a computer - %_HH,% of households,ITU Households Database,2022,Singapore,SGP,,,,90.04746152739824,,Infocomm Media Development Authority,2026-07-06
8906,HHA422-%_HH-CHILDREN-,HH04 - Households with a computer - %_HH - CHILDREN,% of households,ITU Households Database,2022,Czech Republic,CZE,Family,Children,,96.32622137197188,,Czech Statistical Office,2026-07-06
8916,HHA422-%_HH-URBAN-,HH04 - Households with a computer - %_HH - URBAN,% of households,ITU Households Database,2022,Czech Republic,CZE,Location,Urban,,82.0921501037429,,Czech Statistical Office,2025-07-04
8915,HHA422-%_HH-RURAL-,HH04 - Households with a computer - %_HH - RURAL,% of households,ITU Households Database,2022,Czech Republic,CZE,Location,Rural,,78.42406481406425,,Czech Statistical Office,2026-07-06
8917,HHA422-%_HH--,HH04 - Households with a computer - %_HH,% of households,ITU Households Database,2022,Czech Republic,CZE,,,,80.78175614944986,,Czech Statistical Office,2026-07-05
8912,HHA422-%_HH-NOCHILDREN-,HH04 - Households with a computer - %_HH - NOCHILDREN,% of households,ITU Households Database,2022,Czech Republic,CZE,Family,No Children,,75.35585530375077,,Czech Statistical Office,2026-07-06
8908,HHA422-%_HH-CHILDREN-URBAN,HH04 - Households with a computer - %_HH - CHILDREN - URBAN,% of households,ITU Households Database,2022,Czech Republic,CZE,Location,Children,Urban,97.15635059305379,,Czech Statistical Office,2026-07-05
8913,HHA422-%_HH-NOCHILDREN-RURAL,HH04 - Households with a computer - %_HH - NOCHILDREN - RURAL,% of households,ITU Households Database,2022,Czech Republic,CZE,Location,No Children,Rural,72.71274204003113,,Czech Statistical Office,2026-07-05
8907,HHA422-%_HH-CHILDREN-RURAL,HH04 - Households with a computer - %_HH - CHILDREN - RURAL,% of households,ITU Households Database,2022,Czech Republic,CZE,Location,Children,Rural,94.82822033705402,,Czech Statistical Office,2026-07-06
8914,HHA422-%_HH-NOCHILDREN-URBAN,HH04 - Households with a computer - %_HH - NOCHILDREN - URBAN,% of households,ITU Households Database,2022,Czech Republic,CZE,Location,No Children,Urban,76.82639744316889,,Czech Statistical Office,2026-07-05
8915,HHA422-%_HH-RURAL-,HH04 - Households with a computer - %_HH - RURAL,% of households,ITU Households Database,2022,Thailand,THA,Location,Rural,,17.165044213688287,,National Statistical Office,2026-07-06
8912,HHA422-%_HH-NOCHILDREN-,HH04 - Households with a computer - %_HH - NOCHILDREN,% of households,ITU Households Database,2022,Thailand,THA,Family,No Children,,23.542970728925436,,National Statistical Office,2026-07-07
8917,HHA422-%_HH--,HH04 - Households with a computer - %_HH,% of households,ITU Households Database,2022,Thailand,THA,,,,24.45501281425433,,National Statistical Office,2026-07-05
8907,HHA422-%_HH-CHILDREN-RURAL,HH04 - Households with a computer - %_HH - CHILDREN - RURAL,% of households,ITU Households Database,2022,Thailand,THA,Location,Children,Rural,21.31993315852534,,National Statistical Office,2026-07-07
8913,HHA422-%_HH-NOCHILDREN-RURAL,HH04 - Households with a computer - %_HH - NOCHILDREN - RURAL,% of households,ITU Households Database,2022,Thailand,THA,Location,No Children,Rural,15.31056055284545,,National Statistical Office,2026-07-07
8916,HHA422-%_HH-URBAN-,HH04 - Households with a computer - %_HH - URBAN,% of households,ITU Households Database,2022,Thailand,THA,Location,Urban,,32.25423071727915,,National Statistical Office,2026-07-05
8906,HHA422-%_HH-CHILDREN-,HH04 - Households with a computer - %_HH - CHILDREN,% of households,ITU Households Database,2022,Thailand,THA,Family,Children,,27.123547466748736,,National Statistical Office,2026-07-07
8914,HHA422-%_HH-NOCHILDREN-URBAN,HH04 - Households with a computer - %_HH - NOCHILDREN - URBAN,% of households,ITU Households Database,2022,Thailand,THA,Location,No Children,Urban,31.127174133896716,,National Statistical Office,2026-07-07
8908,HHA422-%_HH-CHILDREN-URBAN,HH04 - Households with a computer - %_HH - CHILDREN - URBAN,% of households,ITU Households Database,2022,Thailand,THA,Location,Children,Urban,36.845993626831394,,National Statistical Office,2026-07-07
8917,HHA422-%_HH--,HH04 - Households with a computer - %_HH,% of households,ITU Households Database,2022,Tunisia,TUN,,,,27.699989495248307,,Institut National de la Statistique,2026-07-05
8917,HHA422-%_HH--,HH04 - Households with a computer - %_HH,% of households,ITU Households Database,2022,Türkiye,TUR,,,,52.7323033032522,,Turkish Statistical Institute,2025-07-04
8917,HHA422-%_HH--,HH04 - Households with a computer - %_HH,% of households,ITU Households Database,2022,Tanzania,TZA,,,,3.6999999999999997,,National Bureau of Statistics,2026-07-05
8915,HHA422-%_HH-RURAL-,HH04 - Households with a computer - %_HH - RURAL,% of households,ITU Households Database,2022,Tanzania,TZA,Location,Rural,,1.9,,National Bureau of Statistics,2025-07-04
8916,HHA422-%_HH-URBAN-,HH04 - Households with a computer - %_HH - URBAN,% of households,ITU Households Database,2022,Tanzania,TZA,Location,Urban,,6.7,,National Bureau of Statistics,2025-07-04
8917,HHA422-%_HH--,HH04 - Households with a computer - %_HH,% of households,ITU Households Database,2022,United Arab Emirates,ARE,,,,99.35995511082017,,Telecommunications Regulatory Authority,2026-07-05
8912,HHA422-%_HH-NOCHILDREN-,HH04 - Households with a computer - %_HH - NOCHILDREN,% of households,ITU Households Database,2022,Uruguay,URY,Family,No Children,,56.169919347777444,,Instituto Nacional de Estadistica,2026-07-07
8913,HHA422-%_HH-NOCHILDREN-RURAL,HH04 - Households with a computer - %_HH - NOCHILDREN - RURAL,% of households,ITU Households Database,2022,Uruguay,URY,Location,No Children,Rural,41.83210744429257,,Instituto Nacional de Estadistica,2026-07-07
8917,HHA422-%_HH--,HH04 - Households with a computer - %_HH,% of households,ITU Households Database,2022,Uruguay,URY,,,,69.5227235706141,,Instituto Nacional de Estadistica,2025-07-04
8908,HHA422-%_HH-CHILDREN-URBAN,HH04 - Households with a computer - %_HH - CHILDREN - URBAN,% of households,ITU Households Database,2022,Uruguay,URY,Location,Children,Urban,80.97098375668772,,Instituto Nacional de Estadistica,2026-07-07
8916,HHA422-%_HH-URBAN-,HH04 - Households with a computer - %_HH - URBAN,% of households,ITU Households Database,2022,Uruguay,URY,Location,Urban,,65.36422456674114,,Instituto Nacional de Estadistica,2026-07-05
8915,HHA422-%_HH-RURAL-,HH04 - Households with a computer - %_HH - RURAL,% of households,ITU Households Database,2022,Uruguay,URY,Location,Rural,,52.70640239555112,,Instituto Nacional de Estadistica,2026-07-06
8914,HHA422-%_HH-NOCHILDREN-URBAN,HH04 - Households with a computer - %_HH - NOCHILDREN - URBAN,% of households,ITU Households Database,2022,Uruguay,URY,Location,No Children,Urban,57.02125850449686,,Instituto Nacional de Estadistica,2026-07-07
8906,HHA422-%_HH-CHILDREN-,HH04 - Households with a computer - %_HH - CHILDREN,% of households,ITU Households Database,2022,Uruguay,URY,Family,Children,,80.56476248402551,,Instituto Nacional de Estadistica,2026-07-07
8907,HHA422-%_HH-CHILDREN-RURAL,HH04 - Households with a computer - %_HH - CHILDREN - RURAL,% of households,ITU Households Database,2022,Uruguay,URY,Location,Children,Rural,73.5535127490537,,Instituto Nacional de Estadistica,2025-07-04
8917,HHA422-%_HH--,HH04 - Households with a computer - %_HH,% of households,ITU Households Database,2022,Uzbekistan,UZB,,,,42.45999500106276,,State Committee of the Republic of Uzbekistan on Statistics,2026-07-05
8912,HHA422-%_HH-NOCHILDREN-,HH04 - Households with a computer - %_HH - NOCHILDREN,% of households,ITU Households Database,2022,Uzbekistan,UZB,Family,No Children,,32.40518511900879,,Statistics Agency under the President of the Republic of Uzbekistan,2026-07-05
8915,HHA422-%_HH-RURAL-,HH04 - Households with a computer - %_HH - RURAL,% of households,ITU Households Database,2022,Uzbekistan,UZB,Location,Rural,,38.00740645410679,,Statistics Agency under the President of the Republic of Uzbekistan,2026-07-06
8913,HHA422-%_HH-NOCHILDREN-RURAL,HH04 - Households with a computer - %_HH - NOCHILDREN - RURAL,% of households,ITU Households Database,2022,Uzbekistan,UZB,Location,No Children,Rural,15.325856532172866,,Statistics Agency under the President of the Republic of Uzbekistan,2026-07-05
8907,HHA422-%_HH-CHILDREN-RURAL,HH04 - Households with a computer - %_HH - CHILDREN - RURAL,% of households,ITU Households Database,2022,Uzbekistan,UZB,Location,Children,Rural,44.26556093493016,,Statistics Agency under the President of the Republic of Uzbekistan,2026-07-06
8914,HHA422-%_HH-NOCHILDREN-URBAN,HH04 - Households with a computer - %_HH - NOCHILDREN - URBAN,% of households,ITU Households Database,2022,Uzbekistan,UZB,Location,No Children,Urban,43.40267453783042,,Statistics Agency under the President of the Republic of Uzbekistan,2026-07-05
8916,HHA422-%_HH-URBAN-,HH04 - Households with a computer - %_HH - URBAN,% of households,ITU Households Database,2022,Uzbekistan,UZB,Location,Urban,,46.30791926092772,,Statistics Agency under the President of the Republic of Uzbekistan,2026-07-05
8908,HHA422-%_HH-CHILDREN-URBAN,HH04 - Households with a computer - %_HH - CHILDREN - URBAN,% of households,ITU Households Database,2022,Uzbekistan,UZB,Location,Children,Urban,47.495805773995876,,Statistics Agency under the President of the Republic of Uzbekistan,2026-07-05
8906,HHA422-%_HH-CHILDREN-,HH04 - Households with a computer - %_HH - CHILDREN,% of households,ITU Households Database,2022,Uzbekistan,UZB,Family,Children,,45.91853162527669,,Statistics Agency under the President of the Republic of Uzbekistan,2026-07-06
8917,HHA422-%_HH--,HH04 - Households with a computer - %_HH,% of households,ITU Households Database,2022,Viet Nam,VNM,,,,27.180898373694895,,Ministry of Information and Communications,2026-07-05
8908,HHA422-%_HH-CHILDREN-URBAN,HH04 - Households with a computer - %_HH - CHILDREN - URBAN,% of households,ITU Households Database,2022,Serbia,SRB,Location,Children,Urban,78.60675248163767,,Statistical Office of the Republic of Serbia,2026-07-07
8913,HHA422-%_HH-NOCHILDREN-RURAL,HH04 - Households with a computer - %_HH - NOCHILDREN - RURAL,% of households,ITU Households Database,2022,Serbia,SRB,Location,No Children,Rural,99.48606195656923,,Statistical Office of the Republic of Serbia,2026-07-07
8916,HHA422-%_HH-URBAN-,HH04 - Households with a computer - %_HH - URBAN,% of households,ITU Households Database,2022,Serbia,SRB,Location,Urban,,82.8816675806532,,Statistical Office of the Republic of Serbia,2025-07-04
8917,HHA422-%_HH--,HH04 - Households with a computer - %_HH,% of households,ITU Households Database,2022,Serbia,SRB,,,,77.03208160239708,,Statistical Office of the Republic of Serbia,2026-07-05
8914,HHA422-%_HH-NOCHILDREN-URBAN,HH04 - Households with a computer - %_HH - NOCHILDREN - URBAN,% of households,ITU Households Database,2022,Serbia,SRB,Location,No Children,Urban,99.71045859738906,,Statistical Office of the Republic of Serbia,2026-07-07
8915,HHA422-%_HH-RURAL-,HH04 - Households with a computer - %_HH - RURAL,% of households,ITU Households Database,2022,Serbia,SRB,Location,Rural,,67.18970115487002,,Statistical Office of the Republic of Serbia,2026-07-06
8907,HHA422-%_HH-CHILDREN-RURAL,HH04 - Households with a computer - %_HH - CHILDREN - RURAL,% of households,ITU Households Database,2022,Serbia,SRB,Location,Children,Rural,57.766931502745564,,Statistical Office of the Republic of Serbia,2026-07-07
8912,HHA422-%_HH-NOCHILDREN-,HH04 - Households with a computer - %_HH - NOCHILDREN,% of households,ITU Households Database,2022,Serbia,SRB,Family,No Children,,99.62102330238683,,Statistical Office of the Republic of Serbia,2026-07-07
8906,HHA422-%_HH-CHILDREN-,HH04 - Households with a computer - %_HH - CHILDREN,% of households,ITU Households Database,2022,Serbia,SRB,Family,Children,,70.98208013189937,,Statistical Office of the Republic of Serbia,2026-07-07
8915,HHA422-%_HH-RURAL-,HH04 - Households with a computer - %_HH - RURAL,% of households,ITU Households Database,2022,Moldova,MDA,Location,Rural,,51.468899207508166,,National Bureau of Statistics of the Republic of Moldova,2026-07-06
8906,HHA422-%_HH-CHILDREN-,HH04 - Households with a computer - %_HH - CHILDREN,% of households,ITU Households Database,2022,Moldova,MDA,Family,Children,,85.03548447166415,,National Bureau of Statistics of the Republic of Moldova,2026-07-06
8907,HHA422-%_HH-CHILDREN-RURAL,HH04 - Households with a computer - %_HH - CHILDREN - RURAL,% of households,ITU Households Database,2022,Moldova,MDA,Location,Children,Rural,78.32624772736592,,National Bureau of Statistics of the Republic of Moldova,2026-07-06
8908,HHA422-%_HH-CHILDREN-URBAN,HH04 - Households with a computer - %_HH - CHILDREN - URBAN,% of households,ITU Households Database,2022,Moldova,MDA,Location,Children,Urban,91.86734409799554,,National Bureau of Statistics of the Republic of Moldova,2026-07-05
8914,HHA422-%_HH-NOCHILDREN-URBAN,HH04 - Households with a computer - %_HH - NOCHILDREN - URBAN,% of households,ITU Households Database,2022,Moldova,MDA,Location,No Children,Urban,65.07338410937615,,National Bureau of Statistics of the Republic of Moldova,2026-07-05
8916,HHA422-%_HH-URBAN-,HH04 - Households with a computer - %_HH - URBAN,% of households,ITU Households Database,2022,Moldova,MDA,Location,Urban,,73.77839483002673,,National Bureau of Statistics of the Republic of Moldova,2026-07-05
8912,HHA422-%_HH-NOCHILDREN-,HH04 - Households with a computer - %_HH - NOCHILDREN,% of households,ITU Households Database,2022,Moldova,MDA,Family,No Children,,51.618729664733344,,National Bureau of Statistics of the Republic of Moldova,2026-07-05
8917,HHA422-%_HH--,HH04 - Households with a computer - %_HH,% of households,ITU Households Database,2022,Moldova,MDA,,,,59.875631704201815,"Based on the estimation of the indicators was used the number of population with usual residence. Starting with 2019, the data are not comparable to the previous period, as the HBS methodology was modified.",National Bureau of Statistics of the Republic of Moldova,2026-07-05
8913,HHA422-%_HH-NOCHILDREN-RURAL,HH04 - Households with a computer - %_HH - NOCHILDREN - RURAL,% of households,ITU Households Database,2022,Moldova,MDA,Location,No Children,Rural,44.75258050897431,,National Bureau of Statistics of the Republic of Moldova,2026-07-05
8917,HHA422-%_HH--,HH04 - Households with a computer - %_HH,% of households,ITU Households Database,2022,Bosnia and Herzegovina,BIH,,,,61.26456725059383,,Agency for Statistics of Bosnia and Herzegovina,2026-07-05
8917,HHA422-%_HH--,HH04 - Households with a computer - %_HH,% of households,ITU Households Database,2022,Georgia,GEO,,,,60.32989820850576,,National Statistics Office of Georgia,2026-07-06
8912,HHA422-%_HH-NOCHILDREN-,HH04 - Households with a computer - %_HH - NOCHILDREN,% of households,ITU Households Database,2022,Georgia,GEO,Family,No Children,,51.132367556041366,,National Statistics Office of Georgia,2026-07-07
8914,HHA422-%_HH-NOCHILDREN-URBAN,HH04 - Households with a computer - %_HH - NOCHILDREN - URBAN,% of households,ITU Households Database,2022,Georgia,GEO,Location,No Children,Urban,63.53349885467397,,National Statistics Office of Georgia,2026-07-07
8907,HHA422-%_HH-CHILDREN-RURAL,HH04 - Households with a computer - %_HH - CHILDREN - RURAL,% of households,ITU Households Database,2022,Georgia,GEO,Location,Children,Rural,71.51621640082098,,National Statistics Office of Georgia,2026-07-07
8916,HHA422-%_HH-URBAN-,HH04 - Households with a computer - %_HH - URBAN,% of households,ITU Households Database,2022,Georgia,GEO,Location,Urban,,70.74756407073505,,National Statistics Office of Georgia,2026-07-05
8908,HHA422-%_HH-CHILDREN-URBAN,HH04 - Households with a computer - %_HH - CHILDREN - URBAN,% of households,ITU Households Database,2022,Georgia,GEO,Location,Children,Urban,86.00397429582598,,National Statistics Office of Georgia,2026-07-07
8906,HHA422-%_HH-CHILDREN-,HH04 - Households with a computer - %_HH - CHILDREN,% of households,ITU Households Database,2022,Georgia,GEO,Family,Children,,79.93381704572124,,National Statistics Office of Georgia,2026-07-07
8913,HHA422-%_HH-NOCHILDREN-RURAL,HH04 - Households with a computer - %_HH - NOCHILDREN - RURAL,% of households,ITU Households Database,2022,Georgia,GEO,Location,No Children,Rural,34.25188937525194,,National Statistics Office of Georgia,2026-07-07
8915,HHA422-%_HH-RURAL-,HH04 - Households with a computer - %_HH - RURAL,% of households,ITU Households Database,2022,Georgia,GEO,Location,Rural,,46.0651308296098,,National Statistics Office of Georgia,2025-07-04
8908,HHA422-%_HH-CHILDREN-URBAN,HH04 - Households with a computer - %_HH - CHILDREN - URBAN,% of households,ITU Households Database,2022,Kazakhstan,KAZ,Location,Children,Urban,92.71062477454687,,"Committee on Statistics, Ministry of National Economy of the Republic of Kazakhstan",2026-07-07
8913,HHA422-%_HH-NOCHILDREN-RURAL,HH04 - Households with a computer - %_HH - NOCHILDREN - RURAL,% of households,ITU Households Database,2022,Kazakhstan,KAZ,Location,No Children,Rural,76.67405574419983,,"Committee on Statistics, Ministry of National Economy of the Republic of Kazakhstan",2026-07-07
8912,HHA422-%_HH-NOCHILDREN-,HH04 - Households with a computer - %_HH - NOCHILDREN,% of households,ITU Households Database,2022,Kazakhstan,KAZ,Family,No Children,,78.78699621245119,,"Committee on Statistics, Ministry of National Economy of the Republic of Kazakhstan",2026-07-07
8916,HHA422-%_HH-URBAN-,HH04 - Households with a computer - %_HH - URBAN,% of households,ITU Households Database,2022,Kazakhstan,KAZ,Location,Urban,,85.44147045343487,,"Committee on Statistics, Ministry of National Economy of the Republic of Kazakhstan",2026-07-05
8906,HHA422-%_HH-CHILDREN-,HH04 - Households with a computer - %_HH - CHILDREN,% of households,ITU Households Database,2022,Kazakhstan,KAZ,Family,Children,,92.00237048200455,,"Committee on Statistics, Ministry of National Economy of the Republic of Kazakhstan",2026-07-07
8914,HHA422-%_HH-NOCHILDREN-URBAN,HH04 - Households with a computer - %_HH - NOCHILDREN - URBAN,% of households,ITU Households Database,2022,Kazakhstan,KAZ,Location,No Children,Urban,79.67128530259366,,"Committee on Statistics, Ministry of National Economy of the Republic of Kazakhstan",2026-07-07
8915,HHA422-%_HH-RURAL-,HH04 - Households with a computer - %_HH - RURAL,% of households,ITU Households Database,2022,Kazakhstan,KAZ,Location,Rural,,83.27633990305158,,"Committee on Statistics, Ministry of National Economy of the Republic of Kazakhstan",2026-07-06
8917,HHA422-%_HH--,HH04 - Households with a computer - %_HH,% of households,ITU Households Database,2022,Kazakhstan,KAZ,,,,84.77391636904979,,"Committee on Statistics, Ministry of National Economy of the Republic of Kazakhstan",2026-07-06
8907,HHA422-%_HH-CHILDREN-RURAL,HH04 - Households with a computer - %_HH - CHILDREN - RURAL,% of households,ITU Households Database,2022,Kazakhstan,KAZ,Location,Children,Rural,90.52708379715223,,"Committee on Statistics, Ministry of National Economy of the Republic of Kazakhstan",2026-07-07
8917,HHA422-%_HH--,HH04 - Households with a computer - %_HH,% of households,ITU Households Database,2022,"Taiwan, Province of China",TWN,,,,80.76000198031784,,National Communications Commission,2026-07-05
8917,HHA422-%_HH--,HH04 - Households with a computer - %_HH,% of households,ITU Households Database,2022,Palestine,PSE,,,,31.44359087187209,,Palestinian Central Bureau of Statistics,2026-07-05
8913,HHA422-%_HH-NOCHILDREN-RURAL,HH04 - Households with a computer - %_HH - NOCHILDREN - RURAL,% of households,ITU Households Database,2021,South Africa,ZAF,Location,No Children,Rural,13.360150879514162,,Statistics South Africa,2026-07-07
8917,HHA422-%_HH--,HH04 - Households with a computer - %_HH,% of households,ITU Households Database,2021,South Africa,ZAF,,,,27.23697468446758,,Statistics South Africa,2026-07-06
8906,HHA422-%_HH-CHILDREN-,HH04 - Households with a computer - %_HH - CHILDREN,% of households,ITU Households Database,2021,South Africa,ZAF,Family,Children,,24.87469793940375,,Statistics South Africa,2026-07-07
8915,HHA422-%_HH-RURAL-,HH04 - Households with a computer - %_HH - RURAL,% of households,ITU Households Database,2021,South Africa,ZAF,Location,Rural,,12.029574309619875,,Statistics South Africa,2026-07-06
8907,HHA422-%_HH-CHILDREN-RURAL,HH04 - Households with a computer - %_HH - CHILDREN - RURAL,% of households,ITU Households Database,2021,South Africa,ZAF,Location,Children,Rural,10.976099324373562,,Statistics South Africa,2026-07-07
8914,HHA422-%_HH-NOCHILDREN-URBAN,HH04 - Households with a computer - %_HH - NOCHILDREN - URBAN,% of households,ITU Households Database,2021,South Africa,ZAF,Location,No Children,Urban,35.31963696536077,,Statistics South Africa,2026-07-07
8912,HHA422-%_HH-NOCHILDREN-,HH04 - Households with a computer - %_HH - NOCHILDREN,% of households,ITU Households Database,2021,South Africa,ZAF,Family,No Children,,29.495095997347736,,Statistics South Africa,2026-07-07
8908,HHA422-%_HH-CHILDREN-URBAN,HH04 - Households with a computer - %_HH - CHILDREN - URBAN,% of households,ITU Households Database,2021,South Africa,ZAF,Location,Children,Urban,32.37370761386856,,Statistics South Africa,2026-07-07
8916,HHA422-%_HH-URBAN-,HH04 - Households with a computer - %_HH - URBAN,% of households,ITU Households Database,2021,South Africa,ZAF,Location,Urban,,33.97038046768241,,Statistics South Africa,2026-07-05
8912,HHA422-%_HH-NOCHILDREN-,HH04 - Households with a computer - %_HH - NOCHILDREN,% of households,ITU Households Database,2021,Argentina,ARG,Family,No Children,,63.167195421223376,,INDEC - Instituto Nacional de Estadística y Censo,2026-07-05
8917,HHA422-%_HH--,HH04 - Households with a computer - %_HH,% of households,ITU Households Database,2021,Argentina,ARG,,,,64.14666889536875,,Instituto Nacional de Estadistica y Censos,2026-07-05
8906,HHA422-%_HH-CHILDREN-,HH04 - Households with a computer - %_HH - CHILDREN,% of households,ITU Households Database,2021,Argentina,ARG,Family,Children,,65.56518194021234,,INDEC - Instituto Nacional de Estadística y Censo,2026-07-06
8906,HHA422-%_HH-CHILDREN-,HH04 - Households with a computer - %_HH - CHILDREN,% of households,ITU Households Database,2021,Armenia,ARM,Family,Children,,69.48897812980503,,Statistical Committee of RA,2026-07-07
8917,HHA422-%_HH--,HH04 - Households with a computer - %_HH,% of households,ITU Households Database,2021,Armenia,ARM,,,,59.07407568773364,,The Statistical Committee of the Republic of Armenia,2026-07-06
8912,HHA422-%_HH-NOCHILDREN-,HH04 - Households with a computer - %_HH - NOCHILDREN,% of households,ITU Households Database,2021,Armenia,ARM,Family,No Children,,53.250080548428045,,Statistical Committee of RA,2026-07-07
8915,HHA422-%_HH-RURAL-,HH04 - Households with a computer - %_HH - RURAL,% of households,ITU Households Database,2021,Armenia,ARM,Location,Rural,,51.70002178828219,,Statistical Committee of RA,2026-07-06
8913,HHA422-%_HH-NOCHILDREN-RURAL,HH04 - Households with a computer - %_HH - NOCHILDREN - RURAL,% of households,ITU Households Database,2021,Armenia,ARM,Location,No Children,Rural,45.6730859617349,,Statistical Committee of RA,2025-07-04
8914,HHA422-%_HH-NOCHILDREN-URBAN,HH04 - Households with a computer - %_HH - NOCHILDREN - URBAN,% of households,ITU Households Database,2021,Armenia,ARM,Location,No Children,Urban,56.64971165228443,,Statistical Committee of RA,2026-07-07
8908,HHA422-%_HH-CHILDREN-URBAN,HH04 - Households with a computer - %_HH - CHILDREN - URBAN,% of households,ITU Households Database,2021,Armenia,ARM,Location,Children,Urban,76.52477744718657,,Statistical Committee of RA,2026-07-07
8916,HHA422-%_HH-URBAN-,HH04 - Households with a computer - %_HH - URBAN,% of households,ITU Households Database,2021,Armenia,ARM,Location,Urban,,63.01876337511464,,Statistical Committee of RA,2026-07-05
8907,HHA422-%_HH-CHILDREN-RURAL,HH04 - Households with a computer - %_HH - CHILDREN - RURAL,% of households,ITU Households Database,2021,Armenia,ARM,Location,Children,Rural,59.688029502641285,,Statistical Committee of RA,2026-07-07
8917,HHA422-%_HH--,HH04 - Households with a computer - %_HH,% of households,ITU Households Database,2021,Saudi Arabia,SAU,,,,99.44999968297155,,"The Communications, Space and Technology Commission (CST) ",2026-07-05
8917,HHA422-%_HH--,HH04 - Households with a computer - %_HH,% of households,ITU Households Database,2021,Azerbaijan,AZE,,,,71.68917940964647,,State Statistical Committee of the Republic of Azerbaijan,2026-07-06
8915,HHA422-%_HH-RURAL-,HH04 - Households with a computer - %_HH - RURAL,% of households,ITU Households Database,2021,Azerbaijan,AZE,Location,Rural,,69.76576392437404,,State Statistical Committee,2026-07-06
8916,HHA422-%_HH-URBAN-,HH04 - Households with a computer - %_HH - URBAN,% of households,ITU Households Database,2021,Azerbaijan,AZE,Location,Urban,,81.54629472613193,,State Statistical Committee,2026-07-05
8907,HHA422-%_HH-CHILDREN-RURAL,HH04 - Households with a computer - %_HH - CHILDREN - RURAL,% of households,ITU Households Database,2021,Brazil,BRA,Location,Children,Rural,22.737670362284796,,NIC.br,2026-07-06
8916,HHA422-%_HH-URBAN-,HH04 - Households with a computer - %_HH - URBAN,% of households,ITU Households Database,2021,Brazil,BRA,Location,Urban,,42.05798225606107,,NIC.br,2026-07-05
8906,HHA422-%_HH-CHILDREN-,HH04 - Households with a computer - %_HH - CHILDREN,% of households,ITU Households Database,2021,Brazil,BRA,Family,Children,,41.780462340614335,,NIC.br,2026-07-06
8915,HHA422-%_HH-RURAL-,HH04 - Households with a computer - %_HH - RURAL,% of households,ITU Households Database,2021,Brazil,BRA,Location,Rural,,20.458083902711202,,NIC.br,2026-07-06
8912,HHA422-%_HH-NOCHILDREN-,HH04 - Households with a computer - %_HH - NOCHILDREN,% of households,ITU Households Database,2021,Brazil,BRA,Family,No Children,,37.469061915560914,,NIC.br,2026-07-05
8914,HHA422-%_HH-NOCHILDREN-URBAN,HH04 - Households with a computer - %_HH - NOCHILDREN - URBAN,% of households,ITU Households Database,2021,Brazil,BRA,Location,No Children,Urban,40.063348239425935,,NIC.br,2026-07-05
8917,HHA422-%_HH--,HH04 - Households with a computer - %_HH,% of households,ITU Households Database,2021,Brazil,BRA,,,,39.23801337622352,Brazilian NSO reviewed the weighting methodology changing population totals   - Cetic.br surveys yet to be adjusted,NIC.br,2026-07-06
8913,HHA422-%_HH-NOCHILDREN-RURAL,HH04 - Households with a computer - %_HH - NOCHILDREN - RURAL,% of households,ITU Households Database,2021,Brazil,BRA,Location,No Children,Rural,18.553202458907116,,NIC.br,2026-07-05
8908,HHA422-%_HH-CHILDREN-URBAN,HH04 - Households with a computer - %_HH - CHILDREN - URBAN,% of households,ITU Households Database,2021,Brazil,BRA,Location,Children,Urban,45.00607191318867,,NIC.br,2026-07-05
8908,HHA422-%_HH-CHILDREN-URBAN,HH04 - Households with a computer - %_HH - CHILDREN - URBAN,% of households,ITU Households Database,2021,Bangladesh,BGD,Location,Children,Urban,25.563924042029353,,Bangladesh Bureau of Statistics (BBS),2026-07-07
8914,HHA422-%_HH-NOCHILDREN-URBAN,HH04 - Households with a computer - %_HH - NOCHILDREN - URBAN,% of households,ITU Households Database,2021,Bangladesh,BGD,Location,No Children,Urban,25.593963231472667,,Bangladesh Bureau of Statistics (BBS),2026-07-07
8915,HHA422-%_HH-RURAL-,HH04 - Households with a computer - %_HH - RURAL,% of households,ITU Households Database,2021,Bangladesh,BGD,Location,Rural,,3.0592415420841603,,Bangladesh Bureau of Statistics (BBS),2026-07-06
8906,HHA422-%_HH-CHILDREN-,HH04 - Households with a computer - %_HH - CHILDREN,% of households,ITU Households Database,2021,Bangladesh,BGD,Family,Children,,8.112233258980298,,Bangladesh Bureau of Statistics (BBS),2026-07-07
8907,HHA422-%_HH-CHILDREN-RURAL,HH04 - Households with a computer - %_HH - CHILDREN - RURAL,% of households,ITU Households Database,2021,Bangladesh,BGD,Location,Children,Rural,2.436404210556874,,Bangladesh Bureau of Statistics (BBS),2026-07-07
8912,HHA422-%_HH-NOCHILDREN-,HH04 - Households with a computer - %_HH - NOCHILDREN,% of households,ITU Households Database,2021,Bangladesh,BGD,Family,No Children,,9.810493380841628,,Bangladesh Bureau of Statistics (BBS),2026-07-07
8913,HHA422-%_HH-NOCHILDREN-RURAL,HH04 - Households with a computer - %_HH - NOCHILDREN - RURAL,% of households,ITU Households Database,2021,Bangladesh,BGD,Location,No Children,Rural,4.3593011071180685,,Bangladesh Bureau of Statistics (BBS),2026-07-07
8916,HHA422-%_HH-URBAN-,HH04 - Households with a computer - %_HH - URBAN,% of households,ITU Households Database,2021,Bangladesh,BGD,Location,Urban,,25.57405331030295,,Bangladesh Bureau of Statistics (BBS),2026-07-05
8917,HHA422-%_HH--,HH04 - Households with a computer - %_HH,% of households,ITU Households Database,2021,Bangladesh,BGD,,,,8.667934369987954,,Bangladesh Bureau of Statistics (BBS),2026-07-06
8917,HHA422-%_HH--,HH04 - Households with a computer - %_HH,% of households,ITU Households Database,2021,Bahrain,BHR,,,,94.75227000637467,estimated based on 2021 residential survey,Information and E-Government Authority,2026-07-06
8915,HHA422-%_HH-RURAL-,HH04 - Households with a computer - %_HH - RURAL,% of households,ITU Households Database,2021,Belarus,BLR,Location,Rural,,54.38743985196851,,National Statistical Committee of the Republic of Belarus,2026-07-06
8916,HHA422-%_HH-URBAN-,HH04 - Households with a computer - %_HH - URBAN,% of households,ITU Households Database,2021,Belarus,BLR,Location,Urban,,73.29545025581143,,National Statistical Committee of the Republic of Belarus,2026-07-05
8912,HHA422-%_HH-NOCHILDREN-,HH04 - Households with a computer - %_HH - NOCHILDREN,% of households,ITU Households Database,2021,Belarus,BLR,Family,No Children,,61.550785227067415,,National Statistical Committee of the Republic of Belarus,2026-07-05
8907,HHA422-%_HH-CHILDREN-RURAL,HH04 - Households with a computer - %_HH - CHILDREN - RURAL,% of households,ITU Households Database,2021,Belarus,BLR,Location,Children,Rural,88.75713798687462,,National Statistical Committee of the Republic of Belarus,2026-07-06
8914,HHA422-%_HH-NOCHILDREN-URBAN,HH04 - Households with a computer - %_HH - NOCHILDREN - URBAN,% of households,ITU Households Database,2021,Belarus,BLR,Location,No Children,Urban,66.63023711524959,,National Statistical Committee of the Republic of Belarus,2026-07-05
8906,HHA422-%_HH-CHILDREN-,HH04 - Households with a computer - %_HH - CHILDREN,% of households,ITU Households Database,2021,Belarus,BLR,Family,Children,,92.3854870674323,,National Statistical Committee of the Republic of Belarus,2025-07-04
8913,HHA422-%_HH-NOCHILDREN-RURAL,HH04 - Households with a computer - %_HH - NOCHILDREN - RURAL,% of households,ITU Households Database,2021,Belarus,BLR,Location,No Children,Rural,46.20801651069569,,National Statistical Committee of the Republic of Belarus,2026-07-05
8908,HHA422-%_HH-CHILDREN-URBAN,HH04 - Households with a computer - %_HH - CHILDREN - URBAN,% of households,ITU Households Database,2021,Belarus,BLR,Location,Children,Urban,93.24095541193286,,National Statistical Committee of the Republic of Belarus,2026-07-06
8917,HHA422-%_HH--,HH04 - Households with a computer - %_HH,% of households,ITU Households Database,2021,Belarus,BLR,,,,68.85198797820598,,National Statistical Committee of the Republic of Belarus (Belstat),2026-07-06
8908,HHA422-%_HH-CHILDREN-URBAN,HH04 - Households with a computer - %_HH - CHILDREN - URBAN,% of households,ITU Households Database,2021,Belize,BLZ,Location,Children,Urban,50.8660703782526,,Statistical Institute of Belize,2025-07-04
8907,HHA422-%_HH-CHILDREN-RURAL,HH04 - Households with a computer - %_HH - CHILDREN - RURAL,% of households,ITU Households Database,2021,Belize,BLZ,Location,Children,Rural,32.71032362981515,,Statistical Institute of Belize,2026-07-07
8913,HHA422-%_HH-NOCHILDREN-RURAL,HH04 - Households with a computer - %_HH - NOCHILDREN - RURAL,% of households,ITU Households Database,2021,Belize,BLZ,Location,No Children,Rural,25.581408886490266,,Statistical Institute of Belize,2026-07-07
8912,HHA422-%_HH-NOCHILDREN-,HH04 - Households with a computer - %_HH - NOCHILDREN,% of households,ITU Households Database,2021,Belize,BLZ,Family,No Children,,32.73508523922186,,Statistical Institute of Belize,2026-07-07
8916,HHA422-%_HH-URBAN-,HH04 - Households with a computer - %_HH - URBAN,% of households,ITU Households Database,2021,Belize,BLZ,Location,Urban,,44.533686256792045,,Statistical Institute of Belize,2026-07-05
8915,HHA422-%_HH-RURAL-,HH04 - Households with a computer - %_HH - RURAL,% of households,ITU Households Database,2021,Belize,BLZ,Location,Rural,,29.938965342468332,,Statistical Institute of Belize,2026-07-06
8906,HHA422-%_HH-CHILDREN-,HH04 - Households with a computer - %_HH - CHILDREN,% of households,ITU Households Database,2021,Belize,BLZ,Family,Children,,40.54476649854098,,Statistical Institute of Belize,2026-07-07
8917,HHA422-%_HH--,HH04 - Households with a computer - %_HH,% of households,ITU Households Database,2021,Belize,BLZ,,,,37.04422819861475,,Statistical Institute of Belize,2026-07-05
8914,HHA422-%_HH-NOCHILDREN-URBAN,HH04 - Households with a computer - %_HH - NOCHILDREN - URBAN,% of households,ITU Households Database,2021,Belize,BLZ,Location,No Children,Urban,38.472135314434226,,Statistical Institute of Belize,2026-07-07
8913,HHA422-%_HH-NOCHILDREN-RURAL,HH04 - Households with a computer - %_HH - NOCHILDREN - RURAL,% of households,ITU Households Database,2021,Bolivia (Plurinational State of),BOL,Location,No Children,Rural,7.078198827757786,,Instituto Nacional de Estadística,2026-07-05
8907,HHA422-%_HH-CHILDREN-RURAL,HH04 - Households with a computer - %_HH - CHILDREN - RURAL,% of households,ITU Households Database,2021,Bolivia (Plurinational State of),BOL,Location,Children,Rural,9.823779853541732,,Instituto Nacional de Estadística,2026-07-06
8914,HHA422-%_HH-NOCHILDREN-URBAN,HH04 - Households with a computer - %_HH - NOCHILDREN - URBAN,% of households,ITU Households Database,2021,Bolivia (Plurinational State of),BOL,Location,No Children,Urban,39.116552829450946,,Instituto Nacional de Estadística,2026-07-05
8906,HHA422-%_HH-CHILDREN-,HH04 - Households with a computer - %_HH - CHILDREN,% of households,ITU Households Database,2021,Bolivia (Plurinational State of),BOL,Family,Children,,26.672971297123873,,Instituto Nacional de Estadística,2026-07-06
8916,HHA422-%_HH-URBAN-,HH04 - Households with a computer - %_HH - URBAN,% of households,ITU Households Database,2021,Bolivia (Plurinational State of),BOL,Location,Urban,,36.12899950040537,,Instituto Nacional de Estadística,2026-07-05
8917,HHA422-%_HH--,HH04 - Households with a computer - %_HH,% of households,ITU Households Database,2021,Bolivia (Plurinational State of),BOL,,,,27.568452706049744,,Instituto Nacional de Estadística,2026-07-05
8912,HHA422-%_HH-NOCHILDREN-,HH04 - Households with a computer - %_HH - NOCHILDREN,% of households,ITU Households Database,2021,Bolivia (Plurinational State of),BOL,Family,No Children,,28.501488195257984,,Instituto Nacional de Estadística,2026-07-05
8908,HHA422-%_HH-CHILDREN-URBAN,HH04 - Households with a computer - %_HH - CHILDREN - URBAN,% of households,ITU Households Database,2021,Bolivia (Plurinational State of),BOL,Location,Children,Urban,33.441496940876,,Instituto Nacional de Estadística,2025-07-04
8915,HHA422-%_HH-RURAL-,HH04 - Households with a computer - %_HH - RURAL,% of households,ITU Households Database,2021,Bolivia (Plurinational State of),BOL,Location,Rural,,8.37968731173266,,Instituto Nacional de Estadística,2025-07-04
8907,HHA422-%_HH-CHILDREN-RURAL,HH04 - Households with a computer - %_HH - CHILDREN - RURAL,% of households,ITU Households Database,2021,Bhutan,BTN,Location,Children,Rural,9.70468380540323,,MINISTRY OF INFORMATION AND COMMUNICATIONS,2025-07-04
8916,HHA422-%_HH-URBAN-,HH04 - Households with a computer - %_HH - URBAN,% of households,ITU Households Database,2021,Bhutan,BTN,Location,Urban,,38.01299938746342,,MINISTRY OF INFORMATION AND COMMUNICATIONS,2026-07-05
8914,HHA422-%_HH-NOCHILDREN-URBAN,HH04 - Households with a computer - %_HH - NOCHILDREN - URBAN,% of households,ITU Households Database,2021,Bhutan,BTN,Location,No Children,Urban,38.106332416942365,,MINISTRY OF INFORMATION AND COMMUNICATIONS,2026-07-05
8913,HHA422-%_HH-NOCHILDREN-RURAL,HH04 - Households with a computer - %_HH - NOCHILDREN - RURAL,% of households,ITU Households Database,2021,Bhutan,BTN,Location,No Children,Rural,9.177533771919556,,MINISTRY OF INFORMATION AND COMMUNICATIONS,2026-07-05
8917,HHA422-%_HH--,HH04 - Households with a computer - %_HH,% of households,ITU Households Database,2021,Bhutan,BTN,,,,19.891381932160257,,Ministry of Information and Communication,2026-07-05
8915,HHA422-%_HH-RURAL-,HH04 - Households with a computer - %_HH - RURAL,% of households,ITU Households Database,2021,Bhutan,BTN,Location,Rural,,9.483794690403839,,MINISTRY OF INFORMATION AND COMMUNICATIONS,2026-07-06
8906,HHA422-%_HH-CHILDREN-,HH04 - Households with a computer - %_HH - CHILDREN,% of households,ITU Households Database,2021,Bhutan,BTN,Family,Children,,20.579527753994697,,MINISTRY OF INFORMATION AND COMMUNICATIONS,2026-07-06
8908,HHA422-%_HH-CHILDREN-URBAN,HH04 - Households with a computer - %_HH - CHILDREN - URBAN,% of households,ITU Households Database,2021,Bhutan,BTN,Location,Children,Urban,37.963012597158944,,MINISTRY OF INFORMATION AND COMMUNICATIONS,2026-07-05
8912,HHA422-%_HH-NOCHILDREN-,HH04 - Households with a computer - %_HH - NOCHILDREN,% of households,ITU Households Database,2021,Bhutan,BTN,Family,No Children,,18.850313210957708,,MINISTRY OF INFORMATION AND COMMUNICATIONS,2026-07-05
8915,HHA422-%_HH-RURAL-,HH04 - Households with a computer - %_HH - RURAL,% of households,ITU Households Database,2021,Colombia,COL,Location,Rural,,9.674277736494854,,Departamento Administrativo Nacional de Estadística - DANE,2026-07-06
8917,HHA422-%_HH--,HH04 - Households with a computer - %_HH,% of households,ITU Households Database,2021,Colombia,COL,,,,37.87852192101054,"Los datos son expandidos con proyecciones de población, elaboradas con base en los resultados del censo 2018. La población objetivo de la encuesta corresponde a las personas de 5 años y más de edad.",Departamento Administrativo Nacional de Estadistica (DANE),2026-07-06
8916,HHA422-%_HH-URBAN-,HH04 - Households with a computer - %_HH - URBAN,% of households,ITU Households Database,2021,Colombia,COL,Location,Urban,,46.25398211017721,,Departamento Administrativo Nacional de Estadística - DANE,2026-07-05
8917,HHA422-%_HH--,HH04 - Households with a computer - %_HH,% of households,ITU Households Database,2021,Sri Lanka,LKA,,,,23.92755891986691,,Department of Census and Statistics,2026-07-05
8906,HHA422-%_HH-CHILDREN-,HH04 - Households with a computer - %_HH - CHILDREN,% of households,ITU Households Database,2021,Costa Rica,CRI,Family,Children,,49.51929691065365,,Instituto Nacional de Estadística y Censos,2026-07-06
8908,HHA422-%_HH-CHILDREN-URBAN,HH04 - Households with a computer - %_HH - CHILDREN - URBAN,% of households,ITU Households Database,2021,Costa Rica,CRI,Location,Children,Urban,56.013360478432375,,Instituto Nacional de Estadística y Censos,2026-07-05
8915,HHA422-%_HH-RURAL-,HH04 - Households with a computer - %_HH - RURAL,% of households,ITU Households Database,2021,Costa Rica,CRI,Location,Rural,,35.79089422390832,,Instituto Nacional de Estadística y Censos,2026-07-06
8916,HHA422-%_HH-URBAN-,HH04 - Households with a computer - %_HH - URBAN,% of households,ITU Households Database,2021,Costa Rica,CRI,Location,Urban,,59.238237092054206,,Instituto Nacional de Estadística y Censos,2026-07-05
8913,HHA422-%_HH-NOCHILDREN-RURAL,HH04 - Households with a computer - %_HH - NOCHILDREN - RURAL,% of households,ITU Households Database,2021,Costa Rica,CRI,Location,No Children,Rural,43.56075699929584,,Instituto Nacional de Estadística y Censos,2026-07-05
8912,HHA422-%_HH-NOCHILDREN-,HH04 - Households with a computer - %_HH - NOCHILDREN,% of households,ITU Households Database,2021,Costa Rica,CRI,Family,No Children,,58.67209717229168,,Instituto Nacional de Estadística y Censos,2026-07-06
8907,HHA422-%_HH-CHILDREN-RURAL,HH04 - Households with a computer - %_HH - CHILDREN - RURAL,% of households,ITU Households Database,2021,Costa Rica,CRI,Location,Children,Rural,30.48116772419864,,Instituto Nacional de Estadística y Censos,2026-07-06
8917,HHA422-%_HH--,HH04 - Households with a computer - %_HH,% of households,ITU Households Database,2021,Costa Rica,CRI,,,,52.826805771585725,,Instituto Nacional de Estadisticas y Censos,2026-07-06
8914,HHA422-%_HH-NOCHILDREN-URBAN,HH04 - Households with a computer - %_HH - NOCHILDREN - URBAN,% of households,ITU Households Database,2021,Costa Rica,CRI,Location,No Children,Urban,65.37209544346749,,Instituto Nacional de Estadística y Censos,2026-07-05
8917,HHA422-%_HH--,HH04 - Households with a computer - %_HH,% of households,ITU Households Database,2021,Cyprus,CYP,,,,79.98922738552494,,Statistical Service of Cyprus,2026-07-06
8917,HHA422-%_HH--,HH04 - Households with a computer - %_HH,% of households,ITU Households Database,2021,Denmark,DNK,,,,85.98138143178352,Data source: Home appliances,Statistics Denmark,2026-07-06
8908,HHA422-%_HH-CHILDREN-URBAN,HH04 - Households with a computer - %_HH - CHILDREN - URBAN,% of households,ITU Households Database,2021,Dominican Rep.,DOM,Location,Children,Urban,61.65793502687519,,National Bureau of Statistics.,2026-07-05
8907,HHA422-%_HH-CHILDREN-RURAL,HH04 - Households with a computer - %_HH - CHILDREN - RURAL,% of households,ITU Households Database,2021,Dominican Rep.,DOM,Location,Children,Rural,56.78287816091847,,National Bureau of Statistics.,2026-07-06
8913,HHA422-%_HH-NOCHILDREN-RURAL,HH04 - Households with a computer - %_HH - NOCHILDREN - RURAL,% of households,ITU Households Database,2021,Dominican Rep.,DOM,Location,No Children,Rural,14.507580284568695,,National Bureau of Statistics.,2026-07-05
8916,HHA422-%_HH-URBAN-,HH04 - Households with a computer - %_HH - URBAN,% of households,ITU Households Database,2021,Dominican Rep.,DOM,Location,Urban,,45.141652719911264,,National Bureau of Statistics.,2026-07-05
8915,HHA422-%_HH-RURAL-,HH04 - Households with a computer - %_HH - RURAL,% of households,ITU Households Database,2021,Dominican Rep.,DOM,Location,Rural,,32.76934576042538,,National Bureau of Statistics.,2026-07-06
8917,HHA422-%_HH--,HH04 - Households with a computer - %_HH,% of households,ITU Households Database,2021,Dominican Rep.,DOM,,,,43.076935614166025,,Oficina Nacional de Estadistica,2026-07-05
8914,HHA422-%_HH-NOCHILDREN-URBAN,HH04 - Households with a computer - %_HH - NOCHILDREN - URBAN,% of households,ITU Households Database,2021,Dominican Rep.,DOM,Location,No Children,Urban,32.4315820354283,,National Bureau of Statistics.,2025-07-04
8906,HHA422-%_HH-CHILDREN-,HH04 - Households with a computer - %_HH - CHILDREN,% of households,ITU Households Database,2021,Dominican Rep.,DOM,Family,Children,,60.84891776743403,,National Bureau of Statistics.,2026-07-06
8912,HHA422-%_HH-NOCHILDREN-,HH04 - Households with a computer - %_HH - NOCHILDREN,% of households,ITU Households Database,2021,Dominican Rep.,DOM,Family,No Children,,29.427558516414287,,National Bureau of Statistics.,2026-07-05
8908,HHA422-%_HH-CHILDREN-URBAN,HH04 - Households with a computer - %_HH - CHILDREN - URBAN,% of households,ITU Households Database,2021,Spain,ESP,Location,Children,Urban,96.30436770796588,,Instituto Nacional de Estadística (INE),2026-07-05
8914,HHA422-%_HH-NOCHILDREN-URBAN,HH04 - Households with a computer - %_HH - NOCHILDREN - URBAN,% of households,ITU Households Database,2021,Spain,ESP,Location,No Children,Urban,83.23071936819123,,Instituto Nacional de Estadística (INE),2026-07-05
8917,HHA422-%_HH--,HH04 - Households with a computer - %_HH,% of households,ITU Households Database,2021,Spain,ESP,,,,83.74024821091372,HHs with at least one member aged 16 to 74,Instituto Nacional de Estadistica,2026-07-05
8915,HHA422-%_HH-RURAL-,HH04 - Households with a computer - %_HH - RURAL,% of households,ITU Households Database,2021,Spain,ESP,Location,Rural,,80.40510733904193,,Instituto Nacional de Estadística (INE),2026-07-06
8912,HHA422-%_HH-NOCHILDREN-,HH04 - Households with a computer - %_HH - NOCHILDREN,% of households,ITU Households Database,2021,Spain,ESP,Family,No Children,,79.29335644349018,,Instituto Nacional de Estadística (INE),2026-07-06
8907,HHA422-%_HH-CHILDREN-RURAL,HH04 - Households with a computer - %_HH - CHILDREN - RURAL,% of households,ITU Households Database,2021,Spain,ESP,Location,Children,Rural,95.35880579718142,,Instituto Nacional de Estadística (INE),2026-07-06
8906,HHA422-%_HH-CHILDREN-,HH04 - Households with a computer - %_HH - CHILDREN,% of households,ITU Households Database,2021,Spain,ESP,Family,Children,,95.84447538682637,,Instituto Nacional de Estadística (INE),2026-07-06
8916,HHA422-%_HH-URBAN-,HH04 - Households with a computer - %_HH - URBAN,% of households,ITU Households Database,2021,Spain,ESP,Location,Urban,,86.56021431697555,,Instituto Nacional de Estadística (INE),2026-07-05
8913,HHA422-%_HH-NOCHILDREN-RURAL,HH04 - Households with a computer - %_HH - NOCHILDREN - RURAL,% of households,ITU Households Database,2021,Spain,ESP,Location,No Children,Rural,74.43756198435076,,Instituto Nacional de Estadística (INE),2026-07-05
8917,HHA422-%_HH--,HH04 - Households with a computer - %_HH,% of households,ITU Households Database,2021,Finland,FIN,,,,89.24347014925374,,Statistics Finland,2026-07-05
8917,HHA422-%_HH--,HH04 - Households with a computer - %_HH,% of households,ITU Households Database,2021,"Hong Kong, China",HKG,,,,75.75080942279781,,Census and Statistics Department,2026-07-06
8906,HHA422-%_HH-CHILDREN-,HH04 - Households with a computer - %_HH - CHILDREN,% of households,ITU Households Database,2021,"Hong Kong, China",HKG,Family,Children,,95.17684887459808,,Census and Statistics Department,2026-07-07
8912,HHA422-%_HH-NOCHILDREN-,HH04 - Households with a computer - %_HH - NOCHILDREN,% of households,ITU Households Database,2021,"Hong Kong, China",HKG,Family,No Children,,70.99240177909563,,Census and Statistics Department,2026-07-07
8916,HHA422-%_HH-URBAN-,HH04 - Households with a computer - %_HH - URBAN,% of households,ITU Households Database,2021,Croatia,HRV,Location,Urban,,80.41413769964781,,Croatian Bureau of Statistics,2026-07-05
8917,HHA422-%_HH--,HH04 - Households with a computer - %_HH,% of households,ITU Households Database,2021,Croatia,HRV,,,,76.90342703419236,,Croatian Bureau of Statistics,2026-07-05
8915,HHA422-%_HH-RURAL-,HH04 - Households with a computer - %_HH - RURAL,% of households,ITU Households Database,2021,Croatia,HRV,Location,Rural,,71.24668359399656,,Croatian Bureau of Statistics,2026-07-06
8917,HHA422-%_HH--,HH04 - Households with a computer - %_HH,% of households,ITU Households Database,2021,Italy,ITA,,,,70.33221971631178,,Italian National Institute of Statistics,2026-07-05
8912,HHA422-%_HH-NOCHILDREN-,HH04 - Households with a computer - %_HH - NOCHILDREN,% of households,ITU Households Database,2021,Indonesia,IDN,Family,No Children,,19.12247634081348,,BPS-Statistics Indonesia,2026-07-05
8916,HHA422-%_HH-URBAN-,HH04 - Households with a computer - %_HH - URBAN,% of households,ITU Households Database,2021,Indonesia,IDN,Location,Urban,,25.39898254584509,,BPS-Statistics Indonesia,2026-07-05
8908,HHA422-%_HH-CHILDREN-URBAN,HH04 - Households with a computer - %_HH - CHILDREN - URBAN,% of households,ITU Households Database,2021,Indonesia,IDN,Location,Children,Urban,24.387696767180643,,BPS-Statistics Indonesia,2026-07-05
8915,HHA422-%_HH-RURAL-,HH04 - Households with a computer - %_HH - RURAL,% of households,ITU Households Database,2021,Indonesia,IDN,Location,Rural,,8.815948718187524,,BPS-Statistics Indonesia,2026-07-06
8917,HHA422-%_HH--,HH04 - Households with a computer - %_HH,% of households,ITU Households Database,2021,Indonesia,IDN,,,,18.24054010594261,,BPS-Statistics Indonesia,2026-07-06
8906,HHA422-%_HH-CHILDREN-,HH04 - Households with a computer - %_HH - CHILDREN,% of households,ITU Households Database,2021,Indonesia,IDN,Family,Children,,17.55740286052027,,BPS-Statistics Indonesia,2026-07-06
8913,HHA422-%_HH-NOCHILDREN-RURAL,HH04 - Households with a computer - %_HH - NOCHILDREN - RURAL,% of households,ITU Households Database,2021,Indonesia,IDN,Location,No Children,Rural,8.447185908914369,,BPS-Statistics Indonesia,2026-07-05
8914,HHA422-%_HH-NOCHILDREN-URBAN,HH04 - Households with a computer - %_HH - NOCHILDREN - URBAN,% of households,ITU Households Database,2021,Indonesia,IDN,Location,No Children,Urban,26.630508126795,,BPS-Statistics Indonesia,2025-07-04
8907,HHA422-%_HH-CHILDREN-RURAL,HH04 - Households with a computer - %_HH - CHILDREN - RURAL,% of households,ITU Households Database,2021,Indonesia,IDN,Location,Children,Rural,9.08027085412734,,BPS-Statistics Indonesia,2025-07-04
8912,HHA422-%_HH-NOCHILDREN-,HH04 - Households with a computer - %_HH - NOCHILDREN,% of households,ITU Households Database,2021,Israel,ISR,Family,No Children,,77.29309689836646,does not have children under 18,CENTRAL BUREAU OF STATISTICS,2026-07-07
8906,HHA422-%_HH-CHILDREN-,HH04 - Households with a computer - %_HH - CHILDREN,% of households,ITU Households Database,2021,Israel,ISR,Family,Children,,86.14608254023088,has children under 18,CENTRAL BUREAU OF STATISTICS,2026-07-07
8917,HHA422-%_HH--,HH04 - Households with a computer - %_HH,% of households,ITU Households Database,2021,Israel,ISR,,,,81.0071667256578,Data from the Social survey 2021,Central Bureau of Statistics,2025-07-04
8916,HHA422-%_HH-URBAN-,HH04 - Households with a computer - %_HH - URBAN,% of households,ITU Households Database,2021,Israel,ISR,Location,Urban,,80.43794883464048,,CENTRAL BUREAU OF STATISTICS,2026-07-05
8914,HHA422-%_HH-NOCHILDREN-URBAN,HH04 - Households with a computer - %_HH - NOCHILDREN - URBAN,% of households,ITU Households Database,2021,Israel,ISR,Location,No Children,Urban,76.84386939169708,does not have children under 18,CENTRAL BUREAU OF STATISTICS,2026-07-07
8907,HHA422-%_HH-CHILDREN-RURAL,HH04 - Households with a computer - %_HH - CHILDREN - RURAL,% of households,ITU Households Database,2021,Israel,ISR,Location,Children,Rural,93.65675038690688,has children under 18,CENTRAL BUREAU OF STATISTICS,2026-07-07
8913,HHA422-%_HH-NOCHILDREN-RURAL,HH04 - Households with a computer - %_HH - NOCHILDREN - RURAL,% of households,ITU Households Database,2021,Israel,ISR,Location,No Children,Rural,83.2277212523347,does not have children under 18,CENTRAL BUREAU OF STATISTICS,2025-07-04
8915,HHA422-%_HH-RURAL-,HH04 - Households with a computer - %_HH - RURAL,% of households,ITU Households Database,2021,Israel,ISR,Location,Rural,,87.99846377374904,,CENTRAL BUREAU OF STATISTICS,2026-07-06
8908,HHA422-%_HH-CHILDREN-URBAN,HH04 - Households with a computer - %_HH - CHILDREN - URBAN,% of households,ITU Households Database,2021,Israel,ISR,Location,Children,Urban,85.4743544278146,has children under 18,CENTRAL BUREAU OF STATISTICS,2025-07-04
8908,HHA422-%_HH-CHILDREN-URBAN,HH04 - Households with a computer - %_HH - CHILDREN - URBAN,% of households,ITU Households Database,2021,Japan,JPN,Location,Children,Urban,91.0976325572295,Number of households*Survey result(%),Ministry of Internal Affairs and Communications,2025-07-04
8907,HHA422-%_HH-CHILDREN-RURAL,HH04 - Households with a computer - %_HH - CHILDREN - RURAL,% of households,ITU Households Database,2021,Japan,JPN,Location,Children,Rural,88.15281156102446,Number of households*Survey result(%),Ministry of Internal Affairs and Communications,2026-07-07
8915,HHA422-%_HH-RURAL-,HH04 - Households with a computer - %_HH - RURAL,% of households,ITU Households Database,2021,Japan,JPN,Location,Rural,,72.60090232898428,Number of households*Survey result(%),Ministry of Internal Affairs and Communications,2026-07-06
8906,HHA422-%_HH-CHILDREN-,HH04 - Households with a computer - %_HH - CHILDREN,% of households,ITU Households Database,2021,Japan,JPN,Family,Children,,89.39669421487604,Number of households*Survey result(%),Ministry of Internal Affairs and Communications,2026-07-07
8917,HHA422-%_HH--,HH04 - Households with a computer - %_HH,% of households,ITU Households Database,2021,Japan,JPN,,,,75.48817902905613,Number of households*Survey result(%),Ministry of Internal Affairs and Communications,2026-07-05
8913,HHA422-%_HH-NOCHILDREN-RURAL,HH04 - Households with a computer - %_HH - NOCHILDREN - RURAL,% of households,ITU Households Database,2021,Japan,JPN,Location,No Children,Rural,68.390470656595,Number of households*Survey result(%),Ministry of Internal Affairs and Communications,2025-07-04
8916,HHA422-%_HH-URBAN-,HH04 - Households with a computer - %_HH - URBAN,% of households,ITU Households Database,2021,Japan,JPN,Location,Urban,,79.67443712124563,Number of households*Survey result(%),Ministry of Internal Affairs and Communications,2026-07-05
8914,HHA422-%_HH-NOCHILDREN-URBAN,HH04 - Households with a computer - %_HH - NOCHILDREN - URBAN,% of households,ITU Households Database,2021,Japan,JPN,Location,No Children,Urban,76.34181194627037,Number of households*Survey result(%),Ministry of Internal Affairs and Communications,2026-07-07
8912,HHA422-%_HH-NOCHILDREN-,HH04 - Households with a computer - %_HH - NOCHILDREN,% of households,ITU Households Database,2021,Japan,JPN,Family,No Children,,71.60240129300392,Number of households*Survey result(%),Ministry of Internal Affairs and Communications,2026-07-07
8906,HHA422-%_HH-CHILDREN-,HH04 - Households with a computer - %_HH - CHILDREN,% of households,ITU Households Database,2021,Jamaica,JAM,Family,Children,,79.5176636498331,,Statistical Institute of Jamaica,2025-07-04
8912,HHA422-%_HH-NOCHILDREN-,HH04 - Households with a computer - %_HH - NOCHILDREN,% of households,ITU Households Database,2021,Jamaica,JAM,Family,No Children,,35.43651718635133,,Statistical Institute of Jamaica,2026-07-07
8915,HHA422-%_HH-RURAL-,HH04 - Households with a computer - %_HH - RURAL,% of households,ITU Households Database,2021,Jamaica,JAM,Location,Rural,,42.267267267267265,,Statistical Institute of Jamaica,2026-07-06
8913,HHA422-%_HH-NOCHILDREN-RURAL,HH04 - Households with a computer - %_HH - NOCHILDREN - RURAL,% of households,ITU Households Database,2021,Jamaica,JAM,Location,No Children,Rural,23.217416831298248,,Statistical Institute of Jamaica,2026-07-07
8908,HHA422-%_HH-CHILDREN-URBAN,HH04 - Households with a computer - %_HH - CHILDREN - URBAN,% of households,ITU Households Database,2021,Jamaica,JAM,Location,Children,Urban,85.97192573172596,,Statistical Institute of Jamaica,2026-07-07
8907,HHA422-%_HH-CHILDREN-RURAL,HH04 - Households with a computer - %_HH - CHILDREN - RURAL,% of households,ITU Households Database,2021,Jamaica,JAM,Location,Children,Rural,72.37181134843365,,Statistical Institute of Jamaica,2026-07-07
8916,HHA422-%_HH-URBAN-,HH04 - Households with a computer - %_HH - URBAN,% of households,ITU Households Database,2021,Jamaica,JAM,Location,Urban,,60.33063900883364,,Statistical Institute of Jamaica,2026-07-05
8914,HHA422-%_HH-NOCHILDREN-URBAN,HH04 - Households with a computer - %_HH - NOCHILDREN - URBAN,% of households,ITU Households Database,2021,Jamaica,JAM,Location,No Children,Urban,45.514391443332364,,Statistical Institute of Jamaica,2026-07-07
8917,HHA422-%_HH--,HH04 - Households with a computer - %_HH,% of households,ITU Households Database,2021,Jamaica,JAM,,,,52.01281236574539,,Statistical Institute of Jamaica,2026-07-05
8917,HHA422-%_HH--,HH04 - Households with a computer - %_HH,% of households,ITU Households Database,2021,Jordan,JOR,,,,27.799982770517794,,Ministry of Communications and Information Technology ,2026-07-06
8912,HHA422-%_HH-NOCHILDREN-,HH04 - Households with a computer - %_HH - NOCHILDREN,% of households,ITU Households Database,2021,Korea (Rep. of),KOR,Family,No Children,,69.22246198383804,,Ministriy of Sceience and ICT(MSIT),2026-07-05
8916,HHA422-%_HH-URBAN-,HH04 - Households with a computer - %_HH - URBAN,% of households,ITU Households Database,2021,Korea (Rep. of),KOR,Location,Urban,,75.70894732233312,,Ministriy of Sceience and ICT(MSIT),2026-07-05
8907,HHA422-%_HH-CHILDREN-RURAL,HH04 - Households with a computer - %_HH - CHILDREN - RURAL,% of households,ITU Households Database,2021,Korea (Rep. of),KOR,Location,Children,Rural,95.4617014291289,,Ministriy of Sceience and ICT(MSIT),2025-07-04
8913,HHA422-%_HH-NOCHILDREN-RURAL,HH04 - Households with a computer - %_HH - NOCHILDREN - RURAL,% of households,ITU Households Database,2021,Korea (Rep. of),KOR,Location,No Children,Rural,62.58219829165276,,Ministriy of Sceience and ICT(MSIT),2026-07-05
8908,HHA422-%_HH-CHILDREN-URBAN,HH04 - Households with a computer - %_HH - CHILDREN - URBAN,% of households,ITU Households Database,2021,Korea (Rep. of),KOR,Location,Children,Urban,96.20926715873802,,Ministriy of Sceience and ICT(MSIT),2026-07-05
8915,HHA422-%_HH-RURAL-,HH04 - Households with a computer - %_HH - RURAL,% of households,ITU Households Database,2021,Korea (Rep. of),KOR,Location,Rural,,67.47329238417242,,Ministriy of Sceience and ICT(MSIT),2026-07-06
8917,HHA422-%_HH--,HH04 - Households with a computer - %_HH,% of households,ITU Households Database,2021,Korea (Rep. of),KOR,,,,73.55767202351035,,Ministry of Science and ICT,2026-07-06
8906,HHA422-%_HH-CHILDREN-,HH04 - Households with a computer - %_HH - CHILDREN,% of households,ITU Households Database,2021,Korea (Rep. of),KOR,Family,Children,,96.02964139470194,,Ministriy of Sceience and ICT(MSIT),2026-07-06
8914,HHA422-%_HH-NOCHILDREN-URBAN,HH04 - Households with a computer - %_HH - NOCHILDREN - URBAN,% of households,ITU Households Database,2021,Korea (Rep. of),KOR,Location,No Children,Urban,71.6196836564214,,Ministriy of Sceience and ICT(MSIT),2025-07-04
8917,HHA422-%_HH--,HH04 - Households with a computer - %_HH,% of households,ITU Households Database,2021,Kuwait,KWT,,,,87.65116719777781,,Communication and Information Technology Regulatory Authority,2026-07-06
8906,HHA422-%_HH-CHILDREN-,HH04 - Households with a computer - %_HH - CHILDREN,% of households,ITU Households Database,2021,Kuwait,KWT,Family,Children,,92.30769230769229,,Communication and Information Technology Regulatory Authority,2026-07-07
8912,HHA422-%_HH-NOCHILDREN-,HH04 - Households with a computer - %_HH - NOCHILDREN,% of households,ITU Households Database,2021,Kuwait,KWT,Family,No Children,,72.46560000000001,,Communication and Information Technology Regulatory Authority,2026-07-07
8908,HHA422-%_HH-CHILDREN-URBAN,HH04 - Households with a computer - %_HH - CHILDREN - URBAN,% of households,ITU Households Database,2021,Lithuania,LTU,Location,Children,Urban,98.32740102907154,,Statistics Lithuania,2026-07-07
8917,HHA422-%_HH--,HH04 - Households with a computer - %_HH,% of households,ITU Households Database,2021,Lithuania,LTU,,,,81.41776570335556,households in which at least one of the members is between 16 and 74, State Data Agency (Statistics Lithuania),2026-07-06
8907,HHA422-%_HH-CHILDREN-RURAL,HH04 - Households with a computer - %_HH - CHILDREN - RURAL,% of households,ITU Households Database,2021,Lithuania,LTU,Location,Children,Rural,94.729919024659,,Statistics Lithuania,2025-07-04
8912,HHA422-%_HH-NOCHILDREN-,HH04 - Households with a computer - %_HH - NOCHILDREN,% of households,ITU Households Database,2021,Lithuania,LTU,Family,No Children,,76.40270390082658,,Statistics Lithuania,2026-07-07
8906,HHA422-%_HH-CHILDREN-,HH04 - Households with a computer - %_HH - CHILDREN,% of households,ITU Households Database,2021,Lithuania,LTU,Family,Children,,97.2876644989771,,Statistics Lithuania,2025-07-04
8916,HHA422-%_HH-URBAN-,HH04 - Households with a computer - %_HH - URBAN,% of households,ITU Households Database,2021,Lithuania,LTU,Location,Urban,,84.0073509290217,,Statistics Lithuania,2025-07-04
8914,HHA422-%_HH-NOCHILDREN-URBAN,HH04 - Households with a computer - %_HH - NOCHILDREN - URBAN,% of households,ITU Households Database,2021,Lithuania,LTU,Location,No Children,Urban,79.28642997989463,,Statistics Lithuania,2026-07-07
8913,HHA422-%_HH-NOCHILDREN-RURAL,HH04 - Households with a computer - %_HH - NOCHILDREN - RURAL,% of households,ITU Households Database,2021,Lithuania,LTU,Location,No Children,Rural,70.23239047899078,,Statistics Lithuania,2026-07-07
8915,HHA422-%_HH-RURAL-,HH04 - Households with a computer - %_HH - RURAL,% of households,ITU Households Database,2021,Lithuania,LTU,Location,Rural,,75.69191218389321,,Statistics Lithuania,2026-07-06
8917,HHA422-%_HH--,HH04 - Households with a computer - %_HH,% of households,ITU Households Database,2021,"Macao, China",MAC,,,,72.4222989639862,,Statistics and Census Service,2025-07-04
8906,HHA422-%_HH-CHILDREN-,HH04 - Households with a computer - %_HH - CHILDREN,% of households,ITU Households Database,2021,"Macao, China",MAC,Family,Children,,90.76682316118936,,Statistics and Census Service,2026-07-06
8912,HHA422-%_HH-NOCHILDREN-,HH04 - Households with a computer - %_HH - NOCHILDREN,% of households,ITU Households Database,2021,"Macao, China",MAC,Family,No Children,,64.04899135446685,,Statistics and Census Service,2026-07-06
8914,HHA422-%_HH-NOCHILDREN-URBAN,HH04 - Households with a computer - %_HH - NOCHILDREN - URBAN,% of households,ITU Households Database,2021,Mexico,MEX,Location,No Children,Urban,49.300113228548945,,Instituto Nacional de Estadística y Geografía (INEGI),2026-07-07
8912,HHA422-%_HH-NOCHILDREN-,HH04 - Households with a computer - %_HH - NOCHILDREN,% of households,ITU Households Database,2021,Mexico,MEX,Family,No Children,,43.25682378532339,,Instituto Nacional de Estadística y Geografía (INEGI),2026-07-07
8906,HHA422-%_HH-CHILDREN-,HH04 - Households with a computer - %_HH - CHILDREN,% of households,ITU Households Database,2021,Mexico,MEX,Family,Children,,46.584114721183866,,Instituto Nacional de Estadística y Geografía (INEGI),2026-07-07
8917,HHA422-%_HH--,HH04 - Households with a computer - %_HH,% of households,ITU Households Database,2021,Mexico,MEX,,,,44.81552355602495,,Instituto Nacional de Estadística y Geografía (INEGI),2026-07-05
8907,HHA422-%_HH-CHILDREN-RURAL,HH04 - Households with a computer - %_HH - CHILDREN - RURAL,% of households,ITU Households Database,2021,Mexico,MEX,Location,Children,Rural,24.805631416826575,,Instituto Nacional de Estadística y Geografía (INEGI),2026-07-07
8916,HHA422-%_HH-URBAN-,HH04 - Households with a computer - %_HH - URBAN,% of households,ITU Households Database,2021,Mexico,MEX,Location,Urban,,51.62648588298154,,Instituto Nacional de Estadística y Geografía (INEGI),2026-07-05
8908,HHA422-%_HH-CHILDREN-URBAN,HH04 - Households with a computer - %_HH - CHILDREN - URBAN,% of households,ITU Households Database,2021,Mexico,MEX,Location,Children,Urban,54.51899421833827,,Instituto Nacional de Estadística y Geografía (INEGI),2026-07-07
8915,HHA422-%_HH-RURAL-,HH04 - Households with a computer - %_HH - RURAL,% of households,ITU Households Database,2021,Mexico,MEX,Location,Rural,,21.978196773989914,,Instituto Nacional de Estadística y Geografía (INEGI),2026-07-06
8913,HHA422-%_HH-NOCHILDREN-RURAL,HH04 - Households with a computer - %_HH - NOCHILDREN - RURAL,% of households,ITU Households Database,2021,Mexico,MEX,Location,No Children,Rural,18.597396319095914,,Instituto Nacional de Estadística y Geografía (INEGI),2026-07-07
8915,HHA422-%_HH-RURAL-,HH04 - Households with a computer - %_HH - RURAL,% of households,ITU Households Database,2021,Malaysia,MYS,Location,Rural,,76.29847107780216,,"Department of Statistics, Malaysia",2026-07-06
8916,HHA422-%_HH-URBAN-,HH04 - Households with a computer - %_HH - URBAN,% of households,ITU Households Database,2021,Malaysia,MYS,Location,Urban,,91.02565161680155,,"Department of Statistics, Malaysia",2026-07-05
8917,HHA422-%_HH--,HH04 - Households with a computer - %_HH,% of households,ITU Households Database,2021,Malaysia,MYS,,,,88.29113338614182,,Department of Statistics,2026-07-05
8917,HHA422-%_HH--,HH04 - Households with a computer - %_HH,% of households,ITU Households Database,2021,Mongolia,MNG,,,,33.27479310775785,"survey: Sample survey of information, communication and technology use of households and population",National Statistical Office of Mongolia,2026-07-06
8916,HHA422-%_HH-URBAN-,HH04 - Households with a computer - %_HH - URBAN,% of households,ITU Households Database,2021,Morocco,MAR,Location,Urban,,78.73737616684438,,Agence Nationale de Réglementation des Télécommunications (ANRT),2026-07-05
8917,HHA422-%_HH--,HH04 - Households with a computer - %_HH,% of households,ITU Households Database,2021,Morocco,MAR,,,,68.396008743828,,Agence Nationale de Réglementation des Télécommunications (ANRT),2025-07-04
8915,HHA422-%_HH-RURAL-,HH04 - Households with a computer - %_HH - RURAL,% of households,ITU Households Database,2021,Morocco,MAR,Location,Rural,,45.01865025680681,,Agence Nationale de Réglementation des Télécommunications (ANRT),2026-07-06
8916,HHA422-%_HH-URBAN-,HH04 - Households with a computer - %_HH - URBAN,% of households,ITU Households Database,2021,Nepal (Republic of),NPL,Location,Urban,,19.9070596703823,Number of households with a computer,Central Bureau of Statistics,2026-07-05
8915,HHA422-%_HH-RURAL-,HH04 - Households with a computer - %_HH - RURAL,% of households,ITU Households Database,2021,Nepal (Republic of),NPL,Location,Rural,,4.926349706469205,Number of households with a computer,Central Bureau of Statistics,2026-07-06
8917,HHA422-%_HH--,HH04 - Households with a computer - %_HH,% of households,ITU Households Database,2021,Nepal (Republic of),NPL,,,,14.990269246781299,Number of households with a computer,Central Bureau of Statistics,2026-07-05
8913,HHA422-%_HH-NOCHILDREN-RURAL,HH04 - Households with a computer - %_HH - NOCHILDREN - RURAL,% of households,ITU Households Database,2021,Portugal,PRT,Location,No Children,Rural,0,Information not collected,Statistics Portugal,2026-07-05
8914,HHA422-%_HH-NOCHILDREN-URBAN,HH04 - Households with a computer - %_HH - NOCHILDREN - URBAN,% of households,ITU Households Database,2021,Portugal,PRT,Location,No Children,Urban,0,Information not collected,Statistics Portugal,2026-07-05
8912,HHA422-%_HH-NOCHILDREN-,HH04 - Households with a computer - %_HH - NOCHILDREN,% of households,ITU Households Database,2021,Portugal,PRT,Family,No Children,,0,Information not collected,Statistics Portugal,2026-07-05
8917,HHA422-%_HH--,HH04 - Households with a computer - %_HH,% of households,ITU Households Database,2021,Portugal,PRT,,,,0,Information not collected,Instituto Nacional de Estatistica,2026-07-04
8907,HHA422-%_HH-CHILDREN-RURAL,HH04 - Households with a computer - %_HH - CHILDREN - RURAL,% of households,ITU Households Database,2021,Portugal,PRT,Location,Children,Rural,0,Information not collected,Statistics Portugal,2026-07-06
8916,HHA422-%_HH-URBAN-,HH04 - Households with a computer - %_HH - URBAN,% of households,ITU Households Database,2021,Portugal,PRT,Location,Urban,,0,Information not collected,Statistics Portugal,2026-07-04
8906,HHA422-%_HH-CHILDREN-,HH04 - Households with a computer - %_HH - CHILDREN,% of households,ITU Households Database,2021,Portugal,PRT,Family,Children,,0,Information not collected,Statistics Portugal,2026-07-05
8915,HHA422-%_HH-RURAL-,HH04 - Households with a computer - %_HH - RURAL,% of households,ITU Households Database,2021,Portugal,PRT,Location,Rural,,0,Information not collected,Statistics Portugal,2026-07-05
8908,HHA422-%_HH-CHILDREN-URBAN,HH04 - Households with a computer - %_HH - CHILDREN - URBAN,% of households,ITU Households Database,2021,Portugal,PRT,Location,Children,Urban,0,Information not collected,Statistics Portugal,2026-07-04
8917,HHA422-%_HH--,HH04 - Households with a computer - %_HH,% of households,ITU Households Database,2021,Paraguay,PRY,,,,28.30120925157021,"Incluye computadora de escritorio, computadora portátil, una tableta o dispositivo similar",Instituto Nacional de Estadistica,2026-07-06
8916,HHA422-%_HH-URBAN-,HH04 - Households with a computer - %_HH - URBAN,% of households,ITU Households Database,2021,Peru,PER,Location,Urban,,40.68336329308739,,Instituto Nacional de Estadística e Informática - INEI,2026-07-05
8906,HHA422-%_HH-CHILDREN-,HH04 - Households with a computer - %_HH - CHILDREN,% of households,ITU Households Database,2021,Peru,PER,Family,Children,,33.550399345326795,,Instituto Nacional de Estadística e Informática - INEI,2026-07-07
8908,HHA422-%_HH-CHILDREN-URBAN,HH04 - Households with a computer - %_HH - CHILDREN - URBAN,% of households,ITU Households Database,2021,Peru,PER,Location,Children,Urban,40.093181408961314,,Instituto Nacional de Estadística e Informática - INEI,2026-07-07
8912,HHA422-%_HH-NOCHILDREN-,HH04 - Households with a computer - %_HH - NOCHILDREN,% of households,ITU Households Database,2021,Peru,PER,Family,No Children,,33.73818617808619,,Instituto Nacional de Estadística e Informática - INEI,2026-07-07
8907,HHA422-%_HH-CHILDREN-RURAL,HH04 - Households with a computer - %_HH - CHILDREN - RURAL,% of households,ITU Households Database,2021,Peru,PER,Location,Children,Rural,9.362586155418779,,Instituto Nacional de Estadística e Informática - INEI,2026-07-07
8917,HHA422-%_HH--,HH04 - Households with a computer - %_HH,% of households,ITU Households Database,2021,Peru,PER,,,,33.64764963513083,The information comes from the home equipment module,Instituto Nacional de Estadistica e Informatica,2026-07-06
8914,HHA422-%_HH-NOCHILDREN-URBAN,HH04 - Households with a computer - %_HH - NOCHILDREN - URBAN,% of households,ITU Households Database,2021,Peru,PER,Location,No Children,Urban,41.237455124300794,,Instituto Nacional de Estadística e Informática - INEI,2026-07-07
8915,HHA422-%_HH-RURAL-,HH04 - Households with a computer - %_HH - RURAL,% of households,ITU Households Database,2021,Peru,PER,Location,Rural,,8.161726126683893,,Instituto Nacional de Estadística e Informática - INEI,2026-07-06
8913,HHA422-%_HH-NOCHILDREN-RURAL,HH04 - Households with a computer - %_HH - NOCHILDREN - RURAL,% of households,ITU Households Database,2021,Peru,PER,Location,No Children,Rural,7.07753477564306,,Instituto Nacional de Estadística e Informática - INEI,2025-07-04
8917,HHA422-%_HH--,HH04 - Households with a computer - %_HH,% of households,ITU Households Database,2021,Puerto Rico,PRI,,,,82.50367501385098,"Source: U.S. Census Bureau, 2021 American Community Survey 1-Year Estimate - Table S2801: Types of computers and Internet Subscriptions#https://data.census.gov/table?t=Computer+and+Internet+Use&g=040XX00US72&tid=ACSST1Y2021.S2801",Puerto Rico Institute of Statistics,2026-07-06
8917,HHA422-%_HH--,HH04 - Households with a computer - %_HH,% of households,ITU Households Database,2021,Russian Federation,RUS,,,,72.64865500173087,,Federal State Statistics Service of the Russian Federation,2026-07-06
8916,HHA422-%_HH-URBAN-,HH04 - Households with a computer - %_HH - URBAN,% of households,ITU Households Database,2021,Russian Federation,RUS,Location,Urban,,76.61373982743743,,Federal State Statistics Service,2026-07-05
8915,HHA422-%_HH-RURAL-,HH04 - Households with a computer - %_HH - RURAL,% of households,ITU Households Database,2021,Russian Federation,RUS,Location,Rural,,60.46027556217952,,Federal State Statistics Service,2026-07-06
8917,HHA422-%_HH--,HH04 - Households with a computer - %_HH,% of households,ITU Households Database,2021,Samoa,WSM,,,,7.695025211163567,,Samoa Bureau of Statistics,2026-07-05
8906,HHA422-%_HH-CHILDREN-,HH04 - Households with a computer - %_HH - CHILDREN,% of households,ITU Households Database,2021,Singapore,SGP,Family,Children,,96.75981722627337,,Infocomm Media Development Authority (IMDA),2026-07-06
8912,HHA422-%_HH-NOCHILDREN-,HH04 - Households with a computer - %_HH - NOCHILDREN,% of households,ITU Households Database,2021,Singapore,SGP,Family,No Children,,89.68707880001155,,Infocomm Media Development Authority (IMDA),2026-07-05
8917,HHA422-%_HH--,HH04 - Households with a computer - %_HH,% of households,ITU Households Database,2021,Singapore,SGP,,,,91.823673234575,,Infocomm Media Development Authority,2025-07-04
8915,HHA422-%_HH-RURAL-,HH04 - Households with a computer - %_HH - RURAL,% of households,ITU Households Database,2021,Czech Republic,CZE,Location,Rural,,76.06147882419249,,Czech Statistical Office,2026-07-06
8908,HHA422-%_HH-CHILDREN-URBAN,HH04 - Households with a computer - %_HH - CHILDREN - URBAN,% of households,ITU Households Database,2021,Czech Republic,CZE,Location,Children,Urban,96.34257062770342,,Czech Statistical Office,2026-07-05
8906,HHA422-%_HH-CHILDREN-,HH04 - Households with a computer - %_HH - CHILDREN,% of households,ITU Households Database,2021,Czech Republic,CZE,Family,Children,,96.46624190634739,,Czech Statistical Office,2026-07-06
8912,HHA422-%_HH-NOCHILDREN-,HH04 - Households with a computer - %_HH - NOCHILDREN,% of households,ITU Households Database,2021,Czech Republic,CZE,Family,No Children,,72.864907493799,,Czech Statistical Office,2025-07-04
8916,HHA422-%_HH-URBAN-,HH04 - Households with a computer - %_HH - URBAN,% of households,ITU Households Database,2021,Czech Republic,CZE,Location,Urban,,80.59987854810959,,Czech Statistical Office,2026-07-05
8914,HHA422-%_HH-NOCHILDREN-URBAN,HH04 - Households with a computer - %_HH - NOCHILDREN - URBAN,% of households,ITU Households Database,2021,Czech Republic,CZE,Location,No Children,Urban,75.15070561057615,,Czech Statistical Office,2026-07-05
8917,HHA422-%_HH--,HH04 - Households with a computer - %_HH,% of households,ITU Households Database,2021,Czech Republic,CZE,,,,79.01387975769559,,Czech Statistical Office,2026-07-05
8913,HHA422-%_HH-NOCHILDREN-RURAL,HH04 - Households with a computer - %_HH - NOCHILDREN - RURAL,% of households,ITU Households Database,2021,Czech Republic,CZE,Location,No Children,Rural,68.55348896604565,,Czech Statistical Office,2026-07-05
8907,HHA422-%_HH-CHILDREN-RURAL,HH04 - Households with a computer - %_HH - CHILDREN - RURAL,% of households,ITU Households Database,2021,Czech Republic,CZE,Location,Children,Rural,96.68783437512593,,Czech Statistical Office,2026-07-06
8913,HHA422-%_HH-NOCHILDREN-RURAL,HH04 - Households with a computer - %_HH - NOCHILDREN - RURAL,% of households,ITU Households Database,2021,Thailand,THA,Location,No Children,Rural,16.62298669888117,,,2026-07-07
8906,HHA422-%_HH-CHILDREN-,HH04 - Households with a computer - %_HH - CHILDREN,% of households,ITU Households Database,2021,Thailand,THA,Family,Children,,30.260849741607615,,,2026-07-07
8908,HHA422-%_HH-CHILDREN-URBAN,HH04 - Households with a computer - %_HH - CHILDREN - URBAN,% of households,ITU Households Database,2021,Thailand,THA,Location,Children,Urban,42.62083215638627,,,2026-07-07
8916,HHA422-%_HH-URBAN-,HH04 - Households with a computer - %_HH - URBAN,% of households,ITU Households Database,2021,Thailand,THA,Location,Urban,,33.852812867925174,,,2026-07-05
8917,HHA422-%_HH--,HH04 - Households with a computer - %_HH,% of households,ITU Households Database,2021,Thailand,THA,,,,25.755329823195627,,National Statistical Office,2026-07-05
8912,HHA422-%_HH-NOCHILDREN-,HH04 - Households with a computer - %_HH - NOCHILDREN,% of households,ITU Households Database,2021,Thailand,THA,Family,No Children,,23.83850623431031,,,2026-07-07
8907,HHA422-%_HH-CHILDREN-RURAL,HH04 - Households with a computer - %_HH - CHILDREN - RURAL,% of households,ITU Households Database,2021,Thailand,THA,Location,Children,Rural,22.602293052272195,,,2026-07-07
8914,HHA422-%_HH-NOCHILDREN-URBAN,HH04 - Households with a computer - %_HH - NOCHILDREN - URBAN,% of households,ITU Households Database,2021,Thailand,THA,Location,No Children,Urban,31.007765564086302,,,2026-07-07
8915,HHA422-%_HH-RURAL-,HH04 - Households with a computer - %_HH - RURAL,% of households,ITU Households Database,2021,Thailand,THA,Location,Rural,,18.686711125932707,,,2026-07-06
8917,HHA422-%_HH--,HH04 - Households with a computer - %_HH,% of households,ITU Households Database,2021,Türkiye,TUR,,,,55.636528053585145,,Turkish Statistical Institute,2026-07-05
8917,HHA422-%_HH--,HH04 - Households with a computer - %_HH,% of households,ITU Households Database,2021,United Arab Emirates,ARE,,,,99.25999997942444,,Telecommunications Regulatory Authority,2026-07-05
8917,HHA422-%_HH--,HH04 - Households with a computer - %_HH,% of households,ITU Households Database,2021,Uzbekistan,UZB,,,,41.25999673035797,,State Committee of the Republic of Uzbekistan on Statistics,2026-07-05
8908,HHA422-%_HH-CHILDREN-URBAN,HH04 - Households with a computer - %_HH - CHILDREN - URBAN,% of households,ITU Households Database,2021,Uzbekistan,UZB,Location,Children,Urban,41.00000631058158,,The State Committee of the Republic of Uzbekistan on Statistics,2026-07-05
8915,HHA422-%_HH-RURAL-,HH04 - Households with a computer - %_HH - RURAL,% of households,ITU Households Database,2021,Uzbekistan,UZB,Location,Rural,,39.72531217863425,,The State Committee of the Republic of Uzbekistan on Statistics,2026-07-06
8916,HHA422-%_HH-URBAN-,HH04 - Households with a computer - %_HH - URBAN,% of households,ITU Households Database,2021,Uzbekistan,UZB,Location,Urban,,42.59998952823317,,The State Committee of the Republic of Uzbekistan on Statistics,2026-07-05
8914,HHA422-%_HH-NOCHILDREN-URBAN,HH04 - Households with a computer - %_HH - NOCHILDREN - URBAN,% of households,ITU Households Database,2021,Uzbekistan,UZB,Location,No Children,Urban,45.961392756326916,,The State Committee of the Republic of Uzbekistan on Statistics,2026-07-05
8907,HHA422-%_HH-CHILDREN-RURAL,HH04 - Households with a computer - %_HH - CHILDREN - RURAL,% of households,ITU Households Database,2021,Uzbekistan,UZB,Location,Children,Rural,37.300007029486245,,The State Committee of the Republic of Uzbekistan on Statistics,2026-07-06
8913,HHA422-%_HH-NOCHILDREN-RURAL,HH04 - Households with a computer - %_HH - NOCHILDREN - RURAL,% of households,ITU Households Database,2021,Uzbekistan,UZB,Location,No Children,Rural,46.95638337997338,,The State Committee of the Republic of Uzbekistan on Statistics,2026-07-05
8912,HHA422-%_HH-NOCHILDREN-,HH04 - Households with a computer - %_HH - NOCHILDREN,% of households,ITU Households Database,2021,Uzbekistan,UZB,Family,No Children,,46.36413494329673,,The State Committee of the Republic of Uzbekistan on Statistics,2026-07-05
8906,HHA422-%_HH-CHILDREN-,HH04 - Households with a computer - %_HH - CHILDREN,% of households,ITU Households Database,2021,Uzbekistan,UZB,Family,Children,,39.18290093250854,,The State Committee of the Republic of Uzbekistan on Statistics,2026-07-06
8917,HHA422-%_HH--,HH04 - Households with a computer - %_HH,% of households,ITU Households Database,2021,Viet Nam,VNM,,,,27.130000211870076,,Ministry of Information and Communications,2026-07-05
8913,HHA422-%_HH-NOCHILDREN-RURAL,HH04 - Households with a computer - %_HH - NOCHILDREN - RURAL,% of households,ITU Households Database,2021,Serbia,SRB,Location,No Children,Rural,59.82484667893786,,Statistical office of the Republic of Serbia,2026-07-07
8917,HHA422-%_HH--,HH04 - Households with a computer - %_HH,% of households,ITU Households Database,2021,Serbia,SRB,,,,76.67499744790072,,Statistical Office of the Republic of Serbia,2026-07-05
8915,HHA422-%_HH-RURAL-,HH04 - Households with a computer - %_HH - RURAL,% of households,ITU Households Database,2021,Serbia,SRB,Location,Rural,,67.22808299204866,,Statistical office of the Republic of Serbia,2026-07-06
8907,HHA422-%_HH-CHILDREN-RURAL,HH04 - Households with a computer - %_HH - CHILDREN - RURAL,% of households,ITU Households Database,2021,Serbia,SRB,Location,Children,Rural,87.51849355044497,,Statistical office of the Republic of Serbia,2026-07-07
8916,HHA422-%_HH-URBAN-,HH04 - Households with a computer - %_HH - URBAN,% of households,ITU Households Database,2021,Serbia,SRB,Location,Urban,,82.38646750918103,,Statistical office of the Republic of Serbia,2026-07-05
8914,HHA422-%_HH-NOCHILDREN-URBAN,HH04 - Households with a computer - %_HH - NOCHILDREN - URBAN,% of households,ITU Households Database,2021,Serbia,SRB,Location,No Children,Urban,78.67316399355383,,Statistical office of the Republic of Serbia,2026-07-07
8912,HHA422-%_HH-NOCHILDREN-,HH04 - Households with a computer - %_HH - NOCHILDREN,% of households,ITU Households Database,2021,Serbia,SRB,Family,No Children,,71.74601922662727,,Statistical office of the Republic of Serbia,2026-07-07
8906,HHA422-%_HH-CHILDREN-,HH04 - Households with a computer - %_HH - CHILDREN,% of households,ITU Households Database,2021,Serbia,SRB,Family,Children,,91.5531365090644,,Statistical office of the Republic of Serbia,2025-07-04
8908,HHA422-%_HH-CHILDREN-URBAN,HH04 - Households with a computer - %_HH - CHILDREN - URBAN,% of households,ITU Households Database,2021,Serbia,SRB,Location,Children,Urban,94.29716873734671,,Statistical office of the Republic of Serbia,2026-07-07
8915,HHA422-%_HH-RURAL-,HH04 - Households with a computer - %_HH - RURAL,% of households,ITU Households Database,2021,Moldova,MDA,Location,Rural,,51.73422195058115,,National Bureau of Statistics of the Republic of Moldova,2026-07-06
8914,HHA422-%_HH-NOCHILDREN-URBAN,HH04 - Households with a computer - %_HH - NOCHILDREN - URBAN,% of households,ITU Households Database,2021,Moldova,MDA,Location,No Children,Urban,68.64942106171719,,National Bureau of Statistics of the Republic of Moldova,2026-07-05
8912,HHA422-%_HH-NOCHILDREN-,HH04 - Households with a computer - %_HH - NOCHILDREN,% of households,ITU Households Database,2021,Moldova,MDA,Family,No Children,,53.440523863134345,,National Bureau of Statistics of the Republic of Moldova,2026-07-05
8916,HHA422-%_HH-URBAN-,HH04 - Households with a computer - %_HH - URBAN,% of households,ITU Households Database,2021,Moldova,MDA,Location,Urban,,75.96840237874748,,National Bureau of Statistics of the Republic of Moldova,2026-07-05
8913,HHA422-%_HH-NOCHILDREN-RURAL,HH04 - Households with a computer - %_HH - NOCHILDREN - RURAL,% of households,ITU Households Database,2021,Moldova,MDA,Location,No Children,Rural,44.451078720726784,,National Bureau of Statistics of the Republic of Moldova,2026-07-05
8908,HHA422-%_HH-CHILDREN-URBAN,HH04 - Households with a computer - %_HH - CHILDREN - URBAN,% of households,ITU Households Database,2021,Moldova,MDA,Location,Children,Urban,92.88728283119397,,National Bureau of Statistics of the Republic of Moldova,2026-07-05
8917,HHA422-%_HH--,HH04 - Households with a computer - %_HH,% of households,ITU Households Database,2021,Moldova,MDA,,,,61.32770574969325,"Based on the estimation of the indicators was used the number of population with usual residence. Starting with 2019, the data are not comparable to the previous period, as the HBS methodology was modified.",National Bureau of Statistics of the Republic of Moldova,2026-07-06
8907,HHA422-%_HH-CHILDREN-RURAL,HH04 - Households with a computer - %_HH - CHILDREN - RURAL,% of households,ITU Households Database,2021,Moldova,MDA,Location,Children,Rural,76.65496440832477,,National Bureau of Statistics of the Republic of Moldova,2026-07-06
8906,HHA422-%_HH-CHILDREN-,HH04 - Households with a computer - %_HH - CHILDREN,% of households,ITU Households Database,2021,Moldova,MDA,Family,Children,,84.22985540930581,,National Bureau of Statistics of the Republic of Moldova,2026-07-06
8906,HHA422-%_HH-CHILDREN-,HH04 - Households with a computer - %_HH - CHILDREN,% of households,ITU Households Database,2021,Bosnia and Herzegovina,BIH,Family,Children,,87.26459363073266,,Agency for statistics of Bosnia and Herzegovina,2026-07-06
8914,HHA422-%_HH-NOCHILDREN-URBAN,HH04 - Households with a computer - %_HH - NOCHILDREN - URBAN,% of households,ITU Households Database,2021,Bosnia and Herzegovina,BIH,Location,No Children,Urban,55.14270765013228,,Agency for statistics of Bosnia and Herzegovina,2026-07-05
8912,HHA422-%_HH-NOCHILDREN-,HH04 - Households with a computer - %_HH - NOCHILDREN,% of households,ITU Households Database,2021,Bosnia and Herzegovina,BIH,Family,No Children,,52.84010809201126,,Agency for statistics of Bosnia and Herzegovina,2026-07-05
8917,HHA422-%_HH--,HH04 - Households with a computer - %_HH,% of households,ITU Households Database,2021,Bosnia and Herzegovina,BIH,,,,62.764446328358744,,Agency for Statistics of Bosnia and Herzegovina,2026-07-05
8916,HHA422-%_HH-URBAN-,HH04 - Households with a computer - %_HH - URBAN,% of households,ITU Households Database,2021,Bosnia and Herzegovina,BIH,Location,Urban,,65.62936853586852,,Agency for statistics of Bosnia and Herzegovina,2026-07-05
8908,HHA422-%_HH-CHILDREN-URBAN,HH04 - Households with a computer - %_HH - CHILDREN - URBAN,% of households,ITU Households Database,2021,Bosnia and Herzegovina,BIH,Location,Children,Urban,90.87232249767175,,Agency for statistics of Bosnia and Herzegovina,2026-07-05
8913,HHA422-%_HH-NOCHILDREN-RURAL,HH04 - Households with a computer - %_HH - NOCHILDREN - RURAL,% of households,ITU Households Database,2021,Bosnia and Herzegovina,BIH,Location,No Children,Rural,51.10385641253612,,Agency for statistics of Bosnia and Herzegovina,2026-07-05
8907,HHA422-%_HH-CHILDREN-RURAL,HH04 - Households with a computer - %_HH - CHILDREN - RURAL,% of households,ITU Households Database,2021,Bosnia and Herzegovina,BIH,Location,Children,Rural,84.41982613317667,,Agency for statistics of Bosnia and Herzegovina,2026-07-06
8915,HHA422-%_HH-RURAL-,HH04 - Households with a computer - %_HH - RURAL,% of households,ITU Households Database,2021,Bosnia and Herzegovina,BIH,Location,Rural,,60.576095191319205,,Agency for statistics of Bosnia and Herzegovina,2026-07-06
8906,HHA422-%_HH-CHILDREN-,HH04 - Households with a computer - %_HH - CHILDREN,% of households,ITU Households Database,2021,Georgia,GEO,Family,Children,,82.79475044310841,,National Statistics Office of Georgia - Geostat,2026-07-07
8914,HHA422-%_HH-NOCHILDREN-URBAN,HH04 - Households with a computer - %_HH - NOCHILDREN - URBAN,% of households,ITU Households Database,2021,Georgia,GEO,Location,No Children,Urban,67.77425977605348,,National Statistics Office of Georgia - Geostat,2026-07-07
8917,HHA422-%_HH--,HH04 - Households with a computer - %_HH,% of households,ITU Households Database,2021,Georgia,GEO,,,,63.83552874775725,,National Statistics Office of Georgia,2026-07-06
8907,HHA422-%_HH-CHILDREN-RURAL,HH04 - Households with a computer - %_HH - CHILDREN - RURAL,% of households,ITU Households Database,2021,Georgia,GEO,Location,Children,Rural,75.51736953278282,,National Statistics Office of Georgia - Geostat,2026-07-07
8912,HHA422-%_HH-NOCHILDREN-,HH04 - Households with a computer - %_HH - NOCHILDREN,% of households,ITU Households Database,2021,Georgia,GEO,Family,No Children,,55.35453328177661,,National Statistics Office of Georgia - Geostat,2026-07-07
8913,HHA422-%_HH-NOCHILDREN-RURAL,HH04 - Households with a computer - %_HH - NOCHILDREN - RURAL,% of households,ITU Households Database,2021,Georgia,GEO,Location,No Children,Rural,38.968856630833024,,National Statistics Office of Georgia - Geostat,2026-07-07
8908,HHA422-%_HH-CHILDREN-URBAN,HH04 - Households with a computer - %_HH - CHILDREN - URBAN,% of households,ITU Households Database,2021,Georgia,GEO,Location,Children,Urban,87.68161268623162,,National Statistics Office of Georgia - Geostat,2026-07-07
8915,HHA422-%_HH-RURAL-,HH04 - Households with a computer - %_HH - RURAL,% of households,ITU Households Database,2021,Georgia,GEO,Location,Rural,,49.72091653461453,,National Statistics Office of Georgia - Geostat,2026-07-06
8916,HHA422-%_HH-URBAN-,HH04 - Households with a computer - %_HH - URBAN,% of households,ITU Households Database,2021,Georgia,GEO,Location,Urban,,74.1434485180264,,National Statistics Office of Georgia - Geostat,2025-07-04
8916,HHA422-%_HH-URBAN-,HH04 - Households with a computer - %_HH - URBAN,% of households,ITU Households Database,2021,Kazakhstan,KAZ,Location,Urban,,84.05626877678223,,Agency for Strategic planning and reforms of the Republic of Kazakhstan Bureau of National statistics,2026-07-05
8913,HHA422-%_HH-NOCHILDREN-RURAL,HH04 - Households with a computer - %_HH - NOCHILDREN - RURAL,% of households,ITU Households Database,2021,Kazakhstan,KAZ,Location,No Children,Rural,75.69734862885763,,Agency for Strategic planning and reforms of the Republic of Kazakhstan Bureau of National statistics,2026-07-07
8912,HHA422-%_HH-NOCHILDREN-,HH04 - Households with a computer - %_HH - NOCHILDREN,% of households,ITU Households Database,2021,Kazakhstan,KAZ,Family,No Children,,78.02659596005307,,Agency for Strategic planning and reforms of the Republic of Kazakhstan Bureau of National statistics,2026-07-07
8917,HHA422-%_HH--,HH04 - Households with a computer - %_HH,% of households,ITU Households Database,2021,Kazakhstan,KAZ,,,,82.96837228493648,,"Committee on Statistics, Ministry of National Economy of the Republic of Kazakhstan",2026-07-06
8915,HHA422-%_HH-RURAL-,HH04 - Households with a computer - %_HH - RURAL,% of households,ITU Households Database,2021,Kazakhstan,KAZ,Location,Rural,,80.61725587261455,,Agency for Strategic planning and reforms of the Republic of Kazakhstan Bureau of National statistics,2026-07-06
8908,HHA422-%_HH-CHILDREN-URBAN,HH04 - Households with a computer - %_HH - CHILDREN - URBAN,% of households,ITU Households Database,2021,Kazakhstan,KAZ,Location,Children,Urban,93.65107290753643,,Agency for Strategic planning and reforms of the Republic of Kazakhstan Bureau of National statistics,2026-07-07
8906,HHA422-%_HH-CHILDREN-,HH04 - Households with a computer - %_HH - CHILDREN,% of households,ITU Households Database,2021,Kazakhstan,KAZ,Family,Children,,91.29938767315801,,Agency for Strategic planning and reforms of the Republic of Kazakhstan Bureau of National statistics,2026-07-07
8914,HHA422-%_HH-NOCHILDREN-URBAN,HH04 - Households with a computer - %_HH - NOCHILDREN - URBAN,% of households,ITU Households Database,2021,Kazakhstan,KAZ,Location,No Children,Urban,78.96958639911932,,Agency for Strategic planning and reforms of the Republic of Kazakhstan Bureau of National statistics,2026-07-07
8907,HHA422-%_HH-CHILDREN-RURAL,HH04 - Households with a computer - %_HH - CHILDREN - RURAL,% of households,ITU Households Database,2021,Kazakhstan,KAZ,Location,Children,Rural,87.18709604435597,,Agency for Strategic planning and reforms of the Republic of Kazakhstan Bureau of National statistics,2026-07-07
8917,HHA422-%_HH--,HH04 - Households with a computer - %_HH,% of households,ITU Households Database,2020,South Africa,ZAF,,,,26.749877556466263,,Statistics South Africa,2026-01-12
8917,HHA422-%_HH--,HH04 - Households with a computer - %_HH,% of households,ITU Households Database,2020,Argentina,ARG,,,,63.78999470401104,,Instituto Nacional de Estadistica y Censos,2026-07-05
8912,HHA422-%_HH-NOCHILDREN-,HH04 - Households with a computer - %_HH - NOCHILDREN,% of households,ITU Households Database,2020,Armenia,ARM,Family,No Children,,56.778372789283615,,Statistical Committee of RA,2026-07-07
8914,HHA422-%_HH-NOCHILDREN-URBAN,HH04 - Households with a computer - %_HH - NOCHILDREN - URBAN,% of households,ITU Households Database,2020,Armenia,ARM,Location,No Children,Urban,58.12091277679007,,Statistical Committee of RA,2026-07-07
8907,HHA422-%_HH-CHILDREN-RURAL,HH04 - Households with a computer - %_HH - CHILDREN - RURAL,% of households,ITU Households Database,2020,Armenia,ARM,Location,Children,Rural,68.21716738197425,,Statistical Committee of RA,2026-07-07
8916,HHA422-%_HH-URBAN-,HH04 - Households with a computer - %_HH - URBAN,% of households,ITU Households Database,2020,Armenia,ARM,Location,Urban,,65.9834530724549,,Statistical Committee of RA,2025-01-08
8915,HHA422-%_HH-RURAL-,HH04 - Households with a computer - %_HH - RURAL,% of households,ITU Households Database,2020,Armenia,ARM,Location,Rural,,59.83633785410424,,Statistical Committee of RA,2026-07-06
8913,HHA422-%_HH-NOCHILDREN-RURAL,HH04 - Households with a computer - %_HH - NOCHILDREN - RURAL,% of households,ITU Households Database,2020,Armenia,ARM,Location,No Children,Rural,53.86347091461885,,Statistical Committee of RA,2026-07-07
8917,HHA422-%_HH--,HH04 - Households with a computer - %_HH,% of households,ITU Households Database,2020,Armenia,ARM,,,,63.841125718418525,,Statistical Committee of RA,2026-07-06
8906,HHA422-%_HH-CHILDREN-,HH04 - Households with a computer - %_HH - CHILDREN,% of households,ITU Households Database,2020,Armenia,ARM,Family,Children,,76.69042580445914,,Statistical Committee of RA,2026-07-07
8908,HHA422-%_HH-CHILDREN-URBAN,HH04 - Households with a computer - %_HH - CHILDREN - URBAN,% of households,ITU Households Database,2020,Armenia,ARM,Location,Children,Urban,82.55077385228238,,Statistical Committee of RA,2026-07-07
8917,HHA422-%_HH--,HH04 - Households with a computer - %_HH,% of households,ITU Households Database,2020,Saudi Arabia,SAU,,,,95.69998471218398,,Communications & IT Commission,2026-07-06
8915,HHA422-%_HH-RURAL-,HH04 - Households with a computer - %_HH - RURAL,% of households,ITU Households Database,2020,Azerbaijan,AZE,Location,Rural,,76.79574424342105,,State Statistical Committee,2026-07-06
8917,HHA422-%_HH--,HH04 - Households with a computer - %_HH,% of households,ITU Households Database,2020,Azerbaijan,AZE,,,,75.7799534883721,,State Statistical Committee of the Republic of Azerbaijan,2025-01-08
8916,HHA422-%_HH-URBAN-,HH04 - Households with a computer - %_HH - URBAN,% of households,ITU Households Database,2020,Azerbaijan,AZE,Location,Urban,,74.94053686714237,,State Statistical Committee,2026-07-05
8915,HHA422-%_HH-RURAL-,HH04 - Households with a computer - %_HH - RURAL,% of households,ITU Households Database,2020,Brazil,BRA,Location,Rural,,16.851425321421864,,NIC.br,2026-07-06
8916,HHA422-%_HH-URBAN-,HH04 - Households with a computer - %_HH - URBAN,% of households,ITU Households Database,2020,Brazil,BRA,Location,Urban,,49.592113863646674,,NIC.br,2026-07-05
8906,HHA422-%_HH-CHILDREN-,HH04 - Households with a computer - %_HH - CHILDREN,% of households,ITU Households Database,2020,Brazil,BRA,Family,Children,,47.20227509822603,,NIC.br,2026-07-06
8914,HHA422-%_HH-NOCHILDREN-URBAN,HH04 - Households with a computer - %_HH - NOCHILDREN - URBAN,% of households,ITU Households Database,2020,Brazil,BRA,Location,No Children,Urban,48.72348354737715,,NIC.br,2026-07-05
8912,HHA422-%_HH-NOCHILDREN-,HH04 - Households with a computer - %_HH - NOCHILDREN,% of households,ITU Households Database,2020,Brazil,BRA,Family,No Children,,44.404713298423964,,NIC.br,2026-07-05
8917,HHA422-%_HH--,HH04 - Households with a computer - %_HH,% of households,ITU Households Database,2020,Brazil,BRA,,,,45.38213051881487,,NIC.br,2026-07-06
8907,HHA422-%_HH-CHILDREN-RURAL,HH04 - Households with a computer - %_HH - CHILDREN - RURAL,% of households,ITU Households Database,2020,Brazil,BRA,Location,Children,Rural,22.405334827387037,,NIC.br,2026-07-06
8908,HHA422-%_HH-CHILDREN-URBAN,HH04 - Households with a computer - %_HH - CHILDREN - URBAN,% of households,ITU Households Database,2020,Brazil,BRA,Location,Children,Urban,51.24302659591172,,NIC.br,2026-07-06
8913,HHA422-%_HH-NOCHILDREN-RURAL,HH04 - Households with a computer - %_HH - NOCHILDREN - RURAL,% of households,ITU Households Database,2020,Brazil,BRA,Location,No Children,Rural,13.436954671791115,,NIC.br,2026-07-05
8917,HHA422-%_HH--,HH04 - Households with a computer - %_HH,% of households,ITU Households Database,2020,Burundi,BDI,,,,0.8256257511626692,,Institut National de la Statistique du Burundi ,2026-07-05
8917,HHA422-%_HH--,HH04 - Households with a computer - %_HH,% of households,ITU Households Database,2020,Bahrain,BHR,,,,94.7520763630007,estimated based on 2020 residential survey,Information and E-Government Authority,2025-01-08
8912,HHA422-%_HH-NOCHILDREN-,HH04 - Households with a computer - %_HH - NOCHILDREN,% of households,ITU Households Database,2020,Belarus,BLR,Family,No Children,,62.3356210915373,,Национальный статистический комитет Республики Беларусь,2025-01-08
8908,HHA422-%_HH-CHILDREN-URBAN,HH04 - Households with a computer - %_HH - CHILDREN - URBAN,% of households,ITU Households Database,2020,Belarus,BLR,Location,Children,Urban,95.09778452687686,,Национальный статистический комитет Республики Беларусь,2026-07-05
8907,HHA422-%_HH-CHILDREN-RURAL,HH04 - Households with a computer - %_HH - CHILDREN - RURAL,% of households,ITU Households Database,2020,Belarus,BLR,Location,Children,Rural,84.58008705435208,,Национальный статистический комитет Республики Беларусь,2026-07-06
8917,HHA422-%_HH--,HH04 - Households with a computer - %_HH,% of households,ITU Households Database,2020,Belarus,BLR,,,,71.1630598650657,,National Statistical Committee of the Republic of Belarus (Belstat),2025-01-08
8906,HHA422-%_HH-CHILDREN-,HH04 - Households with a computer - %_HH - CHILDREN,% of households,ITU Households Database,2020,Belarus,BLR,Family,Children,,92.79550999137601,,Национальный статистический комитет Республики Беларусь,2026-07-06
8914,HHA422-%_HH-NOCHILDREN-URBAN,HH04 - Households with a computer - %_HH - NOCHILDREN - URBAN,% of households,ITU Households Database,2020,Belarus,BLR,Location,No Children,Urban,69.45859378231273,,Национальный статистический комитет Республики Беларусь,2026-07-05
8915,HHA422-%_HH-RURAL-,HH04 - Households with a computer - %_HH - RURAL,% of households,ITU Households Database,2020,Belarus,BLR,Location,Rural,,54.60543965351094,,Национальный статистический комитет Республики Беларусь,2026-07-06
8916,HHA422-%_HH-URBAN-,HH04 - Households with a computer - %_HH - URBAN,% of households,ITU Households Database,2020,Belarus,BLR,Location,Urban,,77.47500416274237,,Национальный статистический комитет Республики Беларусь,2026-07-05
8913,HHA422-%_HH-NOCHILDREN-RURAL,HH04 - Households with a computer - %_HH - NOCHILDREN - RURAL,% of households,ITU Households Database,2020,Belarus,BLR,Location,No Children,Rural,45.6597409979301,,Национальный статистический комитет Республики Беларусь,2025-01-08
8907,HHA422-%_HH-CHILDREN-RURAL,HH04 - Households with a computer - %_HH - CHILDREN - RURAL,% of households,ITU Households Database,2020,Bolivia (Plurinational State of),BOL,Location,Children,Rural,6.970695459581834,,Instituto Nacional de Estadística,2026-07-06
8915,HHA422-%_HH-RURAL-,HH04 - Households with a computer - %_HH - RURAL,% of households,ITU Households Database,2020,Bolivia (Plurinational State of),BOL,Location,Rural,,5.691239918162639,,Instituto Nacional de Estadística,2026-07-06
8906,HHA422-%_HH-CHILDREN-,HH04 - Households with a computer - %_HH - CHILDREN,% of households,ITU Households Database,2020,Bolivia (Plurinational State of),BOL,Family,Children,,35.481350700957066,,Instituto Nacional de Estadística,2026-07-06
8913,HHA422-%_HH-NOCHILDREN-RURAL,HH04 - Households with a computer - %_HH - NOCHILDREN - RURAL,% of households,ITU Households Database,2020,Bolivia (Plurinational State of),BOL,Location,No Children,Rural,4.671723719599617,,Instituto Nacional de Estadística,2026-07-05
8917,HHA422-%_HH--,HH04 - Households with a computer - %_HH,% of households,ITU Households Database,2020,Bolivia (Plurinational State of),BOL,,,,34.785857718721886,,Instituto Nacional de Estadística,2026-07-05
8914,HHA422-%_HH-NOCHILDREN-URBAN,HH04 - Households with a computer - %_HH - NOCHILDREN - URBAN,% of households,ITU Households Database,2020,Bolivia (Plurinational State of),BOL,Location,No Children,Urban,49.14597104995018,,Instituto Nacional de Estadística,2026-07-05
8912,HHA422-%_HH-NOCHILDREN-,HH04 - Households with a computer - %_HH - NOCHILDREN,% of households,ITU Households Database,2020,Bolivia (Plurinational State of),BOL,Family,No Children,,34.126051244843254,,Instituto Nacional de Estadística,2026-07-05
8916,HHA422-%_HH-URBAN-,HH04 - Households with a computer - %_HH - URBAN,% of households,ITU Households Database,2020,Bolivia (Plurinational State of),BOL,Location,Urban,,47.943359103447655,,Instituto Nacional de Estadística,2026-07-05
8908,HHA422-%_HH-CHILDREN-URBAN,HH04 - Households with a computer - %_HH - CHILDREN - URBAN,% of households,ITU Households Database,2020,Bolivia (Plurinational State of),BOL,Location,Children,Urban,46.77136512822919,,Instituto Nacional de Estadística,2026-07-05
8917,HHA422-%_HH--,HH04 - Households with a computer - %_HH,% of households,ITU Households Database,2020,Colombia,COL,,,,39.30681610525675,"Los datos son expandidos con proyecciones de población, elaboradas con base en los resultados del censo 2018. La población objetivo de la encuesta corresponde a las personas de 5 años y más de edad.",Departamento Administrativo Nacional de Estadistica (DANE),2026-07-06
8917,HHA422-%_HH--,HH04 - Households with a computer - %_HH,% of households,ITU Households Database,2020,Sri Lanka,LKA,,,,23.1,,Department of Census and Statistics,2025-01-08
8907,HHA422-%_HH-CHILDREN-RURAL,HH04 - Households with a computer - %_HH - CHILDREN - RURAL,% of households,ITU Households Database,2020,Costa Rica,CRI,Location,Children,Rural,30.472947045280126,,Instituto Nacional de Estadística y Censos,2026-07-06
8915,HHA422-%_HH-RURAL-,HH04 - Households with a computer - %_HH - RURAL,% of households,ITU Households Database,2020,Costa Rica,CRI,Location,Rural,,36.147245361821255,,Instituto Nacional de Estadística y Censos,2026-07-06
8914,HHA422-%_HH-NOCHILDREN-URBAN,HH04 - Households with a computer - %_HH - NOCHILDREN - URBAN,% of households,ITU Households Database,2020,Costa Rica,CRI,Location,No Children,Urban,59.47137084107823,,Instituto Nacional de Estadística y Censos,2026-07-05
8908,HHA422-%_HH-CHILDREN-URBAN,HH04 - Households with a computer - %_HH - CHILDREN - URBAN,% of households,ITU Households Database,2020,Costa Rica,CRI,Location,Children,Urban,54.01364193533145,,Instituto Nacional de Estadística y Censos,2026-07-06
8906,HHA422-%_HH-CHILDREN-,HH04 - Households with a computer - %_HH - CHILDREN,% of households,ITU Households Database,2020,Costa Rica,CRI,Family,Children,,47.9404406623754,,Instituto Nacional de Estadística y Censos,2025-01-08
8917,HHA422-%_HH--,HH04 - Households with a computer - %_HH,% of households,ITU Households Database,2020,Costa Rica,CRI,,,,60.97800624057512,It is considered at the housing level based on the National Household Survey#Includes: computer and tablet,Instituto Nacional de Estadisticas y Censos ,2026-07-06
8916,HHA422-%_HH-URBAN-,HH04 - Households with a computer - %_HH - URBAN,% of households,ITU Households Database,2020,Costa Rica,CRI,Location,Urban,,56.03542783848363,,Instituto Nacional de Estadística y Censos,2026-07-05
8912,HHA422-%_HH-NOCHILDREN-,HH04 - Households with a computer - %_HH - NOCHILDREN,% of households,ITU Households Database,2020,Costa Rica,CRI,Family,No Children,,54.607158792082544,,Instituto Nacional de Estadística y Censos,2026-07-05
8913,HHA422-%_HH-NOCHILDREN-RURAL,HH04 - Households with a computer - %_HH - NOCHILDREN - RURAL,% of households,ITU Households Database,2020,Costa Rica,CRI,Location,No Children,Rural,43.679496567020045,,Instituto Nacional de Estadística y Censos,2026-07-05
8917,HHA422-%_HH--,HH04 - Households with a computer - %_HH,% of households,ITU Households Database,2020,Cuba,CUB,,,,17.920008010167678,,Oficina Nacional de Estadisticas e Informacion ,2026-07-06
8914,HHA422-%_HH-NOCHILDREN-URBAN,HH04 - Households with a computer - %_HH - NOCHILDREN - URBAN,% of households,ITU Households Database,2020,Cyprus,CYP,Location,No Children,Urban,75.23150857378678,,Statistical Service of Cyprus,2026-07-07
8912,HHA422-%_HH-NOCHILDREN-,HH04 - Households with a computer - %_HH - NOCHILDREN,% of households,ITU Households Database,2020,Cyprus,CYP,Family,No Children,,70.99204678905006,,Statistical Service of Cyprus,2026-07-07
8916,HHA422-%_HH-URBAN-,HH04 - Households with a computer - %_HH - URBAN,% of households,ITU Households Database,2020,Cyprus,CYP,Location,Urban,,80.65423868306574,,Statistical Service of Cyprus,2026-07-05
8908,HHA422-%_HH-CHILDREN-URBAN,HH04 - Households with a computer - %_HH - CHILDREN - URBAN,% of households,ITU Households Database,2020,Cyprus,CYP,Location,Children,Urban,94.4502852247531,,Statistical Service of Cyprus,2025-01-08
8917,HHA422-%_HH--,HH04 - Households with a computer - %_HH,% of households,ITU Households Database,2020,Cyprus,CYP,,,,78.11297787440682,,Statistical Service of Cyprus,2026-07-06
8915,HHA422-%_HH-RURAL-,HH04 - Households with a computer - %_HH - RURAL,% of households,ITU Households Database,2020,Cyprus,CYP,Location,Rural,,71.97386600720851,,Statistical Service of Cyprus,2026-07-06
8913,HHA422-%_HH-NOCHILDREN-RURAL,HH04 - Households with a computer - %_HH - NOCHILDREN - RURAL,% of households,ITU Households Database,2020,Cyprus,CYP,Location,No Children,Rural,59.61156148770712,,Statistical Service of Cyprus,2026-07-07
8907,HHA422-%_HH-CHILDREN-RURAL,HH04 - Households with a computer - %_HH - CHILDREN - RURAL,% of households,ITU Households Database,2020,Cyprus,CYP,Location,Children,Rural,94.52890198211186,,Statistical Service of Cyprus,2026-07-07
8906,HHA422-%_HH-CHILDREN-,HH04 - Households with a computer - %_HH - CHILDREN,% of households,ITU Households Database,2020,Cyprus,CYP,Family,Children,,94.47716165914908,,Statistical Service of Cyprus,2026-07-07
8917,HHA422-%_HH--,HH04 - Households with a computer - %_HH,% of households,ITU Households Database,2020,Denmark,DNK,,,,77.73239666721125,Data source: Home appliances,Statistics Denmark,2026-07-06
8914,HHA422-%_HH-NOCHILDREN-URBAN,HH04 - Households with a computer - %_HH - NOCHILDREN - URBAN,% of households,ITU Households Database,2020,Spain,ESP,Location,No Children,Urban,81.18516749395695,,Instituto Nacional de Estadística (INE),2026-07-05
8917,HHA422-%_HH--,HH04 - Households with a computer - %_HH,% of households,ITU Households Database,2020,Spain,ESP,,,,81.4153997416786,HHs with at least one member aged 16 to 74,Instituto Nacional de Estadistica,2025-01-08
8912,HHA422-%_HH-NOCHILDREN-,HH04 - Households with a computer - %_HH - NOCHILDREN,% of households,ITU Households Database,2020,Spain,ESP,Family,No Children,,76.35444471543137,,Instituto Nacional de Estadística (INE),2026-07-05
8907,HHA422-%_HH-CHILDREN-RURAL,HH04 - Households with a computer - %_HH - CHILDREN - RURAL,% of households,ITU Households Database,2020,Spain,ESP,Location,Children,Rural,93.79598897369895,,Instituto Nacional de Estadística (INE),2026-07-06
8906,HHA422-%_HH-CHILDREN-,HH04 - Households with a computer - %_HH - CHILDREN,% of households,ITU Households Database,2020,Spain,ESP,Family,Children,,94.66784228972479,,Instituto Nacional de Estadística (INE),2026-07-06
8908,HHA422-%_HH-CHILDREN-URBAN,HH04 - Households with a computer - %_HH - CHILDREN - URBAN,% of households,ITU Households Database,2020,Spain,ESP,Location,Children,Urban,95.44052677057078,,Instituto Nacional de Estadística (INE),2026-07-05
8915,HHA422-%_HH-RURAL-,HH04 - Households with a computer - %_HH - RURAL,% of households,ITU Households Database,2020,Spain,ESP,Location,Rural,,77.07428958031312,,Instituto Nacional de Estadística (INE),2026-07-06
8913,HHA422-%_HH-NOCHILDREN-RURAL,HH04 - Households with a computer - %_HH - NOCHILDREN - RURAL,% of households,ITU Households Database,2020,Spain,ESP,Location,No Children,Rural,70.3355938756866,,Instituto Nacional de Estadística (INE),2025-01-08
8916,HHA422-%_HH-URBAN-,HH04 - Households with a computer - %_HH - URBAN,% of households,ITU Households Database,2020,Spain,ESP,Location,Urban,,84.99666935666593,,Instituto Nacional de Estadística (INE),2026-07-05
8917,HHA422-%_HH--,HH04 - Households with a computer - %_HH,% of households,ITU Households Database,2020,Egypt,EGY,,,,70.23150268299605,,Ministry of Communications and Information Technology,2026-07-05
8906,HHA422-%_HH-CHILDREN-,HH04 - Households with a computer - %_HH - CHILDREN,% of households,ITU Households Database,2020,Egypt,EGY,Family,Children,,78.96738135591825,,Ministry of Communications and Information Technology,2026-07-06
8913,HHA422-%_HH-NOCHILDREN-RURAL,HH04 - Households with a computer - %_HH - NOCHILDREN - RURAL,% of households,ITU Households Database,2020,Egypt,EGY,Location,No Children,Rural,45.14279977358494,,Ministry of Communications and Information Technology,2026-07-05
8916,HHA422-%_HH-URBAN-,HH04 - Households with a computer - %_HH - URBAN,% of households,ITU Households Database,2020,Egypt,EGY,Location,Urban,,81.13642606944835,,Ministry of Communications and Information Technology,2026-07-05
8907,HHA422-%_HH-CHILDREN-RURAL,HH04 - Households with a computer - %_HH - CHILDREN - RURAL,% of households,ITU Households Database,2020,Egypt,EGY,Location,Children,Rural,70.72422801362787,,Ministry of Communications and Information Technology,2026-07-06
8915,HHA422-%_HH-RURAL-,HH04 - Households with a computer - %_HH - RURAL,% of households,ITU Households Database,2020,Egypt,EGY,Location,Rural,,61.28153582440174,,Ministry of Communications and Information Technology,2026-07-06
8908,HHA422-%_HH-CHILDREN-URBAN,HH04 - Households with a computer - %_HH - CHILDREN - URBAN,% of households,ITU Households Database,2020,Egypt,EGY,Location,Children,Urban,91.24879644727497,,Ministry of Communications and Information Technology,2026-07-05
8914,HHA422-%_HH-NOCHILDREN-URBAN,HH04 - Households with a computer - %_HH - NOCHILDREN - URBAN,% of households,ITU Households Database,2020,Egypt,EGY,Location,No Children,Urban,70.35848500506422,,Ministry of Communications and Information Technology,2026-07-05
8912,HHA422-%_HH-NOCHILDREN-,HH04 - Households with a computer - %_HH - NOCHILDREN,% of households,ITU Households Database,2020,Egypt,EGY,Family,No Children,,58.21399208077253,,Ministry of Communications and Information Technology,2026-07-05
8907,HHA422-%_HH-CHILDREN-RURAL,HH04 - Households with a computer - %_HH - CHILDREN - RURAL,% of households,ITU Households Database,2020,Ecuador,ECU,Location,Children,Rural,28.658217205253354,,Instituto Nacional de Estadísticas y Censos - INEC,2026-07-06
8915,HHA422-%_HH-RURAL-,HH04 - Households with a computer - %_HH - RURAL,% of households,ITU Households Database,2020,Ecuador,ECU,Location,Rural,,23.281180861449,,Instituto Nacional de Estadísticas y Censos - INEC,2025-01-08
8917,HHA422-%_HH--,HH04 - Households with a computer - %_HH,% of households,ITU Households Database,2020,Ecuador,ECU,,,,43.924376677695236,,Instituto Nacional de Estadistica y Censos,2026-07-06
8914,HHA422-%_HH-NOCHILDREN-URBAN,HH04 - Households with a computer - %_HH - NOCHILDREN - URBAN,% of households,ITU Households Database,2020,Ecuador,ECU,Location,No Children,Urban,50.40853981318487,,Instituto Nacional de Estadísticas y Censos - INEC,2026-07-05
8916,HHA422-%_HH-URBAN-,HH04 - Households with a computer - %_HH - URBAN,% of households,ITU Households Database,2020,Ecuador,ECU,Location,Urban,,53.38614043045293,,Instituto Nacional de Estadísticas y Censos - INEC,2026-07-05
8913,HHA422-%_HH-NOCHILDREN-RURAL,HH04 - Households with a computer - %_HH - NOCHILDREN - RURAL,% of households,ITU Households Database,2020,Ecuador,ECU,Location,No Children,Rural,17.840608818488455,,Instituto Nacional de Estadísticas y Censos - INEC,2026-07-05
8908,HHA422-%_HH-CHILDREN-URBAN,HH04 - Households with a computer - %_HH - CHILDREN - URBAN,% of households,ITU Households Database,2020,Ecuador,ECU,Location,Children,Urban,56.49664595798849,,Instituto Nacional de Estadísticas y Censos - INEC,2026-07-05
8912,HHA422-%_HH-NOCHILDREN-,HH04 - Households with a computer - %_HH - NOCHILDREN,% of households,ITU Households Database,2020,Ecuador,ECU,Family,No Children,,40.364610187175,,Instituto Nacional de Estadísticas y Censos - INEC,2025-01-08
8906,HHA422-%_HH-CHILDREN-,HH04 - Households with a computer - %_HH - CHILDREN,% of households,ITU Households Database,2020,Ecuador,ECU,Family,Children,,47.578816964436385,,Instituto Nacional de Estadísticas y Censos - INEC,2026-07-06
8917,HHA422-%_HH--,HH04 - Households with a computer - %_HH,% of households,ITU Households Database,2020,Finland,FIN,,,,87.35497375494698,,Statistics Finland,2026-07-05
8912,HHA422-%_HH-NOCHILDREN-,HH04 - Households with a computer - %_HH - NOCHILDREN,% of households,ITU Households Database,2020,"Hong Kong, China",HKG,Family,No Children,,70.62225195947237,,Census and Statistics Department,2026-07-07
8906,HHA422-%_HH-CHILDREN-,HH04 - Households with a computer - %_HH - CHILDREN,% of households,ITU Households Database,2020,"Hong Kong, China",HKG,Family,Children,,92.3235445646574,,Census and Statistics Department,2025-01-08
8917,HHA422-%_HH--,HH04 - Households with a computer - %_HH,% of households,ITU Households Database,2020,"Hong Kong, China",HKG,,,,75.34302912476166,,Census and Statistics Department,2026-07-06
8916,HHA422-%_HH-URBAN-,HH04 - Households with a computer - %_HH - URBAN,% of households,ITU Households Database,2020,Croatia,HRV,Location,Urban,,80.91688222020983,,Croatian Bureau of Statistics,2026-07-05
8917,HHA422-%_HH--,HH04 - Households with a computer - %_HH,% of households,ITU Households Database,2020,Croatia,HRV,,,,76.97346450634622,,Croatian Bureau of Statistics,2026-07-05
8915,HHA422-%_HH-RURAL-,HH04 - Households with a computer - %_HH - RURAL,% of households,ITU Households Database,2020,Croatia,HRV,Location,Rural,,70.55397978901244,,Croatian Bureau of Statistics,2026-07-06
8912,HHA422-%_HH-NOCHILDREN-,HH04 - Households with a computer - %_HH - NOCHILDREN,% of households,ITU Households Database,2020,Italy,ITA,Family,No Children,,61.51981767244323,,National Institute of Statistics,2026-07-05
8914,HHA422-%_HH-NOCHILDREN-URBAN,HH04 - Households with a computer - %_HH - NOCHILDREN - URBAN,% of households,ITU Households Database,2020,Italy,ITA,Location,No Children,Urban,62.70100671669271,,National Institute of Statistics,2026-07-05
8913,HHA422-%_HH-NOCHILDREN-RURAL,HH04 - Households with a computer - %_HH - NOCHILDREN - RURAL,% of households,ITU Households Database,2020,Italy,ITA,Location,No Children,Rural,55.63974553303914,,National Institute of Statistics,2026-07-05
8907,HHA422-%_HH-CHILDREN-RURAL,HH04 - Households with a computer - %_HH - CHILDREN - RURAL,% of households,ITU Households Database,2020,Italy,ITA,Location,Children,Rural,87.01118015686377,,National Institute of Statistics,2026-07-06
8915,HHA422-%_HH-RURAL-,HH04 - Households with a computer - %_HH - RURAL,% of households,ITU Households Database,2020,Italy,ITA,Location,Rural,,61.35165339330625,,National Institute of Statistics,2026-07-06
8908,HHA422-%_HH-CHILDREN-URBAN,HH04 - Households with a computer - %_HH - CHILDREN - URBAN,% of households,ITU Households Database,2020,Italy,ITA,Location,Children,Urban,86.30060386170636,,National Institute of Statistics,2026-07-05
8917,HHA422-%_HH--,HH04 - Households with a computer - %_HH,% of households,ITU Households Database,2020,Italy,ITA,,,,66.58821801590736,,Italian National Institute of Statistics,2026-07-05
8916,HHA422-%_HH-URBAN-,HH04 - Households with a computer - %_HH - URBAN,% of households,ITU Households Database,2020,Italy,ITA,Location,Urban,,67.6069447719974,,National Institute of Statistics,2025-01-08
8906,HHA422-%_HH-CHILDREN-,HH04 - Households with a computer - %_HH - CHILDREN,% of households,ITU Households Database,2020,Italy,ITA,Family,Children,,86.40405185660366,,National Institute of Statistics,2026-07-06
8917,HHA422-%_HH--,HH04 - Households with a computer - %_HH,% of households,ITU Households Database,2020,Indonesia,IDN,,,,18.827324642613917,,BPS-Statistics Indonesia,2026-07-05
8915,HHA422-%_HH-RURAL-,HH04 - Households with a computer - %_HH - RURAL,% of households,ITU Households Database,2020,Indonesia,IDN,Location,Rural,,9.584615715179625,,BPS-Statistics Indonesia,2026-07-06
8916,HHA422-%_HH-URBAN-,HH04 - Households with a computer - %_HH - URBAN,% of households,ITU Households Database,2020,Indonesia,IDN,Location,Urban,,26.085906259919383,,BPS-Statistics Indonesia,2026-07-05
8914,HHA422-%_HH-NOCHILDREN-URBAN,HH04 - Households with a computer - %_HH - NOCHILDREN - URBAN,% of households,ITU Households Database,2020,Indonesia,IDN,Location,No Children,Urban,27.85604018043354,,BPS-Statistics Indonesia,2026-07-05
8912,HHA422-%_HH-NOCHILDREN-,HH04 - Households with a computer - %_HH - NOCHILDREN,% of households,ITU Households Database,2020,Indonesia,IDN,Family,No Children,,20.06312075565926,,BPS-Statistics Indonesia,2026-07-05
8907,HHA422-%_HH-CHILDREN-RURAL,HH04 - Households with a computer - %_HH - CHILDREN - RURAL,% of households,ITU Households Database,2020,Indonesia,IDN,Location,Children,Rural,9.899801641866434,,BPS-Statistics Indonesia,2026-07-06
8913,HHA422-%_HH-NOCHILDREN-RURAL,HH04 - Households with a computer - %_HH - NOCHILDREN - RURAL,% of households,ITU Households Database,2020,Indonesia,IDN,Location,No Children,Rural,9.072717816870693,,BPS-Statistics Indonesia,2026-07-05
8908,HHA422-%_HH-CHILDREN-URBAN,HH04 - Households with a computer - %_HH - CHILDREN - URBAN,% of households,ITU Households Database,2020,Indonesia,IDN,Location,Children,Urban,24.793160385726026,,BPS-Statistics Indonesia,2026-07-05
8906,HHA422-%_HH-CHILDREN-,HH04 - Households with a computer - %_HH - CHILDREN,% of households,ITU Households Database,2020,Indonesia,IDN,Family,Children,,17.989501389052872,,BPS-Statistics Indonesia,2026-07-06
8917,HHA422-%_HH--,HH04 - Households with a computer - %_HH,% of households,ITU Households Database,2020,Ireland,IRL,,,,91.99986740111714,,Central Statistics Office,2026-07-05
8913,HHA422-%_HH-NOCHILDREN-RURAL,HH04 - Households with a computer - %_HH - NOCHILDREN - RURAL,% of households,ITU Households Database,2020,Israel,ISR,Location,No Children,Rural,86.73961285940275,,CENTRAL BUREAU OF STATISTICS,2026-07-07
8915,HHA422-%_HH-RURAL-,HH04 - Households with a computer - %_HH - RURAL,% of households,ITU Households Database,2020,Israel,ISR,Location,Rural,,90.90018190335279,,CENTRAL BUREAU OF STATISTICS,2026-07-06
8916,HHA422-%_HH-URBAN-,HH04 - Households with a computer - %_HH - URBAN,% of households,ITU Households Database,2020,Israel,ISR,Location,Urban,,79.79575761490858,,CENTRAL BUREAU OF STATISTICS,2026-07-05
8907,HHA422-%_HH-CHILDREN-RURAL,HH04 - Households with a computer - %_HH - CHILDREN - RURAL,% of households,ITU Households Database,2020,Israel,ISR,Location,Children,Rural,96.23242458811589,,CENTRAL BUREAU OF STATISTICS,2026-07-07
8908,HHA422-%_HH-CHILDREN-URBAN,HH04 - Households with a computer - %_HH - CHILDREN - URBAN,% of households,ITU Households Database,2020,Israel,ISR,Location,Children,Urban,86.29716624478117,,CENTRAL BUREAU OF STATISTICS,2026-07-07
8917,HHA422-%_HH--,HH04 - Households with a computer - %_HH,% of households,ITU Households Database,2020,Israel,ISR,,,,80.56574677524505,,CENTRAL BUREAU OF STATISTICS,2026-07-06
8912,HHA422-%_HH-NOCHILDREN-,HH04 - Households with a computer - %_HH - NOCHILDREN,% of households,ITU Households Database,2020,Israel,ISR,Family,No Children,,76.3963813395082,,CENTRAL BUREAU OF STATISTICS,2025-01-08
8914,HHA422-%_HH-NOCHILDREN-URBAN,HH04 - Households with a computer - %_HH - NOCHILDREN - URBAN,% of households,ITU Households Database,2020,Israel,ISR,Location,No Children,Urban,75.6901361703361,,CENTRAL BUREAU OF STATISTICS,2025-01-08
8906,HHA422-%_HH-CHILDREN-,HH04 - Households with a computer - %_HH - CHILDREN,% of households,ITU Households Database,2020,Israel,ISR,Family,Children,,87.0701558549634,,CENTRAL BUREAU OF STATISTICS,2025-01-08
8915,HHA422-%_HH-RURAL-,HH04 - Households with a computer - %_HH - RURAL,% of households,ITU Households Database,2020,Japan,JPN,Location,Rural,,73.86400257815018,Estimated by the following method; (The number of households by which the age of householder is more than 20 years old)*(Survey result(%)),Ministry of Internal Affairs and Communications,2026-07-06
8908,HHA422-%_HH-CHILDREN-URBAN,HH04 - Households with a computer - %_HH - CHILDREN - URBAN,% of households,ITU Households Database,2020,Japan,JPN,Location,Children,Urban,88.54035968214137,Estimated by the following method; (The number of households by which the age of householder is more than 20 years old)*(Survey result(%)),Ministry of Internal Affairs and Communications,2026-07-07
8912,HHA422-%_HH-NOCHILDREN-,HH04 - Households with a computer - %_HH - NOCHILDREN,% of households,ITU Households Database,2020,Japan,JPN,Family,No Children,,72.12379567799326,Estimated by the following method; (The number of households by which the age of householder is more than 20 years old)*(Survey result(%)),Ministry of Internal Affairs and Communications,2026-07-07
8914,HHA422-%_HH-NOCHILDREN-URBAN,HH04 - Households with a computer - %_HH - NOCHILDREN - URBAN,% of households,ITU Households Database,2020,Japan,JPN,Location,No Children,Urban,75.9447165850245,Estimated by the following method; (The number of households by which the age of householder is more than 20 years old)*(Survey result(%)),Ministry of Internal Affairs and Communications,2025-01-08
8913,HHA422-%_HH-NOCHILDREN-RURAL,HH04 - Households with a computer - %_HH - NOCHILDREN - RURAL,% of households,ITU Households Database,2020,Japan,JPN,Location,No Children,Rural,69.32792831235332,Estimated by the following method; (The number of households by which the age of householder is more than 20 years old)*(Survey result(%)),Ministry of Internal Affairs and Communications,2026-07-07
8907,HHA422-%_HH-CHILDREN-RURAL,HH04 - Households with a computer - %_HH - CHILDREN - RURAL,% of households,ITU Households Database,2020,Japan,JPN,Location,Children,Rural,87.85883592309717,Estimated by the following method; (The number of households by which the age of householder is more than 20 years old)*(Survey result(%)),Ministry of Internal Affairs and Communications,2026-07-07
8917,HHA422-%_HH--,HH04 - Households with a computer - %_HH,% of households,ITU Households Database,2020,Japan,JPN,,,,75.86291540785498,Estimated by the following method; (The number of households by which the age of householder is more than 20 years old)*(Survey result(%)),Ministry of Internal Affairs and Communications,2026-07-06
8916,HHA422-%_HH-URBAN-,HH04 - Households with a computer - %_HH - URBAN,% of households,ITU Households Database,2020,Japan,JPN,Location,Urban,,78.69129046967625,Estimated by the following method; (The number of households by which the age of householder is more than 20 years old)*(Survey result(%)),Ministry of Internal Affairs and Communications,2026-07-05
8906,HHA422-%_HH-CHILDREN-,HH04 - Households with a computer - %_HH - CHILDREN,% of households,ITU Households Database,2020,Japan,JPN,Family,Children,,88.1231316150925,Estimated by the following method; (The number of households by which the age of householder is more than 20 years old)*(Survey result(%)),Ministry of Internal Affairs and Communications,2025-01-08
8908,HHA422-%_HH-CHILDREN-URBAN,HH04 - Households with a computer - %_HH - CHILDREN - URBAN,% of households,ITU Households Database,2020,Korea (Rep. of),KOR,Location,Children,Urban,98.70825418295549,,Ministriy of Sceience and ICT(MSIT),2026-07-05
8916,HHA422-%_HH-URBAN-,HH04 - Households with a computer - %_HH - URBAN,% of households,ITU Households Database,2020,Korea (Rep. of),KOR,Location,Urban,,75.25830744970138,,Ministriy of Sceience and ICT(MSIT),2026-07-05
8912,HHA422-%_HH-NOCHILDREN-,HH04 - Households with a computer - %_HH - NOCHILDREN,% of households,ITU Households Database,2020,Korea (Rep. of),KOR,Family,No Children,,64.93155864300857,,Ministriy of Sceience and ICT(MSIT),2026-07-05
8906,HHA422-%_HH-CHILDREN-,HH04 - Households with a computer - %_HH - CHILDREN,% of households,ITU Households Database,2020,Korea (Rep. of),KOR,Family,Children,,98.66617330490163,,Ministriy of Sceience and ICT(MSIT),2026-07-06
8915,HHA422-%_HH-RURAL-,HH04 - Households with a computer - %_HH - RURAL,% of households,ITU Households Database,2020,Korea (Rep. of),KOR,Location,Rural,,55.88316780553133,,Ministriy of Sceience and ICT(MSIT),2026-07-06
8914,HHA422-%_HH-NOCHILDREN-URBAN,HH04 - Households with a computer - %_HH - NOCHILDREN - URBAN,% of households,ITU Households Database,2020,Korea (Rep. of),KOR,Location,No Children,Urban,68.9196594030184,,Ministriy of Sceience and ICT(MSIT),2025-01-08
8913,HHA422-%_HH-NOCHILDREN-RURAL,HH04 - Households with a computer - %_HH - NOCHILDREN - RURAL,% of households,ITU Households Database,2020,Korea (Rep. of),KOR,Location,No Children,Rural,49.12337750487533,,Ministriy of Sceience and ICT(MSIT),2026-07-04
8917,HHA422-%_HH--,HH04 - Households with a computer - %_HH,% of households,ITU Households Database,2020,Korea (Rep. of),KOR,,,,71.63291663129566,,Ministry of Science and ICT,2026-07-06
8907,HHA422-%_HH-CHILDREN-RURAL,HH04 - Households with a computer - %_HH - CHILDREN - RURAL,% of households,ITU Households Database,2020,Korea (Rep. of),KOR,Location,Children,Rural,98.38270437413425,,Ministriy of Sceience and ICT(MSIT),2026-07-06
8906,HHA422-%_HH-CHILDREN-,HH04 - Households with a computer - %_HH - CHILDREN,% of households,ITU Households Database,2020,Kuwait,KWT,Family,Children,,92.30769230769235,,Communication and Information Technology Regulatory Authority,2026-07-07
8917,HHA422-%_HH--,HH04 - Households with a computer - %_HH,% of households,ITU Households Database,2020,Kuwait,KWT,,,,87.65110094935136,,Communication and Information Technology Regulatory Authority,2026-07-06
8912,HHA422-%_HH-NOCHILDREN-,HH04 - Households with a computer - %_HH - NOCHILDREN,% of households,ITU Households Database,2020,Kuwait,KWT,Family,No Children,,72.46560000000001,,Communication and Information Technology Regulatory Authority,2026-07-07
8906,HHA422-%_HH-CHILDREN-,HH04 - Households with a computer - %_HH - CHILDREN,% of households,ITU Households Database,2020,Lithuania,LTU,Family,Children,,96.64388728789272,,Statistics Lithuania,2026-07-07
8912,HHA422-%_HH-NOCHILDREN-,HH04 - Households with a computer - %_HH - NOCHILDREN,% of households,ITU Households Database,2020,Lithuania,LTU,Family,No Children,,70.29692905153463,,Statistics Lithuania,2026-07-07
8913,HHA422-%_HH-NOCHILDREN-RURAL,HH04 - Households with a computer - %_HH - NOCHILDREN - RURAL,% of households,ITU Households Database,2020,Lithuania,LTU,Location,No Children,Rural,61.90606219689086,,Statistics Lithuania,2026-07-07
8916,HHA422-%_HH-URBAN-,HH04 - Households with a computer - %_HH - URBAN,% of households,ITU Households Database,2020,Lithuania,LTU,Location,Urban,,79.77064653253997,,Statistics Lithuania,2026-07-05
8917,HHA422-%_HH--,HH04 - Households with a computer - %_HH,% of households,ITU Households Database,2020,Lithuania,LTU,,,,76.71469075815416,households in which at least one of the members is between 16 and 74,Statistics Lithuania,2026-07-06
8907,HHA422-%_HH-CHILDREN-RURAL,HH04 - Households with a computer - %_HH - CHILDREN - RURAL,% of households,ITU Households Database,2020,Lithuania,LTU,Location,Children,Rural,96.18217216890562,,Statistics Lithuania,2026-07-07
8908,HHA422-%_HH-CHILDREN-URBAN,HH04 - Households with a computer - %_HH - CHILDREN - URBAN,% of households,ITU Households Database,2020,Lithuania,LTU,Location,Children,Urban,96.83575930402726,,Statistics Lithuania,2026-07-07
8914,HHA422-%_HH-NOCHILDREN-URBAN,HH04 - Households with a computer - %_HH - NOCHILDREN - URBAN,% of households,ITU Households Database,2020,Lithuania,LTU,Location,No Children,Urban,74.11981829144996,,Statistics Lithuania,2026-07-07
8915,HHA422-%_HH-RURAL-,HH04 - Households with a computer - %_HH - RURAL,% of households,ITU Households Database,2020,Lithuania,LTU,Location,Rural,,69.85726234235028,,Statistics Lithuania,2026-07-06
8912,HHA422-%_HH-NOCHILDREN-,HH04 - Households with a computer - %_HH - NOCHILDREN,% of households,ITU Households Database,2020,Mauritius,MUS,Family,No Children,,44.77450439220188,,Statistics Mauritius,2026-07-07
8917,HHA422-%_HH--,HH04 - Households with a computer - %_HH,% of households,ITU Households Database,2020,Mauritius,MUS,,,,48.693862740769504,,Statistics Mauritius,2026-07-06
8906,HHA422-%_HH-CHILDREN-,HH04 - Households with a computer - %_HH - CHILDREN,% of households,ITU Households Database,2020,Mauritius,MUS,Family,Children,,57.58784882370508,,Statistics Mauritius,2026-07-07
8906,HHA422-%_HH-CHILDREN-,HH04 - Households with a computer - %_HH - CHILDREN,% of households,ITU Households Database,2020,Mexico,MEX,Family,Children,,44.54353882340447,,Instituto Nacional de Estadística y Geografía (INEGI),2026-07-07
8915,HHA422-%_HH-RURAL-,HH04 - Households with a computer - %_HH - RURAL,% of households,ITU Households Database,2020,Mexico,MEX,Location,Rural,,20.586425106776478,,Instituto Nacional de Estadística y Geografía (INEGI),2026-07-06
8917,HHA422-%_HH--,HH04 - Households with a computer - %_HH,% of households,ITU Households Database,2020,Mexico,MEX,,,,43.75985664408291,,Instituto Nacional de Estadística y Geografía (INEGI),2026-07-05
8908,HHA422-%_HH-CHILDREN-URBAN,HH04 - Households with a computer - %_HH - CHILDREN - URBAN,% of households,ITU Households Database,2020,Mexico,MEX,Location,Children,Urban,52.62227236249565,,Instituto Nacional de Estadística y Geografía (INEGI),2026-07-07
8916,HHA422-%_HH-URBAN-,HH04 - Households with a computer - %_HH - URBAN,% of households,ITU Households Database,2020,Mexico,MEX,Location,Urban,,51.00318195932863,,Instituto Nacional de Estadística y Geografía (INEGI),2026-07-05
8912,HHA422-%_HH-NOCHILDREN-,HH04 - Households with a computer - %_HH - NOCHILDREN,% of households,ITU Households Database,2020,Mexico,MEX,Family,No Children,,43.04490714685264,,Instituto Nacional de Estadística y Geografía (INEGI),2026-07-07
8913,HHA422-%_HH-NOCHILDREN-RURAL,HH04 - Households with a computer - %_HH - NOCHILDREN - RURAL,% of households,ITU Households Database,2020,Mexico,MEX,Location,No Children,Rural,16.29606796449027,,Instituto Nacional de Estadística y Geografía (INEGI),2026-07-07
8914,HHA422-%_HH-NOCHILDREN-URBAN,HH04 - Households with a computer - %_HH - NOCHILDREN - URBAN,% of households,ITU Households Database,2020,Mexico,MEX,Location,No Children,Urban,49.6784234529709,,Instituto Nacional de Estadística y Geografía (INEGI),2025-01-08
8907,HHA422-%_HH-CHILDREN-RURAL,HH04 - Households with a computer - %_HH - CHILDREN - RURAL,% of households,ITU Households Database,2020,Mexico,MEX,Location,Children,Rural,23.9079681744044,,Instituto Nacional de Estadística y Geografía (INEGI),2025-01-08
8916,HHA422-%_HH-URBAN-,HH04 - Households with a computer - %_HH - URBAN,% of households,ITU Households Database,2020,Malaysia,MYS,Location,Urban,,82.77665642293867,,"Department of Statistics, Malaysia",2026-07-05
8917,HHA422-%_HH--,HH04 - Households with a computer - %_HH,% of households,ITU Households Database,2020,Malaysia,MYS,,,,77.55071686219198,,Department of Statistics,2026-07-05
8915,HHA422-%_HH-RURAL-,HH04 - Households with a computer - %_HH - RURAL,% of households,ITU Households Database,2020,Malaysia,MYS,Location,Rural,,55.48430482657216,,"Department of Statistics, Malaysia",2026-07-06
8916,HHA422-%_HH-URBAN-,HH04 - Households with a computer - %_HH - URBAN,% of households,ITU Households Database,2020,Mongolia,MNG,Location,Urban,,39.021105450389406,,National Statistiics Office,2026-07-05
8912,HHA422-%_HH-NOCHILDREN-,HH04 - Households with a computer - %_HH - NOCHILDREN,% of households,ITU Households Database,2020,Mongolia,MNG,Family,No Children,,35.72934631582931,,National Statistiics Office,2026-07-07
8908,HHA422-%_HH-CHILDREN-URBAN,HH04 - Households with a computer - %_HH - CHILDREN - URBAN,% of households,ITU Households Database,2020,Mongolia,MNG,Location,Children,Urban,31.6886902206542,,National Statistiics Office,2025-01-08
8906,HHA422-%_HH-CHILDREN-,HH04 - Households with a computer - %_HH - CHILDREN,% of households,ITU Households Database,2020,Mongolia,MNG,Family,Children,,25.54465846786617,,National Statistiics Office,2026-07-07
8913,HHA422-%_HH-NOCHILDREN-RURAL,HH04 - Households with a computer - %_HH - NOCHILDREN - RURAL,% of households,ITU Households Database,2020,Mongolia,MNG,Location,No Children,Rural,11.153244802900197,,National Statistiics Office,2026-07-07
8917,HHA422-%_HH--,HH04 - Households with a computer - %_HH,% of households,ITU Households Database,2020,Mongolia,MNG,,,,29.690815131746913,survey: Social Statistics Department of National Statistics Office,National Statistical Office of Mongolia,2026-07-05
8914,HHA422-%_HH-NOCHILDREN-URBAN,HH04 - Households with a computer - %_HH - NOCHILDREN - URBAN,% of households,ITU Households Database,2020,Mongolia,MNG,Location,No Children,Urban,50.848501069495136,,National Statistiics Office,2026-07-07
8915,HHA422-%_HH-RURAL-,HH04 - Households with a computer - %_HH - RURAL,% of households,ITU Households Database,2020,Mongolia,MNG,Location,Rural,,11.692200579549446,,National Statistiics Office,2026-07-06
8907,HHA422-%_HH-CHILDREN-RURAL,HH04 - Households with a computer - %_HH - CHILDREN - RURAL,% of households,ITU Households Database,2020,Mongolia,MNG,Location,Children,Rural,12.140642245230463,,National Statistiics Office,2026-07-07
8917,HHA422-%_HH--,HH04 - Households with a computer - %_HH,% of households,ITU Households Database,2020,Morocco,MAR,,,,64.20624416641819,,Agence Nationale de Réglementation des Télécommunications,2026-07-06
8917,HHA422-%_HH--,HH04 - Households with a computer - %_HH,% of households,ITU Households Database,2020,Oman,OMN,,,,96.11109613939269,,"Ministry of Transport, Communications and Information Technology ",2026-07-06
8915,HHA422-%_HH-RURAL-,HH04 - Households with a computer - %_HH - RURAL,% of households,ITU Households Database,2020,Pakistan,PAK,Location,Rural,,6.91557997097168,,Pakistan Bureau of Statistics,2025-01-08
8917,HHA422-%_HH--,HH04 - Households with a computer - %_HH,% of households,ITU Households Database,2020,Pakistan,PAK,,,,11.749350281890655,Households with Computer/Laptop/Tablet,Pakistan Bureau of Statistics,2026-07-06
8916,HHA422-%_HH-URBAN-,HH04 - Households with a computer - %_HH - URBAN,% of households,ITU Households Database,2020,Pakistan,PAK,Location,Urban,,19.416088732693296,,Pakistan Bureau of Statistics,2026-07-05
8917,HHA422-%_HH--,HH04 - Households with a computer - %_HH,% of households,ITU Households Database,2020,Portugal,PRT,,,,0,Information not collected,Instituto Nacional de Estatistica,2026-07-04
8915,HHA422-%_HH-RURAL-,HH04 - Households with a computer - %_HH - RURAL,% of households,ITU Households Database,2020,Paraguay,PRY,Location,Rural,,10.218245540271823,,Instituto Nacional de Estadística (INE),2026-07-06
8916,HHA422-%_HH-URBAN-,HH04 - Households with a computer - %_HH - URBAN,% of households,ITU Households Database,2020,Paraguay,PRY,Location,Urban,,37.977713930072554,,Instituto Nacional de Estadística (INE),2026-07-05
8914,HHA422-%_HH-NOCHILDREN-URBAN,HH04 - Households with a computer - %_HH - NOCHILDREN - URBAN,% of households,ITU Households Database,2020,Paraguay,PRY,Location,No Children,Urban,38.37108334437135,,Instituto Nacional de Estadística (INE),2026-07-05
8917,HHA422-%_HH--,HH04 - Households with a computer - %_HH,% of households,ITU Households Database,2020,Paraguay,PRY,,,,27.65399162375102,"Incluye computadora de escritorio, computadora portátil, una tableta o dispositivo similar","Direccion General de Estadistica, Encuestas y Censos",2026-07-06
8912,HHA422-%_HH-NOCHILDREN-,HH04 - Households with a computer - %_HH - NOCHILDREN,% of households,ITU Households Database,2020,Paraguay,PRY,Family,No Children,,28.59756419923815,,Instituto Nacional de Estadística (INE),2026-07-05
8907,HHA422-%_HH-CHILDREN-RURAL,HH04 - Households with a computer - %_HH - CHILDREN - RURAL,% of households,ITU Households Database,2020,Paraguay,PRY,Location,Children,Rural,10.616292672551314,,Instituto Nacional de Estadística (INE),2026-07-06
8913,HHA422-%_HH-NOCHILDREN-RURAL,HH04 - Households with a computer - %_HH - NOCHILDREN - RURAL,% of households,ITU Households Database,2020,Paraguay,PRY,Location,No Children,Rural,9.479372730301174,,Instituto Nacional de Estadística (INE),2026-07-05
8908,HHA422-%_HH-CHILDREN-URBAN,HH04 - Households with a computer - %_HH - CHILDREN - URBAN,% of households,ITU Households Database,2020,Paraguay,PRY,Location,Children,Urban,37.709396659405336,,Instituto Nacional de Estadística (INE),2026-07-06
8906,HHA422-%_HH-CHILDREN-,HH04 - Households with a computer - %_HH - CHILDREN,% of households,ITU Households Database,2020,Paraguay,PRY,Family,Children,,27.06354008418615,,Instituto Nacional de Estadística (INE),2026-07-06
8914,HHA422-%_HH-NOCHILDREN-URBAN,HH04 - Households with a computer - %_HH - NOCHILDREN - URBAN,% of households,ITU Households Database,2020,Peru,PER,Location,No Children,Urban,40.822111051586646,,Instituto Nacional de Estadística e Informática - INEI,2026-07-07
8916,HHA422-%_HH-URBAN-,HH04 - Households with a computer - %_HH - URBAN,% of households,ITU Households Database,2020,Peru,PER,Location,Urban,,39.894052595130994,,Instituto Nacional de Estadística e Informática - INEI,2026-07-05
8906,HHA422-%_HH-CHILDREN-,HH04 - Households with a computer - %_HH - CHILDREN,% of households,ITU Households Database,2020,Peru,PER,Family,Children,,32.21194222233733,,Instituto Nacional de Estadística e Informática - INEI,2026-07-07
8912,HHA422-%_HH-NOCHILDREN-,HH04 - Households with a computer - %_HH - NOCHILDREN,% of households,ITU Households Database,2020,Peru,PER,Family,No Children,,34.02734288871924,,Instituto Nacional de Estadística e Informática - INEI,2026-07-07
8908,HHA422-%_HH-CHILDREN-URBAN,HH04 - Households with a computer - %_HH - CHILDREN - URBAN,% of households,ITU Households Database,2020,Peru,PER,Location,Children,Urban,38.96205565918222,,Instituto Nacional de Estadística e Informática - INEI,2026-07-07
8913,HHA422-%_HH-NOCHILDREN-RURAL,HH04 - Households with a computer - %_HH - NOCHILDREN - RURAL,% of households,ITU Households Database,2020,Peru,PER,Location,No Children,Rural,8.111284943536281,,Instituto Nacional de Estadística e Informática - INEI,2026-07-07
8907,HHA422-%_HH-CHILDREN-RURAL,HH04 - Households with a computer - %_HH - CHILDREN - RURAL,% of households,ITU Households Database,2020,Peru,PER,Location,Children,Rural,8.317462493914581,,Instituto Nacional de Estadística e Informática - INEI,2026-07-07
8915,HHA422-%_HH-RURAL-,HH04 - Households with a computer - %_HH - RURAL,% of households,ITU Households Database,2020,Peru,PER,Location,Rural,,8.2180002709115,,Instituto Nacional de Estadística e Informática - INEI,2025-01-08
8917,HHA422-%_HH--,HH04 - Households with a computer - %_HH,% of households,ITU Households Database,2020,Peru,PER,,,,33.114322125841156,The information comes from the home equipment module,Instituto Nacional de Estadistica e Informatica,2026-07-06
8917,HHA422-%_HH--,HH04 - Households with a computer - %_HH,% of households,ITU Households Database,2020,Puerto Rico,PRI,,,,72.5961207514997,"Source: U.S. Census Bureau, 2020 American Community Survey 5-Year Estimates - Table S2801: Types of computers and Internet Subscriptions#https://data.census.gov/table?t=Computer+and+Internet+Use&g=040XX00US72&tid=ACSST5Y2020.S2801",Puerto Rico Institute of Statistics,2025-01-08
8916,HHA422-%_HH-URBAN-,HH04 - Households with a computer - %_HH - URBAN,% of households,ITU Households Database,2020,Qatar,QAT,Location,Urban,,87.21186222978127,,Ministry of Transport and Communications,2026-07-05
8917,HHA422-%_HH--,HH04 - Households with a computer - %_HH,% of households,ITU Households Database,2020,Qatar,QAT,,,,87.21186222978127,,Ministry of Transport and Communications,2026-07-06
8914,HHA422-%_HH-NOCHILDREN-URBAN,HH04 - Households with a computer - %_HH - NOCHILDREN - URBAN,% of households,ITU Households Database,2020,Qatar,QAT,Location,No Children,Urban,79.5219549461643,,Ministry of Transport and Communications,2025-01-08
8906,HHA422-%_HH-CHILDREN-,HH04 - Households with a computer - %_HH - CHILDREN,% of households,ITU Households Database,2020,Qatar,QAT,Family,Children,,96.91409815590755,,Ministry of Transport and Communications,2026-07-06
8912,HHA422-%_HH-NOCHILDREN-,HH04 - Households with a computer - %_HH - NOCHILDREN,% of households,ITU Households Database,2020,Qatar,QAT,Family,No Children,,79.5219549461643,,Ministry of Transport and Communications,2025-01-08
8908,HHA422-%_HH-CHILDREN-URBAN,HH04 - Households with a computer - %_HH - CHILDREN - URBAN,% of households,ITU Households Database,2020,Qatar,QAT,Location,Children,Urban,96.91409815590755,,Ministry of Transport and Communications,2026-07-05
8915,HHA422-%_HH-RURAL-,HH04 - Households with a computer - %_HH - RURAL,% of households,ITU Households Database,2020,Russian Federation,RUS,Location,Rural,,59.325299620328366,,Federal State Statistics Service,2026-07-07
8917,HHA422-%_HH--,HH04 - Households with a computer - %_HH,% of households,ITU Households Database,2020,Russian Federation,RUS,,,,72.07145441671948,,Federal State Statistics Service of the Russian Federation,2026-07-06
8916,HHA422-%_HH-URBAN-,HH04 - Households with a computer - %_HH - URBAN,% of households,ITU Households Database,2020,Russian Federation,RUS,Location,Urban,,76.21799542400217,,Federal State Statistics Service,2026-07-05
8917,HHA422-%_HH--,HH04 - Households with a computer - %_HH,% of households,ITU Households Database,2020,El Salvador,SLV,,,,16.46181688862514,,Direccion General de Estadistica y Censos,2026-07-06
8907,HHA422-%_HH-CHILDREN-RURAL,HH04 - Households with a computer - %_HH - CHILDREN - RURAL,% of households,ITU Households Database,2020,El Salvador,SLV,Location,Children,Rural,5.055143255520742,,Dirección General de Estadística y Censos. (DIGESTYC),2026-07-06
8912,HHA422-%_HH-NOCHILDREN-,HH04 - Households with a computer - %_HH - NOCHILDREN,% of households,ITU Households Database,2020,El Salvador,SLV,Family,No Children,,16.489810087283345,,Dirección General de Estadística y Censos. (DIGESTYC),2026-07-05
8916,HHA422-%_HH-URBAN-,HH04 - Households with a computer - %_HH - URBAN,% of households,ITU Households Database,2020,El Salvador,SLV,Location,Urban,,23.440479111531925,,Dirección General de Estadística y Censos. (DIGESTYC),2026-07-05
8915,HHA422-%_HH-RURAL-,HH04 - Households with a computer - %_HH - RURAL,% of households,ITU Households Database,2020,El Salvador,SLV,Location,Rural,,4.836401974520156,,Dirección General de Estadística y Censos. (DIGESTYC),2026-07-06
8913,HHA422-%_HH-NOCHILDREN-RURAL,HH04 - Households with a computer - %_HH - NOCHILDREN - RURAL,% of households,ITU Households Database,2020,El Salvador,SLV,Location,No Children,Rural,4.570969519086242,,Dirección General de Estadística y Censos. (DIGESTYC),2026-07-05
8906,HHA422-%_HH-CHILDREN-,HH04 - Households with a computer - %_HH - CHILDREN,% of households,ITU Households Database,2020,El Salvador,SLV,Family,Children,,16.433751543742886,,Dirección General de Estadística y Censos. (DIGESTYC),2026-07-06
8908,HHA422-%_HH-CHILDREN-URBAN,HH04 - Households with a computer - %_HH - CHILDREN - URBAN,% of households,ITU Households Database,2020,El Salvador,SLV,Location,Children,Urban,24.396407489998204,,Dirección General de Estadística y Censos. (DIGESTYC),2026-07-06
8914,HHA422-%_HH-NOCHILDREN-URBAN,HH04 - Households with a computer - %_HH - NOCHILDREN - URBAN,% of households,ITU Households Database,2020,El Salvador,SLV,Location,No Children,Urban,22.591844970567916,,Dirección General de Estadística y Censos. (DIGESTYC),2026-07-05
8917,HHA422-%_HH--,HH04 - Households with a computer - %_HH,% of households,ITU Households Database,2020,Singapore,SGP,,,,89.06483621041185,,Infocomm Media Development Authority ,2026-07-06
8906,HHA422-%_HH-CHILDREN-,HH04 - Households with a computer - %_HH - CHILDREN,% of households,ITU Households Database,2020,Czech Republic,CZE,Family,Children,,95.78402582831234,,Czech Statistical Office,2026-07-06
8917,HHA422-%_HH--,HH04 - Households with a computer - %_HH,% of households,ITU Households Database,2020,Czech Republic,CZE,,,,78.67291727225488,,Czech Statistical Office,2026-07-05
8912,HHA422-%_HH-NOCHILDREN-,HH04 - Households with a computer - %_HH - NOCHILDREN,% of households,ITU Households Database,2020,Czech Republic,CZE,Family,No Children,,72.49672290550818,,Czech Statistical Office,2026-07-05
8907,HHA422-%_HH-CHILDREN-RURAL,HH04 - Households with a computer - %_HH - CHILDREN - RURAL,% of households,ITU Households Database,2020,Czech Republic,CZE,Location,Children,Rural,96.27119937533794,,Czech Statistical Office,2026-07-06
8914,HHA422-%_HH-NOCHILDREN-URBAN,HH04 - Households with a computer - %_HH - NOCHILDREN - URBAN,% of households,ITU Households Database,2020,Czech Republic,CZE,Location,No Children,Urban,72.33659997770712,,Czech Statistical Office,2026-07-05
8915,HHA422-%_HH-RURAL-,HH04 - Households with a computer - %_HH - RURAL,% of households,ITU Households Database,2020,Czech Republic,CZE,Location,Rural,,79.19198042409803,,Czech Statistical Office,2026-07-06
8908,HHA422-%_HH-CHILDREN-URBAN,HH04 - Households with a computer - %_HH - CHILDREN - URBAN,% of households,ITU Households Database,2020,Czech Republic,CZE,Location,Children,Urban,95.50536164873775,,Czech Statistical Office,2026-07-05
8916,HHA422-%_HH-URBAN-,HH04 - Households with a computer - %_HH - URBAN,% of households,ITU Households Database,2020,Czech Republic,CZE,Location,Urban,,78.38848864869072,,Czech Statistical Office,2026-07-05
8913,HHA422-%_HH-NOCHILDREN-RURAL,HH04 - Households with a computer - %_HH - NOCHILDREN - RURAL,% of households,ITU Households Database,2020,Czech Republic,CZE,Location,No Children,Rural,72.79348697744152,,Czech Statistical Office,2026-07-05
8907,HHA422-%_HH-CHILDREN-RURAL,HH04 - Households with a computer - %_HH - CHILDREN - RURAL,% of households,ITU Households Database,2020,Thailand,THA,Location,Children,Rural,14.325485893274209,,National Statistical Office of Thailand,2026-07-07
8914,HHA422-%_HH-NOCHILDREN-URBAN,HH04 - Households with a computer - %_HH - NOCHILDREN - URBAN,% of households,ITU Households Database,2020,Thailand,THA,Location,No Children,Urban,25.78708466357312,,National Statistical Office of Thailand,2026-07-07
8915,HHA422-%_HH-RURAL-,HH04 - Households with a computer - %_HH - RURAL,% of households,ITU Households Database,2020,Thailand,THA,Location,Rural,,12.275196971074978,,National Statistical Office of Thailand,2026-07-06
8912,HHA422-%_HH-NOCHILDREN-,HH04 - Households with a computer - %_HH - NOCHILDREN,% of households,ITU Households Database,2020,Thailand,THA,Family,No Children,,18.539011480935326,,National Statistical Office of Thailand,2026-07-07
8913,HHA422-%_HH-NOCHILDREN-RURAL,HH04 - Households with a computer - %_HH - NOCHILDREN - RURAL,% of households,ITU Households Database,2020,Thailand,THA,Location,No Children,Rural,11.071385610606931,,National Statistical Office of Thailand,2026-07-07
8917,HHA422-%_HH--,HH04 - Households with a computer - %_HH,% of households,ITU Households Database,2020,Thailand,THA,,,,19.303784847614434,,National Statistical Office,2026-07-07
8908,HHA422-%_HH-CHILDREN-URBAN,HH04 - Households with a computer - %_HH - CHILDREN - URBAN,% of households,ITU Households Database,2020,Thailand,THA,Location,Children,Urban,31.557954441496662,,National Statistical Office of Thailand,2026-07-07
8906,HHA422-%_HH-CHILDREN-,HH04 - Households with a computer - %_HH - CHILDREN,% of households,ITU Households Database,2020,Thailand,THA,Family,Children,,20.934113047297874,,National Statistical Office of Thailand,2026-07-07
8916,HHA422-%_HH-URBAN-,HH04 - Households with a computer - %_HH - URBAN,% of households,ITU Households Database,2020,Thailand,THA,Location,Urban,,27.297375987189287,,National Statistical Office of Thailand,2026-07-07
8917,HHA422-%_HH--,HH04 - Households with a computer - %_HH,% of households,ITU Households Database,2020,Türkiye,TUR,,,,52.11247250284039,,Turkish Statistical Institute,2026-07-06
8917,HHA422-%_HH--,HH04 - Households with a computer - %_HH,% of households,ITU Households Database,2020,United Arab Emirates,ARE,,,,98.26002281510655,,Telecommunications Regulatory Authority ,2026-07-05
8907,HHA422-%_HH-CHILDREN-RURAL,HH04 - Households with a computer - %_HH - CHILDREN - RURAL,% of households,ITU Households Database,2020,Ukraine,UKR,Location,Children,Rural,76.09610293249692,,State Statistics Service of Ukraine,2026-07-06
8912,HHA422-%_HH-NOCHILDREN-,HH04 - Households with a computer - %_HH - NOCHILDREN,% of households,ITU Households Database,2020,Ukraine,UKR,Family,No Children,,53.28802104416884,,State Statistics Service of Ukraine,2026-07-06
8915,HHA422-%_HH-RURAL-,HH04 - Households with a computer - %_HH - RURAL,% of households,ITU Households Database,2020,Ukraine,UKR,Location,Rural,,46.91289198023378,,State Statistics Service of Ukraine,2026-07-06
8908,HHA422-%_HH-CHILDREN-URBAN,HH04 - Households with a computer - %_HH - CHILDREN - URBAN,% of households,ITU Households Database,2020,Ukraine,UKR,Location,Children,Urban,92.23371785919893,,State Statistics Service of Ukraine,2026-07-05
8906,HHA422-%_HH-CHILDREN-,HH04 - Households with a computer - %_HH - CHILDREN,% of households,ITU Households Database,2020,Ukraine,UKR,Family,Children,,87.4294224180452,,State Statistics Service of Ukraine,2025-01-08
8917,HHA422-%_HH--,HH04 - Households with a computer - %_HH,% of households,ITU Households Database,2020,Ukraine,UKR,,,,66.16786029823271,"Number of households that have any computer (personal computer, laptop or tablet)",State Statistics Service of Ukraine,2026-07-06
8916,HHA422-%_HH-URBAN-,HH04 - Households with a computer - %_HH - URBAN,% of households,ITU Households Database,2020,Ukraine,UKR,Location,Urban,,75.37375038703998,,State Statistics Service of Ukraine,2026-07-05
8907,HHA422-%_HH-CHILDREN-RURAL,HH04 - Households with a computer - %_HH - CHILDREN - RURAL,% of households,ITU Households Database,2020,Uzbekistan,UZB,Location,Children,Rural,34.9000013676952,,The State Committee of the Republic of Uzbekistan on Statistics,2025-01-08
8908,HHA422-%_HH-CHILDREN-URBAN,HH04 - Households with a computer - %_HH - CHILDREN - URBAN,% of households,ITU Households Database,2020,Uzbekistan,UZB,Location,Children,Urban,47.370003618442844,,The State Committee of the Republic of Uzbekistan on Statistics,2026-07-05
8917,HHA422-%_HH--,HH04 - Households with a computer - %_HH,% of households,ITU Households Database,2020,Uzbekistan,UZB,,,,40.469997086524984,,State Committee of the Republic of Uzbekistan on Statistics ,2026-07-05
8914,HHA422-%_HH-NOCHILDREN-URBAN,HH04 - Households with a computer - %_HH - NOCHILDREN - URBAN,% of households,ITU Households Database,2020,Uzbekistan,UZB,Location,No Children,Urban,41.7172237809989,,The State Committee of the Republic of Uzbekistan on Statistics,2025-01-08
8906,HHA422-%_HH-CHILDREN-,HH04 - Households with a computer - %_HH - CHILDREN,% of households,ITU Households Database,2020,Uzbekistan,UZB,Family,Children,,41.215326137562776,,The State Committee of the Republic of Uzbekistan on Statistics,2026-07-06
8912,HHA422-%_HH-NOCHILDREN-,HH04 - Households with a computer - %_HH - NOCHILDREN,% of households,ITU Households Database,2020,Uzbekistan,UZB,Family,No Children,,38.44288856367064,,The State Committee of the Republic of Uzbekistan on Statistics,2026-07-05
8916,HHA422-%_HH-URBAN-,HH04 - Households with a computer - %_HH - URBAN,% of households,ITU Households Database,2020,Uzbekistan,UZB,Location,Urban,,45.65001045706018,,The State Committee of the Republic of Uzbekistan on Statistics,2026-07-05
8913,HHA422-%_HH-NOCHILDREN-RURAL,HH04 - Households with a computer - %_HH - NOCHILDREN - RURAL,% of households,ITU Households Database,2020,Uzbekistan,UZB,Location,No Children,Rural,33.48204234556812,,The State Committee of the Republic of Uzbekistan on Statistics,2026-07-05
8915,HHA422-%_HH-RURAL-,HH04 - Households with a computer - %_HH - RURAL,% of households,ITU Households Database,2020,Uzbekistan,UZB,Location,Rural,,34.57597826448918,,The State Committee of the Republic of Uzbekistan on Statistics,2026-07-06
8916,HHA422-%_HH-URBAN-,HH04 - Households with a computer - %_HH - URBAN,% of households,ITU Households Database,2020,Viet Nam,VNM,Location,Urban,,41.54,,Ministry of Information and Communications,2025-01-08
8917,HHA422-%_HH--,HH04 - Households with a computer - %_HH,% of households,ITU Households Database,2020,Viet Nam,VNM,,,,27.960001082118936,,General Statistics Office of Vietnam,2026-07-05
8915,HHA422-%_HH-RURAL-,HH04 - Households with a computer - %_HH - RURAL,% of households,ITU Households Database,2020,Viet Nam,VNM,Location,Rural,,19.84,,Ministry of Information and Communications,2025-01-08
8907,HHA422-%_HH-CHILDREN-RURAL,HH04 - Households with a computer - %_HH - CHILDREN - RURAL,% of households,ITU Households Database,2020,Serbia,SRB,Location,Children,Rural,87.04587303094283,,Statistical office of the Republic of Serbia,2026-07-07
8913,HHA422-%_HH-NOCHILDREN-RURAL,HH04 - Households with a computer - %_HH - NOCHILDREN - RURAL,% of households,ITU Households Database,2020,Serbia,SRB,Location,No Children,Rural,51.841711434998594,,Statistical office of the Republic of Serbia,2026-07-07
8915,HHA422-%_HH-RURAL-,HH04 - Households with a computer - %_HH - RURAL,% of households,ITU Households Database,2020,Serbia,SRB,Location,Rural,,61.84429180788816,,Statistical office of the Republic of Serbia,2026-07-06
8912,HHA422-%_HH-NOCHILDREN-,HH04 - Households with a computer - %_HH - NOCHILDREN,% of households,ITU Households Database,2020,Serbia,SRB,Family,No Children,,67.94076606788948,,Statistical office of the Republic of Serbia,2026-07-07
8914,HHA422-%_HH-NOCHILDREN-URBAN,HH04 - Households with a computer - %_HH - NOCHILDREN - URBAN,% of households,ITU Households Database,2020,Serbia,SRB,Location,No Children,Urban,77.22805593736534,,Statistical office of the Republic of Serbia,2026-07-07
8916,HHA422-%_HH-URBAN-,HH04 - Households with a computer - %_HH - URBAN,% of households,ITU Households Database,2020,Serbia,SRB,Location,Urban,,81.57632583198703,,Statistical office of the Republic of Serbia,2026-07-05
8917,HHA422-%_HH--,HH04 - Households with a computer - %_HH,% of households,ITU Households Database,2020,Serbia,SRB,,,,74.2965068316401,,Statistical Office of the Republic of Serbia,2025-01-08
8906,HHA422-%_HH-CHILDREN-,HH04 - Households with a computer - %_HH - CHILDREN,% of households,ITU Households Database,2020,Serbia,SRB,Family,Children,,90.79718817594362,,Statistical office of the Republic of Serbia,2026-07-07
8908,HHA422-%_HH-CHILDREN-URBAN,HH04 - Households with a computer - %_HH - CHILDREN - URBAN,% of households,ITU Households Database,2020,Serbia,SRB,Location,Children,Urban,93.06697133826174,,Statistical office of the Republic of Serbia,2026-07-07
8915,HHA422-%_HH-RURAL-,HH04 - Households with a computer - %_HH - RURAL,% of households,ITU Households Database,2020,Zimbabwe,ZWE,Location,Rural,,5.752778524934101,,Zimbabwe National Statistics Agency (ZIMSTAT),2026-07-06
8916,HHA422-%_HH-URBAN-,HH04 - Households with a computer - %_HH - URBAN,% of households,ITU Households Database,2020,Zimbabwe,ZWE,Location,Urban,,28.21207806135215,,Zimbabwe National Statistics Agency (ZIMSTAT),2026-07-05
8917,HHA422-%_HH--,HH04 - Households with a computer - %_HH,% of households,ITU Households Database,2020,Zimbabwe,ZWE,,,,14.23765231101438,,Zimbabwe National Statistics Agency (ZIMSTAT),2026-07-06
8906,HHA422-%_HH-CHILDREN-,HH04 - Households with a computer - %_HH - CHILDREN,% of households,ITU Households Database,2020,Moldova,MDA,Family,Children,,82.89940641593574,"Based on the estimation of the indicators was used the number of population with usual residence. Starting with 2019, the data are not comparable to the previous period, as the HBS methodology was modified.",National Bureau of Statistics of the Republic of Moldova,2026-07-06
8913,HHA422-%_HH-NOCHILDREN-RURAL,HH04 - Households with a computer - %_HH - NOCHILDREN - RURAL,% of households,ITU Households Database,2020,Moldova,MDA,Location,No Children,Rural,44.80039320005659,"Based on the estimation of the indicators was used the number of population with usual residence. Starting with 2019, the data are not comparable to the previous period, as the HBS methodology was modified.",National Bureau of Statistics of the Republic of Moldova,2026-07-05
8912,HHA422-%_HH-NOCHILDREN-,HH04 - Households with a computer - %_HH - NOCHILDREN,% of households,ITU Households Database,2020,Moldova,MDA,Family,No Children,,52.97034620864237,"Based on the estimation of the indicators was used the number of population with usual residence. Starting with 2019, the data are not comparable to the previous period, as the HBS methodology was modified.",National Bureau of Statistics of the Republic of Moldova,2026-07-05
8908,HHA422-%_HH-CHILDREN-URBAN,HH04 - Households with a computer - %_HH - CHILDREN - URBAN,% of households,ITU Households Database,2020,Moldova,MDA,Location,Children,Urban,91.8462421856129,"Based on the estimation of the indicators was used the number of population with usual residence. Starting with 2019, the data are not comparable to the previous period, as the HBS methodology was modified.",National Bureau of Statistics of the Republic of Moldova,2025-01-08
8917,HHA422-%_HH--,HH04 - Households with a computer - %_HH,% of households,ITU Households Database,2020,Moldova,MDA,,,,60.84545505700961,"Based on the estimation of the indicators was used the number of population with usual residence. Starting with 2019, the data are not comparable to the previous period, as the HBS methodology was modified.",National Bureau of Statistics of the Republic of Moldova,2026-07-06
8915,HHA422-%_HH-RURAL-,HH04 - Households with a computer - %_HH - RURAL,% of households,ITU Households Database,2020,Moldova,MDA,Location,Rural,,51.936220033516676,"Based on the estimation of the indicators was used the number of population with usual residence. Starting with 2019, the data are not comparable to the previous period, as the HBS methodology was modified.",National Bureau of Statistics of the Republic of Moldova,2026-07-06
8914,HHA422-%_HH-NOCHILDREN-URBAN,HH04 - Households with a computer - %_HH - NOCHILDREN - URBAN,% of households,ITU Households Database,2020,Moldova,MDA,Location,No Children,Urban,66.22822233534183,"Based on the estimation of the indicators was used the number of population with usual residence. Starting with 2019, the data are not comparable to the previous period, as the HBS methodology was modified.",National Bureau of Statistics of the Republic of Moldova,2026-07-05
8916,HHA422-%_HH-URBAN-,HH04 - Households with a computer - %_HH - URBAN,% of households,ITU Households Database,2020,Moldova,MDA,Location,Urban,,74.0119373359972,"Based on the estimation of the indicators was used the number of population with usual residence. Starting with 2019, the data are not comparable to the previous period, as the HBS methodology was modified.",National Bureau of Statistics of the Republic of Moldova,2025-01-08
8907,HHA422-%_HH-CHILDREN-RURAL,HH04 - Households with a computer - %_HH - CHILDREN - RURAL,% of households,ITU Households Database,2020,Moldova,MDA,Location,Children,Rural,75.0912722200651,"Based on the estimation of the indicators was used the number of population with usual residence. Starting with 2019, the data are not comparable to the previous period, as the HBS methodology was modified.",National Bureau of Statistics of the Republic of Moldova,2025-01-08
8906,HHA422-%_HH-CHILDREN-,HH04 - Households with a computer - %_HH - CHILDREN,% of households,ITU Households Database,2020,Bosnia and Herzegovina,BIH,Family,Children,,88.05507348889236,,Agency for statistics of Bosnia and Herzegovina,2026-07-06
8908,HHA422-%_HH-CHILDREN-URBAN,HH04 - Households with a computer - %_HH - CHILDREN - URBAN,% of households,ITU Households Database,2020,Bosnia and Herzegovina,BIH,Location,Children,Urban,90.64673488442996,,Agency for statistics of Bosnia and Herzegovina,2026-07-05
8912,HHA422-%_HH-NOCHILDREN-,HH04 - Households with a computer - %_HH - NOCHILDREN,% of households,ITU Households Database,2020,Bosnia and Herzegovina,BIH,Family,No Children,,52.00712272910255,,Agency for statistics of Bosnia and Herzegovina,2026-07-05
8913,HHA422-%_HH-NOCHILDREN-RURAL,HH04 - Households with a computer - %_HH - NOCHILDREN - RURAL,% of households,ITU Households Database,2020,Bosnia and Herzegovina,BIH,Location,No Children,Rural,48.522379637054854,,Agency for statistics of Bosnia and Herzegovina,2026-07-05
8917,HHA422-%_HH--,HH04 - Households with a computer - %_HH,% of households,ITU Households Database,2020,Bosnia and Herzegovina,BIH,,,,62.20895181920388,,Agency for Statistics of Bosnia and Herzegovina,2026-07-05
8915,HHA422-%_HH-RURAL-,HH04 - Households with a computer - %_HH - RURAL,% of households,ITU Households Database,2020,Bosnia and Herzegovina,BIH,Location,Rural,,59.45466184317475,,Agency for statistics of Bosnia and Herzegovina,2026-07-06
8916,HHA422-%_HH-URBAN-,HH04 - Households with a computer - %_HH - URBAN,% of households,ITU Households Database,2020,Bosnia and Herzegovina,BIH,Location,Urban,,65.61234791478023,,Agency for statistics of Bosnia and Herzegovina,2026-07-05
8914,HHA422-%_HH-NOCHILDREN-URBAN,HH04 - Households with a computer - %_HH - NOCHILDREN - URBAN,% of households,ITU Households Database,2020,Bosnia and Herzegovina,BIH,Location,No Children,Urban,56.20691136358755,,Agency for statistics of Bosnia and Herzegovina,2026-07-05
8907,HHA422-%_HH-CHILDREN-RURAL,HH04 - Households with a computer - %_HH - CHILDREN - RURAL,% of households,ITU Households Database,2020,Bosnia and Herzegovina,BIH,Location,Children,Rural,86.08691247974069,,Agency for statistics of Bosnia and Herzegovina,2026-07-06
8906,HHA422-%_HH-CHILDREN-,HH04 - Households with a computer - %_HH - CHILDREN,% of households,ITU Households Database,2020,Georgia,GEO,Family,Children,,79.69489837865812,,National Statistics Office of Georgia - Geostat,2026-07-07
8907,HHA422-%_HH-CHILDREN-RURAL,HH04 - Households with a computer - %_HH - CHILDREN - RURAL,% of households,ITU Households Database,2020,Georgia,GEO,Location,Children,Rural,65.84641054763513,,National Statistics Office of Georgia - Geostat,2026-07-07
8912,HHA422-%_HH-NOCHILDREN-,HH04 - Households with a computer - %_HH - NOCHILDREN,% of households,ITU Households Database,2020,Georgia,GEO,Family,No Children,,53.65569913466325,,National Statistics Office of Georgia - Geostat,2026-07-07
8913,HHA422-%_HH-NOCHILDREN-RURAL,HH04 - Households with a computer - %_HH - NOCHILDREN - RURAL,% of households,ITU Households Database,2020,Georgia,GEO,Location,No Children,Rural,32.286458224620354,,National Statistics Office of Georgia - Geostat,2026-07-07
8915,HHA422-%_HH-RURAL-,HH04 - Households with a computer - %_HH - RURAL,% of households,ITU Households Database,2020,Georgia,GEO,Location,Rural,,42.42864751412833,,National Statistics Office of Georgia - Geostat,2026-07-06
8908,HHA422-%_HH-CHILDREN-URBAN,HH04 - Households with a computer - %_HH - CHILDREN - URBAN,% of households,ITU Households Database,2020,Georgia,GEO,Location,Children,Urban,89.20386212818462,,National Statistics Office of Georgia - Geostat,2026-07-07
8916,HHA422-%_HH-URBAN-,HH04 - Households with a computer - %_HH - URBAN,% of households,ITU Households Database,2020,Georgia,GEO,Location,Urban,,75.97158194989638,,National Statistics Office of Georgia - Geostat,2026-07-05
8914,HHA422-%_HH-NOCHILDREN-URBAN,HH04 - Households with a computer - %_HH - NOCHILDREN - URBAN,% of households,ITU Households Database,2020,Georgia,GEO,Location,No Children,Urban,69.70368764627818,,National Statistics Office of Georgia - Geostat,2026-07-07
8917,HHA422-%_HH--,HH04 - Households with a computer - %_HH,% of households,ITU Households Database,2020,Georgia,GEO,,,,61.81421474489014,,National Statistics Office of Georgia,2026-07-06
8915,HHA422-%_HH-RURAL-,HH04 - Households with a computer - %_HH - RURAL,% of households,ITU Households Database,2020,Kazakhstan,KAZ,Location,Rural,,81.58985471158651,,Agency for Strategic planning and reforms of the Republic of Kazakhstan Bureau of National statistics,2026-07-06
8908,HHA422-%_HH-CHILDREN-URBAN,HH04 - Households with a computer - %_HH - CHILDREN - URBAN,% of households,ITU Households Database,2020,Kazakhstan,KAZ,Location,Children,Urban,94.59887968224476,,Agency for Strategic planning and reforms of the Republic of Kazakhstan Bureau of National statistics,2026-07-07
8916,HHA422-%_HH-URBAN-,HH04 - Households with a computer - %_HH - URBAN,% of households,ITU Households Database,2020,Kazakhstan,KAZ,Location,Urban,,84.86817163343669,,Agency for Strategic planning and reforms of the Republic of Kazakhstan Bureau of National statistics,2026-07-05
8917,HHA422-%_HH--,HH04 - Households with a computer - %_HH,% of households,ITU Households Database,2020,Kazakhstan,KAZ,,,,83.81357625268309,,"Committee on Statistics, Ministry of National Economy of the Republic of Kazakhstan",2026-07-06
8913,HHA422-%_HH-NOCHILDREN-RURAL,HH04 - Households with a computer - %_HH - NOCHILDREN - RURAL,% of households,ITU Households Database,2020,Kazakhstan,KAZ,Location,No Children,Rural,75.39562858044508,,Agency for Strategic planning and reforms of the Republic of Kazakhstan Bureau of National statistics,2026-07-07
8907,HHA422-%_HH-CHILDREN-RURAL,HH04 - Households with a computer - %_HH - CHILDREN - RURAL,% of households,ITU Households Database,2020,Kazakhstan,KAZ,Location,Children,Rural,89.88975779223553,,Agency for Strategic planning and reforms of the Republic of Kazakhstan Bureau of National statistics,2026-07-07
8906,HHA422-%_HH-CHILDREN-,HH04 - Households with a computer - %_HH - CHILDREN,% of households,ITU Households Database,2020,Kazakhstan,KAZ,Family,Children,,92.94084152917473,,Agency for Strategic planning and reforms of the Republic of Kazakhstan Bureau of National statistics,2026-07-07
8912,HHA422-%_HH-NOCHILDREN-,HH04 - Households with a computer - %_HH - NOCHILDREN,% of households,ITU Households Database,2020,Kazakhstan,KAZ,Family,No Children,,77.96711107576493,,Agency for Strategic planning and reforms of the Republic of Kazakhstan Bureau of National statistics,2026-07-07
8914,HHA422-%_HH-NOCHILDREN-URBAN,HH04 - Households with a computer - %_HH - NOCHILDREN - URBAN,% of households,ITU Households Database,2020,Kazakhstan,KAZ,Location,No Children,Urban,79.08083968164009,,Agency for Strategic planning and reforms of the Republic of Kazakhstan Bureau of National statistics,2026-07-07
8915,HHA422-%_HH-RURAL-,HH04 - Households with a computer - %_HH - RURAL,% of households,ITU Households Database,2020,Kyrgyzstan,KGZ,Location,Rural,,3.664742106575273,,National Statistical Committee of the Kyrgyz Republic,2026-07-06
8913,HHA422-%_HH-NOCHILDREN-RURAL,HH04 - Households with a computer - %_HH - NOCHILDREN - RURAL,% of households,ITU Households Database,2020,Kyrgyzstan,KGZ,Location,No Children,Rural,4.780813138197654,,National Statistical Committee of the Kyrgyz Republic,2026-07-05
8916,HHA422-%_HH-URBAN-,HH04 - Households with a computer - %_HH - URBAN,% of households,ITU Households Database,2020,Kyrgyzstan,KGZ,Location,Urban,,10.198605202248999,,National Statistical Committee of the Kyrgyz Republic,2026-07-05
8908,HHA422-%_HH-CHILDREN-URBAN,HH04 - Households with a computer - %_HH - CHILDREN - URBAN,% of households,ITU Households Database,2020,Kyrgyzstan,KGZ,Location,Children,Urban,10.53806004261689,,National Statistical Committee of the Kyrgyz Republic,2026-07-05
8914,HHA422-%_HH-NOCHILDREN-URBAN,HH04 - Households with a computer - %_HH - NOCHILDREN - URBAN,% of households,ITU Households Database,2020,Kyrgyzstan,KGZ,Location,No Children,Urban,9.791845793534806,,National Statistical Committee of the Kyrgyz Republic,2026-07-05
8906,HHA422-%_HH-CHILDREN-,HH04 - Households with a computer - %_HH - CHILDREN,% of households,ITU Households Database,2020,Kyrgyzstan,KGZ,Family,Children,,5.859801559041512,,National Statistical Committee of the Kyrgyz Republic,2026-07-06
8907,HHA422-%_HH-CHILDREN-RURAL,HH04 - Households with a computer - %_HH - CHILDREN - RURAL,% of households,ITU Households Database,2020,Kyrgyzstan,KGZ,Location,Children,Rural,3.162504696693183,,National Statistical Committee of the Kyrgyz Republic,2026-07-06
8917,HHA422-%_HH--,HH04 - Households with a computer - %_HH,% of households,ITU Households Database,2020,Kyrgyzstan,KGZ,,,,6.4206247021349485,,National Statistical Committee of the Kyrgyz Republic,2026-07-05
8912,HHA422-%_HH-NOCHILDREN-,HH04 - Households with a computer - %_HH - NOCHILDREN,% of households,ITU Households Database,2020,Kyrgyzstan,KGZ,Family,No Children,,7.370157901946466,,National Statistical Committee of the Kyrgyz Republic,2026-07-06
8917,HHA422-%_HH--,HH04 - Households with a computer - %_HH,% of households,ITU Households Database,2020,"Taiwan, Province of China",TWN,,,,71.5999999552263,,National Communications Commission,2025-01-08
8917,HHA422-%_HH--,HH04 - Households with a computer - %_HH,% of households,ITU Households Database,2019,South Africa,ZAF,,,,22.71373804891609,,Statistics South Africa,2026-07-06
8917,HHA422-%_HH--,HH04 - Households with a computer - %_HH,% of households,ITU Households Database,2019,Argentina,ARG,,,,60.918263564278206,,Instituto Nacional de Estadistica y Censos,2026-07-05
8907,HHA422-%_HH-CHILDREN-RURAL,HH04 - Households with a computer - %_HH - CHILDREN - RURAL,% of households,ITU Households Database,2019,Armenia,ARM,Location,Children,Rural,60.37976758430892,,Statistical Committee of RA,2026-07-06
8915,HHA422-%_HH-RURAL-,HH04 - Households with a computer - %_HH - RURAL,% of households,ITU Households Database,2019,Armenia,ARM,Location,Rural,,50.88671164815853,,Statistical Committee of RA,2026-07-06
8914,HHA422-%_HH-NOCHILDREN-URBAN,HH04 - Households with a computer - %_HH - NOCHILDREN - URBAN,% of households,ITU Households Database,2019,Armenia,ARM,Location,No Children,Urban,53.98201407251921,,Statistical Committee of RA,2026-07-05
8906,HHA422-%_HH-CHILDREN-,HH04 - Households with a computer - %_HH - CHILDREN,% of households,ITU Households Database,2019,Armenia,ARM,Family,Children,,69.29569172441012,,Statistical Committee of RA,2026-07-06
8908,HHA422-%_HH-CHILDREN-URBAN,HH04 - Households with a computer - %_HH - CHILDREN - URBAN,% of households,ITU Households Database,2019,Armenia,ARM,Location,Children,Urban,74.64456325402536,,Statistical Committee of RA,2026-07-06
8912,HHA422-%_HH-NOCHILDREN-,HH04 - Households with a computer - %_HH - NOCHILDREN,% of households,ITU Households Database,2019,Armenia,ARM,Family,No Children,,50.72794267919328,,Statistical Committee of RA,2026-07-05
8913,HHA422-%_HH-NOCHILDREN-RURAL,HH04 - Households with a computer - %_HH - NOCHILDREN - RURAL,% of households,ITU Households Database,2019,Armenia,ARM,Location,No Children,Rural,44.17935557804138,,Statistical Committee of RA,2026-07-05
8917,HHA422-%_HH--,HH04 - Households with a computer - %_HH,% of households,ITU Households Database,2019,Armenia,ARM,,,,57.87294588648866,,The Statistical Committee of the Republic of Armenia ,2026-07-06
8916,HHA422-%_HH-URBAN-,HH04 - Households with a computer - %_HH - URBAN,% of households,ITU Households Database,2019,Armenia,ARM,Location,Urban,,61.61017273005197,,Statistical Committee of RA,2026-07-05
8917,HHA422-%_HH--,HH04 - Households with a computer - %_HH,% of households,ITU Households Database,2019,Saudi Arabia,SAU,,,,86.20000210856954,,Communications & IT Commission,2026-07-05
8915,HHA422-%_HH-RURAL-,HH04 - Households with a computer - %_HH - RURAL,% of households,ITU Households Database,2019,Azerbaijan,AZE,Location,Rural,,44.62849794238683,,State Statistical Committee,2026-07-06
8916,HHA422-%_HH-URBAN-,HH04 - Households with a computer - %_HH - URBAN,% of households,ITU Households Database,2019,Azerbaijan,AZE,Location,Urban,,81.9675235646958,,State Statistical Committee,2024-07-08
8917,HHA422-%_HH--,HH04 - Households with a computer - %_HH,% of households,ITU Households Database,2019,Azerbaijan,AZE,,,,65,,State Statistical Committee of the Republic of Azerbaijan,2024-07-08
8917,HHA422-%_HH--,HH04 - Households with a computer - %_HH,% of households,ITU Households Database,2019,Brazil,BRA,,,,39.35676670096573,,NIC.br,2026-07-06
8916,HHA422-%_HH-URBAN-,HH04 - Households with a computer - %_HH - URBAN,% of households,ITU Households Database,2019,Brazil,BRA,Location,Urban,,42.66495890056938,,NIC.br,2026-07-05
8907,HHA422-%_HH-CHILDREN-RURAL,HH04 - Households with a computer - %_HH - CHILDREN - RURAL,% of households,ITU Households Database,2019,Brazil,BRA,Location,Children,Rural,24.436568393680066,,NIC.br,2026-07-06
8912,HHA422-%_HH-NOCHILDREN-,HH04 - Households with a computer - %_HH - NOCHILDREN,% of households,ITU Households Database,2019,Brazil,BRA,Family,No Children,,36.74578168096252,,NIC.br,2026-07-05
8908,HHA422-%_HH-CHILDREN-URBAN,HH04 - Households with a computer - %_HH - CHILDREN - URBAN,% of households,ITU Households Database,2019,Brazil,BRA,Location,Children,Urban,46.65227148897787,,NIC.br,2026-07-05
8906,HHA422-%_HH-CHILDREN-,HH04 - Households with a computer - %_HH - CHILDREN,% of households,ITU Households Database,2019,Brazil,BRA,Family,Children,,43.33984576437652,,NIC.br,2026-07-06
8913,HHA422-%_HH-NOCHILDREN-RURAL,HH04 - Households with a computer - %_HH - NOCHILDREN - RURAL,% of households,ITU Households Database,2019,Brazil,BRA,Location,No Children,Rural,13.345624682420734,,NIC.br,2026-07-04
8914,HHA422-%_HH-NOCHILDREN-URBAN,HH04 - Households with a computer - %_HH - NOCHILDREN - URBAN,% of households,ITU Households Database,2019,Brazil,BRA,Location,No Children,Urban,40.120200047382724,,NIC.br,2026-07-05
8915,HHA422-%_HH-RURAL-,HH04 - Households with a computer - %_HH - RURAL,% of households,ITU Households Database,2019,Brazil,BRA,Location,Rural,,18.18999342708887,,NIC.br,2026-07-06
8915,HHA422-%_HH-RURAL-,HH04 - Households with a computer - %_HH - RURAL,% of households,ITU Households Database,2019,Burkina Faso,BFA,Location,Rural,,0.3841508659148633,,Institut National de Statistique et de la Démographie (INSD),2026-07-05
8914,HHA422-%_HH-NOCHILDREN-URBAN,HH04 - Households with a computer - %_HH - NOCHILDREN - URBAN,% of households,ITU Households Database,2019,Burkina Faso,BFA,Location,No Children,Urban,21.571739685902504,,Institut National de Statistique et de la Démographie (INSD),2026-07-05
8912,HHA422-%_HH-NOCHILDREN-,HH04 - Households with a computer - %_HH - NOCHILDREN,% of households,ITU Households Database,2019,Burkina Faso,BFA,Family,No Children,,7.0162977821818115,,Institut National de Statistique et de la Démographie (INSD),2026-07-05
8916,HHA422-%_HH-URBAN-,HH04 - Households with a computer - %_HH - URBAN,% of households,ITU Households Database,2019,Burkina Faso,BFA,Location,Urban,,17.128941160957602,,Institut National de Statistique et de la Démographie (INSD),2026-07-04
8907,HHA422-%_HH-CHILDREN-RURAL,HH04 - Households with a computer - %_HH - CHILDREN - RURAL,% of households,ITU Households Database,2019,Burkina Faso,BFA,Location,Children,Rural,0.26861427283587774,,Institut National de Statistique et de la Démographie (INSD),2026-07-06
8908,HHA422-%_HH-CHILDREN-URBAN,HH04 - Households with a computer - %_HH - CHILDREN - URBAN,% of households,ITU Households Database,2019,Burkina Faso,BFA,Location,Children,Urban,12.148932395589696,,Institut National de Statistique et de la Démographie (INSD),2026-07-04
8906,HHA422-%_HH-CHILDREN-,HH04 - Households with a computer - %_HH - CHILDREN,% of households,ITU Households Database,2019,Burkina Faso,BFA,Family,Children,,3.9515147683992606,,Institut National de Statistique et de la Démographie (INSD),2026-07-05
8917,HHA422-%_HH--,HH04 - Households with a computer - %_HH,% of households,ITU Households Database,2019,Burkina Faso,BFA,,,,5.626418688067225,,Institut National de Statistique et de la Démographie (INSD),2026-07-05
8913,HHA422-%_HH-NOCHILDREN-RURAL,HH04 - Households with a computer - %_HH - NOCHILDREN - RURAL,% of households,ITU Households Database,2019,Burkina Faso,BFA,Location,No Children,Rural,0.47690003573139117,,Institut National de Statistique et de la Démographie (INSD),2026-07-05
8917,HHA422-%_HH--,HH04 - Households with a computer - %_HH,% of households,ITU Households Database,2019,Bangladesh,BGD,,,,5.6000000000000005,,Bangladesh Bureau of Statistics,2026-07-06
8917,HHA422-%_HH--,HH04 - Households with a computer - %_HH,% of households,ITU Households Database,2019,Bahrain,BHR,,,,94.7524504692388,,Information and E-Government Authority,2024-07-08
8913,HHA422-%_HH-NOCHILDREN-RURAL,HH04 - Households with a computer - %_HH - NOCHILDREN - RURAL,% of households,ITU Households Database,2019,Belarus,BLR,Location,No Children,Rural,48.548594882293244,,Национальный статистический комитет Республики Беларусь,2026-07-04
8917,HHA422-%_HH--,HH04 - Households with a computer - %_HH,% of households,ITU Households Database,2019,Belarus,BLR,,,,71.80381066430014,,National Statistical Committee of the Republic of Belarus (Belstat),2026-07-06
8912,HHA422-%_HH-NOCHILDREN-,HH04 - Households with a computer - %_HH - NOCHILDREN,% of households,ITU Households Database,2019,Belarus,BLR,Family,No Children,,63.43378763168401,,Национальный статистический комитет Республики Беларусь,2026-07-05
8914,HHA422-%_HH-NOCHILDREN-URBAN,HH04 - Households with a computer - %_HH - NOCHILDREN - URBAN,% of households,ITU Households Database,2019,Belarus,BLR,Location,No Children,Urban,69.83799997949161,,Национальный статистический комитет Республики Беларусь,2026-07-05
8916,HHA422-%_HH-URBAN-,HH04 - Households with a computer - %_HH - URBAN,% of households,ITU Households Database,2019,Belarus,BLR,Location,Urban,,77.55963386958047,,Национальный статистический комитет Республики Беларусь,2026-07-05
8908,HHA422-%_HH-CHILDREN-URBAN,HH04 - Households with a computer - %_HH - CHILDREN - URBAN,% of households,ITU Households Database,2019,Belarus,BLR,Location,Children,Urban,94.40999567771028,,Национальный статистический комитет Республики Беларусь,2026-07-05
8915,HHA422-%_HH-RURAL-,HH04 - Households with a computer - %_HH - RURAL,% of households,ITU Households Database,2019,Belarus,BLR,Location,Rural,,56.83673822914621,,Национальный статистический комитет Республики Беларусь,2026-07-06
8906,HHA422-%_HH-CHILDREN-,HH04 - Households with a computer - %_HH - CHILDREN,% of households,ITU Households Database,2019,Belarus,BLR,Family,Children,,92.13527946279787,,Национальный статистический комитет Республики Беларусь,2026-07-06
8907,HHA422-%_HH-CHILDREN-RURAL,HH04 - Households with a computer - %_HH - CHILDREN - RURAL,% of households,ITU Households Database,2019,Belarus,BLR,Location,Children,Rural,84.15082327748358,,Национальный статистический комитет Республики Беларусь,2026-07-06
8914,HHA422-%_HH-NOCHILDREN-URBAN,HH04 - Households with a computer - %_HH - NOCHILDREN - URBAN,% of households,ITU Households Database,2019,Belize,BLZ,Location,No Children,Urban,42.507491547918974,,Statistical Institute of Belize,2026-07-05
8908,HHA422-%_HH-CHILDREN-URBAN,HH04 - Households with a computer - %_HH - CHILDREN - URBAN,% of households,ITU Households Database,2019,Belize,BLZ,Location,Children,Urban,43.99696533839336,,Statistical Institute of Belize,2026-07-05
8906,HHA422-%_HH-CHILDREN-,HH04 - Households with a computer - %_HH - CHILDREN,% of households,ITU Households Database,2019,Belize,BLZ,Family,Children,,35.518017674725094,,Statistical Institute of Belize,2026-07-06
8916,HHA422-%_HH-URBAN-,HH04 - Households with a computer - %_HH - URBAN,% of households,ITU Households Database,2019,Belize,BLZ,Location,Urban,,43.20650013238932,,Statistical Institute of Belize,2026-07-05
8907,HHA422-%_HH-CHILDREN-RURAL,HH04 - Households with a computer - %_HH - CHILDREN - RURAL,% of households,ITU Households Database,2019,Belize,BLZ,Location,Children,Rural,29.34946345764247,,Statistical Institute of Belize,2026-07-06
8913,HHA422-%_HH-NOCHILDREN-RURAL,HH04 - Households with a computer - %_HH - NOCHILDREN - RURAL,% of households,ITU Households Database,2019,Belize,BLZ,Location,No Children,Rural,30.089193150497128,,Statistical Institute of Belize,2026-07-05
8917,HHA422-%_HH--,HH04 - Households with a computer - %_HH,% of households,ITU Households Database,2019,Belize,BLZ,,,,36.11786148238153,,Statistical Institute of Belize,2026-07-05
8915,HHA422-%_HH-RURAL-,HH04 - Households with a computer - %_HH - RURAL,% of households,ITU Households Database,2019,Belize,BLZ,Location,Rural,,29.654024921747773,,Statistical Institute of Belize,2026-07-06
8912,HHA422-%_HH-NOCHILDREN-,HH04 - Households with a computer - %_HH - NOCHILDREN,% of households,ITU Households Database,2019,Belize,BLZ,Family,No Children,,36.79925036971044,,Statistical Institute of Belize,2026-07-05
8908,HHA422-%_HH-CHILDREN-URBAN,HH04 - Households with a computer - %_HH - CHILDREN - URBAN,% of households,ITU Households Database,2019,Bolivia (Plurinational State of),BOL,Location,Children,Urban,33.173607037038096,,Statistic National Institute,2026-07-05
8917,HHA422-%_HH--,HH04 - Households with a computer - %_HH,% of households,ITU Households Database,2019,Bolivia (Plurinational State of),BOL,,,,27.309868420197343,,Instituto Nacional de Estadística,2026-07-05
8915,HHA422-%_HH-RURAL-,HH04 - Households with a computer - %_HH - RURAL,% of households,ITU Households Database,2019,Bolivia (Plurinational State of),BOL,Location,Rural,,7.3541216662640725,,Statistic National Institute,2026-07-06
8914,HHA422-%_HH-NOCHILDREN-URBAN,HH04 - Households with a computer - %_HH - NOCHILDREN - URBAN,% of households,ITU Households Database,2019,Bolivia (Plurinational State of),BOL,Location,No Children,Urban,40.153334461212246,,Statistic National Institute,2026-07-05
8912,HHA422-%_HH-NOCHILDREN-,HH04 - Households with a computer - %_HH - NOCHILDREN,% of households,ITU Households Database,2019,Bolivia (Plurinational State of),BOL,Family,No Children,,29.08274867050987,,Statistic National Institute,2026-07-05
8906,HHA422-%_HH-CHILDREN-,HH04 - Households with a computer - %_HH - CHILDREN,% of households,ITU Households Database,2019,Bolivia (Plurinational State of),BOL,Family,Children,,25.691340814876103,,Statistic National Institute,2026-07-06
8913,HHA422-%_HH-NOCHILDREN-RURAL,HH04 - Households with a computer - %_HH - NOCHILDREN - RURAL,% of households,ITU Households Database,2019,Bolivia (Plurinational State of),BOL,Location,No Children,Rural,6.748620197818651,,Statistic National Institute,2026-07-05
8907,HHA422-%_HH-CHILDREN-RURAL,HH04 - Households with a computer - %_HH - CHILDREN - RURAL,% of households,ITU Households Database,2019,Bolivia (Plurinational State of),BOL,Location,Children,Rural,7.971182357652385,,Statistic National Institute,2026-07-06
8916,HHA422-%_HH-URBAN-,HH04 - Households with a computer - %_HH - URBAN,% of households,ITU Households Database,2019,Bolivia (Plurinational State of),BOL,Location,Urban,,36.417091229264344,,Statistic National Institute,2026-07-05
8917,HHA422-%_HH--,HH04 - Households with a computer - %_HH,% of households,ITU Households Database,2019,Botswana,BWA,,,,27.795723136446398,,Statistics Botswana,2026-07-06
8917,HHA422-%_HH--,HH04 - Households with a computer - %_HH,% of households,ITU Households Database,2019,Brunei Darussalam,BRN,,,,63.99883892759131,,Authority for Info-communications Technology Industry of Brunei Darussalam,2026-07-05
8917,HHA422-%_HH--,HH04 - Households with a computer - %_HH,% of households,ITU Households Database,2019,Canada,CAN,,,,83.19925997982133,National-level estimates include the 10 provinces only.,Statistics Canada,2026-07-06
8917,HHA422-%_HH--,HH04 - Households with a computer - %_HH,% of households,ITU Households Database,2019,Cambodia,KHM,,,,7.962623630774961,,National Institute of Statistics,2026-07-06
8917,HHA422-%_HH--,HH04 - Households with a computer - %_HH,% of households,ITU Households Database,2019,Colombia,COL,,,,37.1662602388545,"Los datos son expandidos con proyecciones de población, elaboradas con base en los resultados del censo 2005. La población objetivo de la encuesta corresponde a las personas de 5 años y más de edad.",Departamento Administrativo Nacional de Estadistica (DANE),2024-07-08
8917,HHA422-%_HH--,HH04 - Households with a computer - %_HH,% of households,ITU Households Database,2019,Sri Lanka,LKA,,,,23.1,"##This estimate was calculated  as a percentage to the total households. ##This estimate was calculated by first six months dats of LFS, 2019.",Department of Census and Statistics,2024-07-08
8913,HHA422-%_HH-NOCHILDREN-RURAL,HH04 - Households with a computer - %_HH - NOCHILDREN - RURAL,% of households,ITU Households Database,2019,Cabo Verde,CPV,Location,No Children,Rural,13.225779854400358,,INSTITUTO NACIONAL DE ESTATISTICA,2026-07-05
8907,HHA422-%_HH-CHILDREN-RURAL,HH04 - Households with a computer - %_HH - CHILDREN - RURAL,% of households,ITU Households Database,2019,Cabo Verde,CPV,Location,Children,Rural,23.73500793577808,,INSTITUTO NACIONAL DE ESTATISTICA,2026-07-06
8914,HHA422-%_HH-NOCHILDREN-URBAN,HH04 - Households with a computer - %_HH - NOCHILDREN - URBAN,% of households,ITU Households Database,2019,Cabo Verde,CPV,Location,No Children,Urban,36.29507950869689,,INSTITUTO NACIONAL DE ESTATISTICA,2026-07-05
8906,HHA422-%_HH-CHILDREN-,HH04 - Households with a computer - %_HH - CHILDREN,% of households,ITU Households Database,2019,Cabo Verde,CPV,Family,Children,,38.70625593917219,,INSTITUTO NACIONAL DE ESTATISTICA,2026-07-06
8912,HHA422-%_HH-NOCHILDREN-,HH04 - Households with a computer - %_HH - NOCHILDREN,% of households,ITU Households Database,2019,Cabo Verde,CPV,Family,No Children,,29.6686014759507,,INSTITUTO NACIONAL DE ESTATISTICA,2024-07-08
8917,HHA422-%_HH--,HH04 - Households with a computer - %_HH,% of households,ITU Households Database,2019,Cabo Verde,CPV,,,,34.63692113804817,,INSTITUTO NACIONAL DE ESTATISTICA,2026-07-06
8915,HHA422-%_HH-RURAL-,HH04 - Households with a computer - %_HH - RURAL,% of households,ITU Households Database,2019,Cabo Verde,CPV,Location,Rural,,19.23927887389127,,INSTITUTO NACIONAL DE ESTATISTICA,2026-07-06
8908,HHA422-%_HH-CHILDREN-URBAN,HH04 - Households with a computer - %_HH - CHILDREN - URBAN,% of households,ITU Households Database,2019,Cabo Verde,CPV,Location,Children,Urban,45.58105073267796,,INSTITUTO NACIONAL DE ESTATISTICA,2026-07-05
8916,HHA422-%_HH-URBAN-,HH04 - Households with a computer - %_HH - URBAN,% of households,ITU Households Database,2019,Cabo Verde,CPV,Location,Urban,,41.309483534556506,,INSTITUTO NACIONAL DE ESTATISTICA,2026-07-05
8912,HHA422-%_HH-NOCHILDREN-,HH04 - Households with a computer - %_HH - NOCHILDREN,% of households,ITU Households Database,2019,Côte d'Ivoire,CIV,Family,No Children,,16.922286225726456,,ARTCI,2026-07-05
8908,HHA422-%_HH-CHILDREN-URBAN,HH04 - Households with a computer - %_HH - CHILDREN - URBAN,% of households,ITU Households Database,2019,Côte d'Ivoire,CIV,Location,Children,Urban,15.494319753566858,,ARTCI,2026-07-05
8917,HHA422-%_HH--,HH04 - Households with a computer - %_HH,% of households,ITU Households Database,2019,Côte d'Ivoire,CIV,,,,11.950167458044719,,ARTCI,2026-07-06
8913,HHA422-%_HH-NOCHILDREN-RURAL,HH04 - Households with a computer - %_HH - NOCHILDREN - RURAL,% of households,ITU Households Database,2019,Côte d'Ivoire,CIV,Location,No Children,Rural,7.086411596927983,,ARTCI,2026-07-05
8914,HHA422-%_HH-NOCHILDREN-URBAN,HH04 - Households with a computer - %_HH - NOCHILDREN - URBAN,% of households,ITU Households Database,2019,Côte d'Ivoire,CIV,Location,No Children,Urban,23.762334686214416,,ARTCI,2026-07-05
8906,HHA422-%_HH-CHILDREN-,HH04 - Households with a computer - %_HH - CHILDREN,% of households,ITU Households Database,2019,Côte d'Ivoire,CIV,Family,Children,,9.566456505588281,,ARTCI,2026-07-06
8916,HHA422-%_HH-URBAN-,HH04 - Households with a computer - %_HH - URBAN,% of households,ITU Households Database,2019,Côte d'Ivoire,CIV,Location,Urban,,18.3607933258262,,ARTCI,2024-07-08
8907,HHA422-%_HH-CHILDREN-RURAL,HH04 - Households with a computer - %_HH - CHILDREN - RURAL,% of households,ITU Households Database,2019,Côte d'Ivoire,CIV,Location,Children,Rural,2.8048985114477536,,ARTCI,2026-07-07
8915,HHA422-%_HH-RURAL-,HH04 - Households with a computer - %_HH - RURAL,% of households,ITU Households Database,2019,Côte d'Ivoire,CIV,Location,Rural,,4.073266097939985,,ARTCI,2026-07-06
8917,HHA422-%_HH--,HH04 - Households with a computer - %_HH,% of households,ITU Households Database,2019,Costa Rica,CRI,,,,63.61505575159949,It is considered at the housing level based on the National Household Survey##Includes: computer and tablet,Instituto Nacional de Estadisticas y Censos ,2026-07-06
8917,HHA422-%_HH--,HH04 - Households with a computer - %_HH,% of households,ITU Households Database,2019,Cuba,CUB,,,,17.09371561047954,,Oficina Nacional de Estadisticas e Informacion ,2026-07-06
8907,HHA422-%_HH-CHILDREN-RURAL,HH04 - Households with a computer - %_HH - CHILDREN - RURAL,% of households,ITU Households Database,2019,Cyprus,CYP,Location,Children,Rural,90.9362940148074,,STATISTICAL SERVICE OF CYPRUS,2024-07-08
8916,HHA422-%_HH-URBAN-,HH04 - Households with a computer - %_HH - URBAN,% of households,ITU Households Database,2019,Cyprus,CYP,Location,Urban,,76.15136750297482,,STATISTICAL SERVICE OF CYPRUS,2026-07-05
8915,HHA422-%_HH-RURAL-,HH04 - Households with a computer - %_HH - RURAL,% of households,ITU Households Database,2019,Cyprus,CYP,Location,Rural,,71.26983374505357,,STATISTICAL SERVICE OF CYPRUS,2026-07-07
8914,HHA422-%_HH-NOCHILDREN-URBAN,HH04 - Households with a computer - %_HH - NOCHILDREN - URBAN,% of households,ITU Households Database,2019,Cyprus,CYP,Location,No Children,Urban,70.3591945670583,,STATISTICAL SERVICE OF CYPRUS,2024-07-08
8917,HHA422-%_HH--,HH04 - Households with a computer - %_HH,% of households,ITU Households Database,2019,Cyprus,CYP,,,,74.80528871669674,,Statistical Service of Cyprus,2026-07-06
8913,HHA422-%_HH-NOCHILDREN-RURAL,HH04 - Households with a computer - %_HH - NOCHILDREN - RURAL,% of households,ITU Households Database,2019,Cyprus,CYP,Location,No Children,Rural,62.0873710061996,,STATISTICAL SERVICE OF CYPRUS,2024-07-08
8906,HHA422-%_HH-CHILDREN-,HH04 - Households with a computer - %_HH - CHILDREN,% of households,ITU Households Database,2019,Cyprus,CYP,Family,Children,,90.65174744181631,,STATISTICAL SERVICE OF CYPRUS,2026-07-06
8912,HHA422-%_HH-NOCHILDREN-,HH04 - Households with a computer - %_HH - NOCHILDREN,% of households,ITU Households Database,2019,Cyprus,CYP,Family,No Children,,68.15125275353,,STATISTICAL SERVICE OF CYPRUS,2024-07-08
8908,HHA422-%_HH-CHILDREN-URBAN,HH04 - Households with a computer - %_HH - CHILDREN - URBAN,% of households,ITU Households Database,2019,Cyprus,CYP,Location,Children,Urban,90.53164578292858,,STATISTICAL SERVICE OF CYPRUS,2026-07-05
8917,HHA422-%_HH--,HH04 - Households with a computer - %_HH,% of households,ITU Households Database,2019,Denmark,DNK,,,,88.89138829527987,Data source: Home appliances,Statistics Denmark,2026-07-05
8917,HHA422-%_HH--,HH04 - Households with a computer - %_HH,% of households,ITU Households Database,2019,Dominican Rep.,DOM,,,,27.91761107347278,The household expansion factor for questions related to the household questionnaire was applied.######Preliminary results,Oficina Nacional de Estadistica,2026-07-05
8915,HHA422-%_HH-RURAL-,HH04 - Households with a computer - %_HH - RURAL,% of households,ITU Households Database,2019,Spain,ESP,Location,Rural,,76.16629335186936,,Instituto Nacional de Estadística (INE),2026-07-06
8914,HHA422-%_HH-NOCHILDREN-URBAN,HH04 - Households with a computer - %_HH - NOCHILDREN - URBAN,% of households,ITU Households Database,2019,Spain,ESP,Location,No Children,Urban,81.14493992897415,,Instituto Nacional de Estadística (INE),2026-07-05
8912,HHA422-%_HH-NOCHILDREN-,HH04 - Households with a computer - %_HH - NOCHILDREN,% of households,ITU Households Database,2019,Spain,ESP,Family,No Children,,75.83476567489429,,Instituto Nacional de Estadística (INE),2026-07-05
8916,HHA422-%_HH-URBAN-,HH04 - Households with a computer - %_HH - URBAN,% of households,ITU Households Database,2019,Spain,ESP,Location,Urban,,84.91735066119472,,Instituto Nacional de Estadística (INE),2026-07-05
8917,HHA422-%_HH--,HH04 - Households with a computer - %_HH,% of households,ITU Households Database,2019,Spain,ESP,,,,80.92573852753057,HHs with at least one member aged 16 to 74,Instituto Nacional de Estadistica,2026-07-05
8913,HHA422-%_HH-NOCHILDREN-RURAL,HH04 - Households with a computer - %_HH - NOCHILDREN - RURAL,% of households,ITU Households Database,2019,Spain,ESP,Location,No Children,Rural,69.27036419882026,,Instituto Nacional de Estadística (INE),2026-07-05
8908,HHA422-%_HH-CHILDREN-URBAN,HH04 - Households with a computer - %_HH - CHILDREN - URBAN,% of households,ITU Households Database,2019,Spain,ESP,Location,Children,Urban,95.16298370993518,,Instituto Nacional de Estadística (INE),2026-07-05
8907,HHA422-%_HH-CHILDREN-RURAL,HH04 - Households with a computer - %_HH - CHILDREN - RURAL,% of households,ITU Households Database,2019,Spain,ESP,Location,Children,Rural,92.64454190209858,,Instituto Nacional de Estadística (INE),2026-07-06
8906,HHA422-%_HH-CHILDREN-,HH04 - Households with a computer - %_HH - CHILDREN,% of households,ITU Households Database,2019,Spain,ESP,Family,Children,,93.95664266243963,,Instituto Nacional de Estadística (INE),2026-07-06
8906,HHA422-%_HH-CHILDREN-,HH04 - Households with a computer - %_HH - CHILDREN,% of households,ITU Households Database,2019,Egypt,EGY,Family,Children,,71.9607641411441,,Ministry of Communications and Information Technology,2024-07-08
8914,HHA422-%_HH-NOCHILDREN-URBAN,HH04 - Households with a computer - %_HH - NOCHILDREN - URBAN,% of households,ITU Households Database,2019,Egypt,EGY,Location,No Children,Urban,64.11571788049675,,Ministry of Communications and Information Technology,2026-07-05
8907,HHA422-%_HH-CHILDREN-RURAL,HH04 - Households with a computer - %_HH - CHILDREN - RURAL,% of households,ITU Households Database,2019,Egypt,EGY,Location,Children,Rural,64.44900924616704,,Ministry of Communications and Information Technology,2026-07-07
8912,HHA422-%_HH-NOCHILDREN-,HH04 - Households with a computer - %_HH - NOCHILDREN,% of households,ITU Households Database,2019,Egypt,EGY,Family,No Children,,53.048781432397774,,Ministry of Communications and Information Technology,2026-07-05
8915,HHA422-%_HH-RURAL-,HH04 - Households with a computer - %_HH - RURAL,% of households,ITU Households Database,2019,Egypt,EGY,Location,Rural,,55.844148177978724,,Ministry of Communications and Information Technology,2026-07-06
8913,HHA422-%_HH-NOCHILDREN-RURAL,HH04 - Households with a computer - %_HH - NOCHILDREN - RURAL,% of households,ITU Households Database,2019,Egypt,EGY,Location,No Children,Rural,41.137369777228635,,Ministry of Communications and Information Technology,2026-07-05
8917,HHA422-%_HH--,HH04 - Households with a computer - %_HH,% of households,ITU Households Database,2019,Egypt,EGY,,,,64.00000245938423,,Ministry of Communications and Information Technology,2026-07-05
8908,HHA422-%_HH-CHILDREN-URBAN,HH04 - Households with a computer - %_HH - CHILDREN - URBAN,% of households,ITU Households Database,2019,Egypt,EGY,Location,Children,Urban,83.15247392730609,,Ministry of Communications and Information Technology,2026-07-05
8916,HHA422-%_HH-URBAN-,HH04 - Households with a computer - %_HH - URBAN,% of households,ITU Households Database,2019,Egypt,EGY,Location,Urban,,73.93735387176258,,Ministry of Communications and Information Technology,2026-07-05
8917,HHA422-%_HH--,HH04 - Households with a computer - %_HH,% of households,ITU Households Database,2019,Ecuador,ECU,,,,40.57758174381323,,Instituto Nacional de Estadistica y Censos,2026-07-06
8917,HHA422-%_HH--,HH04 - Households with a computer - %_HH,% of households,ITU Households Database,2019,Finland,FIN,,,,87.35488150960086,,Statistics Finland,2026-07-05
8917,HHA422-%_HH--,HH04 - Households with a computer - %_HH,% of households,ITU Households Database,2019,"Hong Kong, China",HKG,,,,77.59650123597642,,Census and Statistics Department,2026-07-06
8912,HHA422-%_HH-NOCHILDREN-,HH04 - Households with a computer - %_HH - NOCHILDREN,% of households,ITU Households Database,2019,"Hong Kong, China",HKG,Family,No Children,,73.39086832843161,,Census and Statistics Department,2026-07-06
8906,HHA422-%_HH-CHILDREN-,HH04 - Households with a computer - %_HH - CHILDREN,% of households,ITU Households Database,2019,"Hong Kong, China",HKG,Family,Children,,93.30212459488656,,Census and Statistics Department,2026-07-06
8917,HHA422-%_HH--,HH04 - Households with a computer - %_HH,% of households,ITU Households Database,2019,Netherlands,NLD,,,,91.13924050632912,Tablet is not included,Statistics Netherlands,2026-07-06
8916,HHA422-%_HH-URBAN-,HH04 - Households with a computer - %_HH - URBAN,% of households,ITU Households Database,2019,Croatia,HRV,Location,Urban,,78.14836105056699,,Croatian Bureau of Statistics,2026-07-05
8915,HHA422-%_HH-RURAL-,HH04 - Households with a computer - %_HH - RURAL,% of households,ITU Households Database,2019,Croatia,HRV,Location,Rural,,68.24460791960524,,Croatian Bureau of Statistics,2026-07-06
8917,HHA422-%_HH--,HH04 - Households with a computer - %_HH,% of households,ITU Households Database,2019,Croatia,HRV,,,,74.25313672082498,,Croatian Bureau of Statistics,2026-07-05
8917,HHA422-%_HH--,HH04 - Households with a computer - %_HH,% of households,ITU Households Database,2019,Italy,ITA,,,,66.17617623227922,,Italian National Institute of Statistics,2026-07-05
8907,HHA422-%_HH-CHILDREN-RURAL,HH04 - Households with a computer - %_HH - CHILDREN - RURAL,% of households,ITU Households Database,2019,Indonesia,IDN,Location,Children,Rural,9.897011565332054,,BADAN PUSAT STATISTIK (STATISTICS INDONESIA),2026-07-06
8913,HHA422-%_HH-NOCHILDREN-RURAL,HH04 - Households with a computer - %_HH - NOCHILDREN - RURAL,% of households,ITU Households Database,2019,Indonesia,IDN,Location,No Children,Rural,8.676832158623625,,BADAN PUSAT STATISTIK (STATISTICS INDONESIA),2026-07-05
8914,HHA422-%_HH-NOCHILDREN-URBAN,HH04 - Households with a computer - %_HH - NOCHILDREN - URBAN,% of households,ITU Households Database,2019,Indonesia,IDN,Location,No Children,Urban,27.52079231278588,,BADAN PUSAT STATISTIK (STATISTICS INDONESIA),2026-07-05
8917,HHA422-%_HH--,HH04 - Households with a computer - %_HH,% of households,ITU Households Database,2019,Indonesia,IDN,,,,18.78156544314772,,BPS-Statistics Indonesia,2026-07-05
8912,HHA422-%_HH-NOCHILDREN-,HH04 - Households with a computer - %_HH - NOCHILDREN,% of households,ITU Households Database,2019,Indonesia,IDN,Family,No Children,,19.776946091761427,,BADAN PUSAT STATISTIK (STATISTICS INDONESIA),2026-07-05
8906,HHA422-%_HH-CHILDREN-,HH04 - Households with a computer - %_HH - CHILDREN,% of households,ITU Households Database,2019,Indonesia,IDN,Family,Children,,18.135340189967298,,BADAN PUSAT STATISTIK (STATISTICS INDONESIA),2026-07-06
8908,HHA422-%_HH-CHILDREN-URBAN,HH04 - Households with a computer - %_HH - CHILDREN - URBAN,% of households,ITU Households Database,2019,Indonesia,IDN,Location,Children,Urban,25.1093144529196,,BADAN PUSAT STATISTIK (STATISTICS INDONESIA),2024-07-08
8916,HHA422-%_HH-URBAN-,HH04 - Households with a computer - %_HH - URBAN,% of households,ITU Households Database,2019,Indonesia,IDN,Location,Urban,,26.107401079662456,,BADAN PUSAT STATISTIK (STATISTICS INDONESIA),2026-07-05
8915,HHA422-%_HH-RURAL-,HH04 - Households with a computer - %_HH - RURAL,% of households,ITU Households Database,2019,Indonesia,IDN,Location,Rural,,9.448140293949937,,BADAN PUSAT STATISTIK (STATISTICS INDONESIA),2026-07-06
8917,HHA422-%_HH--,HH04 - Households with a computer - %_HH,% of households,ITU Households Database,2019,Ireland,IRL,,,,90.99986589481684,,Central Statistics Office,2026-07-05
8917,HHA422-%_HH--,HH04 - Households with a computer - %_HH,% of households,ITU Households Database,2019,Iraq,IRQ,,,,14.639520095998288,,Central Organization for Statistics And Information Technology,2026-07-05
8906,HHA422-%_HH-CHILDREN-,HH04 - Households with a computer - %_HH - CHILDREN,% of households,ITU Households Database,2019,Israel,ISR,Family,Children,,85.78210860264625,,CENTRAL BUREAU OF STATISTICS,2026-07-06
8912,HHA422-%_HH-NOCHILDREN-,HH04 - Households with a computer - %_HH - NOCHILDREN,% of households,ITU Households Database,2019,Israel,ISR,Family,No Children,,74.43050945392812,,CENTRAL BUREAU OF STATISTICS,2026-07-05
8908,HHA422-%_HH-CHILDREN-URBAN,HH04 - Households with a computer - %_HH - CHILDREN - URBAN,% of households,ITU Households Database,2019,Israel,ISR,Location,Children,Urban,85.14573852733461,,CENTRAL BUREAU OF STATISTICS,2026-07-05
8916,HHA422-%_HH-URBAN-,HH04 - Households with a computer - %_HH - URBAN,% of households,ITU Households Database,2019,Israel,ISR,Location,Urban,,78.27957731046982,,CENTRAL BUREAU OF STATISTICS,2026-07-05
8913,HHA422-%_HH-NOCHILDREN-RURAL,HH04 - Households with a computer - %_HH - NOCHILDREN - RURAL,% of households,ITU Households Database,2019,Israel,ISR,Location,No Children,Rural,83.50078037147183,,CENTRAL BUREAU OF STATISTICS,2026-07-05
8917,HHA422-%_HH--,HH04 - Households with a computer - %_HH,% of households,ITU Households Database,2019,Israel,ISR,,,,78.90425450777767,,CENTRAL BUREAU OF STATISTICS,2026-07-06
8907,HHA422-%_HH-CHILDREN-RURAL,HH04 - Households with a computer - %_HH - CHILDREN - RURAL,% of households,ITU Households Database,2019,Israel,ISR,Location,Children,Rural,93.72060621736547,,CENTRAL BUREAU OF STATISTICS,2026-07-06
8914,HHA422-%_HH-NOCHILDREN-URBAN,HH04 - Households with a computer - %_HH - NOCHILDREN - URBAN,% of households,ITU Households Database,2019,Israel,ISR,Location,No Children,Urban,73.90560891678868,,CENTRAL BUREAU OF STATISTICS,2026-07-05
8915,HHA422-%_HH-RURAL-,HH04 - Households with a computer - %_HH - RURAL,% of households,ITU Households Database,2019,Israel,ISR,Location,Rural,,88.29152285414698,,CENTRAL BUREAU OF STATISTICS,2026-07-06
8917,HHA422-%_HH--,HH04 - Households with a computer - %_HH,% of households,ITU Households Database,2019,Japan,JPN,,,,74.60158610271903,Estimated by the following method; (The number of households by which the age of householder is more than 20 years old)*(Survey result(%)),Ministry of Internal Affairs and Communications,2026-07-06
8907,HHA422-%_HH-CHILDREN-RURAL,HH04 - Households with a computer - %_HH - CHILDREN - RURAL,% of households,ITU Households Database,2019,Japan,JPN,Location,Children,Rural,87.06206896551724,,Ministry of Internal Affairs and Communications,2026-07-06
8914,HHA422-%_HH-NOCHILDREN-URBAN,HH04 - Households with a computer - %_HH - NOCHILDREN - URBAN,% of households,ITU Households Database,2019,Japan,JPN,Location,No Children,Urban,75.81126331811264,,Ministry of Internal Affairs and Communications,2026-07-05
8916,HHA422-%_HH-URBAN-,HH04 - Households with a computer - %_HH - URBAN,% of households,ITU Households Database,2019,Japan,JPN,Location,Urban,,78.68169334217255,,Ministry of Internal Affairs and Communications,2026-07-05
8913,HHA422-%_HH-NOCHILDREN-RURAL,HH04 - Households with a computer - %_HH - NOCHILDREN - RURAL,% of households,ITU Households Database,2019,Japan,JPN,Location,No Children,Rural,67.42029928432011,,Ministry of Internal Affairs and Communications,2026-07-05
8906,HHA422-%_HH-CHILDREN-,HH04 - Households with a computer - %_HH - CHILDREN,% of households,ITU Households Database,2019,Japan,JPN,Family,Children,,87.72502721259315,,Ministry of Internal Affairs and Communications,2026-07-06
8912,HHA422-%_HH-NOCHILDREN-,HH04 - Households with a computer - %_HH - NOCHILDREN,% of households,ITU Households Database,2019,Japan,JPN,Family,No Children,,70.78213380144334,,Ministry of Internal Affairs and Communications,2026-07-06
8908,HHA422-%_HH-CHILDREN-URBAN,HH04 - Households with a computer - %_HH - CHILDREN - URBAN,% of households,ITU Households Database,2019,Japan,JPN,Location,Children,Urban,88.70899020025564,,Ministry of Internal Affairs and Communications,2026-07-05
8915,HHA422-%_HH-RURAL-,HH04 - Households with a computer - %_HH - RURAL,% of households,ITU Households Database,2019,Japan,JPN,Location,Rural,,71.89786752928615,,Ministry of Internal Affairs and Communications,2026-07-06
8917,HHA422-%_HH--,HH04 - Households with a computer - %_HH,% of households,ITU Households Database,2019,Jamaica,JAM,,,,38.73151584547047,,Statistical Institute of Jamaica,2026-07-05
8907,HHA422-%_HH-CHILDREN-RURAL,HH04 - Households with a computer - %_HH - CHILDREN - RURAL,% of households,ITU Households Database,2019,Kenya,KEN,Location,Children,Rural,2.7414615454269526,Desk Top Computer/Laptop/ Tablet,KENYA NATIONAL BUREAU OF STATISTICS,2026-07-06
8913,HHA422-%_HH-NOCHILDREN-RURAL,HH04 - Households with a computer - %_HH - NOCHILDREN - RURAL,% of households,ITU Households Database,2019,Kenya,KEN,Location,No Children,Rural,3.5461323622185286,Desk Top Computer/Laptop/ Tablet,KENYA NATIONAL BUREAU OF STATISTICS,2026-07-05
8912,HHA422-%_HH-NOCHILDREN-,HH04 - Households with a computer - %_HH - NOCHILDREN,% of households,ITU Households Database,2019,Kenya,KEN,Family,No Children,,11.114251500075907,Desk Top Computer/Laptop/ Tablet,KENYA NATIONAL BUREAU OF STATISTICS,2026-07-05
8916,HHA422-%_HH-URBAN-,HH04 - Households with a computer - %_HH - URBAN,% of households,ITU Households Database,2019,Kenya,KEN,Location,Urban,,18.042364388802483,Desk Top Computer/Laptop/ Tablet,KENYA NATIONAL BUREAU OF STATISTICS,2026-07-05
8917,HHA422-%_HH--,HH04 - Households with a computer - %_HH,% of households,ITU Households Database,2019,Kenya,KEN,,,,8.817493267210939,Desk Top Computer/Laptop/ Tablet,KENYA NATIONAL BUREAU OF STATISTICS,2026-07-05
8914,HHA422-%_HH-NOCHILDREN-URBAN,HH04 - Households with a computer - %_HH - NOCHILDREN - URBAN,% of households,ITU Households Database,2019,Kenya,KEN,Location,No Children,Urban,18.469033744055512,Desk Top Computer/Laptop/ Tablet,KENYA NATIONAL BUREAU OF STATISTICS,2026-07-05
8908,HHA422-%_HH-CHILDREN-URBAN,HH04 - Households with a computer - %_HH - CHILDREN - URBAN,% of households,ITU Households Database,2019,Kenya,KEN,Location,Children,Urban,17.629047698643046,Desk Top Computer/Laptop/ Tablet,KENYA NATIONAL BUREAU OF STATISTICS,2026-07-05
8915,HHA422-%_HH-RURAL-,HH04 - Households with a computer - %_HH - RURAL,% of households,ITU Households Database,2019,Kenya,KEN,Location,Rural,,2.984751094509052,Desk Top Computer/Laptop/ Tablet,KENYA NATIONAL BUREAU OF STATISTICS,2026-07-06
8906,HHA422-%_HH-CHILDREN-,HH04 - Households with a computer - %_HH - CHILDREN,% of households,ITU Households Database,2019,Kenya,KEN,Family,Children,,7.434544663445737,Desk Top Computer/Laptop/ Tablet,KENYA NATIONAL BUREAU OF STATISTICS,2026-07-06
8917,HHA422-%_HH--,HH04 - Households with a computer - %_HH,% of households,ITU Households Database,2019,Korea (Rep. of),KOR,,,,71.744211297789,,Ministriy of Sceience and ICT(MSIT),2024-07-08
8906,HHA422-%_HH-CHILDREN-,HH04 - Households with a computer - %_HH - CHILDREN,% of households,ITU Households Database,2019,Korea (Rep. of),KOR,Family,Children,,94.19403979077175,,Ministriy of Sceience and ICT(MSIT),2026-07-06
8913,HHA422-%_HH-NOCHILDREN-RURAL,HH04 - Households with a computer - %_HH - NOCHILDREN - RURAL,% of households,ITU Households Database,2019,Korea (Rep. of),KOR,Location,No Children,Rural,53.8194637686491,,Ministriy of Sceience and ICT(MSIT),2024-07-08
8908,HHA422-%_HH-CHILDREN-URBAN,HH04 - Households with a computer - %_HH - CHILDREN - URBAN,% of households,ITU Households Database,2019,Korea (Rep. of),KOR,Location,Children,Urban,93.99478240033208,,Ministriy of Sceience and ICT(MSIT),2026-07-05
8915,HHA422-%_HH-RURAL-,HH04 - Households with a computer - %_HH - RURAL,% of households,ITU Households Database,2019,Korea (Rep. of),KOR,Location,Rural,,60.16358851144208,,Ministriy of Sceience and ICT(MSIT),2026-07-06
8912,HHA422-%_HH-NOCHILDREN-,HH04 - Households with a computer - %_HH - NOCHILDREN,% of households,ITU Households Database,2019,Korea (Rep. of),KOR,Family,No Children,,65.89535294274326,,Ministriy of Sceience and ICT(MSIT),2026-07-05
8907,HHA422-%_HH-CHILDREN-RURAL,HH04 - Households with a computer - %_HH - CHILDREN - RURAL,% of households,ITU Households Database,2019,Korea (Rep. of),KOR,Location,Children,Rural,95.43248095119064,,Ministriy of Sceience and ICT(MSIT),2026-07-06
8914,HHA422-%_HH-NOCHILDREN-URBAN,HH04 - Households with a computer - %_HH - NOCHILDREN - URBAN,% of households,ITU Households Database,2019,Korea (Rep. of),KOR,Location,No Children,Urban,68.9282211175547,,Ministriy of Sceience and ICT(MSIT),2024-07-08
8916,HHA422-%_HH-URBAN-,HH04 - Households with a computer - %_HH - URBAN,% of households,ITU Households Database,2019,Korea (Rep. of),KOR,Location,Urban,,74.42354735017398,,Ministriy of Sceience and ICT(MSIT),2026-07-05
8917,HHA422-%_HH--,HH04 - Households with a computer - %_HH,% of households,ITU Households Database,2019,Kuwait,KWT,,,,84,,Communication and Information Technology Regulatory Authority,2024-07-08
8917,HHA422-%_HH--,HH04 - Households with a computer - %_HH,% of households,ITU Households Database,2019,Lesotho,LSO,,,,5.115921566693178,,Bureau of Statistics,2026-07-05
8913,HHA422-%_HH-NOCHILDREN-RURAL,HH04 - Households with a computer - %_HH - NOCHILDREN - RURAL,% of households,ITU Households Database,2019,Lithuania,LTU,Location,No Children,Rural,63.0745530602568,,Statistics Lithuania,2024-07-08
8917,HHA422-%_HH--,HH04 - Households with a computer - %_HH,% of households,ITU Households Database,2019,Lithuania,LTU,,,,76.68226427595346,households in which at least one of the members is between 16 and 74,Statistics Lithuania,2026-07-06
8907,HHA422-%_HH-CHILDREN-RURAL,HH04 - Households with a computer - %_HH - CHILDREN - RURAL,% of households,ITU Households Database,2019,Lithuania,LTU,Location,Children,Rural,92.93132946047287,,Statistics Lithuania,2026-07-06
8916,HHA422-%_HH-URBAN-,HH04 - Households with a computer - %_HH - URBAN,% of households,ITU Households Database,2019,Lithuania,LTU,Location,Urban,,79.2137490396523,,Statistics Lithuania,2024-07-08
8915,HHA422-%_HH-RURAL-,HH04 - Households with a computer - %_HH - RURAL,% of households,ITU Households Database,2019,Lithuania,LTU,Location,Rural,,70.87385691983988,,Statistics Lithuania,2026-07-07
8906,HHA422-%_HH-CHILDREN-,HH04 - Households with a computer - %_HH - CHILDREN,% of households,ITU Households Database,2019,Lithuania,LTU,Family,Children,,94.89529967993629,,Statistics Lithuania,2026-07-06
8914,HHA422-%_HH-NOCHILDREN-URBAN,HH04 - Households with a computer - %_HH - NOCHILDREN - URBAN,% of households,ITU Households Database,2019,Lithuania,LTU,Location,No Children,Urban,73.86677166428203,,Statistics Lithuania,2026-07-05
8908,HHA422-%_HH-CHILDREN-URBAN,HH04 - Households with a computer - %_HH - CHILDREN - URBAN,% of households,ITU Households Database,2019,Lithuania,LTU,Location,Children,Urban,95.81303754431667,,Statistics Lithuania,2026-07-05
8912,HHA422-%_HH-NOCHILDREN-,HH04 - Households with a computer - %_HH - NOCHILDREN,% of households,ITU Households Database,2019,Lithuania,LTU,Family,No Children,,70.64428411554306,,Statistics Lithuania,2026-07-06
8917,HHA422-%_HH--,HH04 - Households with a computer - %_HH,% of households,ITU Households Database,2019,"Macao, China",MAC,,,,75.59493670886076,,Permanent Mission of the People's Republic of China to the United Nations at Geneva,2026-07-06
8917,HHA422-%_HH--,HH04 - Households with a computer - %_HH,% of households,ITU Households Database,2019,Mauritius,MUS,,,,49.92054338075099,Revised estimates,Statistics Mauritius,2026-07-06
8916,HHA422-%_HH-URBAN-,HH04 - Households with a computer - %_HH - URBAN,% of households,ITU Households Database,2019,Mexico,MEX,Location,Urban,,50.842323905009934,,Instituto Nacional de Estadística y Geografía (INEGI),2026-07-05
8917,HHA422-%_HH--,HH04 - Households with a computer - %_HH,% of households,ITU Households Database,2019,Mexico,MEX,,,,43.939616318280706,,Instituto Nacional de Estadística y Geografía (INEGI),2026-07-05
8908,HHA422-%_HH-CHILDREN-URBAN,HH04 - Households with a computer - %_HH - CHILDREN - URBAN,% of households,ITU Households Database,2019,Mexico,MEX,Location,Children,Urban,52.650955936512155,,Instituto Nacional de Estadística y Geografía (INEGI),2026-07-05
8906,HHA422-%_HH-CHILDREN-,HH04 - Households with a computer - %_HH - CHILDREN,% of households,ITU Households Database,2019,Mexico,MEX,Family,Children,,45.14499544263001,,Instituto Nacional de Estadística y Geografía (INEGI),2026-07-06
8913,HHA422-%_HH-NOCHILDREN-RURAL,HH04 - Households with a computer - %_HH - NOCHILDREN - RURAL,% of households,ITU Households Database,2019,Mexico,MEX,Location,No Children,Rural,16.158303632156976,,Instituto Nacional de Estadística y Geografía (INEGI),2026-07-05
8915,HHA422-%_HH-RURAL-,HH04 - Households with a computer - %_HH - RURAL,% of households,ITU Households Database,2019,Mexico,MEX,Location,Rural,,21.149327650224514,,Instituto Nacional de Estadística y Geografía (INEGI),2026-07-06
8914,HHA422-%_HH-NOCHILDREN-URBAN,HH04 - Households with a computer - %_HH - NOCHILDREN - URBAN,% of households,ITU Households Database,2019,Mexico,MEX,Location,No Children,Urban,49.28928621992615,,Instituto Nacional de Estadística y Geografía (INEGI),2026-07-05
8912,HHA422-%_HH-NOCHILDREN-,HH04 - Households with a computer - %_HH - NOCHILDREN,% of households,ITU Households Database,2019,Mexico,MEX,Family,No Children,,42.79792353838559,,Instituto Nacional de Estadística y Geografía (INEGI),2026-07-05
8907,HHA422-%_HH-CHILDREN-RURAL,HH04 - Households with a computer - %_HH - CHILDREN - RURAL,% of households,ITU Households Database,2019,Mexico,MEX,Location,Children,Rural,24.958424478497765,,Instituto Nacional de Estadística y Geografía (INEGI),2026-07-06
8916,HHA422-%_HH-URBAN-,HH04 - Households with a computer - %_HH - URBAN,% of households,ITU Households Database,2019,Malaysia,MYS,Location,Urban,,76.5656654140831,,"Department of Statistics, Malaysia",2024-07-08
8917,HHA422-%_HH--,HH04 - Households with a computer - %_HH,% of households,ITU Households Database,2019,Malaysia,MYS,,,,71.33425952110967,,Department of Statistics,2026-07-05
8915,HHA422-%_HH-RURAL-,HH04 - Households with a computer - %_HH - RURAL,% of households,ITU Households Database,2019,Malaysia,MYS,Location,Rural,,50.13211892361604,,"Department of Statistics, Malaysia",2026-07-06
8917,HHA422-%_HH--,HH04 - Households with a computer - %_HH,% of households,ITU Households Database,2019,Maldives,MDV,,,,58.821782291321576,"This is computer/laptop, excluding tablets","National Bureau of Statistics, Ministry of Finance & Treasury",2026-07-05
8917,HHA422-%_HH--,HH04 - Households with a computer - %_HH,% of households,ITU Households Database,2019,Mongolia,MNG,,,,30.14250741285921,Population and Household Registration,National Statistical Office of Mongolia,2026-07-06
8914,HHA422-%_HH-NOCHILDREN-URBAN,HH04 - Households with a computer - %_HH - NOCHILDREN - URBAN,% of households,ITU Households Database,2019,Mongolia,MNG,Location,No Children,Urban,37.047985682144684,,,2026-07-05
8915,HHA422-%_HH-RURAL-,HH04 - Households with a computer - %_HH - RURAL,% of households,ITU Households Database,2019,Mongolia,MNG,Location,Rural,,11.697606285143728,,,2026-07-06
8912,HHA422-%_HH-NOCHILDREN-,HH04 - Households with a computer - %_HH - NOCHILDREN,% of households,ITU Households Database,2019,Mongolia,MNG,Family,No Children,,26.274727322650826,,,2026-07-05
8906,HHA422-%_HH-CHILDREN-,HH04 - Households with a computer - %_HH - CHILDREN,% of households,ITU Households Database,2019,Mongolia,MNG,Family,Children,,32.38209606334057,,,2026-07-06
8913,HHA422-%_HH-NOCHILDREN-RURAL,HH04 - Households with a computer - %_HH - NOCHILDREN - RURAL,% of households,ITU Households Database,2019,Mongolia,MNG,Location,No Children,Rural,8.823684482319047,,,2026-07-05
8907,HHA422-%_HH-CHILDREN-RURAL,HH04 - Households with a computer - %_HH - CHILDREN - RURAL,% of households,ITU Households Database,2019,Mongolia,MNG,Location,Children,Rural,14.094577882512255,,,2026-07-06
8916,HHA422-%_HH-URBAN-,HH04 - Households with a computer - %_HH - URBAN,% of households,ITU Households Database,2019,Mongolia,MNG,Location,Urban,,39.26179586306384,,,2026-07-05
8908,HHA422-%_HH-CHILDREN-URBAN,HH04 - Households with a computer - %_HH - CHILDREN - URBAN,% of households,ITU Households Database,2019,Mongolia,MNG,Location,Children,Urban,40.60696828504286,,,2026-07-05
8917,HHA422-%_HH--,HH04 - Households with a computer - %_HH,% of households,ITU Households Database,2019,Morocco,MAR,,,,64.20624416641819,,Agence Nationale de Réglementation des Télécommunications,2026-07-06
8917,HHA422-%_HH--,HH04 - Households with a computer - %_HH,% of households,ITU Households Database,2019,Pakistan,PAK,,,,14.305299466981488,Households with Computer/Laptop/Tablet,Pakistan Bureau of Statistics,2026-07-06
8917,HHA422-%_HH--,HH04 - Households with a computer - %_HH,% of households,ITU Households Database,2019,Philippines,PHL,,,,23.78968158842787,,"Office of the National Statistician, Philippine Statistics Authority",2026-07-06
8917,HHA422-%_HH--,HH04 - Households with a computer - %_HH,% of households,ITU Households Database,2019,Panama,PAN,,,,37.253172182622976,,Instituto Nacional de Estadística y Censo,2026-07-05
8917,HHA422-%_HH--,HH04 - Households with a computer - %_HH,% of households,ITU Households Database,2019,Poland,POL,,,,83.12502819443995,"Respondents are asked whether they have access to a computer, question in not split by the type of computer",Statistics Poland,2026-07-05
8915,HHA422-%_HH-RURAL-,HH04 - Households with a computer - %_HH - RURAL,% of households,ITU Households Database,2019,Poland,POL,Location,Rural,,81.05701852142185,,Statistics Poland,2026-07-06
8916,HHA422-%_HH-URBAN-,HH04 - Households with a computer - %_HH - URBAN,% of households,ITU Households Database,2019,Poland,POL,Location,Urban,,84.1401559267558,,Statistics Poland,2024-07-08
8906,HHA422-%_HH-CHILDREN-,HH04 - Households with a computer - %_HH - CHILDREN,% of households,ITU Households Database,2019,Poland,POL,Family,Children,,97.35280071756472,,Statistics Poland,2026-07-06
8912,HHA422-%_HH-NOCHILDREN-,HH04 - Households with a computer - %_HH - NOCHILDREN,% of households,ITU Households Database,2019,Poland,POL,Family,No Children,,75.99390447033245,,Statistics Poland,2026-07-06
8912,HHA422-%_HH-NOCHILDREN-,HH04 - Households with a computer - %_HH - NOCHILDREN,% of households,ITU Households Database,2019,Paraguay,PRY,Family,No Children,,28.468130289412386,,"Dirección General de Estadística, Encuestas y Censos (DGEEC)",2026-07-05
8907,HHA422-%_HH-CHILDREN-RURAL,HH04 - Households with a computer - %_HH - CHILDREN - RURAL,% of households,ITU Households Database,2019,Paraguay,PRY,Location,Children,Rural,11.093507363235734,,"Dirección General de Estadística, Encuestas y Censos (DGEEC)",2026-07-06
8914,HHA422-%_HH-NOCHILDREN-URBAN,HH04 - Households with a computer - %_HH - NOCHILDREN - URBAN,% of households,ITU Households Database,2019,Paraguay,PRY,Location,No Children,Urban,37.74627592812789,,"Dirección General de Estadística, Encuestas y Censos (DGEEC)",2026-07-05
8906,HHA422-%_HH-CHILDREN-,HH04 - Households with a computer - %_HH - CHILDREN,% of households,ITU Households Database,2019,Paraguay,PRY,Family,Children,,24.777681909692266,,"Dirección General de Estadística, Encuestas y Censos (DGEEC)",2026-07-06
8915,HHA422-%_HH-RURAL-,HH04 - Households with a computer - %_HH - RURAL,% of households,ITU Households Database,2019,Paraguay,PRY,Location,Rural,,10.857302542118969,,"Dirección General de Estadística, Encuestas y Censos (DGEEC)",2026-07-06
8917,HHA422-%_HH--,HH04 - Households with a computer - %_HH,% of households,ITU Households Database,2019,Paraguay,PRY,,,,26.230466109061407,,"Direccion General de Estadistica, Encuestas y Censos",2026-07-06
8916,HHA422-%_HH-URBAN-,HH04 - Households with a computer - %_HH - URBAN,% of households,ITU Households Database,2019,Paraguay,PRY,Location,Urban,,35.35640381030561,,"Dirección General de Estadística, Encuestas y Censos (DGEEC)",2026-07-05
8913,HHA422-%_HH-NOCHILDREN-RURAL,HH04 - Households with a computer - %_HH - NOCHILDREN - RURAL,% of households,ITU Households Database,2019,Paraguay,PRY,Location,No Children,Rural,10.435598993753084,,"Dirección General de Estadística, Encuestas y Censos (DGEEC)",2026-07-04
8908,HHA422-%_HH-CHILDREN-URBAN,HH04 - Households with a computer - %_HH - CHILDREN - URBAN,% of households,ITU Households Database,2019,Paraguay,PRY,Location,Children,Urban,33.66645062214982,,"Dirección General de Estadística, Encuestas y Censos (DGEEC)",2026-07-05
8912,HHA422-%_HH-NOCHILDREN-,HH04 - Households with a computer - %_HH - NOCHILDREN,% of households,ITU Households Database,2019,Peru,PER,Family,No Children,,32.082142126533476,,Instituto Nacional de Estadística e Informática - INEI,2026-07-05
8913,HHA422-%_HH-NOCHILDREN-RURAL,HH04 - Households with a computer - %_HH - NOCHILDREN - RURAL,% of households,ITU Households Database,2019,Peru,PER,Location,No Children,Rural,5.554109626234202,,Instituto Nacional de Estadística e Informática - INEI,2026-07-05
8907,HHA422-%_HH-CHILDREN-RURAL,HH04 - Households with a computer - %_HH - CHILDREN - RURAL,% of households,ITU Households Database,2019,Peru,PER,Location,Children,Rural,7.289662773079224,,Instituto Nacional de Estadística e Informática - INEI,2026-07-06
8908,HHA422-%_HH-CHILDREN-URBAN,HH04 - Households with a computer - %_HH - CHILDREN - URBAN,% of households,ITU Households Database,2019,Peru,PER,Location,Children,Urban,39.453811883026006,,Instituto Nacional de Estadística e Informática - INEI,2026-07-06
8917,HHA422-%_HH--,HH04 - Households with a computer - %_HH,% of households,ITU Households Database,2019,Peru,PER,,,,32.12588768296716,,Instituto Nacional de Estadistica e Informatica,2026-07-05
8906,HHA422-%_HH-CHILDREN-,HH04 - Households with a computer - %_HH - CHILDREN,% of households,ITU Households Database,2019,Peru,PER,Family,Children,,32.16964344818668,,Instituto Nacional de Estadística e Informática - INEI,2026-07-06
8914,HHA422-%_HH-NOCHILDREN-URBAN,HH04 - Households with a computer - %_HH - NOCHILDREN - URBAN,% of households,ITU Households Database,2019,Peru,PER,Location,No Children,Urban,39.819295531894106,,Instituto Nacional de Estadística e Informática - INEI,2026-07-05
8915,HHA422-%_HH-RURAL-,HH04 - Households with a computer - %_HH - RURAL,% of households,ITU Households Database,2019,Peru,PER,Location,Rural,,6.423004351329864,,Instituto Nacional de Estadística e Informática - INEI,2026-07-06
8916,HHA422-%_HH-URBAN-,HH04 - Households with a computer - %_HH - URBAN,% of households,ITU Households Database,2019,Peru,PER,Location,Urban,,39.63666617631285,,Instituto Nacional de Estadística e Informática - INEI,2026-07-05
8917,HHA422-%_HH--,HH04 - Households with a computer - %_HH,% of households,ITU Households Database,2019,Puerto Rico,PRI,,,,76.26214578874824,,Puerto Rico Institute of Statistics,2026-07-06
8906,HHA422-%_HH-CHILDREN-,HH04 - Households with a computer - %_HH - CHILDREN,% of households,ITU Households Database,2019,Qatar,QAT,Family,Children,,97.33556791040283,,Ministry of Transport and Communications,2026-07-06
8912,HHA422-%_HH-NOCHILDREN-,HH04 - Households with a computer - %_HH - NOCHILDREN,% of households,ITU Households Database,2019,Qatar,QAT,Family,No Children,,79.5774928162635,,Ministry of Transport and Communications,2024-07-08
8908,HHA422-%_HH-CHILDREN-URBAN,HH04 - Households with a computer - %_HH - CHILDREN - URBAN,% of households,ITU Households Database,2019,Qatar,QAT,Location,Children,Urban,97.33556791040283,,Ministry of Transport and Communications,2026-07-05
8916,HHA422-%_HH-URBAN-,HH04 - Households with a computer - %_HH - URBAN,% of households,ITU Households Database,2019,Qatar,QAT,Location,Urban,,87.4323873181035,,Ministry of Transport and Communications,2024-07-08
8914,HHA422-%_HH-NOCHILDREN-URBAN,HH04 - Households with a computer - %_HH - NOCHILDREN - URBAN,% of households,ITU Households Database,2019,Qatar,QAT,Location,No Children,Urban,79.5774928162635,,Ministry of Transport and Communications,2024-07-08
8917,HHA422-%_HH--,HH04 - Households with a computer - %_HH,% of households,ITU Households Database,2019,Qatar,QAT,,,,87.43236104884208,,Ministry of Transport and Communications,2026-07-06
8916,HHA422-%_HH-URBAN-,HH04 - Households with a computer - %_HH - URBAN,% of households,ITU Households Database,2019,Russian Federation,RUS,Location,Urban,,73.60674632018134,,Federal State Statistics Service (Rosstat) ,2026-07-05
8915,HHA422-%_HH-RURAL-,HH04 - Households with a computer - %_HH - RURAL,% of households,ITU Households Database,2019,Russian Federation,RUS,Location,Rural,,56.43548097695083,,Federal State Statistics Service (Rosstat) ,2026-07-06
8917,HHA422-%_HH--,HH04 - Households with a computer - %_HH,% of households,ITU Households Database,2019,Russian Federation,RUS,,,,69.38817939011015,,Federal State Statistics Service of the Russian Federation,2026-07-06
8917,HHA422-%_HH--,HH04 - Households with a computer - %_HH,% of households,ITU Households Database,2019,El Salvador,SLV,,,,16.731595590473194,,Direccion General de Estadistica y Censos,2026-07-06
8907,HHA422-%_HH-CHILDREN-RURAL,HH04 - Households with a computer - %_HH - CHILDREN - RURAL,% of households,ITU Households Database,2019,El Salvador,SLV,Location,Children,Rural,5.342811510353986,,Dirección General de Estadística y Censos. (DIGESTYC),2026-07-06
8912,HHA422-%_HH-NOCHILDREN-,HH04 - Households with a computer - %_HH - NOCHILDREN,% of households,ITU Households Database,2019,El Salvador,SLV,Family,No Children,,17.686958415656747,,Dirección General de Estadística y Censos. (DIGESTYC),2026-07-05
8915,HHA422-%_HH-RURAL-,HH04 - Households with a computer - %_HH - RURAL,% of households,ITU Households Database,2019,El Salvador,SLV,Location,Rural,,4.74515004832171,,Dirección General de Estadística y Censos. (DIGESTYC),2024-07-08
8906,HHA422-%_HH-CHILDREN-,HH04 - Households with a computer - %_HH - CHILDREN,% of households,ITU Households Database,2019,El Salvador,SLV,Family,Children,,15.786194828320562,,Dirección General de Estadística y Censos. (DIGESTYC),2026-07-06
8908,HHA422-%_HH-CHILDREN-URBAN,HH04 - Households with a computer - %_HH - CHILDREN - URBAN,% of households,ITU Households Database,2019,El Salvador,SLV,Location,Children,Urban,23.100966488773164,,Dirección General de Estadística y Censos. (DIGESTYC),2026-07-05
8914,HHA422-%_HH-NOCHILDREN-URBAN,HH04 - Households with a computer - %_HH - NOCHILDREN - URBAN,% of households,ITU Households Database,2019,El Salvador,SLV,Location,No Children,Urban,24.35805501966971,,Dirección General de Estadística y Censos. (DIGESTYC),2026-07-05
8913,HHA422-%_HH-NOCHILDREN-RURAL,HH04 - Households with a computer - %_HH - NOCHILDREN - RURAL,% of households,ITU Households Database,2019,El Salvador,SLV,Location,No Children,Rural,3.9854177356315286,,Dirección General de Estadística y Censos. (DIGESTYC),2026-07-04
8916,HHA422-%_HH-URBAN-,HH04 - Households with a computer - %_HH - URBAN,% of households,ITU Households Database,2019,El Salvador,SLV,Location,Urban,,23.76833971776422,,Dirección General de Estadística y Censos. (DIGESTYC),2026-07-05
8917,HHA422-%_HH--,HH04 - Households with a computer - %_HH,% of households,ITU Households Database,2019,Singapore,SGP,,,,88.81894074175449,,Infocomm Media Development Authority ,2026-07-06
8907,HHA422-%_HH-CHILDREN-RURAL,HH04 - Households with a computer - %_HH - CHILDREN - RURAL,% of households,ITU Households Database,2019,Suriname,SUR,Location,Children,Rural,31.12943707422015,Corresponds only to desktop computer,General Bureau of Statistics,2026-07-06
8908,HHA422-%_HH-CHILDREN-URBAN,HH04 - Households with a computer - %_HH - CHILDREN - URBAN,% of households,ITU Households Database,2019,Suriname,SUR,Location,Children,Urban,38.6832878846903,Corresponds only to desktop computer,General Bureau of Statistics,2024-07-08
8914,HHA422-%_HH-NOCHILDREN-URBAN,HH04 - Households with a computer - %_HH - NOCHILDREN - URBAN,% of households,ITU Households Database,2019,Suriname,SUR,Location,No Children,Urban,41.16861697950208,Corresponds only to desktop computer,General Bureau of Statistics,2026-07-05
8913,HHA422-%_HH-NOCHILDREN-RURAL,HH04 - Households with a computer - %_HH - NOCHILDREN - RURAL,% of households,ITU Households Database,2019,Suriname,SUR,Location,No Children,Rural,34.0588576212248,Corresponds only to desktop computer,General Bureau of Statistics,2024-07-08
8906,HHA422-%_HH-CHILDREN-,HH04 - Households with a computer - %_HH - CHILDREN,% of households,ITU Households Database,2019,Suriname,SUR,Family,Children,,36.32930344812175,Corresponds only to desktop computer,General Bureau of Statistics,2026-07-06
8912,HHA422-%_HH-NOCHILDREN-,HH04 - Households with a computer - %_HH - NOCHILDREN,% of households,ITU Households Database,2019,Suriname,SUR,Family,No Children,,39.11368374032162,Corresponds only to desktop computer,General Bureau of Statistics,2026-07-05
8917,HHA422-%_HH--,HH04 - Households with a computer - %_HH,% of households,ITU Households Database,2019,Suriname,SUR,,,,36.66439879362694,,General Bureau of Statistics,2026-07-05
8916,HHA422-%_HH-URBAN-,HH04 - Households with a computer - %_HH - URBAN,% of households,ITU Households Database,2019,Suriname,SUR,Location,Urban,,40.05912786400591,Corresponds only to desktop computer,General Bureau of Statistics,2026-07-05
8915,HHA422-%_HH-RURAL-,HH04 - Households with a computer - %_HH - RURAL,% of households,ITU Households Database,2019,Suriname,SUR,Location,Rural,,32.67286421931194,Corresponds only to desktop computer,General Bureau of Statistics,2026-07-06
8906,HHA422-%_HH-CHILDREN-,HH04 - Households with a computer - %_HH - CHILDREN,% of households,ITU Households Database,2019,Czech Republic,CZE,Family,Children,,94.19974868091373,,Czech Statistical Office,2026-07-06
8907,HHA422-%_HH-CHILDREN-RURAL,HH04 - Households with a computer - %_HH - CHILDREN - RURAL,% of households,ITU Households Database,2019,Czech Republic,CZE,Location,Children,Rural,95.41815826958006,,Czech Statistical Office,2026-07-06
8916,HHA422-%_HH-URBAN-,HH04 - Households with a computer - %_HH - URBAN,% of households,ITU Households Database,2019,Czech Republic,CZE,Location,Urban,,79.21495623214227,,Czech Statistical Office,2026-07-05
8915,HHA422-%_HH-RURAL-,HH04 - Households with a computer - %_HH - RURAL,% of households,ITU Households Database,2019,Czech Republic,CZE,Location,Rural,,75.48416219642277,,Czech Statistical Office,2026-07-06
8913,HHA422-%_HH-NOCHILDREN-RURAL,HH04 - Households with a computer - %_HH - NOCHILDREN - RURAL,% of households,ITU Households Database,2019,Czech Republic,CZE,Location,No Children,Rural,68.50424663813033,,Czech Statistical Office,2026-07-05
8914,HHA422-%_HH-NOCHILDREN-URBAN,HH04 - Households with a computer - %_HH - NOCHILDREN - URBAN,% of households,ITU Households Database,2019,Czech Republic,CZE,Location,No Children,Urban,73.91501155004191,,Czech Statistical Office,2026-07-05
8908,HHA422-%_HH-CHILDREN-URBAN,HH04 - Households with a computer - %_HH - CHILDREN - URBAN,% of households,ITU Households Database,2019,Czech Republic,CZE,Location,Children,Urban,93.52806599107876,,Czech Statistical Office,2026-07-06
8912,HHA422-%_HH-NOCHILDREN-,HH04 - Households with a computer - %_HH - NOCHILDREN,% of households,ITU Households Database,2019,Czech Republic,CZE,Family,No Children,,71.92231734438518,,Czech Statistical Office,2026-07-05
8917,HHA422-%_HH--,HH04 - Households with a computer - %_HH,% of households,ITU Households Database,2019,Czech Republic,CZE,,,,77.85378985097067,,Czech Statistical Office,2026-07-05
8908,HHA422-%_HH-CHILDREN-URBAN,HH04 - Households with a computer - %_HH - CHILDREN - URBAN,% of households,ITU Households Database,2019,Thailand,THA,Location,Children,Urban,25.92715863322401,,National Statistical Office of Thailand,2026-07-05
8916,HHA422-%_HH-URBAN-,HH04 - Households with a computer - %_HH - URBAN,% of households,ITU Households Database,2019,Thailand,THA,Location,Urban,,22.458137479567338,,National Statistical Office of Thailand,2026-07-05
8915,HHA422-%_HH-RURAL-,HH04 - Households with a computer - %_HH - RURAL,% of households,ITU Households Database,2019,Thailand,THA,Location,Rural,,10.193742450032946,,National Statistical Office of Thailand,2026-07-06
8917,HHA422-%_HH--,HH04 - Households with a computer - %_HH,% of households,ITU Households Database,2019,Thailand,THA,,,,15.926139167626255,,National Statistical Office,2026-07-07
8907,HHA422-%_HH-CHILDREN-RURAL,HH04 - Households with a computer - %_HH - CHILDREN - RURAL,% of households,ITU Households Database,2019,Thailand,THA,Location,Children,Rural,11.948414771380508,,National Statistical Office of Thailand,2026-07-06
8913,HHA422-%_HH-NOCHILDREN-RURAL,HH04 - Households with a computer - %_HH - NOCHILDREN - RURAL,% of households,ITU Households Database,2019,Thailand,THA,Location,No Children,Rural,9.150713039909716,,National Statistical Office of Thailand,2026-07-05
8906,HHA422-%_HH-CHILDREN-,HH04 - Households with a computer - %_HH - CHILDREN,% of households,ITU Households Database,2019,Thailand,THA,Family,Children,,17.27369341801221,,National Statistical Office of Thailand,2026-07-06
8912,HHA422-%_HH-NOCHILDREN-,HH04 - Households with a computer - %_HH - NOCHILDREN,% of households,ITU Households Database,2019,Thailand,THA,Family,No Children,,15.289802716997174,,National Statistical Office of Thailand,2026-07-05
8914,HHA422-%_HH-NOCHILDREN-URBAN,HH04 - Households with a computer - %_HH - NOCHILDREN - URBAN,% of households,ITU Households Database,2019,Thailand,THA,Location,No Children,Urban,21.2302556425214,,National Statistical Office of Thailand,2024-07-08
8917,HHA422-%_HH--,HH04 - Households with a computer - %_HH,% of households,ITU Households Database,2019,Tunisia,TUN,,,,52.08805075608861,,Institut National de la Statistique,2026-07-05
8917,HHA422-%_HH--,HH04 - Households with a computer - %_HH,% of households,ITU Households Database,2019,Türkiye,TUR,,,,55.30835078013674,,Turkish Statistical Institute,2026-07-06
8917,HHA422-%_HH--,HH04 - Households with a computer - %_HH,% of households,ITU Households Database,2019,United Arab Emirates,ARE,,,,96.0800262982868,,Telecommunications Regulatory Authority ,2024-07-08
8917,HHA422-%_HH--,HH04 - Households with a computer - %_HH,% of households,ITU Households Database,2019,Uruguay,URY,,,,68.23283806959337,,Instituto Nacional de Estadistica,2026-07-06
8906,HHA422-%_HH-CHILDREN-,HH04 - Households with a computer - %_HH - CHILDREN,% of households,ITU Households Database,2019,Uruguay,URY,Family,Children,,80.29246014767155,,Instituto Nacional de Estadística,2026-07-06
8912,HHA422-%_HH-NOCHILDREN-,HH04 - Households with a computer - %_HH - NOCHILDREN,% of households,ITU Households Database,2019,Uruguay,URY,Family,No Children,,61.73200998064801,,Instituto Nacional de Estadística,2026-07-06
8917,HHA422-%_HH--,HH04 - Households with a computer - %_HH,% of households,ITU Households Database,2019,United States,USA,,,,83.05374592833876,Includes smartphones.,US Census Bureau,2026-07-06
8917,HHA422-%_HH--,HH04 - Households with a computer - %_HH,% of households,ITU Households Database,2019,Uzbekistan,UZB,,,,41.182684926240704,,State Committee of the Republic of Uzbekistan on Statistics ,2026-07-05
8917,HHA422-%_HH--,HH04 - Households with a computer - %_HH,% of households,ITU Households Database,2019,Viet Nam,VNM,,,,25.8,,Ministry of Information and Communications,2024-07-08
8917,HHA422-%_HH--,HH04 - Households with a computer - %_HH,% of households,ITU Households Database,2019,Serbia,SRB,,,,73.09605283920561,,Statistical Office of the Republic of Serbia,2026-07-05
8913,HHA422-%_HH-NOCHILDREN-RURAL,HH04 - Households with a computer - %_HH - NOCHILDREN - RURAL,% of households,ITU Households Database,2019,Moldova,MDA,Location,No Children,Rural,41.44046519317687,,National Bureau of Statistics of the Republic of Moldova,2026-07-05
8912,HHA422-%_HH-NOCHILDREN-,HH04 - Households with a computer - %_HH - NOCHILDREN,% of households,ITU Households Database,2019,Moldova,MDA,Family,No Children,,50.89206917832243,,National Bureau of Statistics of the Republic of Moldova,2026-07-05
8908,HHA422-%_HH-CHILDREN-URBAN,HH04 - Households with a computer - %_HH - CHILDREN - URBAN,% of households,ITU Households Database,2019,Moldova,MDA,Location,Children,Urban,93.03321718419855,,National Bureau of Statistics of the Republic of Moldova,2026-07-05
8916,HHA422-%_HH-URBAN-,HH04 - Households with a computer - %_HH - URBAN,% of households,ITU Households Database,2019,Moldova,MDA,Location,Urban,,74.22246510038892,,National Bureau of Statistics of the Republic of Moldova,2026-07-05
8917,HHA422-%_HH--,HH04 - Households with a computer - %_HH,% of households,ITU Households Database,2019,Moldova,MDA,,,,59.5060652577373,"Based on the estimation of the indicators was used the number of population with usual residence. Starting with 2019, the data are not comparable to the previous period, as the HBS methodology was modified.",National Bureau of Statistics of the Republic of Moldova,2024-07-08
8906,HHA422-%_HH-CHILDREN-,HH04 - Households with a computer - %_HH - CHILDREN,% of households,ITU Households Database,2019,Moldova,MDA,Family,Children,,82.75264602322841,,National Bureau of Statistics of the Republic of Moldova,2026-07-06
8907,HHA422-%_HH-CHILDREN-RURAL,HH04 - Households with a computer - %_HH - CHILDREN - RURAL,% of households,ITU Households Database,2019,Moldova,MDA,Location,Children,Rural,74.37449857332325,,National Bureau of Statistics of the Republic of Moldova,2026-07-06
8914,HHA422-%_HH-NOCHILDREN-URBAN,HH04 - Households with a computer - %_HH - NOCHILDREN - URBAN,% of households,ITU Households Database,2019,Moldova,MDA,Location,No Children,Urban,66.06746586152352,,National Bureau of Statistics of the Republic of Moldova,2026-07-05
8915,HHA422-%_HH-RURAL-,HH04 - Households with a computer - %_HH - RURAL,% of households,ITU Households Database,2019,Moldova,MDA,Location,Rural,,49.63668768281568,,National Bureau of Statistics of the Republic of Moldova,2026-07-06
8907,HHA422-%_HH-CHILDREN-RURAL,HH04 - Households with a computer - %_HH - CHILDREN - RURAL,% of households,ITU Households Database,2019,Bosnia and Herzegovina,BIH,Location,Children,Rural,76.1434401573907,,Agency for statistics of Bosnia and Herzegovina,2024-07-08
8908,HHA422-%_HH-CHILDREN-URBAN,HH04 - Households with a computer - %_HH - CHILDREN - URBAN,% of households,ITU Households Database,2019,Bosnia and Herzegovina,BIH,Location,Children,Urban,80.54146514096968,,Agency for statistics of Bosnia and Herzegovina,2026-07-05
8915,HHA422-%_HH-RURAL-,HH04 - Households with a computer - %_HH - RURAL,% of households,ITU Households Database,2019,Bosnia and Herzegovina,BIH,Location,Rural,,61.010324453111686,,Agency for statistics of Bosnia and Herzegovina,2026-07-06
8912,HHA422-%_HH-NOCHILDREN-,HH04 - Households with a computer - %_HH - NOCHILDREN,% of households,ITU Households Database,2019,Bosnia and Herzegovina,BIH,Family,No Children,,60.02299415631269,,Agency for statistics of Bosnia and Herzegovina,2026-07-05
8916,HHA422-%_HH-URBAN-,HH04 - Households with a computer - %_HH - URBAN,% of households,ITU Households Database,2019,Bosnia and Herzegovina,BIH,Location,Urban,,69.6274153089111,,Agency for statistics of Bosnia and Herzegovina,2024-07-08
8913,HHA422-%_HH-NOCHILDREN-RURAL,HH04 - Households with a computer - %_HH - NOCHILDREN - RURAL,% of households,ITU Households Database,2019,Bosnia and Herzegovina,BIH,Location,No Children,Rural,55.81052996189816,,Agency for statistics of Bosnia and Herzegovina,2026-07-05
8917,HHA422-%_HH--,HH04 - Households with a computer - %_HH,% of households,ITU Households Database,2019,Bosnia and Herzegovina,BIH,,,,64.7815742554,,Agency for Statistics of Bosnia and Herzegovina,2024-07-08
8906,HHA422-%_HH-CHILDREN-,HH04 - Households with a computer - %_HH - CHILDREN,% of households,ITU Households Database,2019,Bosnia and Herzegovina,BIH,Family,Children,,78.13420549103368,,Agency for statistics of Bosnia and Herzegovina,2026-07-06
8914,HHA422-%_HH-NOCHILDREN-URBAN,HH04 - Households with a computer - %_HH - NOCHILDREN - URBAN,% of households,ITU Households Database,2019,Bosnia and Herzegovina,BIH,Location,No Children,Urban,65.55480967106494,,Agency for statistics of Bosnia and Herzegovina,2026-07-05
8915,HHA422-%_HH-RURAL-,HH04 - Households with a computer - %_HH - RURAL,% of households,ITU Households Database,2019,Georgia,GEO,Location,Rural,,44.72754597231658,,National Statistics Office of Georgia - Geostat,2026-07-06
8913,HHA422-%_HH-NOCHILDREN-RURAL,HH04 - Households with a computer - %_HH - NOCHILDREN - RURAL,% of households,ITU Households Database,2019,Georgia,GEO,Location,No Children,Rural,36.716778427962325,,National Statistics Office of Georgia - Geostat,2026-07-05
8916,HHA422-%_HH-URBAN-,HH04 - Households with a computer - %_HH - URBAN,% of households,ITU Households Database,2019,Georgia,GEO,Location,Urban,,74.6454817894056,,National Statistics Office of Georgia - Geostat,2024-07-08
8912,HHA422-%_HH-NOCHILDREN-,HH04 - Households with a computer - %_HH - NOCHILDREN,% of households,ITU Households Database,2019,Georgia,GEO,Family,No Children,,55.50128702907836,,National Statistics Office of Georgia - Geostat,2026-07-05
8907,HHA422-%_HH-CHILDREN-RURAL,HH04 - Households with a computer - %_HH - CHILDREN - RURAL,% of households,ITU Households Database,2019,Georgia,GEO,Location,Children,Rural,60.89604922374533,,National Statistics Office of Georgia - Geostat,2026-07-06
8908,HHA422-%_HH-CHILDREN-URBAN,HH04 - Households with a computer - %_HH - CHILDREN - URBAN,% of households,ITU Households Database,2019,Georgia,GEO,Location,Children,Urban,84.1572815581257,,National Statistics Office of Georgia - Geostat,2024-07-08
8914,HHA422-%_HH-NOCHILDREN-URBAN,HH04 - Households with a computer - %_HH - NOCHILDREN - URBAN,% of households,ITU Households Database,2019,Georgia,GEO,Location,No Children,Urban,69.56979194094741,,National Statistics Office of Georgia - Geostat,2026-07-05
8906,HHA422-%_HH-CHILDREN-,HH04 - Households with a computer - %_HH - CHILDREN,% of households,ITU Households Database,2019,Georgia,GEO,Family,Children,,74.616442080918,,National Statistics Office of Georgia - Geostat,2024-07-08
8917,HHA422-%_HH--,HH04 - Households with a computer - %_HH,% of households,ITU Households Database,2019,Georgia,GEO,,,,62.01815837638509,,National Statistics Office of Georgia,2026-07-06
8917,HHA422-%_HH--,HH04 - Households with a computer - %_HH,% of households,ITU Households Database,2019,Kazakhstan,KAZ,,,,80.5275747060607,,"Committee on Statistics, Ministry of National Economy of the Republic of Kazakhstan",2024-07-08
8915,HHA422-%_HH-RURAL-,HH04 - Households with a computer - %_HH - RURAL,% of households,ITU Households Database,2019,Kazakhstan,KAZ,Location,Rural,,75.04602074729154,,"Ministry of National Economy of the Republic of Kazakhstan
Committee on Statistics",2026-07-06
8916,HHA422-%_HH-URBAN-,HH04 - Households with a computer - %_HH - URBAN,% of households,ITU Households Database,2019,Kazakhstan,KAZ,Location,Urban,,83.2075032408292,,"Ministry of National Economy of the Republic of Kazakhstan
Committee on Statistics",2024-07-08
8906,HHA422-%_HH-CHILDREN-,HH04 - Households with a computer - %_HH - CHILDREN,% of households,ITU Households Database,2019,Kazakhstan,KAZ,Family,Children,,89.05714005183393,,"Ministry of National Economy of the Republic of Kazakhstan
Committee on Statistics",2026-07-06
8908,HHA422-%_HH-CHILDREN-URBAN,HH04 - Households with a computer - %_HH - CHILDREN - URBAN,% of households,ITU Households Database,2019,Kazakhstan,KAZ,Location,Children,Urban,92.13703660736788,,"Ministry of National Economy of the Republic of Kazakhstan
Committee on Statistics",2026-07-05
8913,HHA422-%_HH-NOCHILDREN-RURAL,HH04 - Households with a computer - %_HH - NOCHILDREN - RURAL,% of households,ITU Households Database,2019,Kazakhstan,KAZ,Location,No Children,Rural,68.89002197622897,,"Ministry of National Economy of the Republic of Kazakhstan
Committee on Statistics",2026-07-04
8912,HHA422-%_HH-NOCHILDREN-,HH04 - Households with a computer - %_HH - NOCHILDREN,% of households,ITU Households Database,2019,Kazakhstan,KAZ,Family,No Children,,75.28196993222281,,"Ministry of National Economy of the Republic of Kazakhstan
Committee on Statistics",2026-07-05
8907,HHA422-%_HH-CHILDREN-RURAL,HH04 - Households with a computer - %_HH - CHILDREN - RURAL,% of households,ITU Households Database,2019,Kazakhstan,KAZ,Location,Children,Rural,83.60140648052483,,"Ministry of National Economy of the Republic of Kazakhstan
Committee on Statistics",2026-07-06
8914,HHA422-%_HH-NOCHILDREN-URBAN,HH04 - Households with a computer - %_HH - NOCHILDREN - URBAN,% of households,ITU Households Database,2019,Kazakhstan,KAZ,Location,No Children,Urban,78.13224451338243,,"Ministry of National Economy of the Republic of Kazakhstan
Committee on Statistics",2026-07-05
8908,HHA422-%_HH-CHILDREN-URBAN,HH04 - Households with a computer - %_HH - CHILDREN - URBAN,% of households,ITU Households Database,2019,Kyrgyzstan,KGZ,Location,Children,Urban,23.297212279374836,,National Statistical Committee of the Kyrgyz Republic,2026-07-06
8917,HHA422-%_HH--,HH04 - Households with a computer - %_HH,% of households,ITU Households Database,2019,Kyrgyzstan,KGZ,,,,12.35811248513746,,National Statistical Committee of the Kyrgyz Republic,2026-07-05
8914,HHA422-%_HH-NOCHILDREN-URBAN,HH04 - Households with a computer - %_HH - NOCHILDREN - URBAN,% of households,ITU Households Database,2019,Kyrgyzstan,KGZ,Location,No Children,Urban,19.38775035869179,,National Statistical Committee of the Kyrgyz Republic,2026-07-05
8906,HHA422-%_HH-CHILDREN-,HH04 - Households with a computer - %_HH - CHILDREN,% of households,ITU Households Database,2019,Kyrgyzstan,KGZ,Family,Children,,12.216316008461332,,National Statistical Committee of the Kyrgyz Republic,2026-07-06
8913,HHA422-%_HH-NOCHILDREN-RURAL,HH04 - Households with a computer - %_HH - NOCHILDREN - RURAL,% of households,ITU Households Database,2019,Kyrgyzstan,KGZ,Location,No Children,Rural,5.251034288609087,,National Statistical Committee of the Kyrgyz Republic,2026-07-05
8915,HHA422-%_HH-RURAL-,HH04 - Households with a computer - %_HH - RURAL,% of households,ITU Households Database,2019,Kyrgyzstan,KGZ,Location,Rural,,5.693699175075801,,National Statistical Committee of the Kyrgyz Republic,2026-07-06
8916,HHA422-%_HH-URBAN-,HH04 - Households with a computer - %_HH - URBAN,% of households,ITU Households Database,2019,Kyrgyzstan,KGZ,Location,Urban,,21.610282401522575,,National Statistical Committee of the Kyrgyz Republic,2026-07-05
8907,HHA422-%_HH-CHILDREN-RURAL,HH04 - Households with a computer - %_HH - CHILDREN - RURAL,% of households,ITU Households Database,2019,Kyrgyzstan,KGZ,Location,Children,Rural,5.870137558166493,,National Statistical Committee of the Kyrgyz Republic,2026-07-06
8912,HHA422-%_HH-NOCHILDREN-,HH04 - Households with a computer - %_HH - NOCHILDREN,% of households,ITU Households Database,2019,Kyrgyzstan,KGZ,Family,No Children,,12.625736196270754,,National Statistical Committee of the Kyrgyz Republic,2026-07-05
8917,HHA422-%_HH--,HH04 - Households with a computer - %_HH,% of households,ITU Households Database,2019,"Taiwan, Province of China",TWN,,,,75,,National Communications Commission,2024-07-08
8913,HHA422-%_HH-NOCHILDREN-RURAL,HH04 - Households with a computer - %_HH - NOCHILDREN - RURAL,% of households,ITU Households Database,2019,Palestine,PSE,Location,No Children,Rural,28.1878659921125,,Palestinian Central Bureau of Statistics,2024-07-08
8917,HHA422-%_HH--,HH04 - Households with a computer - %_HH,% of households,ITU Households Database,2019,Palestine,PSE,,,,33.153229642435186,,Palestinian Central Bureau of Statistics,2026-07-06
8912,HHA422-%_HH-NOCHILDREN-,HH04 - Households with a computer - %_HH - NOCHILDREN,% of households,ITU Households Database,2019,Palestine,PSE,Family,No Children,,25.698264223389305,,Palestinian Central Bureau of Statistics,2026-07-05
8908,HHA422-%_HH-CHILDREN-URBAN,HH04 - Households with a computer - %_HH - CHILDREN - URBAN,% of households,ITU Households Database,2019,Palestine,PSE,Location,Children,Urban,36.26411360924214,,Palestinian Central Bureau of Statistics,2026-07-05
8914,HHA422-%_HH-NOCHILDREN-URBAN,HH04 - Households with a computer - %_HH - NOCHILDREN - URBAN,% of households,ITU Households Database,2019,Palestine,PSE,Location,No Children,Urban,25.17606075035713,,Palestinian Central Bureau of Statistics,2026-07-05
8906,HHA422-%_HH-CHILDREN-,HH04 - Households with a computer - %_HH - CHILDREN,% of households,ITU Households Database,2019,Palestine,PSE,Family,Children,,36.29148775971185,,Palestinian Central Bureau of Statistics,2026-07-06
8907,HHA422-%_HH-CHILDREN-RURAL,HH04 - Households with a computer - %_HH - CHILDREN - RURAL,% of households,ITU Households Database,2019,Palestine,PSE,Location,Children,Rural,36.45335018202606,,Palestinian Central Bureau of Statistics,2026-07-06
8916,HHA422-%_HH-URBAN-,HH04 - Households with a computer - %_HH - URBAN,% of households,ITU Households Database,2019,Palestine,PSE,Location,Urban,,33.05685371429124,,Palestinian Central Bureau of Statistics,2026-07-05
8915,HHA422-%_HH-RURAL-,HH04 - Households with a computer - %_HH - RURAL,% of households,ITU Households Database,2019,Palestine,PSE,Location,Rural,,33.68530586924765,,Palestinian Central Bureau of Statistics,2026-07-06
8917,HHA422-%_HH--,HH04 - Households with a computer - %_HH,% of households,ITU Households Database,2018,South Africa,ZAF,,,,21.25422608823759,,Statistics South Africa,2026-07-06
8916,HHA422-%_HH-URBAN-,HH04 - Households with a computer - %_HH - URBAN,% of households,ITU Households Database,2018,Angola,AGO,Location,Urban,,50.025033930432805,,INE - National Institute of Statistics,2026-07-05
8917,HHA422-%_HH--,HH04 - Households with a computer - %_HH,% of households,ITU Households Database,2018,Angola,AGO,,,,32.200148108160384,,INE - National Institute of Statistics,2026-07-05
8915,HHA422-%_HH-RURAL-,HH04 - Households with a computer - %_HH - RURAL,% of households,ITU Households Database,2018,Angola,AGO,Location,Rural,,5.874629059386523,,INE - National Institute of Statistics,2026-07-06
8917,HHA422-%_HH--,HH04 - Households with a computer - %_HH,% of households,ITU Households Database,2018,Albania,ALB,,,,20.239004276114844,Households that have computers not divided by type,Institute of Statistics,2026-07-06
8906,HHA422-%_HH-CHILDREN-,HH04 - Households with a computer - %_HH - CHILDREN,% of households,ITU Households Database,2018,Albania,ALB,Family,Children,,22.940883461194396,,INSTAT (Institute of Statistics),2026-07-06
8912,HHA422-%_HH-NOCHILDREN-,HH04 - Households with a computer - %_HH - NOCHILDREN,% of households,ITU Households Database,2018,Albania,ALB,Family,No Children,,18.569328575736254,,INSTAT (Institute of Statistics),2026-07-05
8915,HHA422-%_HH-RURAL-,HH04 - Households with a computer - %_HH - RURAL,% of households,ITU Households Database,2018,Algeria,DZA,Location,Rural,,26.67230381957434,,"Ministry of Post, Telecommunications, Technologies and Digital",2026-07-06
8913,HHA422-%_HH-NOCHILDREN-RURAL,HH04 - Households with a computer - %_HH - NOCHILDREN - RURAL,% of households,ITU Households Database,2018,Algeria,DZA,Location,No Children,Rural,28.467029335755,,"Ministry of Post, Telecommunications, Technologies and Digital",2024-07-08
8912,HHA422-%_HH-NOCHILDREN-,HH04 - Households with a computer - %_HH - NOCHILDREN,% of households,ITU Households Database,2018,Algeria,DZA,Family,No Children,,44.39339625516363,,"Ministry of Post, Telecommunications, Technologies and Digital",2026-07-05
8908,HHA422-%_HH-CHILDREN-URBAN,HH04 - Households with a computer - %_HH - CHILDREN - URBAN,% of households,ITU Households Database,2018,Algeria,DZA,Location,Children,Urban,49.07561679761107,,"Ministry of Post, Telecommunications, Technologies and Digital",2026-07-05
8917,HHA422-%_HH--,HH04 - Households with a computer - %_HH,% of households,ITU Households Database,2018,Algeria,DZA,,,,42.17232666438626,,"Ministry of Post, Telecommunications, Technologies and Digital",2026-07-05
8914,HHA422-%_HH-NOCHILDREN-URBAN,HH04 - Households with a computer - %_HH - NOCHILDREN - URBAN,% of households,ITU Households Database,2018,Algeria,DZA,Location,No Children,Urban,50.37758586560972,,"Ministry of Post, Telecommunications, Technologies and Digital",2026-07-05
8906,HHA422-%_HH-CHILDREN-,HH04 - Households with a computer - %_HH - CHILDREN,% of households,ITU Households Database,2018,Algeria,DZA,Family,Children,,41.17143075094659,,"Ministry of Post, Telecommunications, Technologies and Digital",2026-07-06
8916,HHA422-%_HH-URBAN-,HH04 - Households with a computer - %_HH - URBAN,% of households,ITU Households Database,2018,Algeria,DZA,Location,Urban,,49.51251633690062,,"Ministry of Post, Telecommunications, Technologies and Digital",2026-07-05
8907,HHA422-%_HH-CHILDREN-RURAL,HH04 - Households with a computer - %_HH - CHILDREN - RURAL,% of households,ITU Households Database,2018,Algeria,DZA,Location,Children,Rural,26.02604640534182,,"Ministry of Post, Telecommunications, Technologies and Digital",2026-07-06
8917,HHA422-%_HH--,HH04 - Households with a computer - %_HH,% of households,ITU Households Database,2018,Armenia,ARM,,,,62.24015873984069,,The Statistical Committee of the Republic of Armenia ,2026-07-06
8917,HHA422-%_HH--,HH04 - Households with a computer - %_HH,% of households,ITU Households Database,2018,Saudi Arabia,SAU,,,,86.20000210856954,,Communications & IT Commission,2026-07-05
8916,HHA422-%_HH-URBAN-,HH04 - Households with a computer - %_HH - URBAN,% of households,ITU Households Database,2018,Azerbaijan,AZE,Location,Urban,,80.82168133954774,,State Statistical Committee,2026-07-05
8915,HHA422-%_HH-RURAL-,HH04 - Households with a computer - %_HH - RURAL,% of households,ITU Households Database,2018,Azerbaijan,AZE,Location,Rural,,43.96518395344003,,State Statistical Committee,2026-07-06
8917,HHA422-%_HH--,HH04 - Households with a computer - %_HH,% of households,ITU Households Database,2018,Azerbaijan,AZE,,,,64.10000943040363,,State Statistical Committee of the Republic of Azerbaijan,2026-07-06
8917,HHA422-%_HH--,HH04 - Households with a computer - %_HH,% of households,ITU Households Database,2018,Brazil,BRA,,,,41.75858235047857,,NIC.br,2026-07-06
8913,HHA422-%_HH-NOCHILDREN-RURAL,HH04 - Households with a computer - %_HH - NOCHILDREN - RURAL,% of households,ITU Households Database,2018,Brazil,BRA,Location,No Children,Rural,17.450444214212048,,NIC.br,2026-07-05
8912,HHA422-%_HH-NOCHILDREN-,HH04 - Households with a computer - %_HH - NOCHILDREN,% of households,ITU Households Database,2018,Brazil,BRA,Family,No Children,,39.01230074628525,,NIC.br,2026-07-06
8916,HHA422-%_HH-URBAN-,HH04 - Households with a computer - %_HH - URBAN,% of households,ITU Households Database,2018,Brazil,BRA,Location,Urban,,45.16336217573388,,NIC.br,2026-07-05
8915,HHA422-%_HH-RURAL-,HH04 - Households with a computer - %_HH - RURAL,% of households,ITU Households Database,2018,Brazil,BRA,Location,Rural,,19.81870308809786,,NIC.br,2026-07-06
8906,HHA422-%_HH-CHILDREN-,HH04 - Households with a computer - %_HH - CHILDREN,% of households,ITU Households Database,2018,Brazil,BRA,Family,Children,,45.78874637537207,,NIC.br,2026-07-06
8908,HHA422-%_HH-CHILDREN-URBAN,HH04 - Households with a computer - %_HH - CHILDREN - URBAN,% of households,ITU Households Database,2018,Brazil,BRA,Location,Children,Urban,49.70513292194197,,NIC.br,2026-07-05
8907,HHA422-%_HH-CHILDREN-RURAL,HH04 - Households with a computer - %_HH - CHILDREN - RURAL,% of households,ITU Households Database,2018,Brazil,BRA,Location,Children,Rural,22.836270816042887,,NIC.br,2026-07-06
8914,HHA422-%_HH-NOCHILDREN-URBAN,HH04 - Households with a computer - %_HH - NOCHILDREN - URBAN,% of households,ITU Households Database,2018,Brazil,BRA,Location,No Children,Urban,42.13649552177453,,NIC.br,2026-07-05
8912,HHA422-%_HH-NOCHILDREN-,HH04 - Households with a computer - %_HH - NOCHILDREN,% of households,ITU Households Database,2018,Belgium,BEL,Family,No Children,,87.17025127387376,,Statistics Belgium,2026-07-05
8916,HHA422-%_HH-URBAN-,HH04 - Households with a computer - %_HH - URBAN,% of households,ITU Households Database,2018,Belgium,BEL,Location,Urban,,90.01945387153515,,Statistics Belgium,2026-07-05
8917,HHA422-%_HH--,HH04 - Households with a computer - %_HH,% of households,ITU Households Database,2018,Belgium,BEL,,,,90.14573137966974,,Direction Générale Statistique - Statistics Belgium,2026-07-06
8914,HHA422-%_HH-NOCHILDREN-URBAN,HH04 - Households with a computer - %_HH - NOCHILDREN - URBAN,% of households,ITU Households Database,2018,Belgium,BEL,Location,No Children,Urban,87.06668305162378,,Statistics Belgium,2026-07-05
8907,HHA422-%_HH-CHILDREN-RURAL,HH04 - Households with a computer - %_HH - CHILDREN - RURAL,% of households,ITU Households Database,2018,Belgium,BEL,Location,Children,Rural,98.06942392121927,,Statistics Belgium,2026-07-06
8906,HHA422-%_HH-CHILDREN-,HH04 - Households with a computer - %_HH - CHILDREN,% of households,ITU Households Database,2018,Belgium,BEL,Family,Children,,97.70094749012719,,Statistics Belgium,2026-07-06
8915,HHA422-%_HH-RURAL-,HH04 - Households with a computer - %_HH - RURAL,% of households,ITU Households Database,2018,Belgium,BEL,Location,Rural,,90.98637770394859,,Statistics Belgium,2026-07-06
8913,HHA422-%_HH-NOCHILDREN-RURAL,HH04 - Households with a computer - %_HH - NOCHILDREN - RURAL,% of households,ITU Households Database,2018,Belgium,BEL,Location,No Children,Rural,87.8849181691187,,Statistics Belgium,2024-07-08
8908,HHA422-%_HH-CHILDREN-URBAN,HH04 - Households with a computer - %_HH - CHILDREN - URBAN,% of households,ITU Households Database,2018,Belgium,BEL,Location,Children,Urban,97.64068142558693,,Statistics Belgium,2026-07-05
8917,HHA422-%_HH--,HH04 - Households with a computer - %_HH,% of households,ITU Households Database,2018,Bahrain,BHR,,,,94.75227140308074,,Information and E-Government Authority,2026-07-05
8916,HHA422-%_HH-URBAN-,HH04 - Households with a computer - %_HH - URBAN,% of households,ITU Households Database,2018,Bahrain,BHR,Location,Urban,,94.75227272727277,estimated based on 2018 residential survey,Telecommunications Regulatory Authority (TRA),2026-07-05
8914,HHA422-%_HH-NOCHILDREN-URBAN,HH04 - Households with a computer - %_HH - NOCHILDREN - URBAN,% of households,ITU Households Database,2018,Belarus,BLR,Location,No Children,Urban,66.23553718565447,,Национальный статистический комитет Республики Беларусь,2026-07-05
8916,HHA422-%_HH-URBAN-,HH04 - Households with a computer - %_HH - URBAN,% of households,ITU Households Database,2018,Belarus,BLR,Location,Urban,,74.64116411841454,,Национальный статистический комитет Республики Беларусь,2026-07-05
8906,HHA422-%_HH-CHILDREN-,HH04 - Households with a computer - %_HH - CHILDREN,% of households,ITU Households Database,2018,Belarus,BLR,Family,Children,,92.30264127431832,,Национальный статистический комитет Республики Беларусь,2026-07-06
8907,HHA422-%_HH-CHILDREN-RURAL,HH04 - Households with a computer - %_HH - CHILDREN - RURAL,% of households,ITU Households Database,2018,Belarus,BLR,Location,Children,Rural,88.05521365968097,,Национальный статистический комитет Республики Беларусь,2026-07-06
8912,HHA422-%_HH-NOCHILDREN-,HH04 - Households with a computer - %_HH - NOCHILDREN,% of households,ITU Households Database,2018,Belarus,BLR,Family,No Children,,61.07868049784446,,Национальный статистический комитет Республики Беларусь,2026-07-06
8917,HHA422-%_HH--,HH04 - Households with a computer - %_HH,% of households,ITU Households Database,2018,Belarus,BLR,,,,70.02697082126016,,National Statistical Committee of the Republic of Belarus (Belstat),2026-07-06
8913,HHA422-%_HH-NOCHILDREN-RURAL,HH04 - Households with a computer - %_HH - NOCHILDREN - RURAL,% of households,ITU Households Database,2018,Belarus,BLR,Location,No Children,Rural,49.087225644399254,,Национальный статистический комитет Республики Беларусь,2026-07-05
8908,HHA422-%_HH-CHILDREN-URBAN,HH04 - Households with a computer - %_HH - CHILDREN - URBAN,% of households,ITU Households Database,2018,Belarus,BLR,Location,Children,Urban,93.541601407195,,Национальный статистический комитет Республики Беларусь,2024-07-08
8915,HHA422-%_HH-RURAL-,HH04 - Households with a computer - %_HH - RURAL,% of households,ITU Households Database,2018,Belarus,BLR,Location,Rural,,58.11804480043495,,Национальный статистический комитет Республики Беларусь,2026-07-06
8917,HHA422-%_HH--,HH04 - Households with a computer - %_HH,% of households,ITU Households Database,2018,Belize,BLZ,,,,40.36864048148961,,Statistical Institute of Belize,2026-07-05
8915,HHA422-%_HH-RURAL-,HH04 - Households with a computer - %_HH - RURAL,% of households,ITU Households Database,2018,Bolivia (Plurinational State of),BOL,Location,Rural,,5.756431960358344,,Statistic National Institute,2026-07-06
8917,HHA422-%_HH--,HH04 - Households with a computer - %_HH,% of households,ITU Households Database,2018,Bolivia (Plurinational State of),BOL,,,,24.877080312531746,,Instituto Nacional de Estadística,2026-07-05
8913,HHA422-%_HH-NOCHILDREN-RURAL,HH04 - Households with a computer - %_HH - NOCHILDREN - RURAL,% of households,ITU Households Database,2018,Bolivia (Plurinational State of),BOL,Location,No Children,Rural,4.593374894532961,,Statistic National Institute,2026-07-05
8916,HHA422-%_HH-URBAN-,HH04 - Households with a computer - %_HH - URBAN,% of households,ITU Households Database,2018,Bolivia (Plurinational State of),BOL,Location,Urban,,33.78352652508673,,Statistic National Institute,2026-07-05
8914,HHA422-%_HH-NOCHILDREN-URBAN,HH04 - Households with a computer - %_HH - NOCHILDREN - URBAN,% of households,ITU Households Database,2018,Bolivia (Plurinational State of),BOL,Location,No Children,Urban,37.192042293592365,,Statistic National Institute,2026-07-05
8912,HHA422-%_HH-NOCHILDREN-,HH04 - Households with a computer - %_HH - NOCHILDREN,% of households,ITU Households Database,2018,Bolivia (Plurinational State of),BOL,Family,No Children,,26.026658666904495,,Statistic National Institute,2026-07-05
8907,HHA422-%_HH-CHILDREN-RURAL,HH04 - Households with a computer - %_HH - CHILDREN - RURAL,% of households,ITU Households Database,2018,Bolivia (Plurinational State of),BOL,Location,Children,Rural,7.106095003011889,,Statistic National Institute,2026-07-06
8906,HHA422-%_HH-CHILDREN-,HH04 - Households with a computer - %_HH - CHILDREN,% of households,ITU Households Database,2018,Bolivia (Plurinational State of),BOL,Family,Children,,23.73506023084367,,Statistic National Institute,2026-07-06
8908,HHA422-%_HH-CHILDREN-URBAN,HH04 - Households with a computer - %_HH - CHILDREN - URBAN,% of households,ITU Households Database,2018,Bolivia (Plurinational State of),BOL,Location,Children,Urban,30.63366810527978,,Statistic National Institute,2026-07-05
8915,HHA422-%_HH-RURAL-,HH04 - Households with a computer - %_HH - RURAL,% of households,ITU Households Database,2018,Colombia,COL,Location,Rural,,9.390084134841672,,Departamento Administrativo Nacional de Estadística - DANE,2026-07-06
8916,HHA422-%_HH-URBAN-,HH04 - Households with a computer - %_HH - URBAN,% of households,ITU Households Database,2018,Colombia,COL,Location,Urban,,50.80953301981472,,Departamento Administrativo Nacional de Estadística - DANE,2026-07-05
8917,HHA422-%_HH--,HH04 - Households with a computer - %_HH,% of households,ITU Households Database,2018,Colombia,COL,,,,41.608266362520766,"Los datos son expandidos con proyecciones de población, elaboradas con base en los resultados del censo 2005. La población objetivo de la encuesta corresponde a las personas de 5 años y más de edad.",Departamento Administrativo Nacional de Estadistica (DANE),2026-07-06
8917,HHA422-%_HH--,HH04 - Households with a computer - %_HH,% of households,ITU Households Database,2018,Sri Lanka,LKA,,,,23.9,"##This estimate was calculated  as a percentage to the total households. ##This estimate was calculated by first six months dats of LFS, 2018.",Department of Census and Statistics,2024-07-08
8906,HHA422-%_HH-CHILDREN-,HH04 - Households with a computer - %_HH - CHILDREN,% of households,ITU Households Database,2018,Cabo Verde,CPV,Family,Children,,41.59221302594016,,INSTITUTO NACIONAL DE ESTATISTICAS,2026-07-06
8912,HHA422-%_HH-NOCHILDREN-,HH04 - Households with a computer - %_HH - NOCHILDREN,% of households,ITU Households Database,2018,Cabo Verde,CPV,Family,No Children,,31.452604224763686,,INSTITUTO NACIONAL DE ESTATISTICAS,2026-07-05
8917,HHA422-%_HH--,HH04 - Households with a computer - %_HH,% of households,ITU Households Database,2018,Cabo Verde,CPV,,,,37.021451899297894,,INSTITUTO NACIONAL DE ESTATISTICAS,2026-07-05
8908,HHA422-%_HH-CHILDREN-URBAN,HH04 - Households with a computer - %_HH - CHILDREN - URBAN,% of households,ITU Households Database,2018,Cabo Verde,CPV,Location,Children,Urban,51.091611766213674,,INSTITUTO NACIONAL DE ESTATISTICAS,2026-07-05
8914,HHA422-%_HH-NOCHILDREN-URBAN,HH04 - Households with a computer - %_HH - NOCHILDREN - URBAN,% of households,ITU Households Database,2018,Cabo Verde,CPV,Location,No Children,Urban,39.56066494009157,,INSTITUTO NACIONAL DE ESTATISTICAS,2026-07-05
8913,HHA422-%_HH-NOCHILDREN-RURAL,HH04 - Households with a computer - %_HH - NOCHILDREN - RURAL,% of households,ITU Households Database,2018,Cabo Verde,CPV,Location,No Children,Rural,12.701702426201422,,INSTITUTO NACIONAL DE ESTATISTICAS,2026-07-05
8915,HHA422-%_HH-RURAL-,HH04 - Households with a computer - %_HH - RURAL,% of households,ITU Households Database,2018,Cabo Verde,CPV,Location,Rural,,17.329483269078775,,INSTITUTO NACIONAL DE ESTATISTICAS,2026-07-06
8907,HHA422-%_HH-CHILDREN-RURAL,HH04 - Households with a computer - %_HH - CHILDREN - RURAL,% of households,ITU Households Database,2018,Cabo Verde,CPV,Location,Children,Rural,20.96583485839105,,INSTITUTO NACIONAL DE ESTATISTICAS,2026-07-06
8916,HHA422-%_HH-URBAN-,HH04 - Households with a computer - %_HH - URBAN,% of households,ITU Households Database,2018,Cabo Verde,CPV,Location,Urban,,45.83807423933303,,INSTITUTO NACIONAL DE ESTATISTICAS,2026-07-05
8917,HHA422-%_HH--,HH04 - Households with a computer - %_HH,% of households,ITU Households Database,2018,Côte d'Ivoire,CIV,,,,5.632453877548203,,ARTCI,2026-07-05
8917,HHA422-%_HH--,HH04 - Households with a computer - %_HH,% of households,ITU Households Database,2018,Costa Rica,CRI,,,,50.420089491821265,,Instituto Nacional de Estadisticas y Censos ,2026-07-06
8917,HHA422-%_HH--,HH04 - Households with a computer - %_HH,% of households,ITU Households Database,2018,Cuba,CUB,,,,15.717258310247528,,Oficina Nacional de Estadisticas e Informacion ,2026-07-06
8908,HHA422-%_HH-CHILDREN-URBAN,HH04 - Households with a computer - %_HH - CHILDREN - URBAN,% of households,ITU Households Database,2018,Cyprus,CYP,Location,Children,Urban,95.05564764385508,,STATISTICAL SERVICE OF CYPRUS,2026-07-05
8906,HHA422-%_HH-CHILDREN-,HH04 - Households with a computer - %_HH - CHILDREN,% of households,ITU Households Database,2018,Cyprus,CYP,Family,Children,,93.2688903432072,,STATISTICAL SERVICE OF CYPRUS,2024-07-08
8913,HHA422-%_HH-NOCHILDREN-RURAL,HH04 - Households with a computer - %_HH - NOCHILDREN - RURAL,% of households,ITU Households Database,2018,Cyprus,CYP,Location,No Children,Rural,62.98078513080001,,STATISTICAL SERVICE OF CYPRUS,2026-07-05
8912,HHA422-%_HH-NOCHILDREN-,HH04 - Households with a computer - %_HH - NOCHILDREN,% of households,ITU Households Database,2018,Cyprus,CYP,Family,No Children,,71.99645075421472,,STATISTICAL SERVICE OF CYPRUS,2026-07-05
8907,HHA422-%_HH-CHILDREN-RURAL,HH04 - Households with a computer - %_HH - CHILDREN - RURAL,% of households,ITU Households Database,2018,Cyprus,CYP,Location,Children,Rural,89.4789713367265,,STATISTICAL SERVICE OF CYPRUS,2024-07-08
8915,HHA422-%_HH-RURAL-,HH04 - Households with a computer - %_HH - RURAL,% of households,ITU Households Database,2018,Cyprus,CYP,Location,Rural,,71.73946733379087,,STATISTICAL SERVICE OF CYPRUS,2026-07-06
8914,HHA422-%_HH-NOCHILDREN-URBAN,HH04 - Households with a computer - %_HH - NOCHILDREN - URBAN,% of households,ITU Households Database,2018,Cyprus,CYP,Location,No Children,Urban,75.82557273889286,,STATISTICAL SERVICE OF CYPRUS,2026-07-05
8917,HHA422-%_HH--,HH04 - Households with a computer - %_HH,% of households,ITU Households Database,2018,Cyprus,CYP,,,,78.6931424769226,,Statistical Service of Cyprus,2024-07-08
8916,HHA422-%_HH-URBAN-,HH04 - Households with a computer - %_HH - URBAN,% of households,ITU Households Database,2018,Cyprus,CYP,Location,Urban,,81.74566912293663,,STATISTICAL SERVICE OF CYPRUS,2026-07-05
8917,HHA422-%_HH--,HH04 - Households with a computer - %_HH,% of households,ITU Households Database,2018,Denmark,DNK,,,,89.84204969402494,Data source: Home appliances,Statistics Denmark,2026-07-05
8914,HHA422-%_HH-NOCHILDREN-URBAN,HH04 - Households with a computer - %_HH - NOCHILDREN - URBAN,% of households,ITU Households Database,2018,Dominican Rep.,DOM,Location,No Children,Urban,26.63156828693511,,National Bureau of Statistics,2026-07-05
8917,HHA422-%_HH--,HH04 - Households with a computer - %_HH,% of households,ITU Households Database,2018,Dominican Rep.,DOM,,,,26.69037890487469,,Oficina Nacional de Estadistica,2026-07-05
8907,HHA422-%_HH-CHILDREN-RURAL,HH04 - Households with a computer - %_HH - CHILDREN - RURAL,% of households,ITU Households Database,2018,Dominican Rep.,DOM,Location,Children,Rural,18.20600461849784,,National Bureau of Statistics,2026-07-06
8915,HHA422-%_HH-RURAL-,HH04 - Households with a computer - %_HH - RURAL,% of households,ITU Households Database,2018,Dominican Rep.,DOM,Location,Rural,,12.939123191941764,,National Bureau of Statistics,2026-07-06
8912,HHA422-%_HH-NOCHILDREN-,HH04 - Households with a computer - %_HH - NOCHILDREN,% of households,ITU Households Database,2018,Dominican Rep.,DOM,Family,No Children,,23.217230569504615,,National Bureau of Statistics,2026-07-05
8913,HHA422-%_HH-NOCHILDREN-RURAL,HH04 - Households with a computer - %_HH - NOCHILDREN - RURAL,% of households,ITU Households Database,2018,Dominican Rep.,DOM,Location,No Children,Rural,8.510551124263147,,National Bureau of Statistics,2026-07-05
8908,HHA422-%_HH-CHILDREN-URBAN,HH04 - Households with a computer - %_HH - CHILDREN - URBAN,% of households,ITU Households Database,2018,Dominican Rep.,DOM,Location,Children,Urban,33.68957777359753,,National Bureau of Statistics,2026-07-05
8916,HHA422-%_HH-URBAN-,HH04 - Households with a computer - %_HH - URBAN,% of households,ITU Households Database,2018,Dominican Rep.,DOM,Location,Urban,,29.87042568771285,,National Bureau of Statistics,2026-07-05
8906,HHA422-%_HH-CHILDREN-,HH04 - Households with a computer - %_HH - CHILDREN,% of households,ITU Households Database,2018,Dominican Rep.,DOM,Family,Children,,30.79238169393377,,National Bureau of Statistics,2026-07-06
8917,HHA422-%_HH--,HH04 - Households with a computer - %_HH,% of households,ITU Households Database,2018,Spain,ESP,,,,79.50000045868713,HHs with at least one member aged 16 to 74,Instituto Nacional de Estadistica,2026-07-05
8907,HHA422-%_HH-CHILDREN-RURAL,HH04 - Households with a computer - %_HH - CHILDREN - RURAL,% of households,ITU Households Database,2018,Egypt,EGY,Location,Children,Rural,63.24306296040658,,Ministry of Communications and Information Technology,2026-07-06
8915,HHA422-%_HH-RURAL-,HH04 - Households with a computer - %_HH - RURAL,% of households,ITU Households Database,2018,Egypt,EGY,Location,Rural,,53.22458740994297,,Ministry of Communications and Information Technology,2026-07-06
8908,HHA422-%_HH-CHILDREN-URBAN,HH04 - Households with a computer - %_HH - CHILDREN - URBAN,% of households,ITU Households Database,2018,Egypt,EGY,Location,Children,Urban,82.38145716126286,,Ministry of Communications and Information Technology,2026-07-05
8906,HHA422-%_HH-CHILDREN-,HH04 - Households with a computer - %_HH - CHILDREN,% of households,ITU Households Database,2018,Egypt,EGY,Family,Children,,70.79401965594953,,Ministry of Communications and Information Technology,2026-07-06
8916,HHA422-%_HH-URBAN-,HH04 - Households with a computer - %_HH - URBAN,% of households,ITU Households Database,2018,Egypt,EGY,Location,Urban,,70.96792021524162,,Ministry of Communications and Information Technology,2026-07-05
8914,HHA422-%_HH-NOCHILDREN-URBAN,HH04 - Households with a computer - %_HH - NOCHILDREN - URBAN,% of households,ITU Households Database,2018,Egypt,EGY,Location,No Children,Urban,59.05155698609019,,Ministry of Communications and Information Technology,2026-07-05
8912,HHA422-%_HH-NOCHILDREN-,HH04 - Households with a computer - %_HH - NOCHILDREN,% of households,ITU Households Database,2018,Egypt,EGY,Family,No Children,,47.84702826802908,,Ministry of Communications and Information Technology,2026-07-05
8913,HHA422-%_HH-NOCHILDREN-RURAL,HH04 - Households with a computer - %_HH - NOCHILDREN - RURAL,% of households,ITU Households Database,2018,Egypt,EGY,Location,No Children,Rural,35.41543879001491,,Ministry of Communications and Information Technology,2026-07-05
8917,HHA422-%_HH--,HH04 - Households with a computer - %_HH,% of households,ITU Households Database,2018,Egypt,EGY,,,,61.19999883825658,,Ministry of Communications and Information Technology,2026-07-05
8917,HHA422-%_HH--,HH04 - Households with a computer - %_HH,% of households,ITU Households Database,2018,Ecuador,ECU,,,,37.434249579999495,,Instituto Nacional de Estadistica y Censos,2026-07-06
8917,HHA422-%_HH--,HH04 - Households with a computer - %_HH,% of households,ITU Households Database,2018,Finland,FIN,,,,87.15711030592806,,Statistics Finland,2026-07-05
8917,HHA422-%_HH--,HH04 - Households with a computer - %_HH,% of households,ITU Households Database,2018,Guinea,GIN,,,,6.999973114023426,Source: DHS,Institut National de la Statistique,2026-07-05
8912,HHA422-%_HH-NOCHILDREN-,HH04 - Households with a computer - %_HH - NOCHILDREN,% of households,ITU Households Database,2018,"Hong Kong, China",HKG,Family,No Children,,71.08540487324638,"Personal computer includes desktop computer, laptop and tablet.",Census and Statistics Department,2026-07-05
8906,HHA422-%_HH-CHILDREN-,HH04 - Households with a computer - %_HH - CHILDREN,% of households,ITU Households Database,2018,"Hong Kong, China",HKG,Family,Children,,90.4983865184654,"Personal computer includes desktop computer, laptop and tablet.",Census and Statistics Department,2024-07-08
8917,HHA422-%_HH--,HH04 - Households with a computer - %_HH,% of households,ITU Households Database,2018,"Hong Kong, China",HKG,,,,75.27035377722848,"Personal computer includes desktop computer, laptop and tablet.",Census and Statistics Department,2026-07-06
8917,HHA422-%_HH--,HH04 - Households with a computer - %_HH,% of households,ITU Households Database,2018,Netherlands,NLD,,,,89.87341772151899,Tablet is not included,Statistics Netherlands,2026-07-05
8916,HHA422-%_HH-URBAN-,HH04 - Households with a computer - %_HH - URBAN,% of households,ITU Households Database,2018,Croatia,HRV,Location,Urban,,81.03063464738773,,Croatian Bureau of Statistics,2026-07-05
8917,HHA422-%_HH--,HH04 - Households with a computer - %_HH,% of households,ITU Households Database,2018,Croatia,HRV,,,,76.2163883748381,,Croatian Bureau of Statistics,2024-07-08
8915,HHA422-%_HH-RURAL-,HH04 - Households with a computer - %_HH - RURAL,% of households,ITU Households Database,2018,Croatia,HRV,Location,Rural,,69.57923573785442,,Croatian Bureau of Statistics,2026-07-06
8917,HHA422-%_HH--,HH04 - Households with a computer - %_HH,% of households,ITU Households Database,2018,Haiti,HTI,,,,11.000008048218145,,Institut Haitien de Statistique et d'nformatique,2026-07-06
8917,HHA422-%_HH--,HH04 - Households with a computer - %_HH,% of households,ITU Households Database,2018,Italy,ITA,,,,65.94939171570198,,Italian National Institute of Statistics,2026-07-05
8917,HHA422-%_HH--,HH04 - Households with a computer - %_HH,% of households,ITU Households Database,2018,India,IND,,,,10.7,,Ministry of Statistics and Programme Implementation,2024-07-08
8908,HHA422-%_HH-CHILDREN-URBAN,HH04 - Households with a computer - %_HH - CHILDREN - URBAN,% of households,ITU Households Database,2018,Indonesia,IDN,Location,Children,Urban,27.458489569442047,,BADAN PUSAT STATISTIK (STATISTICS INDONESIA),2026-07-05
8916,HHA422-%_HH-URBAN-,HH04 - Households with a computer - %_HH - URBAN,% of households,ITU Households Database,2018,Indonesia,IDN,Location,Urban,,28.433060958325175,,BADAN PUSAT STATISTIK (STATISTICS INDONESIA),2026-07-05
8915,HHA422-%_HH-RURAL-,HH04 - Households with a computer - %_HH - RURAL,% of households,ITU Households Database,2018,Indonesia,IDN,Location,Rural,,9.925817324792197,,BADAN PUSAT STATISTIK (STATISTICS INDONESIA),2026-07-06
8914,HHA422-%_HH-NOCHILDREN-URBAN,HH04 - Households with a computer - %_HH - NOCHILDREN - URBAN,% of households,ITU Households Database,2018,Indonesia,IDN,Location,No Children,Urban,29.884387061267585,,BADAN PUSAT STATISTIK (STATISTICS INDONESIA),2026-07-05
8912,HHA422-%_HH-NOCHILDREN-,HH04 - Households with a computer - %_HH - NOCHILDREN,% of households,ITU Households Database,2018,Indonesia,IDN,Family,No Children,,21.165141104104652,,BADAN PUSAT STATISTIK (STATISTICS INDONESIA),2026-07-05
8907,HHA422-%_HH-CHILDREN-RURAL,HH04 - Households with a computer - %_HH - CHILDREN - RURAL,% of households,ITU Households Database,2018,Indonesia,IDN,Location,Children,Rural,10.257561037217926,,BADAN PUSAT STATISTIK (STATISTICS INDONESIA),2026-07-06
8913,HHA422-%_HH-NOCHILDREN-RURAL,HH04 - Households with a computer - %_HH - NOCHILDREN - RURAL,% of households,ITU Households Database,2018,Indonesia,IDN,Location,No Children,Rural,9.329735903017028,,BADAN PUSAT STATISTIK (STATISTICS INDONESIA),2026-07-05
8917,HHA422-%_HH--,HH04 - Households with a computer - %_HH,% of households,ITU Households Database,2018,Indonesia,IDN,,,,20.051510512616616,,BPS-Statistics Indonesia,2026-07-05
8906,HHA422-%_HH-CHILDREN-,HH04 - Households with a computer - %_HH - CHILDREN,% of households,ITU Households Database,2018,Indonesia,IDN,Family,Children,,19.363950093451113,,BADAN PUSAT STATISTIK (STATISTICS INDONESIA),2026-07-06
8917,HHA422-%_HH--,HH04 - Households with a computer - %_HH,% of households,ITU Households Database,2018,Ireland,IRL,,,,88.99998867612588,,Central Statistics Office,2026-07-05
8917,HHA422-%_HH--,HH04 - Households with a computer - %_HH,% of households,ITU Households Database,2018,Iran (Islamic Republic of),IRN,,,,73.88043625094363,HH4. Proportion of households with a computer is 73.88%,Statistical Centre of Iran (SCI),2026-07-06
8907,HHA422-%_HH-CHILDREN-RURAL,HH04 - Households with a computer - %_HH - CHILDREN - RURAL,% of households,ITU Households Database,2018,Israel,ISR,Location,Children,Rural,93.47116361977207,,CENTRAL BUREAU OF STATISTICS,2026-07-06
8917,HHA422-%_HH--,HH04 - Households with a computer - %_HH,% of households,ITU Households Database,2018,Israel,ISR,,,,80.33459043029666,,Central Bureau of Statistics,2026-07-06
8913,HHA422-%_HH-NOCHILDREN-RURAL,HH04 - Households with a computer - %_HH - NOCHILDREN - RURAL,% of households,ITU Households Database,2018,Israel,ISR,Location,No Children,Rural,83.93954098075362,,CENTRAL BUREAU OF STATISTICS,2026-07-05
8915,HHA422-%_HH-RURAL-,HH04 - Households with a computer - %_HH - RURAL,% of households,ITU Households Database,2018,Israel,ISR,Location,Rural,,88.34246296324211,,CENTRAL BUREAU OF STATISTICS,2026-07-06
8908,HHA422-%_HH-CHILDREN-URBAN,HH04 - Households with a computer - %_HH - CHILDREN - URBAN,% of households,ITU Households Database,2018,Israel,ISR,Location,Children,Urban,85.46588835818014,,CENTRAL BUREAU OF STATISTICS,2026-07-05
8914,HHA422-%_HH-NOCHILDREN-URBAN,HH04 - Households with a computer - %_HH - NOCHILDREN - URBAN,% of households,ITU Households Database,2018,Israel,ISR,Location,No Children,Urban,75.9802983144873,,CENTRAL BUREAU OF STATISTICS,2024-07-08
8912,HHA422-%_HH-NOCHILDREN-,HH04 - Households with a computer - %_HH - NOCHILDREN,% of households,ITU Households Database,2018,Israel,ISR,Family,No Children,,76.42238588945426,,CENTRAL BUREAU OF STATISTICS,2026-07-05
8916,HHA422-%_HH-URBAN-,HH04 - Households with a computer - %_HH - URBAN,% of households,ITU Households Database,2018,Israel,ISR,Location,Urban,,79.81299350628525,,CENTRAL BUREAU OF STATISTICS,2026-07-05
8906,HHA422-%_HH-CHILDREN-,HH04 - Households with a computer - %_HH - CHILDREN,% of households,ITU Households Database,2018,Israel,ISR,Family,Children,,86.02066286076239,,CENTRAL BUREAU OF STATISTICS,2026-07-06
8913,HHA422-%_HH-NOCHILDREN-RURAL,HH04 - Households with a computer - %_HH - NOCHILDREN - RURAL,% of households,ITU Households Database,2018,Japan,JPN,Location,No Children,Rural,70.44131012892583,Estimated by the following method; (The number of households by which the age of householder is more than 20 years old)*(Survey result(%)),Ministry of Internal Affairs and Communications,2026-07-05
8914,HHA422-%_HH-NOCHILDREN-URBAN,HH04 - Households with a computer - %_HH - NOCHILDREN - URBAN,% of households,ITU Households Database,2018,Japan,JPN,Location,No Children,Urban,74.95408029388612,Estimated by the following method; (The number of households by which the age of householder is more than 20 years old)*(Survey result(%)),Ministry of Internal Affairs and Communications,2026-07-05
8916,HHA422-%_HH-URBAN-,HH04 - Households with a computer - %_HH - URBAN,% of households,ITU Households Database,2018,Japan,JPN,Location,Urban,,77.83853149584333,Estimated by the following method; (The number of households by which the age of householder is more than 20 years old)*(Survey result(%)),Ministry of Internal Affairs and Communications,2026-07-05
8908,HHA422-%_HH-CHILDREN-URBAN,HH04 - Households with a computer - %_HH - CHILDREN - URBAN,% of households,ITU Households Database,2018,Japan,JPN,Location,Children,Urban,94.28678117998507,Estimated by the following method; (The number of households by which the age of householder is more than 20 years old)*(Survey result(%)),Ministry of Internal Affairs and Communications,2026-07-05
8912,HHA422-%_HH-NOCHILDREN-,HH04 - Households with a computer - %_HH - NOCHILDREN,% of households,ITU Households Database,2018,Japan,JPN,Family,No Children,,71.97170252052236,Estimated by the following method; (The number of households by which the age of householder is more than 20 years old)*(Survey result(%)),Ministry of Internal Affairs and Communications,2026-07-05
8917,HHA422-%_HH--,HH04 - Households with a computer - %_HH,% of households,ITU Households Database,2018,Japan,JPN,,,,75.05287009063444,Estimated by the following method; (The number of households by which the age of householder is more than 20 years old)*(Survey result(%)),Ministry of Internal Affairs and Communications,2026-07-06
8907,HHA422-%_HH-CHILDREN-RURAL,HH04 - Households with a computer - %_HH - CHILDREN - RURAL,% of households,ITU Households Database,2018,Japan,JPN,Location,Children,Rural,91.38836772983115,Estimated by the following method; (The number of households by which the age of householder is more than 20 years old)*(Survey result(%)),Ministry of Internal Affairs and Communications,2026-07-06
8915,HHA422-%_HH-RURAL-,HH04 - Households with a computer - %_HH - RURAL,% of households,ITU Households Database,2018,Japan,JPN,Location,Rural,,73.62787909923794,Estimated by the following method; (The number of households by which the age of householder is more than 20 years old)*(Survey result(%)),Ministry of Internal Affairs and Communications,2026-07-06
8906,HHA422-%_HH-CHILDREN-,HH04 - Households with a computer - %_HH - CHILDREN,% of households,ITU Households Database,2018,Japan,JPN,Family,Children,,92.35764235764236,Estimated by the following method; (The number of households by which the age of householder is more than 20 years old)*(Survey result(%)),Ministry of Internal Affairs and Communications,2026-07-06
8917,HHA422-%_HH--,HH04 - Households with a computer - %_HH,% of households,ITU Households Database,2018,Jamaica,JAM,,,,38.047952987092835,,Statistical Institute of Jamaica,2026-07-05
8907,HHA422-%_HH-CHILDREN-RURAL,HH04 - Households with a computer - %_HH - CHILDREN - RURAL,% of households,ITU Households Database,2018,Korea (Rep. of),KOR,Location,Children,Rural,91.83484746480684,,Ministriy of Sceience and ICT(MSIT),2026-07-06
8906,HHA422-%_HH-CHILDREN-,HH04 - Households with a computer - %_HH - CHILDREN,% of households,ITU Households Database,2018,Korea (Rep. of),KOR,Family,Children,,94.76320139230133,,Ministriy of Sceience and ICT(MSIT),2026-07-06
8916,HHA422-%_HH-URBAN-,HH04 - Households with a computer - %_HH - URBAN,% of households,ITU Households Database,2018,Korea (Rep. of),KOR,Location,Urban,,77.34191974255586,,Ministriy of Sceience and ICT(MSIT),2026-07-05
8914,HHA422-%_HH-NOCHILDREN-URBAN,HH04 - Households with a computer - %_HH - NOCHILDREN - URBAN,% of households,ITU Households Database,2018,Korea (Rep. of),KOR,Location,No Children,Urban,71.96377868035151,,Ministriy of Sceience and ICT(MSIT),2026-07-05
8908,HHA422-%_HH-CHILDREN-URBAN,HH04 - Households with a computer - %_HH - CHILDREN - URBAN,% of households,ITU Households Database,2018,Korea (Rep. of),KOR,Location,Children,Urban,95.1828959104089,,Ministriy of Sceience and ICT(MSIT),2024-07-08
8915,HHA422-%_HH-RURAL-,HH04 - Households with a computer - %_HH - RURAL,% of households,ITU Households Database,2018,Korea (Rep. of),KOR,Location,Rural,,51.926238548530215,,Ministriy of Sceience and ICT(MSIT),2026-07-06
8917,HHA422-%_HH--,HH04 - Households with a computer - %_HH,% of households,ITU Households Database,2018,Korea (Rep. of),KOR,,,,72.42438122243702,,Ministriy of Sceience and ICT(MSIT),2026-07-06
8912,HHA422-%_HH-NOCHILDREN-,HH04 - Households with a computer - %_HH - NOCHILDREN,% of households,ITU Households Database,2018,Korea (Rep. of),KOR,Family,No Children,,66.35741683287002,,Ministriy of Sceience and ICT(MSIT),2026-07-05
8913,HHA422-%_HH-NOCHILDREN-RURAL,HH04 - Households with a computer - %_HH - NOCHILDREN - RURAL,% of households,ITU Households Database,2018,Korea (Rep. of),KOR,Location,No Children,Rural,45.51739741107695,,Ministriy of Sceience and ICT(MSIT),2026-07-05
8906,HHA422-%_HH-CHILDREN-,HH04 - Households with a computer - %_HH - CHILDREN,% of households,ITU Households Database,2018,Kuwait,KWT,Family,Children,,86.03064604595747,,comminucations and information technology regulatory authority,2026-07-06
8912,HHA422-%_HH-NOCHILDREN-,HH04 - Households with a computer - %_HH - NOCHILDREN,% of households,ITU Households Database,2018,Kuwait,KWT,Family,No Children,,76.11103905929144,,comminucations and information technology regulatory authority,2026-07-06
8917,HHA422-%_HH--,HH04 - Households with a computer - %_HH,% of households,ITU Households Database,2018,Kuwait,KWT,,,,83.70269478506017,,Communication and Information Technology Regulatory Authority,2026-07-06
8917,HHA422-%_HH--,HH04 - Households with a computer - %_HH,% of households,ITU Households Database,2018,Lithuania,LTU,,,,75.45488851767699,households in which at least one of the members is between 16 and 74,Statistics Lithuania,2026-07-06
8906,HHA422-%_HH-CHILDREN-,HH04 - Households with a computer - %_HH - CHILDREN,% of households,ITU Households Database,2018,"Macao, China",MAC,Family,Children,,90.47619047619048,,Statistics and Census Service,2026-07-06
8917,HHA422-%_HH--,HH04 - Households with a computer - %_HH,% of households,ITU Households Database,2018,"Macao, China",MAC,,,,73.559670781893,,Statistics and Census Service,2024-07-08
8912,HHA422-%_HH-NOCHILDREN-,HH04 - Households with a computer - %_HH - NOCHILDREN,% of households,ITU Households Database,2018,"Macao, China",MAC,Family,No Children,,65.84269662921348,,Statistics and Census Service,2026-07-05
8906,HHA422-%_HH-CHILDREN-,HH04 - Households with a computer - %_HH - CHILDREN,% of households,ITU Households Database,2018,Mauritius,MUS,Family,Children,,57.70811501787399,,Statistics Mauritius,2026-07-06
8912,HHA422-%_HH-NOCHILDREN-,HH04 - Households with a computer - %_HH - NOCHILDREN,% of households,ITU Households Database,2018,Mauritius,MUS,Family,No Children,,47.67710324382965,,Statistics Mauritius,2026-07-05
8917,HHA422-%_HH--,HH04 - Households with a computer - %_HH,% of households,ITU Households Database,2018,Mauritius,MUS,,,,51.17193164163646,,Statistics Mauritius,2026-07-06
8907,HHA422-%_HH-CHILDREN-RURAL,HH04 - Households with a computer - %_HH - CHILDREN - RURAL,% of households,ITU Households Database,2018,Mexico,MEX,Location,Children,Rural,22.89111134734473,,Instituto Nacional de Estadística y Geografía (INEGI),2026-07-06
8912,HHA422-%_HH-NOCHILDREN-,HH04 - Households with a computer - %_HH - NOCHILDREN,% of households,ITU Households Database,2018,Mexico,MEX,Family,No Children,,43.10809746473558,,Instituto Nacional de Estadística y Geografía (INEGI),2026-07-06
8906,HHA422-%_HH-CHILDREN-,HH04 - Households with a computer - %_HH - CHILDREN,% of households,ITU Households Database,2018,Mexico,MEX,Family,Children,,46.17054184131534,,Instituto Nacional de Estadística y Geografía (INEGI),2026-07-06
8915,HHA422-%_HH-RURAL-,HH04 - Households with a computer - %_HH - RURAL,% of households,ITU Households Database,2018,Mexico,MEX,Location,Rural,,19.564664709216135,,Instituto Nacional de Estadística y Geografía (INEGI),2026-07-06
8917,HHA422-%_HH--,HH04 - Households with a computer - %_HH,% of households,ITU Households Database,2018,Mexico,MEX,,,,44.65522166460445,,Instituto Nacional de Estadística y Geografía (INEGI),2026-07-06
8913,HHA422-%_HH-NOCHILDREN-RURAL,HH04 - Households with a computer - %_HH - NOCHILDREN - RURAL,% of households,ITU Households Database,2018,Mexico,MEX,Location,No Children,Rural,14.95743139858574,,Instituto Nacional de Estadística y Geografía (INEGI),2026-07-05
8908,HHA422-%_HH-CHILDREN-URBAN,HH04 - Households with a computer - %_HH - CHILDREN - URBAN,% of households,ITU Households Database,2018,Mexico,MEX,Location,Children,Urban,54.44346419782463,,Instituto Nacional de Estadística y Geografía (INEGI),2026-07-05
8916,HHA422-%_HH-URBAN-,HH04 - Households with a computer - %_HH - URBAN,% of households,ITU Households Database,2018,Mexico,MEX,Location,Urban,,52.06944965520306,,Instituto Nacional de Estadística y Geografía (INEGI),2026-07-05
8914,HHA422-%_HH-NOCHILDREN-URBAN,HH04 - Households with a computer - %_HH - NOCHILDREN - URBAN,% of households,ITU Households Database,2018,Mexico,MEX,Location,No Children,Urban,49.85267134325341,,Instituto Nacional de Estadística y Geografía (INEGI),2026-07-05
8915,HHA422-%_HH-RURAL-,HH04 - Households with a computer - %_HH - RURAL,% of households,ITU Households Database,2018,Malaysia,MYS,Location,Rural,,50.90818611594924,,Department of Statistics Malaysia,2026-07-06
8917,HHA422-%_HH--,HH04 - Households with a computer - %_HH,% of households,ITU Households Database,2018,Malaysia,MYS,,,,71.65612794055905,,Department of Statistics,2026-07-05
8916,HHA422-%_HH-URBAN-,HH04 - Households with a computer - %_HH - URBAN,% of households,ITU Households Database,2018,Malaysia,MYS,Location,Urban,,76.99086736081122,,Department of Statistics Malaysia,2026-07-05
8906,HHA422-%_HH-CHILDREN-,HH04 - Households with a computer - %_HH - CHILDREN,% of households,ITU Households Database,2018,Mali,MLI,Family,Children,,4.044094250526867,,INSTAT,2026-07-06
8915,HHA422-%_HH-RURAL-,HH04 - Households with a computer - %_HH - RURAL,% of households,ITU Households Database,2018,Mali,MLI,Location,Rural,,1.1210372421922825,,INSTAT,2026-07-06
8907,HHA422-%_HH-CHILDREN-RURAL,HH04 - Households with a computer - %_HH - CHILDREN - RURAL,% of households,ITU Households Database,2018,Mali,MLI,Location,Children,Rural,1.207454206994803,,INSTAT,2026-07-06
8908,HHA422-%_HH-CHILDREN-URBAN,HH04 - Households with a computer - %_HH - CHILDREN - URBAN,% of households,ITU Households Database,2018,Mali,MLI,Location,Children,Urban,10.909088424628392,,INSTAT,2026-07-05
8917,HHA422-%_HH--,HH04 - Households with a computer - %_HH,% of households,ITU Households Database,2018,Mali,MLI,,,,4.21450954308197,,INSTAT,2024-07-08
8914,HHA422-%_HH-NOCHILDREN-URBAN,HH04 - Households with a computer - %_HH - NOCHILDREN - URBAN,% of households,ITU Households Database,2018,Mali,MLI,Location,No Children,Urban,14.084183954688086,,INSTAT,2026-07-05
8913,HHA422-%_HH-NOCHILDREN-RURAL,HH04 - Households with a computer - %_HH - NOCHILDREN - RURAL,% of households,ITU Households Database,2018,Mali,MLI,Location,No Children,Rural,0,,INSTAT,2026-07-05
8916,HHA422-%_HH-URBAN-,HH04 - Households with a computer - %_HH - URBAN,% of households,ITU Households Database,2018,Mali,MLI,Location,Urban,,11.295874504879384,,INSTAT,2026-07-05
8912,HHA422-%_HH-NOCHILDREN-,HH04 - Households with a computer - %_HH - NOCHILDREN,% of households,ITU Households Database,2018,Mali,MLI,Family,No Children,,6.006343971060247,,INSTAT,2026-07-05
8917,HHA422-%_HH--,HH04 - Households with a computer - %_HH,% of households,ITU Households Database,2018,Mongolia,MNG,,,,29.76793635745716,Population and Household Registration database,National Statistical Office of Mongolia,2026-07-05
8916,HHA422-%_HH-URBAN-,HH04 - Households with a computer - %_HH - URBAN,% of households,ITU Households Database,2018,Morocco,MAR,Location,Urban,,72.2702331310215,,Agence Nationale de Réglementation des Télécommunications (ANRT),2024-07-08
8917,HHA422-%_HH--,HH04 - Households with a computer - %_HH,% of households,ITU Households Database,2018,Morocco,MAR,,,,60.581236924376505,,Agence Nationale de Réglementation des Télécommunications,2026-07-06
8915,HHA422-%_HH-RURAL-,HH04 - Households with a computer - %_HH - RURAL,% of households,ITU Households Database,2018,Morocco,MAR,Location,Rural,,35.85844402614213,,Agence Nationale de Réglementation des Télécommunications (ANRT),2026-07-06
8917,HHA422-%_HH--,HH04 - Households with a computer - %_HH,% of households,ITU Households Database,2018,Montserrat,MSR,,,,51.88804975566414,Personal computer,"Statistics Department, Ministry of Finance and Economic Management (MoFEM), MONTSERRAT.",2026-07-06
8917,HHA422-%_HH--,HH04 - Households with a computer - %_HH,% of households,ITU Households Database,2018,Malawi,MWI,,,,4.157062773263966,,National Statistical Office of Malawi,2026-07-06
8915,HHA422-%_HH-RURAL-,HH04 - Households with a computer - %_HH - RURAL,% of households,ITU Households Database,2018,Malawi,MWI,Location,Rural,,1.7358101871490152,,National Statistical Office of Malawi,2026-07-06
8916,HHA422-%_HH-URBAN-,HH04 - Households with a computer - %_HH - URBAN,% of households,ITU Households Database,2018,Malawi,MWI,Location,Urban,,16.599397970847495,,National Statistical Office of Malawi,2026-07-05
8913,HHA422-%_HH-NOCHILDREN-RURAL,HH04 - Households with a computer - %_HH - NOCHILDREN - RURAL,% of households,ITU Households Database,2018,Niger,NER,Location,No Children,Rural,5.617529486126214,,,2026-07-05
8915,HHA422-%_HH-RURAL-,HH04 - Households with a computer - %_HH - RURAL,% of households,ITU Households Database,2018,Niger,NER,Location,Rural,,7.908154069598296,,,2026-07-06
8906,HHA422-%_HH-CHILDREN-,HH04 - Households with a computer - %_HH - CHILDREN,% of households,ITU Households Database,2018,Niger,NER,Family,Children,,12.121058111096737,,,2026-07-06
8912,HHA422-%_HH-NOCHILDREN-,HH04 - Households with a computer - %_HH - NOCHILDREN,% of households,ITU Households Database,2018,Niger,NER,Family,No Children,,11.609489721965618,,,2026-07-05
8914,HHA422-%_HH-NOCHILDREN-URBAN,HH04 - Households with a computer - %_HH - NOCHILDREN - URBAN,% of households,ITU Households Database,2018,Niger,NER,Location,No Children,Urban,40.45444025431228,,,2026-07-05
8908,HHA422-%_HH-CHILDREN-URBAN,HH04 - Households with a computer - %_HH - CHILDREN - URBAN,% of households,ITU Households Database,2018,Niger,NER,Location,Children,Urban,35.91119802311323,,,2026-07-05
8907,HHA422-%_HH-CHILDREN-RURAL,HH04 - Households with a computer - %_HH - CHILDREN - RURAL,% of households,ITU Households Database,2018,Niger,NER,Location,Children,Rural,8.48341811187927,,,2024-07-08
8917,HHA422-%_HH--,HH04 - Households with a computer - %_HH,% of households,ITU Households Database,2018,Niger,NER,,,,12.014506017714782,,,2026-07-06
8916,HHA422-%_HH-URBAN-,HH04 - Households with a computer - %_HH - URBAN,% of households,ITU Households Database,2018,Niger,NER,Location,Urban,,37.06695619950059,,,2026-07-05
8912,HHA422-%_HH-NOCHILDREN-,HH04 - Households with a computer - %_HH - NOCHILDREN,% of households,ITU Households Database,2018,Poland,POL,Family,No Children,,75.7084132013349,,Statistics Poland,2024-07-08
8916,HHA422-%_HH-URBAN-,HH04 - Households with a computer - %_HH - URBAN,% of households,ITU Households Database,2018,Poland,POL,Location,Urban,,83.58488764160168,,Statistics Poland,2026-07-05
8917,HHA422-%_HH--,HH04 - Households with a computer - %_HH,% of households,ITU Households Database,2018,Poland,POL,,,,82.73454461550841,,Statistics Poland,2026-07-06
8915,HHA422-%_HH-RURAL-,HH04 - Households with a computer - %_HH - RURAL,% of households,ITU Households Database,2018,Poland,POL,Location,Rural,,80.99248750305486,,Statistics Poland,2026-07-06
8906,HHA422-%_HH-CHILDREN-,HH04 - Households with a computer - %_HH - CHILDREN,% of households,ITU Households Database,2018,Poland,POL,Family,Children,,97.39374149385436,,Statistics Poland,2026-07-06
8908,HHA422-%_HH-CHILDREN-URBAN,HH04 - Households with a computer - %_HH - CHILDREN - URBAN,% of households,ITU Households Database,2018,Paraguay,PRY,Location,Children,Urban,32.23694825400484,,"Dirección General de Estadística, Encuestas y Censos (DGEEC)",2026-07-05
8916,HHA422-%_HH-URBAN-,HH04 - Households with a computer - %_HH - URBAN,% of households,ITU Households Database,2018,Paraguay,PRY,Location,Urban,,34.15913761543109,,"Dirección General de Estadística, Encuestas y Censos (DGEEC)",2026-07-05
8917,HHA422-%_HH--,HH04 - Households with a computer - %_HH,% of households,ITU Households Database,2018,Paraguay,PRY,,,,25.444360203196574,,"Direccion General de Estadistica, Encuestas y Censos",2026-07-06
8912,HHA422-%_HH-NOCHILDREN-,HH04 - Households with a computer - %_HH - NOCHILDREN,% of households,ITU Households Database,2018,Paraguay,PRY,Family,No Children,,28.39708061083577,,"Dirección General de Estadística, Encuestas y Censos (DGEEC)",2026-07-05
8914,HHA422-%_HH-NOCHILDREN-URBAN,HH04 - Households with a computer - %_HH - NOCHILDREN - URBAN,% of households,ITU Households Database,2018,Paraguay,PRY,Location,No Children,Urban,36.81318331590014,,"Dirección General de Estadística, Encuestas y Censos (DGEEC)",2026-07-05
8906,HHA422-%_HH-CHILDREN-,HH04 - Households with a computer - %_HH - CHILDREN,% of households,ITU Households Database,2018,Paraguay,PRY,Family,Children,,23.57502206129857,,"Dirección General de Estadística, Encuestas y Censos (DGEEC)",2026-07-06
8907,HHA422-%_HH-CHILDREN-RURAL,HH04 - Households with a computer - %_HH - CHILDREN - RURAL,% of households,ITU Households Database,2018,Paraguay,PRY,Location,Children,Rural,11.004716402600154,,"Dirección General de Estadística, Encuestas y Censos (DGEEC)",2026-07-06
8913,HHA422-%_HH-NOCHILDREN-RURAL,HH04 - Households with a computer - %_HH - NOCHILDREN - RURAL,% of households,ITU Households Database,2018,Paraguay,PRY,Location,No Children,Rural,10.734005414648049,,"Dirección General de Estadística, Encuestas y Censos (DGEEC)",2026-07-05
8915,HHA422-%_HH-RURAL-,HH04 - Households with a computer - %_HH - RURAL,% of households,ITU Households Database,2018,Paraguay,PRY,Location,Rural,,10.914383271595858,,"Dirección General de Estadística, Encuestas y Censos (DGEEC)",2026-07-06
8908,HHA422-%_HH-CHILDREN-URBAN,HH04 - Households with a computer - %_HH - CHILDREN - URBAN,% of households,ITU Households Database,2018,Peru,PER,Location,Children,Urban,40.763389187013324,,Instituto Nacional de Estadística e Informática - INEI,2026-07-05
8915,HHA422-%_HH-RURAL-,HH04 - Households with a computer - %_HH - RURAL,% of households,ITU Households Database,2018,Peru,PER,Location,Rural,,5.751758623309072,,Instituto Nacional de Estadística e Informática - INEI,2026-07-06
8906,HHA422-%_HH-CHILDREN-,HH04 - Households with a computer - %_HH - CHILDREN,% of households,ITU Households Database,2018,Peru,PER,Family,Children,,32.8931587843237,,Instituto Nacional de Estadística e Informática - INEI,2024-07-08
8913,HHA422-%_HH-NOCHILDREN-RURAL,HH04 - Households with a computer - %_HH - NOCHILDREN - RURAL,% of households,ITU Households Database,2018,Peru,PER,Location,No Children,Rural,4.781115917020358,,Instituto Nacional de Estadística e Informática - INEI,2026-07-05
8916,HHA422-%_HH-URBAN-,HH04 - Households with a computer - %_HH - URBAN,% of households,ITU Households Database,2018,Peru,PER,Location,Urban,,40.3241465180823,,Instituto Nacional de Estadística e Informática - INEI,2024-07-08
8912,HHA422-%_HH-NOCHILDREN-,HH04 - Households with a computer - %_HH - NOCHILDREN,% of households,ITU Households Database,2018,Peru,PER,Family,No Children,,31.80104279712986,,Instituto Nacional de Estadística e Informática - INEI,2026-07-05
8917,HHA422-%_HH--,HH04 - Households with a computer - %_HH,% of households,ITU Households Database,2018,Peru,PER,,,,32.35263398981027,The information comes from the home equipment module,Instituto Nacional de Estadistica e Informatica,2026-07-06
8914,HHA422-%_HH-NOCHILDREN-URBAN,HH04 - Households with a computer - %_HH - NOCHILDREN - URBAN,% of households,ITU Households Database,2018,Peru,PER,Location,No Children,Urban,39.87645290393096,,Instituto Nacional de Estadística e Informática - INEI,2026-07-05
8907,HHA422-%_HH-CHILDREN-RURAL,HH04 - Households with a computer - %_HH - CHILDREN - RURAL,% of households,ITU Households Database,2018,Peru,PER,Location,Children,Rural,6.699041645883251,,Instituto Nacional de Estadística e Informática - INEI,2026-07-06
8917,HHA422-%_HH--,HH04 - Households with a computer - %_HH,% of households,ITU Households Database,2018,Puerto Rico,PRI,,,,69.15861177448261,"Source: U.S. Census Bureau, 2017 American Community Survey 1-Year Estimates - Table B28001",Puerto Rico Institute of Statistics,2026-07-06
8916,HHA422-%_HH-URBAN-,HH04 - Households with a computer - %_HH - URBAN,% of households,ITU Households Database,2018,Qatar,QAT,Location,Urban,,87.57884749965949,,Ministry Of Transport and Communications,2026-07-05
8917,HHA422-%_HH--,HH04 - Households with a computer - %_HH,% of households,ITU Households Database,2018,Qatar,QAT,,,,87.57884749965949,,Ministry of Transport and Communications,2026-07-06
8906,HHA422-%_HH-CHILDREN-,HH04 - Households with a computer - %_HH - CHILDREN,% of households,ITU Households Database,2018,Qatar,QAT,Family,Children,,97.86038905878355,,Ministry Of Transport and Communications,2026-07-06
8912,HHA422-%_HH-NOCHILDREN-,HH04 - Households with a computer - %_HH - NOCHILDREN,% of households,ITU Households Database,2018,Qatar,QAT,Family,No Children,,79.42392723291363,,Ministry Of Transport and Communications,2026-07-05
8914,HHA422-%_HH-NOCHILDREN-URBAN,HH04 - Households with a computer - %_HH - NOCHILDREN - URBAN,% of households,ITU Households Database,2018,Qatar,QAT,Location,No Children,Urban,79.42392723291363,,Ministry Of Transport and Communications,2026-07-05
8908,HHA422-%_HH-CHILDREN-URBAN,HH04 - Households with a computer - %_HH - CHILDREN - URBAN,% of households,ITU Households Database,2018,Qatar,QAT,Location,Children,Urban,97.86038905878355,,Ministry Of Transport and Communications,2026-07-05
8915,HHA422-%_HH-RURAL-,HH04 - Households with a computer - %_HH - RURAL,% of households,ITU Households Database,2018,Russian Federation,RUS,Location,Rural,,60.486621399160924,,Federal State Statistics Service (Rosstat) ,2026-07-06
8917,HHA422-%_HH--,HH04 - Households with a computer - %_HH,% of households,ITU Households Database,2018,Russian Federation,RUS,,,,72.36129895631635,,Federal State Statistics Service of the Russian Federation,2026-07-06
8916,HHA422-%_HH-URBAN-,HH04 - Households with a computer - %_HH - URBAN,% of households,ITU Households Database,2018,Russian Federation,RUS,Location,Urban,,76.22553606951648,,Federal State Statistics Service (Rosstat) ,2026-07-05
8917,HHA422-%_HH--,HH04 - Households with a computer - %_HH,% of households,ITU Households Database,2018,Singapore,SGP,,,,88.74017420862546,,Infocomm Media Development Authority ,2026-07-06
8917,HHA422-%_HH--,HH04 - Households with a computer - %_HH,% of households,ITU Households Database,2018,Switzerland,CHE,,,,92.99789486027402,Attention : source différente  :  ##Enquête sur le budget des ménages (EBM),Swiss Federal Statistical Office,2026-07-06
8917,HHA422-%_HH--,HH04 - Households with a computer - %_HH,% of households,ITU Households Database,2018,Suriname,SUR,,,,41.370763731705566,,General Bureau of Statistics,2026-07-05
8906,HHA422-%_HH-CHILDREN-,HH04 - Households with a computer - %_HH - CHILDREN,% of households,ITU Households Database,2018,Czech Republic,CZE,Family,Children,,95.7600028303168,,Czech Statistical Office,2024-07-08
8915,HHA422-%_HH-RURAL-,HH04 - Households with a computer - %_HH - RURAL,% of households,ITU Households Database,2018,Czech Republic,CZE,Location,Rural,,76.52920907104203,,Czech Statistical Office,2026-07-06
8913,HHA422-%_HH-NOCHILDREN-RURAL,HH04 - Households with a computer - %_HH - NOCHILDREN - RURAL,% of households,ITU Households Database,2018,Czech Republic,CZE,Location,No Children,Rural,68.33142998900766,,Czech Statistical Office,2026-07-04
8917,HHA422-%_HH--,HH04 - Households with a computer - %_HH,% of households,ITU Households Database,2018,Czech Republic,CZE,,,,78.36407839340824,,Czech Statistical Office,2026-07-05
8912,HHA422-%_HH-NOCHILDREN-,HH04 - Households with a computer - %_HH - NOCHILDREN,% of households,ITU Households Database,2018,Czech Republic,CZE,Family,No Children,,71.61373914055719,,Czech Statistical Office,2026-07-05
8916,HHA422-%_HH-URBAN-,HH04 - Households with a computer - %_HH - URBAN,% of households,ITU Households Database,2018,Czech Republic,CZE,Location,Urban,,79.43968443434524,,Czech Statistical Office,2026-07-05
8908,HHA422-%_HH-CHILDREN-URBAN,HH04 - Households with a computer - %_HH - CHILDREN - URBAN,% of households,ITU Households Database,2018,Czech Republic,CZE,Location,Children,Urban,94.62628398647124,,Czech Statistical Office,2026-07-05
8914,HHA422-%_HH-NOCHILDREN-URBAN,HH04 - Households with a computer - %_HH - NOCHILDREN - URBAN,% of households,ITU Households Database,2018,Czech Republic,CZE,Location,No Children,Urban,73.53959651841156,,Czech Statistical Office,2026-07-05
8907,HHA422-%_HH-CHILDREN-RURAL,HH04 - Households with a computer - %_HH - CHILDREN - RURAL,% of households,ITU Households Database,2018,Czech Republic,CZE,Location,Children,Rural,97.69846180490129,,Czech Statistical Office,2026-07-06
8915,HHA422-%_HH-RURAL-,HH04 - Households with a computer - %_HH - RURAL,% of households,ITU Households Database,2018,Thailand,THA,Location,Rural,,14.19087744205561,,National Statistical Office of Thailand,2026-07-06
8913,HHA422-%_HH-NOCHILDREN-RURAL,HH04 - Households with a computer - %_HH - NOCHILDREN - RURAL,% of households,ITU Households Database,2018,Thailand,THA,Location,No Children,Rural,12.11297723589227,,National Statistical Office of Thailand,2026-07-05
8908,HHA422-%_HH-CHILDREN-URBAN,HH04 - Households with a computer - %_HH - CHILDREN - URBAN,% of households,ITU Households Database,2018,Thailand,THA,Location,Children,Urban,33.223497843006726,,National Statistical Office of Thailand,2026-07-05
8907,HHA422-%_HH-CHILDREN-RURAL,HH04 - Households with a computer - %_HH - CHILDREN - RURAL,% of households,ITU Households Database,2018,Thailand,THA,Location,Children,Rural,17.620186517685408,,National Statistical Office of Thailand,2026-07-06
8912,HHA422-%_HH-NOCHILDREN-,HH04 - Households with a computer - %_HH - NOCHILDREN,% of households,ITU Households Database,2018,Thailand,THA,Family,No Children,,19.587356195553546,,National Statistical Office of Thailand,2026-07-06
8914,HHA422-%_HH-NOCHILDREN-URBAN,HH04 - Households with a computer - %_HH - NOCHILDREN - URBAN,% of households,ITU Households Database,2018,Thailand,THA,Location,No Children,Urban,26.877917563828625,,National Statistical Office of Thailand,2026-07-05
8917,HHA422-%_HH--,HH04 - Households with a computer - %_HH,% of households,ITU Households Database,2018,Thailand,THA,,,,20.925818361745606,,National Statistical Office,2026-07-05
8906,HHA422-%_HH-CHILDREN-,HH04 - Households with a computer - %_HH - CHILDREN,% of households,ITU Households Database,2018,Thailand,THA,Family,Children,,23.666044654020403,,National Statistical Office of Thailand,2026-07-06
8916,HHA422-%_HH-URBAN-,HH04 - Households with a computer - %_HH - URBAN,% of households,ITU Households Database,2018,Thailand,THA,Location,Urban,,28.604731888810687,,National Statistical Office of Thailand,2026-07-05
8917,HHA422-%_HH--,HH04 - Households with a computer - %_HH,% of households,ITU Households Database,2018,Tunisia,TUN,,,,47.50714794744291,,Institut National de la Statistique,2026-07-05
8917,HHA422-%_HH--,HH04 - Households with a computer - %_HH,% of households,ITU Households Database,2018,Türkiye,TUR,,,,57.24958658808597,,Turkish Statistical Institute,2026-07-05
8917,HHA422-%_HH--,HH04 - Households with a computer - %_HH,% of households,ITU Households Database,2018,United Arab Emirates,ARE,,,,95.40008909103697,,Telecommunications Regulatory Authority ,2026-07-06
8917,HHA422-%_HH--,HH04 - Households with a computer - %_HH,% of households,ITU Households Database,2018,Ukraine,UKR,,,,62.276064265756744,"The number of households which have any computer (personal computer, laptop or tablet)",State Statistics Service of Ukraine,2026-07-06
8912,HHA422-%_HH-NOCHILDREN-,HH04 - Households with a computer - %_HH - NOCHILDREN,% of households,ITU Households Database,2018,Ukraine,UKR,Family,No Children,,48.371843092794656,,State Statistics Service of Ukraine,2026-07-05
8906,HHA422-%_HH-CHILDREN-,HH04 - Households with a computer - %_HH - CHILDREN,% of households,ITU Households Database,2018,Ukraine,UKR,Family,Children,,85.11034104642343,,State Statistics Service of Ukraine,2026-07-06
8916,HHA422-%_HH-URBAN-,HH04 - Households with a computer - %_HH - URBAN,% of households,ITU Households Database,2018,Ukraine,UKR,Location,Urban,,71.66439144822665,,State Statistics Service of Ukraine,2026-07-05
8915,HHA422-%_HH-RURAL-,HH04 - Households with a computer - %_HH - RURAL,% of households,ITU Households Database,2018,Ukraine,UKR,Location,Rural,,42.89439299280042,,State Statistics Service of Ukraine,2026-07-06
8917,HHA422-%_HH--,HH04 - Households with a computer - %_HH,% of households,ITU Households Database,2018,Uruguay,URY,,,,69.07318382292088,,Instituto Nacional de Estadistica,2026-07-06
8912,HHA422-%_HH-NOCHILDREN-,HH04 - Households with a computer - %_HH - NOCHILDREN,% of households,ITU Households Database,2018,Uruguay,URY,Family,No Children,,62.30049606883033,,Instituto Nacional de Estadística,2026-07-05
8906,HHA422-%_HH-CHILDREN-,HH04 - Households with a computer - %_HH - CHILDREN,% of households,ITU Households Database,2018,Uruguay,URY,Family,Children,,81.7230366516275,,Instituto Nacional de Estadística,2024-07-08
8917,HHA422-%_HH--,HH04 - Households with a computer - %_HH,% of households,ITU Households Database,2018,United States,USA,,,,83.04526748971193,Excludes smartphones.,US Census Bureau,2026-07-06
8907,HHA422-%_HH-CHILDREN-RURAL,HH04 - Households with a computer - %_HH - CHILDREN - RURAL,% of households,ITU Households Database,2018,Uzbekistan,UZB,Location,Children,Rural,23.4961344656957,,The State Committee of the Republic of Uzbekistan on Statistics,2024-07-08
8916,HHA422-%_HH-URBAN-,HH04 - Households with a computer - %_HH - URBAN,% of households,ITU Households Database,2018,Uzbekistan,UZB,Location,Urban,,54.21550726023936,,The State Committee of the Republic of Uzbekistan on Statistics,2026-07-05
8906,HHA422-%_HH-CHILDREN-,HH04 - Households with a computer - %_HH - CHILDREN,% of households,ITU Households Database,2018,Uzbekistan,UZB,Family,Children,,38.6061417363462,,The State Committee of the Republic of Uzbekistan on Statistics,2024-07-08
8915,HHA422-%_HH-RURAL-,HH04 - Households with a computer - %_HH - RURAL,% of households,ITU Households Database,2018,Uzbekistan,UZB,Location,Rural,,23.458228006768756,,The State Committee of the Republic of Uzbekistan on Statistics,2026-07-06
8913,HHA422-%_HH-NOCHILDREN-RURAL,HH04 - Households with a computer - %_HH - NOCHILDREN - RURAL,% of households,ITU Households Database,2018,Uzbekistan,UZB,Location,No Children,Rural,23.313882864021444,,The State Committee of the Republic of Uzbekistan on Statistics,2026-07-05
8917,HHA422-%_HH--,HH04 - Households with a computer - %_HH,% of households,ITU Households Database,2018,Uzbekistan,UZB,,,,39.864658944713824,,State Committee of the Republic of Uzbekistan on Statistics ,2026-07-05
8908,HHA422-%_HH-CHILDREN-URBAN,HH04 - Households with a computer - %_HH - CHILDREN - URBAN,% of households,ITU Households Database,2018,Uzbekistan,UZB,Location,Children,Urban,53.523114180994355,,The State Committee of the Republic of Uzbekistan on Statistics,2026-07-05
8914,HHA422-%_HH-NOCHILDREN-URBAN,HH04 - Households with a computer - %_HH - NOCHILDREN - URBAN,% of households,ITU Households Database,2018,Uzbekistan,UZB,Location,No Children,Urban,55.84458104334457,,The State Committee of the Republic of Uzbekistan on Statistics,2026-07-05
8912,HHA422-%_HH-NOCHILDREN-,HH04 - Households with a computer - %_HH - NOCHILDREN,% of households,ITU Households Database,2018,Uzbekistan,UZB,Family,No Children,,43.51954533264913,,The State Committee of the Republic of Uzbekistan on Statistics,2026-07-05
8917,HHA422-%_HH--,HH04 - Households with a computer - %_HH,% of households,ITU Households Database,2018,Viet Nam,VNM,,,,32.20364974697132,,Ministry of Information and Communications,2026-07-05
8917,HHA422-%_HH--,HH04 - Households with a computer - %_HH,% of households,ITU Households Database,2018,Serbia,SRB,,,,72.08783188781814,,Statistical Office of the Republic of Serbia,2026-07-05
8912,HHA422-%_HH-NOCHILDREN-,HH04 - Households with a computer - %_HH - NOCHILDREN,% of households,ITU Households Database,2018,Serbia,SRB,Family,No Children,,65.70474924861522,,Statistical office of the Republic of Serbia,2026-07-05
8907,HHA422-%_HH-CHILDREN-RURAL,HH04 - Households with a computer - %_HH - CHILDREN - RURAL,% of households,ITU Households Database,2018,Serbia,SRB,Location,Children,Rural,84.78959998020929,,Statistical office of the Republic of Serbia,2026-07-06
8913,HHA422-%_HH-NOCHILDREN-RURAL,HH04 - Households with a computer - %_HH - NOCHILDREN - RURAL,% of households,ITU Households Database,2018,Serbia,SRB,Location,No Children,Rural,52.3993946923866,,Statistical office of the Republic of Serbia,2024-07-08
8908,HHA422-%_HH-CHILDREN-URBAN,HH04 - Households with a computer - %_HH - CHILDREN - URBAN,% of households,ITU Households Database,2018,Serbia,SRB,Location,Children,Urban,90.60471050654924,,Statistical office of the Republic of Serbia,2026-07-05
8906,HHA422-%_HH-CHILDREN-,HH04 - Households with a computer - %_HH - CHILDREN,% of households,ITU Households Database,2018,Serbia,SRB,Family,Children,,88.37056421336763,,Statistical office of the Republic of Serbia,2026-07-06
8914,HHA422-%_HH-NOCHILDREN-URBAN,HH04 - Households with a computer - %_HH - NOCHILDREN - URBAN,% of households,ITU Households Database,2018,Serbia,SRB,Location,No Children,Urban,73.41420929671455,,Statistical office of the Republic of Serbia,2026-07-05
8915,HHA422-%_HH-RURAL-,HH04 - Households with a computer - %_HH - RURAL,% of households,ITU Households Database,2018,Serbia,SRB,Location,Rural,,61.82666276256672,,Statistical office of the Republic of Serbia,2026-07-06
8916,HHA422-%_HH-URBAN-,HH04 - Households with a computer - %_HH - URBAN,% of households,ITU Households Database,2018,Serbia,SRB,Location,Urban,,78.15937128550472,,Statistical office of the Republic of Serbia,2026-07-05
8917,HHA422-%_HH--,HH04 - Households with a computer - %_HH,% of households,ITU Households Database,2018,Zambia,ZMB,,,,8.09999490575358,,Central Statistical Office,2024-07-08
8915,HHA422-%_HH-RURAL-,HH04 - Households with a computer - %_HH - RURAL,% of households,ITU Households Database,2018,Moldova,MDA,Location,Rural,,45.335945734287634,,National Bureau of Statistics of the Republic of Moldova,2026-07-06
8906,HHA422-%_HH-CHILDREN-,HH04 - Households with a computer - %_HH - CHILDREN,% of households,ITU Households Database,2018,Moldova,MDA,Family,Children,,79.08567214320912,,National Bureau of Statistics of the Republic of Moldova,2026-07-06
8914,HHA422-%_HH-NOCHILDREN-URBAN,HH04 - Households with a computer - %_HH - NOCHILDREN - URBAN,% of households,ITU Households Database,2018,Moldova,MDA,Location,No Children,Urban,58.59787385822727,,National Bureau of Statistics of the Republic of Moldova,2026-07-05
8917,HHA422-%_HH--,HH04 - Households with a computer - %_HH,% of households,ITU Households Database,2018,Moldova,MDA,,,,54.81422370822503,,National Bureau of Statistics of the Republic of Moldova,2026-07-06
8907,HHA422-%_HH-CHILDREN-RURAL,HH04 - Households with a computer - %_HH - CHILDREN - RURAL,% of households,ITU Households Database,2018,Moldova,MDA,Location,Children,Rural,70.49396558342092,,National Bureau of Statistics of the Republic of Moldova,2026-07-06
8913,HHA422-%_HH-NOCHILDREN-RURAL,HH04 - Households with a computer - %_HH - NOCHILDREN - RURAL,% of households,ITU Households Database,2018,Moldova,MDA,Location,No Children,Rural,36.549323340093196,,National Bureau of Statistics of the Republic of Moldova,2026-07-05
8912,HHA422-%_HH-NOCHILDREN-,HH04 - Households with a computer - %_HH - NOCHILDREN,% of households,ITU Households Database,2018,Moldova,MDA,Family,No Children,,45.51692199203448,,National Bureau of Statistics of the Republic of Moldova,2026-07-05
8916,HHA422-%_HH-URBAN-,HH04 - Households with a computer - %_HH - URBAN,% of households,ITU Households Database,2018,Moldova,MDA,Location,Urban,,67.83798907770502,,National Bureau of Statistics of the Republic of Moldova,2026-07-05
8908,HHA422-%_HH-CHILDREN-URBAN,HH04 - Households with a computer - %_HH - CHILDREN - URBAN,% of households,ITU Households Database,2018,Moldova,MDA,Location,Children,Urban,89.20955387177416,,National Bureau of Statistics of the Republic of Moldova,2026-07-05
8906,HHA422-%_HH-CHILDREN-,HH04 - Households with a computer - %_HH - CHILDREN,% of households,ITU Households Database,2018,Bosnia and Herzegovina,BIH,Family,Children,,79.60247999639711,,Agency for statistics of Bosnia and Herzegovina,2026-07-06
8913,HHA422-%_HH-NOCHILDREN-RURAL,HH04 - Households with a computer - %_HH - NOCHILDREN - RURAL,% of households,ITU Households Database,2018,Bosnia and Herzegovina,BIH,Location,No Children,Rural,42.204980611146844,,Agency for statistics of Bosnia and Herzegovina,2026-07-05
8917,HHA422-%_HH--,HH04 - Households with a computer - %_HH,% of households,ITU Households Database,2018,Bosnia and Herzegovina,BIH,,,,63.758666169878644,,Agency for Statistics of Bosnia and Herzegovina,2026-07-05
8915,HHA422-%_HH-RURAL-,HH04 - Households with a computer - %_HH - RURAL,% of households,ITU Households Database,2018,Bosnia and Herzegovina,BIH,Location,Rural,,60.01600817924273,,Agency for statistics of Bosnia and Herzegovina,2026-07-06
8912,HHA422-%_HH-NOCHILDREN-,HH04 - Households with a computer - %_HH - NOCHILDREN,% of households,ITU Households Database,2018,Bosnia and Herzegovina,BIH,Family,No Children,,47.26576845073438,,Agency for statistics of Bosnia and Herzegovina,2026-07-05
8916,HHA422-%_HH-URBAN-,HH04 - Households with a computer - %_HH - URBAN,% of households,ITU Households Database,2018,Bosnia and Herzegovina,BIH,Location,Urban,,68.54475133804743,,Agency for statistics of Bosnia and Herzegovina,2026-07-05
8907,HHA422-%_HH-CHILDREN-RURAL,HH04 - Households with a computer - %_HH - CHILDREN - RURAL,% of households,ITU Households Database,2018,Bosnia and Herzegovina,BIH,Location,Children,Rural,74.93739436181819,,Agency for statistics of Bosnia and Herzegovina,2026-07-06
8914,HHA422-%_HH-NOCHILDREN-URBAN,HH04 - Households with a computer - %_HH - NOCHILDREN - URBAN,% of households,ITU Households Database,2018,Bosnia and Herzegovina,BIH,Location,No Children,Urban,54.24402193238539,,Agency for statistics of Bosnia and Herzegovina,2026-07-05
8908,HHA422-%_HH-CHILDREN-URBAN,HH04 - Households with a computer - %_HH - CHILDREN - URBAN,% of households,ITU Households Database,2018,Bosnia and Herzegovina,BIH,Location,Children,Urban,79.12386977792578,,Agency for statistics of Bosnia and Herzegovina,2026-07-05
8915,HHA422-%_HH-RURAL-,HH04 - Households with a computer - %_HH - RURAL,% of households,ITU Households Database,2018,Georgia,GEO,Location,Rural,,47.86189200581462,,National Statistics Office of Georgia - GEOSTAT,2026-07-06
8907,HHA422-%_HH-CHILDREN-RURAL,HH04 - Households with a computer - %_HH - CHILDREN - RURAL,% of households,ITU Households Database,2018,Georgia,GEO,Location,Children,Rural,67.6017433992123,,National Statistics Office of Georgia - GEOSTAT,2024-07-08
8912,HHA422-%_HH-NOCHILDREN-,HH04 - Households with a computer - %_HH - NOCHILDREN,% of households,ITU Households Database,2018,Georgia,GEO,Family,No Children,,56.87306894225351,,National Statistics Office of Georgia - GEOSTAT,2026-07-05
8913,HHA422-%_HH-NOCHILDREN-RURAL,HH04 - Households with a computer - %_HH - NOCHILDREN - RURAL,% of households,ITU Households Database,2018,Georgia,GEO,Location,No Children,Rural,37.07937642448789,,National Statistics Office of Georgia - GEOSTAT,2026-07-05
8916,HHA422-%_HH-URBAN-,HH04 - Households with a computer - %_HH - URBAN,% of households,ITU Households Database,2018,Georgia,GEO,Location,Urban,,77.88664899259199,,National Statistics Office of Georgia - GEOSTAT,2026-07-05
8906,HHA422-%_HH-CHILDREN-,HH04 - Households with a computer - %_HH - CHILDREN,% of households,ITU Households Database,2018,Georgia,GEO,Family,Children,,79.36308562249933,,National Statistics Office of Georgia - GEOSTAT,2026-07-06
8908,HHA422-%_HH-CHILDREN-URBAN,HH04 - Households with a computer - %_HH - CHILDREN - URBAN,% of households,ITU Households Database,2018,Georgia,GEO,Location,Children,Urban,88.23340060323697,,National Statistics Office of Georgia - GEOSTAT,2026-07-05
8914,HHA422-%_HH-NOCHILDREN-URBAN,HH04 - Households with a computer - %_HH - NOCHILDREN - URBAN,% of households,ITU Households Database,2018,Georgia,GEO,Location,No Children,Urban,72.11585454064179,,National Statistics Office of Georgia - GEOSTAT,2026-07-05
8917,HHA422-%_HH--,HH04 - Households with a computer - %_HH,% of households,ITU Households Database,2018,Georgia,GEO,,,,64.87893352050762,,National Statistics Office of Georgia,2026-07-06
8907,HHA422-%_HH-CHILDREN-RURAL,HH04 - Households with a computer - %_HH - CHILDREN - RURAL,% of households,ITU Households Database,2018,Kazakhstan,KAZ,Location,Children,Rural,80.94587687536777,,"Ministry of National Economy of the Republic of Kazakhstan
Committee on Statistics",2026-07-06
8917,HHA422-%_HH--,HH04 - Households with a computer - %_HH,% of households,ITU Households Database,2018,Kazakhstan,KAZ,,,,78.49763156248788,,"Committee on Statistics, Ministry of National Economy of the Republic of Kazakhstan",2026-07-06
8915,HHA422-%_HH-RURAL-,HH04 - Households with a computer - %_HH - RURAL,% of households,ITU Households Database,2018,Kazakhstan,KAZ,Location,Rural,,72.43317839594681,,"Ministry of National Economy of the Republic of Kazakhstan
Committee on Statistics",2026-07-06
8913,HHA422-%_HH-NOCHILDREN-RURAL,HH04 - Households with a computer - %_HH - NOCHILDREN - RURAL,% of households,ITU Households Database,2018,Kazakhstan,KAZ,Location,No Children,Rural,66.33295235593822,,"Ministry of National Economy of the Republic of Kazakhstan
Committee on Statistics",2026-07-05
8908,HHA422-%_HH-CHILDREN-URBAN,HH04 - Households with a computer - %_HH - CHILDREN - URBAN,% of households,ITU Households Database,2018,Kazakhstan,KAZ,Location,Children,Urban,91.21962921243745,,"Ministry of National Economy of the Republic of Kazakhstan
Committee on Statistics",2026-07-05
8914,HHA422-%_HH-NOCHILDREN-URBAN,HH04 - Households with a computer - %_HH - NOCHILDREN - URBAN,% of households,ITU Households Database,2018,Kazakhstan,KAZ,Location,No Children,Urban,75.8201227646283,,"Ministry of National Economy of the Republic of Kazakhstan
Committee on Statistics",2024-07-08
8906,HHA422-%_HH-CHILDREN-,HH04 - Households with a computer - %_HH - CHILDREN,% of households,ITU Households Database,2018,Kazakhstan,KAZ,Family,Children,,87.53004667099596,,"Ministry of National Economy of the Republic of Kazakhstan
Committee on Statistics",2026-07-06
8916,HHA422-%_HH-URBAN-,HH04 - Households with a computer - %_HH - URBAN,% of households,ITU Households Database,2018,Kazakhstan,KAZ,Location,Urban,,81.50039936350424,,"Ministry of National Economy of the Republic of Kazakhstan
Committee on Statistics",2026-07-05
8912,HHA422-%_HH-NOCHILDREN-,HH04 - Households with a computer - %_HH - NOCHILDREN,% of households,ITU Households Database,2018,Kazakhstan,KAZ,Family,No Children,,72.84430477716795,,"Ministry of National Economy of the Republic of Kazakhstan
Committee on Statistics",2026-07-05
8917,HHA422-%_HH--,HH04 - Households with a computer - %_HH,% of households,ITU Households Database,2018,"Taiwan, Province of China",TWN,,,,79.83000012479282,,National Communications Commission,2026-07-06
