SeriesID,SeriesCode,Series,Unit,Database,Year,AreaName,AreaCode,DisaggregationGroup,Disaggregation1,Disaggregation2,Value,Notes,Source,LastModifiedOn
8811,HHA4213-%_HH-CHILDREN-RURAL,HH06 - Households with Internet access at home - %_HH - CHILDREN - RURAL,% of households,ITU Households Database,2025,Austria,AUT,Location,Children,Rural,99.89376463164498,"Households with children under 16. | Degree of urbanisation as classified according to the European Commissions: 1) cities, 2) towns and semi-dense areas, 3) rural areas. For the ITU questionnaire 1) and 2) were combined to ""urban"".",Statistik Austria,2026-07-07
8820,HHA4213-%_HH-URBAN-,HH06 - Households with Internet access at home - %_HH - URBAN,% of households,ITU Households Database,2025,Austria,AUT,Location,Urban,,94.24600245728824,"Degree of urbanisation as classified according to the European Commissions: 1) cities, 2) towns and semi-dense areas, 3) rural areas. For the ITU questionnaire 1) and 2) were combined to ""urban"".",Statistik Austria,2026-07-05
8819,HHA4213-%_HH-RURAL-,HH06 - Households with Internet access at home - %_HH - RURAL,% of households,ITU Households Database,2025,Austria,AUT,Location,Rural,,89.01320877641274,"Degree of urbanisation as classified according to the European Commissions: 1) cities, 2) towns and semi-dense areas, 3) rural areas. For the ITU questionnaire 1) and 2) were combined to ""urban"".",Statistik Austria,2026-07-06
8817,HHA4213-%_HH-NOCHILDREN-RURAL,HH06 - Households with Internet access at home - %_HH - NOCHILDREN - RURAL,% of households,ITU Households Database,2025,Austria,AUT,Location,No Children,Rural,85.66805421416409,"Households with no children under 16. | Degree of urbanisation as classified according to the European Commissions: 1) cities, 2) towns and semi-dense areas, 3) rural areas. For the ITU questionnaire 1) and 2) were combined to ""urban"".",Statistik Austria,2026-07-07
8810,HHA4213-%_HH-CHILDREN-,HH06 - Households with Internet access at home - %_HH - CHILDREN,% of households,ITU Households Database,2025,Austria,AUT,Family,Children,,99.96336325407046,Households with children under 16.,Statistik Austria,2026-07-07
8812,HHA4213-%_HH-CHILDREN-URBAN,HH06 - Households with Internet access at home - %_HH - CHILDREN - URBAN,% of households,ITU Households Database,2025,Austria,AUT,Location,Children,Urban,100,"Households with children under 16. | Degree of urbanisation as classified according to the European Commissions: 1) cities, 2) towns and semi-dense areas, 3) rural areas. For the ITU questionnaire 1) and 2) were combined to ""urban"".",Statistik Austria,2026-07-07
8818,HHA4213-%_HH-NOCHILDREN-URBAN,HH06 - Households with Internet access at home - %_HH - NOCHILDREN - URBAN,% of households,ITU Households Database,2025,Austria,AUT,Location,No Children,Urban,92.69292391720259,"Households with no children under 16. | Degree of urbanisation as classified according to the European Commissions: 1) cities, 2) towns and semi-dense areas, 3) rural areas. For the ITU questionnaire 1) and 2) were combined to ""urban"".",Statistik Austria,2026-07-07
8816,HHA4213-%_HH-NOCHILDREN-,HH06 - Households with Internet access at home - %_HH - NOCHILDREN,% of households,ITU Households Database,2025,Austria,AUT,Family,No Children,,90.47051634565393,Households with no children under 16.,Statistik Austria,2026-07-07
12047,xHH6_IDI,Estimated proportion of households with Internet access at home,% of households,ITU World Telecommunication Indicators Database,2025,Austria,AUT,,,,92.55740648,,Statistik Austria,2026-01-15
12047,xHH6_IDI,Estimated proportion of households with Internet access at home,% of households,ITU World Telecommunication Indicators Database,2025,Azerbaijan,AZE,,,,90.19998152,,State Statistical Committee of the Republic of Azerbaijan,2026-01-15
8819,HHA4213-%_HH-RURAL-,HH06 - Households with Internet access at home - %_HH - RURAL,% of households,ITU Households Database,2025,Azerbaijan,AZE,Location,Rural,,87.01441883937416,,State Statistical Committee of the Republic of Azerbaijan,2026-07-06
8820,HHA4213-%_HH-URBAN-,HH06 - Households with Internet access at home - %_HH - URBAN,% of households,ITU Households Database,2025,Azerbaijan,AZE,Location,Urban,,92.69997455650906,,State Statistical Committee of the Republic of Azerbaijan,2026-07-05
8811,HHA4213-%_HH-CHILDREN-RURAL,HH06 - Households with Internet access at home - %_HH - CHILDREN - RURAL,% of households,ITU Households Database,2025,Brazil,BRA,Location,Children,Rural,89.47170444924411,,CETIC.br/NIC.br,2026-07-05
8819,HHA4213-%_HH-RURAL-,HH06 - Households with Internet access at home - %_HH - RURAL,% of households,ITU Households Database,2025,Brazil,BRA,Location,Rural,,80.91637566533237,,CETIC.br/NIC.br,2026-07-05
8817,HHA4213-%_HH-NOCHILDREN-RURAL,HH06 - Households with Internet access at home - %_HH - NOCHILDREN - RURAL,% of households,ITU Households Database,2025,Brazil,BRA,Location,No Children,Rural,75.03663764456348,,CETIC.br/NIC.br,2026-07-05
8816,HHA4213-%_HH-NOCHILDREN-,HH06 - Households with Internet access at home - %_HH - NOCHILDREN,% of households,ITU Households Database,2025,Brazil,BRA,Family,No Children,,81.82509793778264,,CETIC.br/NIC.br,2026-07-07
8812,HHA4213-%_HH-CHILDREN-URBAN,HH06 - Households with Internet access at home - %_HH - CHILDREN - URBAN,% of households,ITU Households Database,2025,Brazil,BRA,Location,Children,Urban,95.31791508229081,,CETIC.br/NIC.br,2026-07-04
8818,HHA4213-%_HH-NOCHILDREN-URBAN,HH06 - Households with Internet access at home - %_HH - NOCHILDREN - URBAN,% of households,ITU Households Database,2025,Brazil,BRA,Location,No Children,Urban,82.6067603769513,,CETIC.br/NIC.br,2026-07-05
8810,HHA4213-%_HH-CHILDREN-,HH06 - Households with Internet access at home - %_HH - CHILDREN,% of households,ITU Households Database,2025,Brazil,BRA,Family,Children,,94.55393688767079,,CETIC.br/NIC.br,2026-07-07
8820,HHA4213-%_HH-URBAN-,HH06 - Households with Internet access at home - %_HH - URBAN,% of households,ITU Households Database,2025,Brazil,BRA,Location,Urban,,86.99055474882027,,CETIC.br/NIC.br,2026-07-05
12047,xHH6_IDI,Estimated proportion of households with Internet access at home,% of households,ITU World Telecommunication Indicators Database,2025,Brazil,BRA,,,,86.30473645,,NIC.br,2026-07-08
12047,xHH6_IDI,Estimated proportion of households with Internet access at home,% of households,ITU World Telecommunication Indicators Database,2025,Belgium,BEL,,,,94.68105189,households with at least one member aged 16 to 74; no collective households,Statbel (Directorate General Statistics - Statistics Belgium),2026-07-08
8816,HHA4213-%_HH-NOCHILDREN-,HH06 - Households with Internet access at home - %_HH - NOCHILDREN,% of households,ITU Households Database,2025,Belgium,BEL,Family,No Children,,93.20757505895953,,Statbel (Directorate General Statistics - Statistics Belgium),2026-07-07
8820,HHA4213-%_HH-URBAN-,HH06 - Households with Internet access at home - %_HH - URBAN,% of households,ITU Households Database,2025,Belgium,BEL,Location,Urban,,94.8124527801468,,Statbel (Directorate General Statistics - Statistics Belgium),2026-07-05
8812,HHA4213-%_HH-CHILDREN-URBAN,HH06 - Households with Internet access at home - %_HH - CHILDREN - URBAN,% of households,ITU Households Database,2025,Belgium,BEL,Location,Children,Urban,99.35921708281569,,Statbel (Directorate General Statistics - Statistics Belgium),2026-07-04
8818,HHA4213-%_HH-NOCHILDREN-URBAN,HH06 - Households with Internet access at home - %_HH - NOCHILDREN - URBAN,% of households,ITU Households Database,2025,Belgium,BEL,Location,No Children,Urban,93.42920059801472,,Statbel (Directorate General Statistics - Statistics Belgium),2026-07-05
8810,HHA4213-%_HH-CHILDREN-,HH06 - Households with Internet access at home - %_HH - CHILDREN,% of households,ITU Households Database,2025,Belgium,BEL,Family,Children,,99.45153842445194,,Statbel (Directorate General Statistics - Statistics Belgium),2026-07-05
8819,HHA4213-%_HH-RURAL-,HH06 - Households with Internet access at home - %_HH - RURAL,% of households,ITU Households Database,2025,Belgium,BEL,Location,Rural,,93.83261088495867,,Statbel (Directorate General Statistics - Statistics Belgium),2026-06-25
8811,HHA4213-%_HH-CHILDREN-RURAL,HH06 - Households with Internet access at home - %_HH - CHILDREN - RURAL,% of households,ITU Households Database,2025,Belgium,BEL,Location,Children,Rural,100,,Statbel (Directorate General Statistics - Statistics Belgium),2026-06-25
8817,HHA4213-%_HH-NOCHILDREN-RURAL,HH06 - Households with Internet access at home - %_HH - NOCHILDREN - RURAL,% of households,ITU Households Database,2025,Belgium,BEL,Location,No Children,Rural,91.73791152588177,,Statbel (Directorate General Statistics - Statistics Belgium),2026-06-25
8811,HHA4213-%_HH-CHILDREN-RURAL,HH06 - Households with Internet access at home - %_HH - CHILDREN - RURAL,% of households,ITU Households Database,2025,Belarus,BLR,Location,Children,Rural,99.45171845170285,,National Statistical Committee of the Republic of Belarus (Belstat),2026-05-16
8819,HHA4213-%_HH-RURAL-,HH06 - Households with Internet access at home - %_HH - RURAL,% of households,ITU Households Database,2025,Belarus,BLR,Location,Rural,,90.66613002654331,,National Statistical Committee of the Republic of Belarus (Belstat),2026-05-16
8812,HHA4213-%_HH-CHILDREN-URBAN,HH06 - Households with Internet access at home - %_HH - CHILDREN - URBAN,% of households,ITU Households Database,2025,Belarus,BLR,Location,Children,Urban,100,,National Statistical Committee of the Republic of Belarus (Belstat),2026-05-16
8810,HHA4213-%_HH-CHILDREN-,HH06 - Households with Internet access at home - %_HH - CHILDREN,% of households,ITU Households Database,2025,Belarus,BLR,Family,Children,,99.88906209049544,,National Statistical Committee of the Republic of Belarus (Belstat),2026-05-16
8818,HHA4213-%_HH-NOCHILDREN-URBAN,HH06 - Households with Internet access at home - %_HH - NOCHILDREN - URBAN,% of households,ITU Households Database,2025,Belarus,BLR,Location,No Children,Urban,94.75042153072145,,National Statistical Committee of the Republic of Belarus (Belstat),2026-05-16
8816,HHA4213-%_HH-NOCHILDREN-,HH06 - Households with Internet access at home - %_HH - NOCHILDREN,% of households,ITU Households Database,2025,Belarus,BLR,Family,No Children,,93.21794787001322,,National Statistical Committee of the Republic of Belarus (Belstat),2026-05-16
8820,HHA4213-%_HH-URBAN-,HH06 - Households with Internet access at home - %_HH - URBAN,% of households,ITU Households Database,2025,Belarus,BLR,Location,Urban,,96.00382856159882,,National Statistical Committee of the Republic of Belarus (Belstat),2026-05-16
8817,HHA4213-%_HH-NOCHILDREN-RURAL,HH06 - Households with Internet access at home - %_HH - NOCHILDREN - RURAL,% of households,ITU Households Database,2025,Belarus,BLR,Location,No Children,Rural,88.52603595133164,,National Statistical Committee of the Republic of Belarus (Belstat),2026-05-16
12047,xHH6_IDI,Estimated proportion of households with Internet access at home,% of households,ITU World Telecommunication Indicators Database,2025,Belarus,BLR,,,,94.74319647,,National Statistical Committee of the Republic of Belarus (Belstat),2026-07-08
12047,xHH6_IDI,Estimated proportion of households with Internet access at home,% of households,ITU World Telecommunication Indicators Database,2025,Bulgaria,BGR,,,,86.50048142,,National Statistical Institute,2026-07-08
8816,HHA4213-%_HH-NOCHILDREN-,HH06 - Households with Internet access at home - %_HH - NOCHILDREN,% of households,ITU Households Database,2025,Bulgaria,BGR,Family,No Children,,85.04755720545775,,National Statistical Institute,2026-06-05
8820,HHA4213-%_HH-URBAN-,HH06 - Households with Internet access at home - %_HH - URBAN,% of households,ITU Households Database,2025,Bulgaria,BGR,Location,Urban,,89.9402855167724,,National Statistical Institute,2026-06-05
8817,HHA4213-%_HH-NOCHILDREN-RURAL,HH06 - Households with Internet access at home - %_HH - NOCHILDREN - RURAL,% of households,ITU Households Database,2025,Bulgaria,BGR,Location,No Children,Rural,73.94901624438154,,National Statistical Institute,2026-06-05
8811,HHA4213-%_HH-CHILDREN-RURAL,HH06 - Households with Internet access at home - %_HH - CHILDREN - RURAL,% of households,ITU Households Database,2025,Bulgaria,BGR,Location,Children,Rural,99.06687655182486,,National Statistical Institute,2026-06-05
8812,HHA4213-%_HH-CHILDREN-URBAN,HH06 - Households with Internet access at home - %_HH - CHILDREN - URBAN,% of households,ITU Households Database,2025,Bulgaria,BGR,Location,Children,Urban,99.76458814839523,,National Statistical Institute,2026-06-05
8818,HHA4213-%_HH-NOCHILDREN-URBAN,HH06 - Households with Internet access at home - %_HH - NOCHILDREN - URBAN,% of households,ITU Households Database,2025,Bulgaria,BGR,Location,No Children,Urban,88.81277914452015,,National Statistical Institute,2026-06-05
8819,HHA4213-%_HH-RURAL-,HH06 - Households with Internet access at home - %_HH - RURAL,% of households,ITU Households Database,2025,Bulgaria,BGR,Location,Rural,,76.21873066059733,,National Statistical Institute,2026-06-05
8810,HHA4213-%_HH-CHILDREN-,HH06 - Households with Internet access at home - %_HH - CHILDREN,% of households,ITU Households Database,2025,Bulgaria,BGR,Family,Children,,99.6058452776949,,National Statistical Institute,2026-06-05
12047,xHH6_IDI,Estimated proportion of households with Internet access at home,% of households,ITU World Telecommunication Indicators Database,2025,China,CHN,,,,90.4,,China Internet Network Information Center,2026-07-08
12047,xHH6_IDI,Estimated proportion of households with Internet access at home,% of households,ITU World Telecommunication Indicators Database,2025,Costa Rica,CRI,,,,87.30193925,,Instituto Nacional de Estadisticas y Censos,2026-07-08
8820,HHA4213-%_HH-URBAN-,HH06 - Households with Internet access at home - %_HH - URBAN,% of households,ITU Households Database,2025,Costa Rica,CRI,Location,Urban,,89.34117395925779,,Instituto Nacional de Estadisticas y Censos ,2026-06-25
8818,HHA4213-%_HH-NOCHILDREN-URBAN,HH06 - Households with Internet access at home - %_HH - NOCHILDREN - URBAN,% of households,ITU Households Database,2025,Costa Rica,CRI,Location,No Children,Urban,88.0271380256109,,Instituto Nacional de Estadisticas y Censos ,2026-06-25
8811,HHA4213-%_HH-CHILDREN-RURAL,HH06 - Households with Internet access at home - %_HH - CHILDREN - RURAL,% of households,ITU Households Database,2025,Costa Rica,CRI,Location,Children,Rural,89.63098455386374,,Instituto Nacional de Estadisticas y Censos ,2026-06-25
8812,HHA4213-%_HH-CHILDREN-URBAN,HH06 - Households with Internet access at home - %_HH - CHILDREN - URBAN,% of households,ITU Households Database,2025,Costa Rica,CRI,Location,Children,Urban,92.68772038996059,,Instituto Nacional de Estadisticas y Censos ,2026-06-25
8819,HHA4213-%_HH-RURAL-,HH06 - Households with Internet access at home - %_HH - RURAL,% of households,ITU Households Database,2025,Costa Rica,CRI,Location,Rural,,81.95580512859826,,Instituto Nacional de Estadisticas y Censos ,2026-06-25
8817,HHA4213-%_HH-NOCHILDREN-RURAL,HH06 - Households with Internet access at home - %_HH - NOCHILDREN - RURAL,% of households,ITU Households Database,2025,Costa Rica,CRI,Location,No Children,Rural,77.84286252531437,,Instituto Nacional de Estadisticas y Censos ,2026-06-25
8816,HHA4213-%_HH-NOCHILDREN-,HH06 - Households with Internet access at home - %_HH - NOCHILDREN,% of households,ITU Households Database,2025,Costa Rica,CRI,Family,No Children,,85.40991220651665,,Instituto Nacional de Estadisticas y Censos ,2026-06-25
8810,HHA4213-%_HH-CHILDREN-,HH06 - Households with Internet access at home - %_HH - CHILDREN,% of households,ITU Households Database,2025,Costa Rica,CRI,Family,Children,,91.70753101815646,,Instituto Nacional de Estadisticas y Censos ,2026-06-25
8818,HHA4213-%_HH-NOCHILDREN-URBAN,HH06 - Households with Internet access at home - %_HH - NOCHILDREN - URBAN,% of households,ITU Households Database,2025,Germany,DEU,Location,No Children,Urban,94.07692855515435,International classification DEGURBA = 1 (cities / densely populated areas); Children are defined as individuals aged < 16 years,Federal Statistical Office,2026-06-30
8816,HHA4213-%_HH-NOCHILDREN-,HH06 - Households with Internet access at home - %_HH - NOCHILDREN,% of households,ITU Households Database,2025,Germany,DEU,Family,No Children,,92.45540475108724,Children are defined as individuals aged < 16 years,Federal Statistical Office,2026-06-30
8810,HHA4213-%_HH-CHILDREN-,HH06 - Households with Internet access at home - %_HH - CHILDREN,% of households,ITU Households Database,2025,Germany,DEU,Family,Children,,97.77745291113256,Children are defined as individuals aged < 16 years,Federal Statistical Office,2026-06-30
8812,HHA4213-%_HH-CHILDREN-URBAN,HH06 - Households with Internet access at home - %_HH - CHILDREN - URBAN,% of households,ITU Households Database,2025,Germany,DEU,Location,Children,Urban,96.93824187382864,International classification DEGURBA = 1 (cities / densely populated areas); Children are defined as individuals aged < 16 years,Federal Statistical Office,2026-06-30
8820,HHA4213-%_HH-URBAN-,HH06 - Households with Internet access at home - %_HH - URBAN,% of households,ITU Households Database,2025,Germany,DEU,Location,Urban,,94.64787377943259,International classification DEGURBA = 1 (cities / densely populated areas),Federal Statistical Office,2026-06-30
12047,xHH6_IDI,Estimated proportion of households with Internet access at home,% of households,ITU World Telecommunication Indicators Database,2025,Germany,DEU,,,,93.62614348,,Federal Statistical Office,2026-07-08
12047,xHH6_IDI,Estimated proportion of households with Internet access at home,% of households,ITU World Telecommunication Indicators Database,2025,Denmark,DNK,,,,97.42205392,,Statistics Denmark,2026-01-15
8811,HHA4213-%_HH-CHILDREN-RURAL,HH06 - Households with Internet access at home - %_HH - CHILDREN - RURAL,% of households,ITU Households Database,2025,Denmark,DNK,Location,Children,Rural,99.89885733457007,,Statistics Denmark,2026-07-07
8817,HHA4213-%_HH-NOCHILDREN-RURAL,HH06 - Households with Internet access at home - %_HH - NOCHILDREN - RURAL,% of households,ITU Households Database,2025,Denmark,DNK,Location,No Children,Rural,96.3685422918599,,Statistics Denmark,2026-07-07
8819,HHA4213-%_HH-RURAL-,HH06 - Households with Internet access at home - %_HH - RURAL,% of households,ITU Households Database,2025,Denmark,DNK,Location,Rural,,97.21668577998642,,Statistics Denmark,2026-07-06
8816,HHA4213-%_HH-NOCHILDREN-,HH06 - Households with Internet access at home - %_HH - NOCHILDREN,% of households,ITU Households Database,2025,Denmark,DNK,Family,No Children,,96.80296182964517,,Statistics Denmark,2026-07-07
8820,HHA4213-%_HH-URBAN-,HH06 - Households with Internet access at home - %_HH - URBAN,% of households,ITU Households Database,2025,Denmark,DNK,Location,Urban,,97.7567737261531,,Statistics Denmark,2026-07-05
8812,HHA4213-%_HH-CHILDREN-URBAN,HH06 - Households with Internet access at home - %_HH - CHILDREN - URBAN,% of households,ITU Households Database,2025,Denmark,DNK,Location,Children,Urban,99.17830141824403,,Statistics Denmark,2026-07-07
8810,HHA4213-%_HH-CHILDREN-,HH06 - Households with Internet access at home - %_HH - CHILDREN,% of households,ITU Households Database,2025,Denmark,DNK,Family,Children,,99.67608796087143,,Statistics Denmark,2026-07-07
8818,HHA4213-%_HH-NOCHILDREN-URBAN,HH06 - Households with Internet access at home - %_HH - NOCHILDREN - URBAN,% of households,ITU Households Database,2025,Denmark,DNK,Location,No Children,Urban,97.45503723478994,,Statistics Denmark,2026-07-07
8812,HHA4213-%_HH-CHILDREN-URBAN,HH06 - Households with Internet access at home - %_HH - CHILDREN - URBAN,% of households,ITU Households Database,2025,Spain,ESP,Location,Children,Urban,99.76316096309684,Households with children under 15 include children 15 years of age,Instituto Nacional de Estadistica,2026-06-05
8816,HHA4213-%_HH-NOCHILDREN-,HH06 - Households with Internet access at home - %_HH - NOCHILDREN,% of households,ITU Households Database,2025,Spain,ESP,Family,No Children,,96.63716856677765,,Instituto Nacional de Estadistica,2026-06-05
8817,HHA4213-%_HH-NOCHILDREN-RURAL,HH06 - Households with Internet access at home - %_HH - NOCHILDREN - RURAL,% of households,ITU Households Database,2025,Spain,ESP,Location,No Children,Rural,95.40122958802414,,Instituto Nacional de Estadistica,2026-06-05
8811,HHA4213-%_HH-CHILDREN-RURAL,HH06 - Households with Internet access at home - %_HH - CHILDREN - RURAL,% of households,ITU Households Database,2025,Spain,ESP,Location,Children,Rural,99.8033865287713,Households with children under 15 include children 15 years of age,Instituto Nacional de Estadistica,2026-06-05
8810,HHA4213-%_HH-CHILDREN-,HH06 - Households with Internet access at home - %_HH - CHILDREN,% of households,ITU Households Database,2025,Spain,ESP,Family,Children,,99.78194214999738,Households with children under 15 include children 15 years of age,Instituto Nacional de Estadistica,2026-06-05
8820,HHA4213-%_HH-URBAN-,HH06 - Households with Internet access at home - %_HH - URBAN,% of households,ITU Households Database,2025,Spain,ESP,Location,Urban,,98.13568981894592,,Instituto Nacional de Estadistica,2026-06-05
8819,HHA4213-%_HH-RURAL-,HH06 - Households with Internet access at home - %_HH - RURAL,% of households,ITU Households Database,2025,Spain,ESP,Location,Rural,,96.56529728613174,,Instituto Nacional de Estadistica,2026-06-05
8818,HHA4213-%_HH-NOCHILDREN-URBAN,HH06 - Households with Internet access at home - %_HH - NOCHILDREN - URBAN,% of households,ITU Households Database,2025,Spain,ESP,Location,No Children,Urban,97.60991844998046,,Instituto Nacional de Estadistica,2026-06-05
12047,xHH6_IDI,Estimated proportion of households with Internet access at home,% of households,ITU World Telecommunication Indicators Database,2025,Spain,ESP,,,,97.43352478,,Instituto Nacional de Estadistica,2026-07-08
12047,xHH6_IDI,Estimated proportion of households with Internet access at home,% of households,ITU World Telecommunication Indicators Database,2025,Ecuador,ECU,,,,71.34251998,,Instituto Nacional de Estadistica y Censos,2026-07-08
8816,HHA4213-%_HH-NOCHILDREN-,HH06 - Households with Internet access at home - %_HH - NOCHILDREN,% of households,ITU Households Database,2025,Ecuador,ECU,Family,No Children,,67.85097224143622,,Instituto Nacional de Estadistica y Censos,2026-06-05
8811,HHA4213-%_HH-CHILDREN-RURAL,HH06 - Households with Internet access at home - %_HH - CHILDREN - RURAL,% of households,ITU Households Database,2025,Ecuador,ECU,Location,Children,Rural,58.48511876490377,,Instituto Nacional de Estadistica y Censos,2026-06-05
8818,HHA4213-%_HH-NOCHILDREN-URBAN,HH06 - Households with Internet access at home - %_HH - NOCHILDREN - URBAN,% of households,ITU Households Database,2025,Ecuador,ECU,Location,No Children,Urban,71.8219631382951,,Instituto Nacional de Estadistica y Censos,2026-06-05
8812,HHA4213-%_HH-CHILDREN-URBAN,HH06 - Households with Internet access at home - %_HH - CHILDREN - URBAN,% of households,ITU Households Database,2025,Ecuador,ECU,Location,Children,Urban,83.28813490041091,,Instituto Nacional de Estadistica y Censos,2026-06-05
8819,HHA4213-%_HH-RURAL-,HH06 - Households with Internet access at home - %_HH - RURAL,% of households,ITU Households Database,2025,Ecuador,ECU,Location,Rural,,58.71969246065193,,Instituto Nacional de Estadistica y Censos,2026-06-05
8820,HHA4213-%_HH-URBAN-,HH06 - Households with Internet access at home - %_HH - URBAN,% of households,ITU Households Database,2025,Ecuador,ECU,Location,Urban,,76.58731535034363,,Instituto Nacional de Estadistica y Censos,2026-06-05
8810,HHA4213-%_HH-CHILDREN-,HH06 - Households with Internet access at home - %_HH - CHILDREN,% of households,ITU Households Database,2025,Ecuador,ECU,Family,Children,,76.47748765762621,,Instituto Nacional de Estadistica y Censos,2026-06-05
8817,HHA4213-%_HH-NOCHILDREN-RURAL,HH06 - Households with Internet access at home - %_HH - NOCHILDREN - RURAL,% of households,ITU Households Database,2025,Ecuador,ECU,Location,No Children,Rural,58.862623792806936,,Instituto Nacional de Estadistica y Censos,2026-06-05
8818,HHA4213-%_HH-NOCHILDREN-URBAN,HH06 - Households with Internet access at home - %_HH - NOCHILDREN - URBAN,% of households,ITU Households Database,2025,France,FRA,Location,No Children,Urban,87.89317660508841,,Institut National de la Statistique et des Etudes Economiques,2026-06-02
8817,HHA4213-%_HH-NOCHILDREN-RURAL,HH06 - Households with Internet access at home - %_HH - NOCHILDREN - RURAL,% of households,ITU Households Database,2025,France,FRA,Location,No Children,Rural,84.29688630475354,,Institut National de la Statistique et des Etudes Economiques,2026-07-05
8811,HHA4213-%_HH-CHILDREN-RURAL,HH06 - Households with Internet access at home - %_HH - CHILDREN - RURAL,% of households,ITU Households Database,2025,France,FRA,Location,Children,Rural,99.68400297082934,,Institut National de la Statistique et des Etudes Economiques,2026-07-05
8820,HHA4213-%_HH-URBAN-,HH06 - Households with Internet access at home - %_HH - URBAN,% of households,ITU Households Database,2025,France,FRA,Location,Urban,,89.9904870755534,,Institut National de la Statistique et des Etudes Economiques,2026-07-05
8819,HHA4213-%_HH-RURAL-,HH06 - Households with Internet access at home - %_HH - RURAL,% of households,ITU Households Database,2025,France,FRA,Location,Rural,,87.90026885911804,,Institut National de la Statistique et des Etudes Economiques,2026-07-07
8816,HHA4213-%_HH-NOCHILDREN-,HH06 - Households with Internet access at home - %_HH - NOCHILDREN,% of households,ITU Households Database,2025,France,FRA,Family,No Children,,87.2171877182182,,Institut National de la Statistique et des Etudes Economiques,2026-07-05
8812,HHA4213-%_HH-CHILDREN-URBAN,HH06 - Households with Internet access at home - %_HH - CHILDREN - URBAN,% of households,ITU Households Database,2025,France,FRA,Location,Children,Urban,97.96096372913689,,Institut National de la Statistique et des Etudes Economiques,2026-07-04
8810,HHA4213-%_HH-CHILDREN-,HH06 - Households with Internet access at home - %_HH - CHILDREN,% of households,ITU Households Database,2025,France,FRA,Family,Children,,98.32620129144861,,Institut National de la Statistique et des Etudes Economiques,2026-07-05
12047,xHH6_IDI,Estimated proportion of households with Internet access at home,% of households,ITU World Telecommunication Indicators Database,2025,France,FRA,,,,89.58688551,,Institut National de la Statistique et des Etudes Economiques,2026-07-08
12047,xHH6_IDI,Estimated proportion of households with Internet access at home,% of households,ITU World Telecommunication Indicators Database,2025,Finland,FIN,,,,94.39453632,,Statistics Finland,2026-07-08
12047,xHH6_IDI,Estimated proportion of households with Internet access at home,% of households,ITU World Telecommunication Indicators Database,2025,Greece,GRC,,,,88.73477669,,Hellenic Statistical Authority,2026-07-08
8819,HHA4213-%_HH-RURAL-,HH06 - Households with Internet access at home - %_HH - RURAL,% of households,ITU Households Database,2025,Greece,GRC,Location,Rural,,80.5360413252278,,Hellenic Statistical Authority,2026-07-05
8817,HHA4213-%_HH-NOCHILDREN-RURAL,HH06 - Households with Internet access at home - %_HH - NOCHILDREN - RURAL,% of households,ITU Households Database,2025,Greece,GRC,Location,No Children,Rural,77.10858157355473,,Hellenic Statistical Authority,2026-07-05
8811,HHA4213-%_HH-CHILDREN-RURAL,HH06 - Households with Internet access at home - %_HH - CHILDREN - RURAL,% of households,ITU Households Database,2025,Greece,GRC,Location,Children,Rural,98.72133684358609,,Hellenic Statistical Authority,2026-07-07
8816,HHA4213-%_HH-NOCHILDREN-,HH06 - Households with Internet access at home - %_HH - NOCHILDREN,% of households,ITU Households Database,2025,Greece,GRC,Family,No Children,,86.29970875269515,,Hellenic Statistical Authority,2026-07-07
8810,HHA4213-%_HH-CHILDREN-,HH06 - Households with Internet access at home - %_HH - CHILDREN,% of households,ITU Households Database,2025,Greece,GRC,Family,Children,,99.32691970382662,,Hellenic Statistical Authority,2026-07-06
8820,HHA4213-%_HH-URBAN-,HH06 - Households with Internet access at home - %_HH - URBAN,% of households,ITU Households Database,2025,Greece,GRC,Location,Urban,,91.65903569785429,,Hellenic Statistical Authority,2026-07-05
8812,HHA4213-%_HH-CHILDREN-URBAN,HH06 - Households with Internet access at home - %_HH - CHILDREN - URBAN,% of households,ITU Households Database,2025,Greece,GRC,Location,Children,Urban,99.50077007754197,,Hellenic Statistical Authority,2026-07-04
8818,HHA4213-%_HH-NOCHILDREN-URBAN,HH06 - Households with Internet access at home - %_HH - NOCHILDREN - URBAN,% of households,ITU Households Database,2025,Greece,GRC,Location,No Children,Urban,89.73487579755954,,Hellenic Statistical Authority,2026-07-05
8818,HHA4213-%_HH-NOCHILDREN-URBAN,HH06 - Households with Internet access at home - %_HH - NOCHILDREN - URBAN,% of households,ITU Households Database,2025,Hungary,HUN,Location,No Children,Urban,93.51463475123732,,Hungarian Central Statistical Office,2026-06-02
8817,HHA4213-%_HH-NOCHILDREN-RURAL,HH06 - Households with Internet access at home - %_HH - NOCHILDREN - RURAL,% of households,ITU Households Database,2025,Hungary,HUN,Location,No Children,Rural,89.15629863221261,,Hungarian Central Statistical Office,2026-06-02
8816,HHA4213-%_HH-NOCHILDREN-,HH06 - Households with Internet access at home - %_HH - NOCHILDREN,% of households,ITU Households Database,2025,Hungary,HUN,Family,No Children,,92.32130146518925,,Hungarian Central Statistical Office,2026-06-02
8812,HHA4213-%_HH-CHILDREN-URBAN,HH06 - Households with Internet access at home - %_HH - CHILDREN - URBAN,% of households,ITU Households Database,2025,Hungary,HUN,Location,Children,Urban,98.78757499810132,,Hungarian Central Statistical Office,2026-06-02
8819,HHA4213-%_HH-RURAL-,HH06 - Households with Internet access at home - %_HH - RURAL,% of households,ITU Households Database,2025,Hungary,HUN,Location,Rural,,91.45002542256904,,Hungarian Central Statistical Office,2026-06-02
8810,HHA4213-%_HH-CHILDREN-,HH06 - Households with Internet access at home - %_HH - CHILDREN,% of households,ITU Households Database,2025,Hungary,HUN,Family,Children,,98.46160476203302,,Hungarian Central Statistical Office,2026-06-02
8820,HHA4213-%_HH-URBAN-,HH06 - Households with Internet access at home - %_HH - URBAN,% of households,ITU Households Database,2025,Hungary,HUN,Location,Urban,,94.85093014921421,,Hungarian Central Statistical Office,2026-06-02
8811,HHA4213-%_HH-CHILDREN-RURAL,HH06 - Households with Internet access at home - %_HH - CHILDREN - RURAL,% of households,ITU Households Database,2025,Hungary,HUN,Location,Children,Rural,97.66626517187066,,Hungarian Central Statistical Office,2026-06-02
12047,xHH6_IDI,Estimated proportion of households with Internet access at home,% of households,ITU World Telecommunication Indicators Database,2025,Hungary,HUN,,,,93.90492285,,Hungarian Central Statistical Office,2026-07-08
12047,xHH6_IDI,Estimated proportion of households with Internet access at home,% of households,ITU World Telecommunication Indicators Database,2025,Croatia,HRV,,,,87.90577495,,Croatian Bureau of Statistics,2026-07-08
8820,HHA4213-%_HH-URBAN-,HH06 - Households with Internet access at home - %_HH - URBAN,% of households,ITU Households Database,2025,Croatia,HRV,Location,Urban,,89.8880938016287,,Croatian Bureau of Statistics,2026-06-24
8819,HHA4213-%_HH-RURAL-,HH06 - Households with Internet access at home - %_HH - RURAL,% of households,ITU Households Database,2025,Croatia,HRV,Location,Rural,,84.45736047914798,,Croatian Bureau of Statistics,2026-06-24
8818,HHA4213-%_HH-NOCHILDREN-URBAN,HH06 - Households with Internet access at home - %_HH - NOCHILDREN - URBAN,% of households,ITU Households Database,2025,Italy,ITA,Location,No Children,Urban,86.05443881211811,,Italian National Institute of Statistics,2026-06-18
8810,HHA4213-%_HH-CHILDREN-,HH06 - Households with Internet access at home - %_HH - CHILDREN,% of households,ITU Households Database,2025,Italy,ITA,Family,Children,,98.63042899586117,,Italian National Institute of Statistics,2026-06-18
8817,HHA4213-%_HH-NOCHILDREN-RURAL,HH06 - Households with Internet access at home - %_HH - NOCHILDREN - RURAL,% of households,ITU Households Database,2025,Italy,ITA,Location,No Children,Rural,79.45958642347796,,Italian National Institute of Statistics,2026-06-18
8811,HHA4213-%_HH-CHILDREN-RURAL,HH06 - Households with Internet access at home - %_HH - CHILDREN - RURAL,% of households,ITU Households Database,2025,Italy,ITA,Location,Children,Rural,98.7200488284318,,Italian National Institute of Statistics,2026-06-18
8812,HHA4213-%_HH-CHILDREN-URBAN,HH06 - Households with Internet access at home - %_HH - CHILDREN - URBAN,% of households,ITU Households Database,2025,Italy,ITA,Location,Children,Urban,98.61543875267678,,Italian National Institute of Statistics,2026-06-18
8820,HHA4213-%_HH-URBAN-,HH06 - Households with Internet access at home - %_HH - URBAN,% of households,ITU Households Database,2025,Italy,ITA,Location,Urban,,88.30883586006166,,Italian National Institute of Statistics,2026-06-18
8819,HHA4213-%_HH-RURAL-,HH06 - Households with Internet access at home - %_HH - RURAL,% of households,ITU Households Database,2025,Italy,ITA,Location,Rural,,82.30709294098627,,Italian National Institute of Statistics,2026-06-18
8816,HHA4213-%_HH-NOCHILDREN-,HH06 - Households with Internet access at home - %_HH - NOCHILDREN,% of households,ITU Households Database,2025,Italy,ITA,Family,No Children,,84.90434676184549,,Italian National Institute of Statistics,2026-06-18
12047,xHH6_IDI,Estimated proportion of households with Internet access at home,% of households,ITU World Telecommunication Indicators Database,2025,Italy,ITA,,,,87.29446374,,Italian National Institute of Statistics,2026-07-08
12047,xHH6_IDI,Estimated proportion of households with Internet access at home,% of households,ITU World Telecommunication Indicators Database,2025,India,IND,,,,86.3,,Ministry of Statistics and Programme Implementation,2025-07-04
8819,HHA4213-%_HH-RURAL-,HH06 - Households with Internet access at home - %_HH - RURAL,% of households,ITU Households Database,2025,India,IND,Location,Rural,,83.30000000000001,Having Internet facility within household premises,Ministry of Statistics and Programme Implementation,2026-07-06
8820,HHA4213-%_HH-URBAN-,HH06 - Households with Internet access at home - %_HH - URBAN,% of households,ITU Households Database,2025,India,IND,Location,Urban,,91.6,Having Internet facility within household premises,Ministry of Statistics and Programme Implementation,2025-07-03
8811,HHA4213-%_HH-CHILDREN-RURAL,HH06 - Households with Internet access at home - %_HH - CHILDREN - RURAL,% of households,ITU Households Database,2025,Indonesia,IDN,Location,Children,Rural,96.51140249592379,,BPS-Statistics Indonesia,2026-05-27
8817,HHA4213-%_HH-NOCHILDREN-RURAL,HH06 - Households with Internet access at home - %_HH - NOCHILDREN - RURAL,% of households,ITU Households Database,2025,Indonesia,IDN,Location,No Children,Rural,75.38983961039253,,BPS-Statistics Indonesia,2026-05-27
8818,HHA4213-%_HH-NOCHILDREN-URBAN,HH06 - Households with Internet access at home - %_HH - NOCHILDREN - URBAN,% of households,ITU Households Database,2025,Indonesia,IDN,Location,No Children,Urban,89.06394147375305,,BPS-Statistics Indonesia,2026-05-27
8819,HHA4213-%_HH-RURAL-,HH06 - Households with Internet access at home - %_HH - RURAL,% of households,ITU Households Database,2025,Indonesia,IDN,Location,Rural,,87.34596658128847,,BPS-Statistics Indonesia,2026-05-27
8820,HHA4213-%_HH-URBAN-,HH06 - Households with Internet access at home - %_HH - URBAN,% of households,ITU Households Database,2025,Indonesia,IDN,Location,Urban,,94.63154545737748,,BPS-Statistics Indonesia,2026-05-27
8816,HHA4213-%_HH-NOCHILDREN-,HH06 - Households with Internet access at home - %_HH - NOCHILDREN,% of households,ITU Households Database,2025,Indonesia,IDN,Family,No Children,,83.70232275731581,,BPS-Statistics Indonesia,2026-05-27
8810,HHA4213-%_HH-CHILDREN-,HH06 - Households with Internet access at home - %_HH - CHILDREN,% of households,ITU Households Database,2025,Indonesia,IDN,Family,Children,,98.20765650224324,,BPS-Statistics Indonesia,2026-05-27
8812,HHA4213-%_HH-CHILDREN-URBAN,HH06 - Households with Internet access at home - %_HH - CHILDREN - URBAN,% of households,ITU Households Database,2025,Indonesia,IDN,Location,Children,Urban,99.44037714391918,,BPS-Statistics Indonesia,2026-05-27
12047,xHH6_IDI,Estimated proportion of households with Internet access at home,% of households,ITU World Telecommunication Indicators Database,2025,Indonesia,IDN,,,,91.65987734,,BPS-Statistics Indonesia,2026-07-08
12047,xHH6_IDI,Estimated proportion of households with Internet access at home,% of households,ITU World Telecommunication Indicators Database,2025,Korea (Rep. of),KOR,,,,99.98066931,,Ministry of Science and ICT,2026-07-08
8812,HHA4213-%_HH-CHILDREN-URBAN,HH06 - Households with Internet access at home - %_HH - CHILDREN - URBAN,% of households,ITU Households Database,2025,Korea (Rep. of),KOR,Location,Children,Urban,100,,Ministry of Science and ICT,2026-05-30
8819,HHA4213-%_HH-RURAL-,HH06 - Households with Internet access at home - %_HH - RURAL,% of households,ITU Households Database,2025,Korea (Rep. of),KOR,Location,Rural,,100,,Ministry of Science and ICT,2026-05-30
8820,HHA4213-%_HH-URBAN-,HH06 - Households with Internet access at home - %_HH - URBAN,% of households,ITU Households Database,2025,Korea (Rep. of),KOR,Location,Urban,,99.97616988701418,,Ministry of Science and ICT,2026-05-30
8818,HHA4213-%_HH-NOCHILDREN-URBAN,HH06 - Households with Internet access at home - %_HH - NOCHILDREN - URBAN,% of households,ITU Households Database,2025,Korea (Rep. of),KOR,Location,No Children,Urban,99.97266996420349,,Ministry of Science and ICT,2026-05-30
8817,HHA4213-%_HH-NOCHILDREN-RURAL,HH06 - Households with Internet access at home - %_HH - NOCHILDREN - RURAL,% of households,ITU Households Database,2025,Korea (Rep. of),KOR,Location,No Children,Rural,100,,Ministry of Science and ICT,2026-05-30
8816,HHA4213-%_HH-NOCHILDREN-,HH06 - Households with Internet access at home - %_HH - NOCHILDREN,% of households,ITU Households Database,2025,Korea (Rep. of),KOR,Family,No Children,,99.97796070748089,,Ministry of Science and ICT,2026-05-30
8811,HHA4213-%_HH-CHILDREN-RURAL,HH06 - Households with Internet access at home - %_HH - CHILDREN - RURAL,% of households,ITU Households Database,2025,Korea (Rep. of),KOR,Location,Children,Rural,100,,Ministry of Science and ICT,2026-05-30
8810,HHA4213-%_HH-CHILDREN-,HH06 - Households with Internet access at home - %_HH - CHILDREN,% of households,ITU Households Database,2025,Korea (Rep. of),KOR,Family,Children,,100,,Ministry of Science and ICT,2026-05-30
12047,xHH6_IDI,Estimated proportion of households with Internet access at home,% of households,ITU World Telecommunication Indicators Database,2025,Kuwait,KWT,,,,100,Based on quota sampling,Communication and Information Technology Regulatory Authority,2026-01-15
8816,HHA4213-%_HH-NOCHILDREN-,HH06 - Households with Internet access at home - %_HH - NOCHILDREN,% of households,ITU Households Database,2025,Libya,LBY,Family,No Children,,90.2236462930496,,General Authority of Telecommunications and Informatics,2026-07-09
8810,HHA4213-%_HH-CHILDREN-,HH06 - Households with Internet access at home - %_HH - CHILDREN,% of households,ITU Households Database,2025,Libya,LBY,Family,Children,,97.54901960784314,,General Authority of Telecommunications and Informatics,2026-07-09
8817,HHA4213-%_HH-NOCHILDREN-RURAL,HH06 - Households with Internet access at home - %_HH - NOCHILDREN - RURAL,% of households,ITU Households Database,2025,Luxembourg,LUX,Location,No Children,Rural,98.66034936877479,,Service Central de la Statistique et des Etudes Economiques (STATEC),2026-04-30
8811,HHA4213-%_HH-CHILDREN-RURAL,HH06 - Households with Internet access at home - %_HH - CHILDREN - RURAL,% of households,ITU Households Database,2025,Luxembourg,LUX,Location,Children,Rural,100,,Service Central de la Statistique et des Etudes Economiques (STATEC),2026-04-30
8812,HHA4213-%_HH-CHILDREN-URBAN,HH06 - Households with Internet access at home - %_HH - CHILDREN - URBAN,% of households,ITU Households Database,2025,Luxembourg,LUX,Location,Children,Urban,100,,Service Central de la Statistique et des Etudes Economiques (STATEC),2026-04-30
8819,HHA4213-%_HH-RURAL-,HH06 - Households with Internet access at home - %_HH - RURAL,% of households,ITU Households Database,2025,Luxembourg,LUX,Location,Rural,,98.97816785265319,,Service Central de la Statistique et des Etudes Economiques (STATEC),2026-04-30
8820,HHA4213-%_HH-URBAN-,HH06 - Households with Internet access at home - %_HH - URBAN,% of households,ITU Households Database,2025,Luxembourg,LUX,Location,Urban,,99.27297482694826,,Service Central de la Statistique et des Etudes Economiques (STATEC),2026-04-30
8810,HHA4213-%_HH-CHILDREN-,HH06 - Households with Internet access at home - %_HH - CHILDREN,% of households,ITU Households Database,2025,Luxembourg,LUX,Family,Children,,100,,Service Central de la Statistique et des Etudes Economiques (STATEC),2026-04-30
8818,HHA4213-%_HH-NOCHILDREN-URBAN,HH06 - Households with Internet access at home - %_HH - NOCHILDREN - URBAN,% of households,ITU Households Database,2025,Luxembourg,LUX,Location,No Children,Urban,99.07125881275144,,Service Central de la Statistique et des Etudes Economiques (STATEC),2026-04-30
8816,HHA4213-%_HH-NOCHILDREN-,HH06 - Households with Internet access at home - %_HH - NOCHILDREN,% of households,ITU Households Database,2025,Luxembourg,LUX,Family,No Children,,98.94553224087089,,Service Central de la Statistique et des Etudes Economiques (STATEC),2026-04-30
12047,xHH6_IDI,Estimated proportion of households with Internet access at home,% of households,ITU World Telecommunication Indicators Database,2025,Luxembourg,LUX,,,,99.18139968,,Service Central de la Statistique et des Etudes Economiques (STATEC),2026-01-15
12047,xHH6_IDI,Estimated proportion of households with Internet access at home,% of households,ITU World Telecommunication Indicators Database,2025,Latvia,LVA,,,,94.07862114,,Central Statistical Bureau of Latvia,2026-07-08
8816,HHA4213-%_HH-NOCHILDREN-,HH06 - Households with Internet access at home - %_HH - NOCHILDREN,% of households,ITU Households Database,2025,Latvia,LVA,Family,No Children,,92.55069101499821,,Central Statistical Bureau of Latvia,2026-04-30
8819,HHA4213-%_HH-RURAL-,HH06 - Households with Internet access at home - %_HH - RURAL,% of households,ITU Households Database,2025,Latvia,LVA,Location,Rural,,92.0682340453091,,Central Statistical Bureau of Latvia,2026-04-30
8820,HHA4213-%_HH-URBAN-,HH06 - Households with Internet access at home - %_HH - URBAN,% of households,ITU Households Database,2025,Latvia,LVA,Location,Urban,,94.78377099162226,,Central Statistical Bureau of Latvia,2026-04-30
8810,HHA4213-%_HH-CHILDREN-,HH06 - Households with Internet access at home - %_HH - CHILDREN,% of households,ITU Households Database,2025,Latvia,LVA,Family,Children,,98.61324051129984,,Central Statistical Bureau of Latvia,2026-04-30
8819,HHA4213-%_HH-RURAL-,HH06 - Households with Internet access at home - %_HH - RURAL,% of households,ITU Households Database,2025,Malaysia,MYS,Location,Rural,,90.718941365146,,Malaysian Communications and Multimedia Commission,2026-05-05
8820,HHA4213-%_HH-URBAN-,HH06 - Households with Internet access at home - %_HH - URBAN,% of households,ITU Households Database,2025,Malaysia,MYS,Location,Urban,,98.97221794405085,,Malaysian Communications and Multimedia Commission,2026-05-05
12047,xHH6_IDI,Estimated proportion of households with Internet access at home,% of households,ITU World Telecommunication Indicators Database,2025,Malaysia,MYS,,,,97.07286976,,Department of Statistics,2026-07-08
12047,xHH6_IDI,Estimated proportion of households with Internet access at home,% of households,ITU World Telecommunication Indicators Database,2025,Niger,NER,,,,64.94206461,,Institut National de la Statistique,2026-07-08
8816,HHA4213-%_HH-NOCHILDREN-,HH06 - Households with Internet access at home - %_HH - NOCHILDREN,% of households,ITU Households Database,2025,Niger,NER,Family,No Children,,69.98570020408447,,Institut National de la Statistique,2026-05-31
8817,HHA4213-%_HH-NOCHILDREN-RURAL,HH06 - Households with Internet access at home - %_HH - NOCHILDREN - RURAL,% of households,ITU Households Database,2025,Niger,NER,Location,No Children,Rural,66.58030322226446,,Institut National de la Statistique,2026-05-31
8820,HHA4213-%_HH-URBAN-,HH06 - Households with Internet access at home - %_HH - URBAN,% of households,ITU Households Database,2025,Niger,NER,Location,Urban,,84.5273798971694,,Institut National de la Statistique,2026-05-31
8810,HHA4213-%_HH-CHILDREN-,HH06 - Households with Internet access at home - %_HH - CHILDREN,% of households,ITU Households Database,2025,Niger,NER,Family,Children,,64.23821957956805,,Institut National de la Statistique,2026-05-31
8818,HHA4213-%_HH-NOCHILDREN-URBAN,HH06 - Households with Internet access at home - %_HH - NOCHILDREN - URBAN,% of households,ITU Households Database,2025,Niger,NER,Location,No Children,Urban,85.69633324241124,,Institut National de la Statistique,2026-05-31
8811,HHA4213-%_HH-CHILDREN-RURAL,HH06 - Households with Internet access at home - %_HH - CHILDREN - RURAL,% of households,ITU Households Database,2025,Niger,NER,Location,Children,Rural,60.560932672322785,,Institut National de la Statistique,2026-05-31
8812,HHA4213-%_HH-CHILDREN-URBAN,HH06 - Households with Internet access at home - %_HH - CHILDREN - URBAN,% of households,ITU Households Database,2025,Niger,NER,Location,Children,Urban,84.33946633634372,,Institut National de la Statistique,2026-05-31
8819,HHA4213-%_HH-RURAL-,HH06 - Households with Internet access at home - %_HH - RURAL,% of households,ITU Households Database,2025,Niger,NER,Location,Rural,,61.280032894446414,,Institut National de la Statistique,2026-05-31
8819,HHA4213-%_HH-RURAL-,HH06 - Households with Internet access at home - %_HH - RURAL,% of households,ITU Households Database,2025,Poland,POL,Location,Rural,,95.54361379740236,,Statistics Poland,2026-06-09
8820,HHA4213-%_HH-URBAN-,HH06 - Households with Internet access at home - %_HH - URBAN,% of households,ITU Households Database,2025,Poland,POL,Location,Urban,,96.53013020975338,,Statistics Poland,2026-06-09
8816,HHA4213-%_HH-NOCHILDREN-,HH06 - Households with Internet access at home - %_HH - NOCHILDREN,% of households,ITU Households Database,2025,Poland,POL,Family,No Children,,94.95481707201044,Households without children under 16 ,Statistics Poland,2026-06-09
8810,HHA4213-%_HH-CHILDREN-,HH06 - Households with Internet access at home - %_HH - CHILDREN,% of households,ITU Households Database,2025,Poland,POL,Family,Children,,100,Households with children under 16 ,Statistics Poland,2026-06-09
12047,xHH6_IDI,Estimated proportion of households with Internet access at home,% of households,ITU World Telecommunication Indicators Database,2025,Poland,POL,,,,96.19501126,,Statistics Poland,2026-07-08
12047,xHH6_IDI,Estimated proportion of households with Internet access at home,% of households,ITU World Telecommunication Indicators Database,2025,Portugal,PRT,,,,91.08397296,,Instituto Nacional de Estatistica,2026-07-08
8810,HHA4213-%_HH-CHILDREN-,HH06 - Households with Internet access at home - %_HH - CHILDREN,% of households,ITU Households Database,2025,Portugal,PRT,Family,Children,,98.90332574607991,,Instituto Nacional de Estatistica,2026-06-09
8812,HHA4213-%_HH-CHILDREN-URBAN,HH06 - Households with Internet access at home - %_HH - CHILDREN - URBAN,% of households,ITU Households Database,2025,Portugal,PRT,Location,Children,Urban,98.79856427493698,,Instituto Nacional de Estatistica,2026-06-09
8818,HHA4213-%_HH-NOCHILDREN-URBAN,HH06 - Households with Internet access at home - %_HH - NOCHILDREN - URBAN,% of households,ITU Households Database,2025,Portugal,PRT,Location,No Children,Urban,93.70364519489765,,Instituto Nacional de Estatistica,2026-06-09
8811,HHA4213-%_HH-CHILDREN-RURAL,HH06 - Households with Internet access at home - %_HH - CHILDREN - RURAL,% of households,ITU Households Database,2025,Portugal,PRT,Location,Children,Rural,99.0103128409749,,Instituto Nacional de Estatistica,2026-06-09
8817,HHA4213-%_HH-NOCHILDREN-RURAL,HH06 - Households with Internet access at home - %_HH - NOCHILDREN - RURAL,% of households,ITU Households Database,2025,Portugal,PRT,Location,No Children,Rural,86.11345041289921,,Instituto Nacional de Estatistica,2026-06-09
8816,HHA4213-%_HH-NOCHILDREN-,HH06 - Households with Internet access at home - %_HH - NOCHILDREN,% of households,ITU Households Database,2025,Portugal,PRT,Family,No Children,,89.57864764221551,,Instituto Nacional de Estatistica,2026-06-09
8819,HHA4213-%_HH-RURAL-,HH06 - Households with Internet access at home - %_HH - RURAL,% of households,ITU Households Database,2025,Portugal,PRT,Location,Rural,,88.03420269715801,,Instituto Nacional de Estatistica,2026-06-09
8820,HHA4213-%_HH-URBAN-,HH06 - Households with Internet access at home - %_HH - URBAN,% of households,ITU Households Database,2025,Portugal,PRT,Location,Urban,,94.59960249751973,,Instituto Nacional de Estatistica,2026-06-09
8818,HHA4213-%_HH-NOCHILDREN-URBAN,HH06 - Households with Internet access at home - %_HH - NOCHILDREN - URBAN,% of households,ITU Households Database,2025,Paraguay,PRY,Location,No Children,Urban,85.35365057275908,,Instituto Nacional de Estadística ,2026-06-05
8819,HHA4213-%_HH-RURAL-,HH06 - Households with Internet access at home - %_HH - RURAL,% of households,ITU Households Database,2025,Paraguay,PRY,Location,Rural,,49.47934458022501,,Instituto Nacional de Estadística ,2026-06-05
8810,HHA4213-%_HH-CHILDREN-,HH06 - Households with Internet access at home - %_HH - CHILDREN,% of households,ITU Households Database,2025,Paraguay,PRY,Family,Children,,73.6633613650852,,Instituto Nacional de Estadística ,2026-06-05
8817,HHA4213-%_HH-NOCHILDREN-RURAL,HH06 - Households with Internet access at home - %_HH - NOCHILDREN - RURAL,% of households,ITU Households Database,2025,Paraguay,PRY,Location,No Children,Rural,51.57857493857494,,Instituto Nacional de Estadística ,2026-06-05
8812,HHA4213-%_HH-CHILDREN-URBAN,HH06 - Households with Internet access at home - %_HH - CHILDREN - URBAN,% of households,ITU Households Database,2025,Paraguay,PRY,Location,Children,Urban,85.7254226619998,,Instituto Nacional de Estadística ,2026-06-05
8816,HHA4213-%_HH-NOCHILDREN-,HH06 - Households with Internet access at home - %_HH - NOCHILDREN,% of households,ITU Households Database,2025,Paraguay,PRY,Family,No Children,,76.36402826359686,,Instituto Nacional de Estadística ,2026-06-05
8811,HHA4213-%_HH-CHILDREN-RURAL,HH06 - Households with Internet access at home - %_HH - CHILDREN - RURAL,% of households,ITU Households Database,2025,Paraguay,PRY,Location,Children,Rural,47.638825220331505,,Instituto Nacional de Estadística ,2026-06-05
8820,HHA4213-%_HH-URBAN-,HH06 - Households with Internet access at home - %_HH - URBAN,% of households,ITU Households Database,2025,Paraguay,PRY,Location,Urban,,85.52898143997469,,Instituto Nacional de Estadística ,2026-06-05
12047,xHH6_IDI,Estimated proportion of households with Internet access at home,% of households,ITU World Telecommunication Indicators Database,2025,Paraguay,PRY,,,,75.04227167,,Instituto Nacional de Estad�stica,2026-07-08
12047,xHH6_IDI,Estimated proportion of households with Internet access at home,% of households,ITU World Telecommunication Indicators Database,2025,Romania,ROU,,,,95.47060311,,National Institute of Statistics,2026-07-08
8811,HHA4213-%_HH-CHILDREN-RURAL,HH06 - Households with Internet access at home - %_HH - CHILDREN - RURAL,% of households,ITU Households Database,2025,Romania,ROU,Location,Children,Rural,99.93440626531552,Number of households which have children under 16,National Institute of Statistics,2026-06-04
8817,HHA4213-%_HH-NOCHILDREN-RURAL,HH06 - Households with Internet access at home - %_HH - NOCHILDREN - RURAL,% of households,ITU Households Database,2025,Romania,ROU,Location,No Children,Rural,92.45179465391521,Number of households which does not have children under 16,National Institute of Statistics,2026-06-04
8818,HHA4213-%_HH-NOCHILDREN-URBAN,HH06 - Households with Internet access at home - %_HH - NOCHILDREN - URBAN,% of households,ITU Households Database,2025,Romania,ROU,Location,No Children,Urban,96.69826561721678,Number of households which does not have children under 16,National Institute of Statistics,2026-06-04
8816,HHA4213-%_HH-NOCHILDREN-,HH06 - Households with Internet access at home - %_HH - NOCHILDREN,% of households,ITU Households Database,2025,Romania,ROU,Family,No Children,,94.83753276436337,Number of households which does not have children under 16,National Institute of Statistics,2026-06-04
8812,HHA4213-%_HH-CHILDREN-URBAN,HH06 - Households with Internet access at home - %_HH - CHILDREN - URBAN,% of households,ITU Households Database,2025,Romania,ROU,Location,Children,Urban,99.72324556242475,Number of households which have children under 16,National Institute of Statistics,2026-06-04
8820,HHA4213-%_HH-URBAN-,HH06 - Households with Internet access at home - %_HH - URBAN,% of households,ITU Households Database,2025,Romania,ROU,Location,Urban,,97.05859046510123,,National Institute of Statistics,2026-06-04
8819,HHA4213-%_HH-RURAL-,HH06 - Households with Internet access at home - %_HH - RURAL,% of households,ITU Households Database,2025,Romania,ROU,Location,Rural,,93.47548039396622,,National Institute of Statistics,2026-06-04
8810,HHA4213-%_HH-CHILDREN-,HH06 - Households with Internet access at home - %_HH - CHILDREN,% of households,ITU Households Database,2025,Romania,ROU,Family,Children,,99.82421276993152,Number of households which have children under 16,National Institute of Statistics,2026-06-04
8819,HHA4213-%_HH-RURAL-,HH06 - Households with Internet access at home - %_HH - RURAL,% of households,ITU Households Database,2025,Russian Federation,RUS,Location,Rural,,88.24903515835267,,Federal State Statistics Service of the Russian Federation,2026-05-19
8820,HHA4213-%_HH-URBAN-,HH06 - Households with Internet access at home - %_HH - URBAN,% of households,ITU Households Database,2025,Russian Federation,RUS,Location,Urban,,92.87836846628747,,Federal State Statistics Service of the Russian Federation,2026-05-19
12047,xHH6_IDI,Estimated proportion of households with Internet access at home,% of households,ITU World Telecommunication Indicators Database,2025,Russian Federation,RUS,,,,91.85751595,,Federal State Statistics Service of the Russian Federation,2026-07-08
12047,xHH6_IDI,Estimated proportion of households with Internet access at home,% of households,ITU World Telecommunication Indicators Database,2025,El Salvador,SLV,,,,46.64796687,,Banco Central de Reserva de El Salvador,2026-07-08
8820,HHA4213-%_HH-URBAN-,HH06 - Households with Internet access at home - %_HH - URBAN,% of households,ITU Households Database,2025,El Salvador,SLV,Location,Urban,,60.16042177159342,,Banco Central de Reserva de El Salvador,2026-06-05
8810,HHA4213-%_HH-CHILDREN-,HH06 - Households with Internet access at home - %_HH - CHILDREN,% of households,ITU Households Database,2025,El Salvador,SLV,Family,Children,,47.93928322843603,,Banco Central de Reserva de El Salvador,2026-06-05
8819,HHA4213-%_HH-RURAL-,HH06 - Households with Internet access at home - %_HH - RURAL,% of households,ITU Households Database,2025,El Salvador,SLV,Location,Rural,,24.035585079363443,,Banco Central de Reserva de El Salvador,2026-06-05
8818,HHA4213-%_HH-NOCHILDREN-URBAN,HH06 - Households with Internet access at home - %_HH - NOCHILDREN - URBAN,% of households,ITU Households Database,2025,El Salvador,SLV,Location,No Children,Urban,57.02795003090624,,Banco Central de Reserva de El Salvador,2026-06-05
8812,HHA4213-%_HH-CHILDREN-URBAN,HH06 - Households with Internet access at home - %_HH - CHILDREN - URBAN,% of households,ITU Households Database,2025,El Salvador,SLV,Location,Children,Urban,65.04295395137694,,Banco Central de Reserva de El Salvador,2026-06-05
8817,HHA4213-%_HH-NOCHILDREN-RURAL,HH06 - Households with Internet access at home - %_HH - NOCHILDREN - RURAL,% of households,ITU Households Database,2025,El Salvador,SLV,Location,No Children,Rural,22.856339813344665,,Banco Central de Reserva de El Salvador,2026-06-05
8811,HHA4213-%_HH-CHILDREN-RURAL,HH06 - Households with Internet access at home - %_HH - CHILDREN - RURAL,% of households,ITU Households Database,2025,El Salvador,SLV,Location,Children,Rural,25.24839321311244,,Banco Central de Reserva de El Salvador,2026-06-05
8816,HHA4213-%_HH-NOCHILDREN-,HH06 - Households with Internet access at home - %_HH - NOCHILDREN,% of households,ITU Households Database,2025,El Salvador,SLV,Family,No Children,,45.67763192975406,,Banco Central de Reserva de El Salvador,2026-06-05
8816,HHA4213-%_HH-NOCHILDREN-,HH06 - Households with Internet access at home - %_HH - NOCHILDREN,% of households,ITU Households Database,2025,Singapore,SGP,Family,No Children,,97.6656410559911,,Infocomm Media Development Authority ,2026-05-23
8810,HHA4213-%_HH-CHILDREN-,HH06 - Households with Internet access at home - %_HH - CHILDREN,% of households,ITU Households Database,2025,Singapore,SGP,Family,Children,,99.5522522533418,,Infocomm Media Development Authority ,2026-05-23
12047,xHH6_IDI,Estimated proportion of households with Internet access at home,% of households,ITU World Telecommunication Indicators Database,2025,Singapore,SGP,,,,98.15842626,,Infocomm Media Development Authority,2026-07-08
12047,xHH6_IDI,Estimated proportion of households with Internet access at home,% of households,ITU World Telecommunication Indicators Database,2025,Switzerland,CHE,,,,97.57559624,,Swiss Federal Statistical Office,2026-01-15
8818,HHA4213-%_HH-NOCHILDREN-URBAN,HH06 - Households with Internet access at home - %_HH - NOCHILDREN - URBAN,% of households,ITU Households Database,2025,Switzerland,CHE,Location,No Children,Urban,97.09912903569395,D: households with/without children under 16,Swiss Federal Statistical Office,2026-07-07
8812,HHA4213-%_HH-CHILDREN-URBAN,HH06 - Households with Internet access at home - %_HH - CHILDREN - URBAN,% of households,ITU Households Database,2025,Switzerland,CHE,Location,Children,Urban,100,D: households with/without children under 16,Swiss Federal Statistical Office,2026-07-07
8811,HHA4213-%_HH-CHILDREN-RURAL,HH06 - Households with Internet access at home - %_HH - CHILDREN - RURAL,% of households,ITU Households Database,2025,Switzerland,CHE,Location,Children,Rural,100,D: households with/without children under 16,Swiss Federal Statistical Office,2026-07-07
8819,HHA4213-%_HH-RURAL-,HH06 - Households with Internet access at home - %_HH - RURAL,% of households,ITU Households Database,2025,Switzerland,CHE,Location,Rural,,97.31828942455469,,Swiss Federal Statistical Office,2026-07-06
8820,HHA4213-%_HH-URBAN-,HH06 - Households with Internet access at home - %_HH - URBAN,% of households,ITU Households Database,2025,Switzerland,CHE,Location,Urban,,97.66583584794185,,Swiss Federal Statistical Office,2026-07-05
8816,HHA4213-%_HH-NOCHILDREN-,HH06 - Households with Internet access at home - %_HH - NOCHILDREN,% of households,ITU Households Database,2025,Switzerland,CHE,Family,No Children,,96.98000635219917,D: households with/without children under 16,Swiss Federal Statistical Office,2026-07-07
8817,HHA4213-%_HH-NOCHILDREN-RURAL,HH06 - Households with Internet access at home - %_HH - NOCHILDREN - RURAL,% of households,ITU Households Database,2025,Switzerland,CHE,Location,No Children,Rural,96.6372950556613,D: households with/without children under 16,Swiss Federal Statistical Office,2026-07-07
8810,HHA4213-%_HH-CHILDREN-,HH06 - Households with Internet access at home - %_HH - CHILDREN,% of households,ITU Households Database,2025,Switzerland,CHE,Family,Children,,100,D: households with/without children under 16,Swiss Federal Statistical Office,2026-07-07
8816,HHA4213-%_HH-NOCHILDREN-,HH06 - Households with Internet access at home - %_HH - NOCHILDREN,% of households,ITU Households Database,2025,Slovenia,SVN,Family,No Children,,91.5130340223728,"Households, with at least one member aged 16 to 74 years.",Statistical Office of the Republic of Slovenia,2026-06-09
12047,xHH6_IDI,Estimated proportion of households with Internet access at home,% of households,ITU World Telecommunication Indicators Database,2025,Slovenia,SVN,,,,93.5264483,"Households, with�at least one member�aged 16 to 74 years.",Statistical Office of the Republic of Slovenia,2026-07-08
12047,xHH6_IDI,Estimated proportion of households with Internet access at home,% of households,ITU World Telecommunication Indicators Database,2025,Czech Republic,CZE,,,,90.04690495,,Czech Statistical Office,2026-07-08
8811,HHA4213-%_HH-CHILDREN-RURAL,HH06 - Households with Internet access at home - %_HH - CHILDREN - RURAL,% of households,ITU Households Database,2025,Czech Republic,CZE,Location,Children,Rural,99.1305155242977,,Czech Statistical Office,2026-06-02
8817,HHA4213-%_HH-NOCHILDREN-RURAL,HH06 - Households with Internet access at home - %_HH - NOCHILDREN - RURAL,% of households,ITU Households Database,2025,Czech Republic,CZE,Location,No Children,Rural,86.53745086594607,,Czech Statistical Office,2026-06-02
8818,HHA4213-%_HH-NOCHILDREN-URBAN,HH06 - Households with Internet access at home - %_HH - NOCHILDREN - URBAN,% of households,ITU Households Database,2025,Czech Republic,CZE,Location,No Children,Urban,87.0742027242026,,Czech Statistical Office,2026-06-02
8816,HHA4213-%_HH-NOCHILDREN-,HH06 - Households with Internet access at home - %_HH - NOCHILDREN,% of households,ITU Households Database,2025,Czech Republic,CZE,Family,No Children,,86.87957492106894,,Czech Statistical Office,2026-06-02
8810,HHA4213-%_HH-CHILDREN-,HH06 - Households with Internet access at home - %_HH - CHILDREN,% of households,ITU Households Database,2025,Czech Republic,CZE,Family,Children,,99.35602029835032,,Czech Statistical Office,2026-06-02
8819,HHA4213-%_HH-RURAL-,HH06 - Households with Internet access at home - %_HH - RURAL,% of households,ITU Households Database,2025,Czech Republic,CZE,Location,Rural,,89.72630736193287,,Czech Statistical Office,2026-06-02
8820,HHA4213-%_HH-URBAN-,HH06 - Households with Internet access at home - %_HH - URBAN,% of households,ITU Households Database,2025,Czech Republic,CZE,Location,Urban,,90.22900183061753,,Czech Statistical Office,2026-06-02
8812,HHA4213-%_HH-CHILDREN-URBAN,HH06 - Households with Internet access at home - %_HH - CHILDREN - URBAN,% of households,ITU Households Database,2025,Czech Republic,CZE,Location,Children,Urban,99.48346063862313,,Czech Statistical Office,2026-06-02
8820,HHA4213-%_HH-URBAN-,HH06 - Households with Internet access at home - %_HH - URBAN,% of households,ITU Households Database,2025,Thailand,THA,Location,Urban,,95.54829705075639,,National Statistical Office,2026-05-19
8817,HHA4213-%_HH-NOCHILDREN-RURAL,HH06 - Households with Internet access at home - %_HH - NOCHILDREN - RURAL,% of households,ITU Households Database,2025,Thailand,THA,Location,No Children,Rural,88.7202645268528,,National Statistical Office,2026-05-19
8811,HHA4213-%_HH-CHILDREN-RURAL,HH06 - Households with Internet access at home - %_HH - CHILDREN - RURAL,% of households,ITU Households Database,2025,Thailand,THA,Location,Children,Rural,99.12349283697763,,National Statistical Office,2026-05-19
8816,HHA4213-%_HH-NOCHILDREN-,HH06 - Households with Internet access at home - %_HH - NOCHILDREN,% of households,ITU Households Database,2025,Thailand,THA,Family,No Children,,91.73944866885537,,National Statistical Office,2026-05-19
8810,HHA4213-%_HH-CHILDREN-,HH06 - Households with Internet access at home - %_HH - CHILDREN,% of households,ITU Households Database,2025,Thailand,THA,Family,Children,,99.22370233444565,,National Statistical Office,2026-05-19
8812,HHA4213-%_HH-CHILDREN-URBAN,HH06 - Households with Internet access at home - %_HH - CHILDREN - URBAN,% of households,ITU Households Database,2025,Thailand,THA,Location,Children,Urban,99.3938660405219,,National Statistical Office,2026-05-19
8819,HHA4213-%_HH-RURAL-,HH06 - Households with Internet access at home - %_HH - RURAL,% of households,ITU Households Database,2025,Thailand,THA,Location,Rural,,91.51844295515512,,National Statistical Office,2026-05-19
8818,HHA4213-%_HH-NOCHILDREN-URBAN,HH06 - Households with Internet access at home - %_HH - NOCHILDREN - URBAN,% of households,ITU Households Database,2025,Thailand,THA,Location,No Children,Urban,94.72629206413598,,National Statistical Office,2026-05-19
12047,xHH6_IDI,Estimated proportion of households with Internet access at home,% of households,ITU World Telecommunication Indicators Database,2025,Thailand,THA,,,,93.42388728,,National Statistical Office,2026-07-08
12047,xHH6_IDI,Estimated proportion of households with Internet access at home,% of households,ITU World Telecommunication Indicators Database,2025,Tunisia,TUN,,,,73.4,,Institut National de la Statistique,2026-07-09
12047,xHH6_IDI,Estimated proportion of households with Internet access at home,% of households,ITU World Telecommunication Indicators Database,2025,Türkiye,TUR,,,,96.18275197,,Turkish Statistical Institute,2026-01-15
8816,HHA4213-%_HH-NOCHILDREN-,HH06 - Households with Internet access at home - %_HH - NOCHILDREN,% of households,ITU Households Database,2025,Türkiye,TUR,Family,No Children,,93.84596816324537,,Turkish Statistical Institute,2026-07-07
8810,HHA4213-%_HH-CHILDREN-,HH06 - Households with Internet access at home - %_HH - CHILDREN,% of households,ITU Households Database,2025,Türkiye,TUR,Family,Children,,99.82672159021733,,Turkish Statistical Institute,2026-07-07
12047,xHH6_IDI,Estimated proportion of households with Internet access at home,% of households,ITU World Telecommunication Indicators Database,2025,United Arab Emirates,ARE,,,,100,,Telecommunications Regulatory Authority,2026-07-08
12047,xHH6_IDI,Estimated proportion of households with Internet access at home,% of households,ITU World Telecommunication Indicators Database,2025,Viet Nam,VNM,,,,93.25,,General Statistics Office of Vietnam,2026-07-08
8819,HHA4213-%_HH-RURAL-,HH06 - Households with Internet access at home - %_HH - RURAL,% of households,ITU Households Database,2025,Viet Nam,VNM,Location,Rural,,91.02,,General Statistics Office of Vietnam,2026-06-16
8820,HHA4213-%_HH-URBAN-,HH06 - Households with Internet access at home - %_HH - URBAN,% of households,ITU Households Database,2025,Viet Nam,VNM,Location,Urban,,96.6,,General Statistics Office of Vietnam,2026-06-16
8820,HHA4213-%_HH-URBAN-,HH06 - Households with Internet access at home - %_HH - URBAN,% of households,ITU Households Database,2025,Serbia,SRB,Location,Urban,,93.01622393025588,,Statistical Office of the Republic of Serbia,2026-06-04
8811,HHA4213-%_HH-CHILDREN-RURAL,HH06 - Households with Internet access at home - %_HH - CHILDREN - RURAL,% of households,ITU Households Database,2025,Serbia,SRB,Location,Children,Rural,97.9163118876502,,Statistical Office of the Republic of Serbia,2026-06-04
8816,HHA4213-%_HH-NOCHILDREN-,HH06 - Households with Internet access at home - %_HH - NOCHILDREN,% of households,ITU Households Database,2025,Serbia,SRB,Family,No Children,,88.21389637262665,,Statistical Office of the Republic of Serbia,2026-06-04
8819,HHA4213-%_HH-RURAL-,HH06 - Households with Internet access at home - %_HH - RURAL,% of households,ITU Households Database,2025,Serbia,SRB,Location,Rural,,84.3171647881741,,Statistical Office of the Republic of Serbia,2026-06-04
8810,HHA4213-%_HH-CHILDREN-,HH06 - Households with Internet access at home - %_HH - CHILDREN,% of households,ITU Households Database,2025,Serbia,SRB,Family,Children,,98.04224203913692,,Statistical Office of the Republic of Serbia,2026-06-04
8817,HHA4213-%_HH-NOCHILDREN-RURAL,HH06 - Households with Internet access at home - %_HH - NOCHILDREN - RURAL,% of households,ITU Households Database,2025,Serbia,SRB,Location,No Children,Rural,80.88089243122756,,Statistical Office of the Republic of Serbia,2026-06-04
8818,HHA4213-%_HH-NOCHILDREN-URBAN,HH06 - Households with Internet access at home - %_HH - NOCHILDREN - URBAN,% of households,ITU Households Database,2025,Serbia,SRB,Location,No Children,Urban,91.85658685802795,,Statistical Office of the Republic of Serbia,2026-06-04
8812,HHA4213-%_HH-CHILDREN-URBAN,HH06 - Households with Internet access at home - %_HH - CHILDREN - URBAN,% of households,ITU Households Database,2025,Serbia,SRB,Location,Children,Urban,98.11169783251222,,Statistical Office of the Republic of Serbia,2026-06-04
12047,xHH6_IDI,Estimated proportion of households with Internet access at home,% of households,ITU World Telecommunication Indicators Database,2025,Serbia,SRB,,,,90.08994331,,Statistical Office of the Republic of Serbia,2026-07-08
12047,xHH6_IDI,Estimated proportion of households with Internet access at home,% of households,ITU World Telecommunication Indicators Database,2025,Zambia,ZMB,,,,33.5,,Zambia Information and Communications Technology Authority,2026-07-21
12047,xHH6_IDI,Estimated proportion of households with Internet access at home,% of households,ITU World Telecommunication Indicators Database,2025,Moldova,MDA,,,,79.65180684,,National Bureau of Statistics of the Republic of Moldova,2026-07-08
8819,HHA4213-%_HH-RURAL-,HH06 - Households with Internet access at home - %_HH - RURAL,% of households,ITU Households Database,2025,Moldova,MDA,Location,Rural,,71.69690650490325,,,2026-05-13
8816,HHA4213-%_HH-NOCHILDREN-,HH06 - Households with Internet access at home - %_HH - NOCHILDREN,% of households,ITU Households Database,2025,Moldova,MDA,Family,No Children,,74.92340230717043,,,2026-05-13
8810,HHA4213-%_HH-CHILDREN-,HH06 - Households with Internet access at home - %_HH - CHILDREN,% of households,ITU Households Database,2025,Moldova,MDA,Family,Children,,93.51885370872778,,,2026-05-13
8820,HHA4213-%_HH-URBAN-,HH06 - Households with Internet access at home - %_HH - URBAN,% of households,ITU Households Database,2025,Moldova,MDA,Location,Urban,,89.09900288385674,,,2026-05-13
8818,HHA4213-%_HH-NOCHILDREN-URBAN,HH06 - Households with Internet access at home - %_HH - NOCHILDREN - URBAN,% of households,ITU Households Database,2025,Moldova,MDA,Location,No Children,Urban,85.44436897134517,,,2026-05-13
8817,HHA4213-%_HH-NOCHILDREN-RURAL,HH06 - Households with Internet access at home - %_HH - NOCHILDREN - RURAL,% of households,ITU Households Database,2025,Moldova,MDA,Location,No Children,Rural,66.97509360622749,,,2026-05-13
8811,HHA4213-%_HH-CHILDREN-RURAL,HH06 - Households with Internet access at home - %_HH - CHILDREN - RURAL,% of households,ITU Households Database,2025,Moldova,MDA,Location,Children,Rural,88.68410019181604,,,2026-05-13
8812,HHA4213-%_HH-CHILDREN-URBAN,HH06 - Households with Internet access at home - %_HH - CHILDREN - URBAN,% of households,ITU Households Database,2025,Moldova,MDA,Location,Children,Urban,97.71035980680193,,,2026-05-13
8810,HHA4213-%_HH-CHILDREN-,HH06 - Households with Internet access at home - %_HH - CHILDREN,% of households,ITU Households Database,2025,Bosnia and Herzegovina,BIH,Family,Children,,98.61720496555735,,Agency for Statistics of Bosnia and Herzegovina,2026-06-24
8819,HHA4213-%_HH-RURAL-,HH06 - Households with Internet access at home - %_HH - RURAL,% of households,ITU Households Database,2025,Bosnia and Herzegovina,BIH,Location,Rural,,87.23931773112584,,Agency for Statistics of Bosnia and Herzegovina,2026-06-24
8816,HHA4213-%_HH-NOCHILDREN-,HH06 - Households with Internet access at home - %_HH - NOCHILDREN,% of households,ITU Households Database,2025,Bosnia and Herzegovina,BIH,Family,No Children,,83.21682355717545,,Agency for Statistics of Bosnia and Herzegovina,2026-06-24
8817,HHA4213-%_HH-NOCHILDREN-RURAL,HH06 - Households with Internet access at home - %_HH - NOCHILDREN - RURAL,% of households,ITU Households Database,2025,Bosnia and Herzegovina,BIH,Location,No Children,Rural,82.24425938101152,,Agency for Statistics of Bosnia and Herzegovina,2026-06-24
8820,HHA4213-%_HH-URBAN-,HH06 - Households with Internet access at home - %_HH - URBAN,% of households,ITU Households Database,2025,Bosnia and Herzegovina,BIH,Location,Urban,,89.47389665221638,,Agency for Statistics of Bosnia and Herzegovina,2026-06-24
8811,HHA4213-%_HH-CHILDREN-RURAL,HH06 - Households with Internet access at home - %_HH - CHILDREN - RURAL,% of households,ITU Households Database,2025,Bosnia and Herzegovina,BIH,Location,Children,Rural,98.39382291914691,,Agency for Statistics of Bosnia and Herzegovina,2026-06-24
8818,HHA4213-%_HH-NOCHILDREN-URBAN,HH06 - Households with Internet access at home - %_HH - NOCHILDREN - URBAN,% of households,ITU Households Database,2025,Bosnia and Herzegovina,BIH,Location,No Children,Urban,84.52892792759498,,Agency for Statistics of Bosnia and Herzegovina,2026-06-24
8812,HHA4213-%_HH-CHILDREN-URBAN,HH06 - Households with Internet access at home - %_HH - CHILDREN - URBAN,% of households,ITU Households Database,2025,Bosnia and Herzegovina,BIH,Location,Children,Urban,98.8735362997658,,Agency for Statistics of Bosnia and Herzegovina,2026-06-24
12047,xHH6_IDI,Estimated proportion of households with Internet access at home,% of households,ITU World Telecommunication Indicators Database,2025,Bosnia and Herzegovina,BIH,,,,88.2195597,,Agency for Statistics of Bosnia and Herzegovina,2026-07-08
12047,xHH6_IDI,Estimated proportion of households with Internet access at home,% of households,ITU World Telecommunication Indicators Database,2025,Slovakia,SVK,,,,92.49163894,,Statistical Office of the Slovak Republic,2026-07-08
8818,HHA4213-%_HH-NOCHILDREN-URBAN,HH06 - Households with Internet access at home - %_HH - NOCHILDREN - URBAN,% of households,ITU Households Database,2025,Slovakia,SVK,Location,No Children,Urban,91.7406085452443,,Statistical Office of the Slovak Republic,2026-06-05
8810,HHA4213-%_HH-CHILDREN-,HH06 - Households with Internet access at home - %_HH - CHILDREN,% of households,ITU Households Database,2025,Slovakia,SVK,Family,Children,,98.6595980239405,,Statistical Office of the Slovak Republic,2026-06-05
8812,HHA4213-%_HH-CHILDREN-URBAN,HH06 - Households with Internet access at home - %_HH - CHILDREN - URBAN,% of households,ITU Households Database,2025,Slovakia,SVK,Location,Children,Urban,99.09410164691856,,Statistical Office of the Slovak Republic,2026-06-05
8820,HHA4213-%_HH-URBAN-,HH06 - Households with Internet access at home - %_HH - URBAN,% of households,ITU Households Database,2025,Slovakia,SVK,Location,Urban,,93.24160905377963,,Statistical Office of the Slovak Republic,2026-06-05
8816,HHA4213-%_HH-NOCHILDREN-,HH06 - Households with Internet access at home - %_HH - NOCHILDREN,% of households,ITU Households Database,2025,Slovakia,SVK,Family,No Children,,90.79458373928777,,Statistical Office of the Slovak Republic,2026-06-05
8819,HHA4213-%_HH-RURAL-,HH06 - Households with Internet access at home - %_HH - RURAL,% of households,ITU Households Database,2025,Slovakia,SVK,Location,Rural,,91.06104624803689,,Statistical Office of the Slovak Republic,2026-06-05
8817,HHA4213-%_HH-NOCHILDREN-RURAL,HH06 - Households with Internet access at home - %_HH - NOCHILDREN - RURAL,% of households,ITU Households Database,2025,Slovakia,SVK,Location,No Children,Rural,88.9097793569914,,Statistical Office of the Slovak Republic,2026-06-05
8811,HHA4213-%_HH-CHILDREN-RURAL,HH06 - Households with Internet access at home - %_HH - CHILDREN - RURAL,% of households,ITU Households Database,2025,Slovakia,SVK,Location,Children,Rural,97.94874920944551,,Statistical Office of the Slovak Republic,2026-06-05
12047,xHH6_IDI,Estimated proportion of households with Internet access at home,% of households,ITU World Telecommunication Indicators Database,2025,North Macedonia,MKD,,,,91.2,,State Statistical Office,2026-02-02
12047,xHH6_IDI,Estimated proportion of households with Internet access at home,% of households,ITU World Telecommunication Indicators Database,2025,"Taiwan, Province of China",TWN,,,,96.9,,National Communications Commission,2026-07-08
12047,xHH6_IDI,Estimated proportion of households with Internet access at home,% of households,ITU World Telecommunication Indicators Database,2025,Montenegro,MNE,,,,88.07183801,,Statistical Office of Montenegro - MONSTAT,2026-07-08
8820,HHA4213-%_HH-URBAN-,HH06 - Households with Internet access at home - %_HH - URBAN,% of households,ITU Households Database,2025,Montenegro,MNE,Location,Urban,,89.05505656091913,,Statistical Office of Montenegro - MONSTAT,2026-06-22
8819,HHA4213-%_HH-RURAL-,HH06 - Households with Internet access at home - %_HH - RURAL,% of households,ITU Households Database,2025,Montenegro,MNE,Location,Rural,,85.97610814209368,,Statistical Office of Montenegro - MONSTAT,2026-06-22
12047,xHH6_IDI,Estimated proportion of households with Internet access at home,% of households,ITU World Telecommunication Indicators Database,2024,Afghanistan,AFG,,,,27.98975982,,ITU estimate.,2026-02-02
12047,xHH6_IDI,Estimated proportion of households with Internet access at home,% of households,ITU World Telecommunication Indicators Database,2024,South Africa,ZAF,,,,82.07739287,,Statistics South Africa,2026-01-15
8819,HHA4213-%_HH-RURAL-,HH06 - Households with Internet access at home - %_HH - RURAL,% of households,ITU Households Database,2024,South Africa,ZAF,Location,Rural,,72.51668861288044,,Statistics South Africa,2026-07-06
8818,HHA4213-%_HH-NOCHILDREN-URBAN,HH06 - Households with Internet access at home - %_HH - NOCHILDREN - URBAN,% of households,ITU Households Database,2024,South Africa,ZAF,Location,No Children,Urban,83.58703756172872,,Statistics South Africa,2026-07-07
8810,HHA4213-%_HH-CHILDREN-,HH06 - Households with Internet access at home - %_HH - CHILDREN,% of households,ITU Households Database,2024,South Africa,ZAF,Family,Children,,86.7544108436507,,Statistics South Africa,2026-07-07
8816,HHA4213-%_HH-NOCHILDREN-,HH06 - Households with Internet access at home - %_HH - NOCHILDREN,% of households,ITU Households Database,2024,South Africa,ZAF,Family,No Children,,78.2347908902892,,Statistics South Africa,2026-07-07
8812,HHA4213-%_HH-CHILDREN-URBAN,HH06 - Households with Internet access at home - %_HH - CHILDREN - URBAN,% of households,ITU Households Database,2024,South Africa,ZAF,Location,Children,Urban,89.87705510200624,,Statistics South Africa,2026-07-07
8820,HHA4213-%_HH-URBAN-,HH06 - Households with Internet access at home - %_HH - URBAN,% of households,ITU Households Database,2024,South Africa,ZAF,Location,Urban,,86.22780647116693,,Statistics South Africa,2026-07-05
8817,HHA4213-%_HH-NOCHILDREN-RURAL,HH06 - Households with Internet access at home - %_HH - NOCHILDREN - RURAL,% of households,ITU Households Database,2024,South Africa,ZAF,Location,No Children,Rural,63.24258490820625,,Statistics South Africa,2026-07-07
8811,HHA4213-%_HH-CHILDREN-RURAL,HH06 - Households with Internet access at home - %_HH - CHILDREN - RURAL,% of households,ITU Households Database,2024,South Africa,ZAF,Location,Children,Rural,80.97887572218751,,Statistics South Africa,2026-07-07
12047,xHH6_IDI,Estimated proportion of households with Internet access at home,% of households,ITU World Telecommunication Indicators Database,2024,Angola,AGO,,,,55.62824302,,ITU estimate.,2026-02-02
12047,xHH6_IDI,Estimated proportion of households with Internet access at home,% of households,ITU World Telecommunication Indicators Database,2024,Albania,ALB,,,,97.09425227,,Institute of Statistics,2026-01-15
8810,HHA4213-%_HH-CHILDREN-,HH06 - Households with Internet access at home - %_HH - CHILDREN,% of households,ITU Households Database,2024,Albania,ALB,Family,Children,,99.94385420632601,,Institute of Statistics,2026-07-07
8816,HHA4213-%_HH-NOCHILDREN-,HH06 - Households with Internet access at home - %_HH - NOCHILDREN,% of households,ITU Households Database,2024,Albania,ALB,Family,No Children,,95.89054373237727,,Institute of Statistics,2026-07-07
12047,xHH6_IDI,Estimated proportion of households with Internet access at home,% of households,ITU World Telecommunication Indicators Database,2024,Algeria,DZA,,,,92.36923979,,ITU estimate.,2026-02-02
12047,xHH6_IDI,Estimated proportion of households with Internet access at home,% of households,ITU World Telecommunication Indicators Database,2024,Andorra,AND,,,,94.37610939,,ITU estimate.,2026-02-02
12047,xHH6_IDI,Estimated proportion of households with Internet access at home,% of households,ITU World Telecommunication Indicators Database,2024,Argentina,ARG,,,,93.69248446,,Instituto Nacional de Estadistica y Censos,2026-02-02
8816,HHA4213-%_HH-NOCHILDREN-,HH06 - Households with Internet access at home - %_HH - NOCHILDREN,% of households,ITU Households Database,2024,Argentina,ARG,Family,No Children,,92.219128208476,,Instituto Nacional de Estadistica y Censos,2025-07-03
8812,HHA4213-%_HH-CHILDREN-URBAN,HH06 - Households with Internet access at home - %_HH - CHILDREN - URBAN,% of households,ITU Households Database,2024,Argentina,ARG,Location,Children,Urban,96.46433632298769,,Instituto Nacional de Estadistica y Censos,2026-07-05
8818,HHA4213-%_HH-NOCHILDREN-URBAN,HH06 - Households with Internet access at home - %_HH - NOCHILDREN - URBAN,% of households,ITU Households Database,2024,Argentina,ARG,Location,No Children,Urban,92.219128208476,,Instituto Nacional de Estadistica y Censos,2025-07-03
8810,HHA4213-%_HH-CHILDREN-,HH06 - Households with Internet access at home - %_HH - CHILDREN,% of households,ITU Households Database,2024,Argentina,ARG,Family,Children,,96.46433632298769,,Instituto Nacional de Estadistica y Censos,2026-07-06
8820,HHA4213-%_HH-URBAN-,HH06 - Households with Internet access at home - %_HH - URBAN,% of households,ITU Households Database,2024,Argentina,ARG,Location,Urban,,93.69248446344375,,Instituto Nacional de Estadistica y Censos,2026-07-05
8820,HHA4213-%_HH-URBAN-,HH06 - Households with Internet access at home - %_HH - URBAN,% of households,ITU Households Database,2024,Armenia,ARM,Location,Urban,,93.61484920292628,,The Statistical Committee of the Republic of Armenia ,2026-05-25
8810,HHA4213-%_HH-CHILDREN-,HH06 - Households with Internet access at home - %_HH - CHILDREN,% of households,ITU Households Database,2024,Armenia,ARM,Family,Children,,99.57866107853846,,The Statistical Committee of the Republic of Armenia ,2026-05-25
8819,HHA4213-%_HH-RURAL-,HH06 - Households with Internet access at home - %_HH - RURAL,% of households,ITU Households Database,2024,Armenia,ARM,Location,Rural,,93.24593954537826,,The Statistical Committee of the Republic of Armenia ,2026-05-25
8812,HHA4213-%_HH-CHILDREN-URBAN,HH06 - Households with Internet access at home - %_HH - CHILDREN - URBAN,% of households,ITU Households Database,2024,Armenia,ARM,Location,Children,Urban,99.67407166355653,,The Statistical Committee of the Republic of Armenia ,2026-05-25
8816,HHA4213-%_HH-NOCHILDREN-,HH06 - Households with Internet access at home - %_HH - NOCHILDREN,% of households,ITU Households Database,2024,Armenia,ARM,Family,No Children,,90.17537983262767,,The Statistical Committee of the Republic of Armenia ,2026-05-25
8811,HHA4213-%_HH-CHILDREN-RURAL,HH06 - Households with Internet access at home - %_HH - CHILDREN - RURAL,% of households,ITU Households Database,2024,Armenia,ARM,Location,Children,Rural,99.41873348674677,,The Statistical Committee of the Republic of Armenia ,2026-05-25
8818,HHA4213-%_HH-NOCHILDREN-URBAN,HH06 - Households with Internet access at home - %_HH - NOCHILDREN - URBAN,% of households,ITU Households Database,2024,Armenia,ARM,Location,No Children,Urban,90.79373496714076,,The Statistical Committee of the Republic of Armenia ,2026-05-25
8817,HHA4213-%_HH-NOCHILDREN-RURAL,HH06 - Households with Internet access at home - %_HH - NOCHILDREN - RURAL,% of households,ITU Households Database,2024,Armenia,ARM,Location,No Children,Rural,88.44335400019894,,The Statistical Committee of the Republic of Armenia ,2026-05-25
12047,xHH6_IDI,Estimated proportion of households with Internet access at home,% of households,ITU World Telecommunication Indicators Database,2024,Armenia,ARM,,,,93.50335658,,ITU estimate.,2026-07-08
12047,xHH6_IDI,Estimated proportion of households with Internet access at home,% of households,ITU World Telecommunication Indicators Database,2024,Saudi Arabia,SAU,,,,100,Results are based on unweighted survey data using quota sampling,"Communications, Space and Technology Commission",2025-07-07
12047,xHH6_IDI,Estimated proportion of households with Internet access at home,% of households,ITU World Telecommunication Indicators Database,2024,Antigua and Barbuda,ATG,,,,76.95819448,,ITU estimate.,2026-02-02
12047,xHH6_IDI,Estimated proportion of households with Internet access at home,% of households,ITU World Telecommunication Indicators Database,2024,Australia,AUS,,,,97.80307905,,ITU estimate.,2026-02-02
12047,xHH6_IDI,Estimated proportion of households with Internet access at home,% of households,ITU World Telecommunication Indicators Database,2024,Austria,AUT,,,,94.96177183,,Institute of Statistics,2026-02-02
8816,HHA4213-%_HH-NOCHILDREN-,HH06 - Households with Internet access at home - %_HH - NOCHILDREN,% of households,ITU Households Database,2024,Austria,AUT,Family,No Children,,93.40156871900358,,Statistik Austria,2026-07-07
8810,HHA4213-%_HH-CHILDREN-,HH06 - Households with Internet access at home - %_HH - CHILDREN,% of households,ITU Households Database,2024,Austria,AUT,Family,Children,,99.35275322276067,,Statistik Austria,2026-07-07
12047,xHH6_IDI,Estimated proportion of households with Internet access at home,% of households,ITU World Telecommunication Indicators Database,2024,Azerbaijan,AZE,,,,89.38059613,,ITU estimate.,2026-02-02
12047,xHH6_IDI,Estimated proportion of households with Internet access at home,% of households,ITU World Telecommunication Indicators Database,2024,Brazil,BRA,,,,83.43679991,,NIC.br,2026-02-02
8812,HHA4213-%_HH-CHILDREN-URBAN,HH06 - Households with Internet access at home - %_HH - CHILDREN - URBAN,% of households,ITU Households Database,2024,Brazil,BRA,Location,Children,Urban,93.23989823331719,,NIC.br,2026-07-05
8817,HHA4213-%_HH-NOCHILDREN-RURAL,HH06 - Households with Internet access at home - %_HH - NOCHILDREN - RURAL,% of households,ITU Households Database,2024,Brazil,BRA,Location,No Children,Rural,69.05173289777944,,NIC.br,2026-07-05
8819,HHA4213-%_HH-RURAL-,HH06 - Households with Internet access at home - %_HH - RURAL,% of households,ITU Households Database,2024,Brazil,BRA,Location,Rural,,73.98065812997383,,NIC.br,2026-07-06
8820,HHA4213-%_HH-URBAN-,HH06 - Households with Internet access at home - %_HH - URBAN,% of households,ITU Households Database,2024,Brazil,BRA,Location,Urban,,84.70181404992081,,NIC.br,2026-07-05
8818,HHA4213-%_HH-NOCHILDREN-URBAN,HH06 - Households with Internet access at home - %_HH - NOCHILDREN - URBAN,% of households,ITU Households Database,2024,Brazil,BRA,Location,No Children,Urban,79.82911571788863,,NIC.br,2026-07-05
8811,HHA4213-%_HH-CHILDREN-RURAL,HH06 - Households with Internet access at home - %_HH - CHILDREN - RURAL,% of households,ITU Households Database,2024,Brazil,BRA,Location,Children,Rural,80.44667414509445,,NIC.br,2026-07-06
8810,HHA4213-%_HH-CHILDREN-,HH06 - Households with Internet access at home - %_HH - CHILDREN,% of households,ITU Households Database,2024,Brazil,BRA,Family,Children,,91.48236523215236,,NIC.br,2026-07-06
8816,HHA4213-%_HH-NOCHILDREN-,HH06 - Households with Internet access at home - %_HH - NOCHILDREN,% of households,ITU Households Database,2024,Brazil,BRA,Family,No Children,,78.68098408553942,,NIC.br,2026-07-05
12047,xHH6_IDI,Estimated proportion of households with Internet access at home,% of households,ITU World Telecommunication Indicators Database,2024,Bahamas,BHS,,,,93.13883466,,ITU estimate.,2026-02-02
12047,xHH6_IDI,Estimated proportion of households with Internet access at home,% of households,ITU World Telecommunication Indicators Database,2024,Burundi,BDI,,,,25.32135782,,ITU estimate.,2026-02-02
12047,xHH6_IDI,Estimated proportion of households with Internet access at home,% of households,ITU World Telecommunication Indicators Database,2024,Belgium,BEL,,,,94.61933824,,Statbel (Directorate General Statistics - Statistics Belgium),2026-02-02
8810,HHA4213-%_HH-CHILDREN-,HH06 - Households with Internet access at home - %_HH - CHILDREN,% of households,ITU Households Database,2024,Belgium,BEL,Family,Children,,99.28950745167894,,Statbel (Directorate General Statistics - Statistics Belgium),2026-07-06
8812,HHA4213-%_HH-CHILDREN-URBAN,HH06 - Households with Internet access at home - %_HH - CHILDREN - URBAN,% of households,ITU Households Database,2024,Belgium,BEL,Location,Children,Urban,99.21859012107468,,Statbel (Directorate General Statistics - Statistics Belgium),2026-07-05
8818,HHA4213-%_HH-NOCHILDREN-URBAN,HH06 - Households with Internet access at home - %_HH - NOCHILDREN - URBAN,% of households,ITU Households Database,2024,Belgium,BEL,Location,No Children,Urban,93.33497200332323,,Statbel (Directorate General Statistics - Statistics Belgium),2026-07-05
8817,HHA4213-%_HH-NOCHILDREN-RURAL,HH06 - Households with Internet access at home - %_HH - NOCHILDREN - RURAL,% of households,ITU Households Database,2024,Belgium,BEL,Location,No Children,Rural,91.68737427523371,,Statbel (Directorate General Statistics - Statistics Belgium),2026-07-05
8816,HHA4213-%_HH-NOCHILDREN-,HH06 - Households with Internet access at home - %_HH - NOCHILDREN,% of households,ITU Households Database,2024,Belgium,BEL,Family,No Children,,93.11373974999653,,Statbel (Directorate General Statistics - Statistics Belgium),2026-07-05
8820,HHA4213-%_HH-URBAN-,HH06 - Households with Internet access at home - %_HH - URBAN,% of households,ITU Households Database,2024,Belgium,BEL,Location,Urban,,94.74057317378276,,Statbel (Directorate General Statistics - Statistics Belgium),2026-07-05
8819,HHA4213-%_HH-RURAL-,HH06 - Households with Internet access at home - %_HH - RURAL,% of households,ITU Households Database,2024,Belgium,BEL,Location,Rural,,93.87346472217321,,Statbel (Directorate General Statistics - Statistics Belgium),2026-07-06
8811,HHA4213-%_HH-CHILDREN-RURAL,HH06 - Households with Internet access at home - %_HH - CHILDREN - RURAL,% of households,ITU Households Database,2024,Belgium,BEL,Location,Children,Rural,99.66890570815524,,Statbel (Directorate General Statistics - Statistics Belgium),2026-07-06
12047,xHH6_IDI,Estimated proportion of households with Internet access at home,% of households,ITU World Telecommunication Indicators Database,2024,Benin,BEN,,,,38.3794166,,ITU estimate.,2026-02-02
12047,xHH6_IDI,Estimated proportion of households with Internet access at home,% of households,ITU World Telecommunication Indicators Database,2024,Bangladesh,BGD,,,,55.10952689,,Bangladesh Bureau of Statistics,2026-01-15
8819,HHA4213-%_HH-RURAL-,HH06 - Households with Internet access at home - %_HH - RURAL,% of households,ITU Households Database,2024,Bangladesh,BGD,Location,Rural,,51.45026631129098,,Bangladesh Bureau of Statistics,2026-07-06
8817,HHA4213-%_HH-NOCHILDREN-RURAL,HH06 - Households with Internet access at home - %_HH - NOCHILDREN - RURAL,% of households,ITU Households Database,2024,Bangladesh,BGD,Location,No Children,Rural,45.49307112858762,,Bangladesh Bureau of Statistics,2026-07-07
8816,HHA4213-%_HH-NOCHILDREN-,HH06 - Households with Internet access at home - %_HH - NOCHILDREN,% of households,ITU Households Database,2024,Bangladesh,BGD,Family,No Children,,49.81110485492013,,Bangladesh Bureau of Statistics,2026-07-07
8820,HHA4213-%_HH-URBAN-,HH06 - Households with Internet access at home - %_HH - URBAN,% of households,ITU Households Database,2024,Bangladesh,BGD,Location,Urban,,63.20220102709897,,Bangladesh Bureau of Statistics,2026-07-05
8810,HHA4213-%_HH-CHILDREN-,HH06 - Households with Internet access at home - %_HH - CHILDREN,% of households,ITU Households Database,2024,Bangladesh,BGD,Family,Children,,57.3302108657349,,Bangladesh Bureau of Statistics,2026-07-07
8818,HHA4213-%_HH-NOCHILDREN-URBAN,HH06 - Households with Internet access at home - %_HH - NOCHILDREN - URBAN,% of households,ITU Households Database,2024,Bangladesh,BGD,Location,No Children,Urban,59.19148505641857,,Bangladesh Bureau of Statistics,2026-07-07
8811,HHA4213-%_HH-CHILDREN-RURAL,HH06 - Households with Internet access at home - %_HH - CHILDREN - RURAL,% of households,ITU Households Database,2024,Bangladesh,BGD,Location,Children,Rural,53.92731205585621,,Bangladesh Bureau of Statistics,2026-07-07
8812,HHA4213-%_HH-CHILDREN-URBAN,HH06 - Households with Internet access at home - %_HH - CHILDREN - URBAN,% of households,ITU Households Database,2024,Bangladesh,BGD,Location,Children,Urban,64.91279987672807,,Bangladesh Bureau of Statistics,2026-07-07
8820,HHA4213-%_HH-URBAN-,HH06 - Households with Internet access at home - %_HH - URBAN,% of households,ITU Households Database,2024,Bahrain,BHR,Location,Urban,,100,,TRA bahrain,2025-07-03
12047,xHH6_IDI,Estimated proportion of households with Internet access at home,% of households,ITU World Telecommunication Indicators Database,2024,Bahrain,BHR,,,,100,,TRA bahrain,2025-07-07
12047,xHH6_IDI,Estimated proportion of households with Internet access at home,% of households,ITU World Telecommunication Indicators Database,2024,Belarus,BLR,,,,94.06466636,,National Statistical Committee of the Republic of Belarus (Belstat),2026-02-02
8818,HHA4213-%_HH-NOCHILDREN-URBAN,HH06 - Households with Internet access at home - %_HH - NOCHILDREN - URBAN,% of households,ITU Households Database,2024,Belarus,BLR,Location,No Children,Urban,93.30320034541884,,National Statistical Committee of the Republic of Belarus (Belstat),2026-07-05
8811,HHA4213-%_HH-CHILDREN-RURAL,HH06 - Households with Internet access at home - %_HH - CHILDREN - RURAL,% of households,ITU Households Database,2024,Belarus,BLR,Location,Children,Rural,100,,National Statistical Committee of the Republic of Belarus (Belstat),2025-07-03
8817,HHA4213-%_HH-NOCHILDREN-RURAL,HH06 - Households with Internet access at home - %_HH - NOCHILDREN - RURAL,% of households,ITU Households Database,2024,Belarus,BLR,Location,No Children,Rural,89.20883031569115,,National Statistical Committee of the Republic of Belarus (Belstat),2026-07-05
8819,HHA4213-%_HH-RURAL-,HH06 - Households with Internet access at home - %_HH - RURAL,% of households,ITU Households Database,2024,Belarus,BLR,Location,Rural,,91.34006632499246,,National Statistical Committee of the Republic of Belarus (Belstat),2026-07-06
8820,HHA4213-%_HH-URBAN-,HH06 - Households with Internet access at home - %_HH - URBAN,% of households,ITU Households Database,2024,Belarus,BLR,Location,Urban,,94.9075834827158,,National Statistical Committee of the Republic of Belarus (Belstat),2025-07-03
8812,HHA4213-%_HH-CHILDREN-URBAN,HH06 - Households with Internet access at home - %_HH - CHILDREN - URBAN,% of households,ITU Households Database,2024,Belarus,BLR,Location,Children,Urban,100,,National Statistical Committee of the Republic of Belarus (Belstat),2025-07-03
8810,HHA4213-%_HH-CHILDREN-,HH06 - Households with Internet access at home - %_HH - CHILDREN,% of households,ITU Households Database,2024,Belarus,BLR,Family,Children,,100,,National Statistical Committee of the Republic of Belarus (Belstat),2025-07-03
8816,HHA4213-%_HH-NOCHILDREN-,HH06 - Households with Internet access at home - %_HH - NOCHILDREN,% of households,ITU Households Database,2024,Belarus,BLR,Family,No Children,,92.29544699152574,,National Statistical Committee of the Republic of Belarus (Belstat),2026-07-05
8817,HHA4213-%_HH-NOCHILDREN-RURAL,HH06 - Households with Internet access at home - %_HH - NOCHILDREN - RURAL,% of households,ITU Households Database,2024,Belize,BLZ,Location,No Children,Rural,69.79674699532764,,Statistical Institute of Belize,2026-07-07
8820,HHA4213-%_HH-URBAN-,HH06 - Households with Internet access at home - %_HH - URBAN,% of households,ITU Households Database,2024,Belize,BLZ,Location,Urban,,88.44648880393359,,Statistical Institute of Belize,2026-07-05
8812,HHA4213-%_HH-CHILDREN-URBAN,HH06 - Households with Internet access at home - %_HH - CHILDREN - URBAN,% of households,ITU Households Database,2024,Belize,BLZ,Location,Children,Urban,90.23447636623824,,Statistical Institute of Belize,2026-07-07
8816,HHA4213-%_HH-NOCHILDREN-,HH06 - Households with Internet access at home - %_HH - NOCHILDREN,% of households,ITU Households Database,2024,Belize,BLZ,Family,No Children,,78.24380134464847,,Statistical Institute of Belize,2026-07-07
8818,HHA4213-%_HH-NOCHILDREN-URBAN,HH06 - Households with Internet access at home - %_HH - NOCHILDREN - URBAN,% of households,ITU Households Database,2024,Belize,BLZ,Location,No Children,Urban,87.0168287411096,,Statistical Institute of Belize,2026-07-07
8810,HHA4213-%_HH-CHILDREN-,HH06 - Households with Internet access at home - %_HH - CHILDREN,% of households,ITU Households Database,2024,Belize,BLZ,Family,Children,,76.31201964813421,,Statistical Institute of Belize,2026-07-07
8819,HHA4213-%_HH-RURAL-,HH06 - Households with Internet access at home - %_HH - RURAL,% of households,ITU Households Database,2024,Belize,BLZ,Location,Rural,,67.93076107373632,,Statistical Institute of Belize,2026-07-06
8811,HHA4213-%_HH-CHILDREN-RURAL,HH06 - Households with Internet access at home - %_HH - CHILDREN - RURAL,% of households,ITU Households Database,2024,Belize,BLZ,Location,Children,Rural,66.16413855906838,,Statistical Institute of Belize,2026-07-07
12047,xHH6_IDI,Estimated proportion of households with Internet access at home,% of households,ITU World Telecommunication Indicators Database,2024,Belize,BLZ,,,,77.31276263,,Statistical Institute of Belize,2026-01-15
12047,xHH6_IDI,Estimated proportion of households with Internet access at home,% of households,ITU World Telecommunication Indicators Database,2024,Bolivia (Plurinational State of),BOL,,,,68.73218009,,ITU estimate.,2026-02-02
12047,xHH6_IDI,Estimated proportion of households with Internet access at home,% of households,ITU World Telecommunication Indicators Database,2024,Botswana,BWA,,,,68.92681812,,Statistics Botswana,2026-01-15
8819,HHA4213-%_HH-RURAL-,HH06 - Households with Internet access at home - %_HH - RURAL,% of households,ITU Households Database,2024,Botswana,BWA,Location,Rural,,46.101776486453474,,Statistics Botswana,2026-07-06
8812,HHA4213-%_HH-CHILDREN-URBAN,HH06 - Households with Internet access at home - %_HH - CHILDREN - URBAN,% of households,ITU Households Database,2024,Botswana,BWA,Location,Children,Urban,82.00760456273761,,Statistics Botswana,2026-07-07
8816,HHA4213-%_HH-NOCHILDREN-,HH06 - Households with Internet access at home - %_HH - NOCHILDREN,% of households,ITU Households Database,2024,Botswana,BWA,Family,No Children,,66.42491143851028,,Statistics Botswana,2026-07-07
8817,HHA4213-%_HH-NOCHILDREN-RURAL,HH06 - Households with Internet access at home - %_HH - NOCHILDREN - RURAL,% of households,ITU Households Database,2024,Botswana,BWA,Location,No Children,Rural,41.96728287033888,,Statistics Botswana,2026-07-07
8810,HHA4213-%_HH-CHILDREN-,HH06 - Households with Internet access at home - %_HH - CHILDREN,% of households,ITU Households Database,2024,Botswana,BWA,Family,Children,,73.87746801039526,,Statistics Botswana,2026-07-07
8820,HHA4213-%_HH-URBAN-,HH06 - Households with Internet access at home - %_HH - URBAN,% of households,ITU Households Database,2024,Botswana,BWA,Location,Urban,,79.20383289046072,,Statistics Botswana,2026-07-05
8811,HHA4213-%_HH-CHILDREN-RURAL,HH06 - Households with Internet access at home - %_HH - CHILDREN - RURAL,% of households,ITU Households Database,2024,Botswana,BWA,Location,Children,Rural,54.774761706293674,,Statistics Botswana,2026-07-07
8818,HHA4213-%_HH-NOCHILDREN-URBAN,HH06 - Households with Internet access at home - %_HH - NOCHILDREN - URBAN,% of households,ITU Households Database,2024,Botswana,BWA,Location,No Children,Urban,77.74968492313346,,Statistics Botswana,2026-07-07
12047,xHH6_IDI,Estimated proportion of households with Internet access at home,% of households,ITU World Telecommunication Indicators Database,2024,Barbados,BRB,,,,77.87149627,,ITU estimate.,2026-02-02
12047,xHH6_IDI,Estimated proportion of households with Internet access at home,% of households,ITU World Telecommunication Indicators Database,2024,Myanmar,MMR,,,,59.29075714,,ITU estimate.,2026-02-02
12047,xHH6_IDI,Estimated proportion of households with Internet access at home,% of households,ITU World Telecommunication Indicators Database,2024,Brunei Darussalam,BRN,,,,94.09618574,,Authority for Info-communications Technology Industry of Brunei Darussalam,2026-01-15
12047,xHH6_IDI,Estimated proportion of households with Internet access at home,% of households,ITU World Telecommunication Indicators Database,2024,Bhutan,BTN,,,,92.12369406,,ITU estimate.,2026-02-02
12047,xHH6_IDI,Estimated proportion of households with Internet access at home,% of households,ITU World Telecommunication Indicators Database,2024,Bulgaria,BGR,,,,92.11594618,,National Statistical Institute,2026-02-02
8820,HHA4213-%_HH-URBAN-,HH06 - Households with Internet access at home - %_HH - URBAN,% of households,ITU Households Database,2024,Bulgaria,BGR,Location,Urban,,94.68906611308002,,National Statistical Institute,2026-07-05
8816,HHA4213-%_HH-NOCHILDREN-,HH06 - Households with Internet access at home - %_HH - NOCHILDREN,% of households,ITU Households Database,2024,Bulgaria,BGR,Family,No Children,,98.37480741774418,,National Statistical Institute,2026-07-05
8818,HHA4213-%_HH-NOCHILDREN-URBAN,HH06 - Households with Internet access at home - %_HH - NOCHILDREN - URBAN,% of households,ITU Households Database,2024,Bulgaria,BGR,Location,No Children,Urban,98.78396549642599,,National Statistical Institute,2026-07-05
8810,HHA4213-%_HH-CHILDREN-,HH06 - Households with Internet access at home - %_HH - CHILDREN,% of households,ITU Households Database,2024,Bulgaria,BGR,Family,Children,,89.85099599686382,,National Statistical Institute,2026-07-06
8819,HHA4213-%_HH-RURAL-,HH06 - Households with Internet access at home - %_HH - RURAL,% of households,ITU Households Database,2024,Bulgaria,BGR,Location,Rural,,84.29370781963559,,National Statistical Institute,2026-07-06
8812,HHA4213-%_HH-CHILDREN-URBAN,HH06 - Households with Internet access at home - %_HH - CHILDREN - URBAN,% of households,ITU Households Database,2024,Bulgaria,BGR,Location,Children,Urban,93.14611738554443,,National Statistical Institute,2026-07-05
8817,HHA4213-%_HH-NOCHILDREN-RURAL,HH06 - Households with Internet access at home - %_HH - NOCHILDREN - RURAL,% of households,ITU Households Database,2024,Bulgaria,BGR,Location,No Children,Rural,96.96454694088288,,National Statistical Institute,2026-07-05
8811,HHA4213-%_HH-CHILDREN-RURAL,HH06 - Households with Internet access at home - %_HH - CHILDREN - RURAL,% of households,ITU Households Database,2024,Bulgaria,BGR,Location,Children,Rural,80.25932750200352,,National Statistical Institute,2026-07-06
12047,xHH6_IDI,Estimated proportion of households with Internet access at home,% of households,ITU World Telecommunication Indicators Database,2024,Canada,CAN,,,,95.76784789,,ITU estimate.,2026-02-02
12047,xHH6_IDI,Estimated proportion of households with Internet access at home,% of households,ITU World Telecommunication Indicators Database,2024,Cambodia,KHM,,,,70.21042609,,ITU estimate.,2026-02-02
12047,xHH6_IDI,Estimated proportion of households with Internet access at home,% of households,ITU World Telecommunication Indicators Database,2024,Chile,CHL,,,,96.50037679,,Instituto Nacional de Estadisticas,2026-01-15
8820,HHA4213-%_HH-URBAN-,HH06 - Households with Internet access at home - %_HH - URBAN,% of households,ITU Households Database,2024,Chile,CHL,Location,Urban,,96.7881180033758,,Instituto Nacional de Estadisticas,2026-07-05
8819,HHA4213-%_HH-RURAL-,HH06 - Households with Internet access at home - %_HH - RURAL,% of households,ITU Households Database,2024,Chile,CHL,Location,Rural,,94.46276335620259,,Instituto Nacional de Estadisticas,2026-07-06
12047,xHH6_IDI,Estimated proportion of households with Internet access at home,% of households,ITU World Telecommunication Indicators Database,2024,China,CHN,,,,91.73655551,,ITU estimate.,2026-02-02
12047,xHH6_IDI,Estimated proportion of households with Internet access at home,% of households,ITU World Telecommunication Indicators Database,2024,Colombia,COL,,,,65.64878683,,Departamento Administrativo Nacional de Estadistica (DANE),2026-01-15
8820,HHA4213-%_HH-URBAN-,HH06 - Households with Internet access at home - %_HH - URBAN,% of households,ITU Households Database,2024,Colombia,COL,Location,Urban,,72.50386954097152,,Departamento Administrativo Nacional de Estadistica (DANE),2026-07-05
8819,HHA4213-%_HH-RURAL-,HH06 - Households with Internet access at home - %_HH - RURAL,% of households,ITU Households Database,2024,Colombia,COL,Location,Rural,,41.93580999960964,,Departamento Administrativo Nacional de Estadistica (DANE),2026-07-06
12047,xHH6_IDI,Estimated proportion of households with Internet access at home,% of households,ITU World Telecommunication Indicators Database,2024,Sri Lanka,LKA,,,,76.68878633,,ITU estimate.,2026-02-02
12047,xHH6_IDI,Estimated proportion of households with Internet access at home,% of households,ITU World Telecommunication Indicators Database,2024,Cameroon,CMR,,,,49.0238048,,ITU estimate.,2026-02-02
12047,xHH6_IDI,Estimated proportion of households with Internet access at home,% of households,ITU World Telecommunication Indicators Database,2024,Congo (Rep. of the),COG,,,,55.93962274,,ITU estimate.,2026-02-02
12047,xHH6_IDI,Estimated proportion of households with Internet access at home,% of households,ITU World Telecommunication Indicators Database,2024,Comoros,COM,,,,44.46339269,,ITU estimate.,2026-02-02
12047,xHH6_IDI,Estimated proportion of households with Internet access at home,% of households,ITU World Telecommunication Indicators Database,2024,Cabo Verde,CPV,,,,73.77527452,,ITU estimate.,2026-02-02
12047,xHH6_IDI,Estimated proportion of households with Internet access at home,% of households,ITU World Telecommunication Indicators Database,2024,Côte d'Ivoire,CIV,,,,75.1313487,,ARTCI,2026-01-15
8817,HHA4213-%_HH-NOCHILDREN-RURAL,HH06 - Households with Internet access at home - %_HH - NOCHILDREN - RURAL,% of households,ITU Households Database,2024,Côte d'Ivoire,CIV,Location,No Children,Rural,59.7688005787158,,ARTCI,2026-07-07
8819,HHA4213-%_HH-RURAL-,HH06 - Households with Internet access at home - %_HH - RURAL,% of households,ITU Households Database,2024,Côte d'Ivoire,CIV,Location,Rural,,60.44406942403655,,ARTCI,2026-07-06
8811,HHA4213-%_HH-CHILDREN-RURAL,HH06 - Households with Internet access at home - %_HH - CHILDREN - RURAL,% of households,ITU Households Database,2024,Côte d'Ivoire,CIV,Location,Children,Rural,62.09666337333808,,ARTCI,2026-07-07
8810,HHA4213-%_HH-CHILDREN-,HH06 - Households with Internet access at home - %_HH - CHILDREN,% of households,ITU Households Database,2024,Côte d'Ivoire,CIV,Family,Children,,76.85155782116611,,ARTCI,2026-07-07
8820,HHA4213-%_HH-URBAN-,HH06 - Households with Internet access at home - %_HH - URBAN,% of households,ITU Households Database,2024,Côte d'Ivoire,CIV,Location,Urban,,87.63413228366505,,ARTCI,2026-07-05
8818,HHA4213-%_HH-NOCHILDREN-URBAN,HH06 - Households with Internet access at home - %_HH - NOCHILDREN - URBAN,% of households,ITU Households Database,2024,Côte d'Ivoire,CIV,Location,No Children,Urban,88.80566342377674,,ARTCI,2026-07-07
8812,HHA4213-%_HH-CHILDREN-URBAN,HH06 - Households with Internet access at home - %_HH - CHILDREN - URBAN,% of households,ITU Households Database,2024,Côte d'Ivoire,CIV,Location,Children,Urban,85.89715523994937,,ARTCI,2026-07-07
8816,HHA4213-%_HH-NOCHILDREN-,HH06 - Households with Internet access at home - %_HH - NOCHILDREN,% of households,ITU Households Database,2024,Côte d'Ivoire,CIV,Family,No Children,,74.20114508207163,,ARTCI,2026-07-07
8812,HHA4213-%_HH-CHILDREN-URBAN,HH06 - Households with Internet access at home - %_HH - CHILDREN - URBAN,% of households,ITU Households Database,2024,Costa Rica,CRI,Location,Children,Urban,91.6290191365672,,Instituto Nacional de Estadisticas y Censos ,2026-06-30
8818,HHA4213-%_HH-NOCHILDREN-URBAN,HH06 - Households with Internet access at home - %_HH - NOCHILDREN - URBAN,% of households,ITU Households Database,2024,Costa Rica,CRI,Location,No Children,Urban,86.24796419157421,,Instituto Nacional de Estadisticas y Censos ,2026-06-30
8817,HHA4213-%_HH-NOCHILDREN-RURAL,HH06 - Households with Internet access at home - %_HH - NOCHILDREN - RURAL,% of households,ITU Households Database,2024,Costa Rica,CRI,Location,No Children,Rural,76.76141827870534,,Instituto Nacional de Estadisticas y Censos ,2026-06-30
8810,HHA4213-%_HH-CHILDREN-,HH06 - Households with Internet access at home - %_HH - CHILDREN,% of households,ITU Households Database,2024,Costa Rica,CRI,Family,Children,,88.88156954061728,,Instituto Nacional de Estadisticas y Censos ,2026-06-30
8820,HHA4213-%_HH-URBAN-,HH06 - Households with Internet access at home - %_HH - URBAN,% of households,ITU Households Database,2024,Costa Rica,CRI,Location,Urban,,87.894396380515,,Instituto Nacional de Estadisticas y Censos ,2026-06-30
8811,HHA4213-%_HH-CHILDREN-RURAL,HH06 - Households with Internet access at home - %_HH - CHILDREN - RURAL,% of households,ITU Households Database,2024,Costa Rica,CRI,Location,Children,Rural,82.81250853475352,,Instituto Nacional de Estadisticas y Censos ,2026-06-30
8816,HHA4213-%_HH-NOCHILDREN-,HH06 - Households with Internet access at home - %_HH - NOCHILDREN,% of households,ITU Households Database,2024,Costa Rica,CRI,Family,No Children,,83.81079830955932,,Instituto Nacional de Estadisticas y Censos ,2026-06-30
8819,HHA4213-%_HH-RURAL-,HH06 - Households with Internet access at home - %_HH - RURAL,% of households,ITU Households Database,2024,Costa Rica,CRI,Location,Rural,,78.97605053776338,,Instituto Nacional de Estadisticas y Censos ,2026-06-30
12047,xHH6_IDI,Estimated proportion of households with Internet access at home,% of households,ITU World Telecommunication Indicators Database,2024,Costa Rica,CRI,,,,85.44585349,,ITU estimate.,2026-07-08
12047,xHH6_IDI,Estimated proportion of households with Internet access at home,% of households,ITU World Telecommunication Indicators Database,2024,Cuba,CUB,,,,33.02319232,,ITU estimate.,2026-02-02
12047,xHH6_IDI,Estimated proportion of households with Internet access at home,% of households,ITU World Telecommunication Indicators Database,2024,Vatican,VAT,,,,89.2207202,,ITU estimate.,2026-02-02
12047,xHH6_IDI,Estimated proportion of households with Internet access at home,% of households,ITU World Telecommunication Indicators Database,2024,Cyprus,CYP,,,,93.9968803,,Statistical Service of Cyprus,2026-01-15
8818,HHA4213-%_HH-NOCHILDREN-URBAN,HH06 - Households with Internet access at home - %_HH - NOCHILDREN - URBAN,% of households,ITU Households Database,2024,Cyprus,CYP,Location,No Children,Urban,93.2673406369033,,Statistical Service of Cyprus,2026-07-07
8810,HHA4213-%_HH-CHILDREN-,HH06 - Households with Internet access at home - %_HH - CHILDREN,% of households,ITU Households Database,2024,Cyprus,CYP,Family,Children,,100.00038710327479,,Statistical Service of Cyprus,2026-07-07
8819,HHA4213-%_HH-RURAL-,HH06 - Households with Internet access at home - %_HH - RURAL,% of households,ITU Households Database,2024,Cyprus,CYP,Location,Rural,,92.34678897224838,,Statistical Service of Cyprus,2026-07-06
8812,HHA4213-%_HH-CHILDREN-URBAN,HH06 - Households with Internet access at home - %_HH - CHILDREN - URBAN,% of households,ITU Households Database,2024,Cyprus,CYP,Location,Children,Urban,100.00057975507389,,Statistical Service of Cyprus,2026-07-07
8811,HHA4213-%_HH-CHILDREN-RURAL,HH06 - Households with Internet access at home - %_HH - CHILDREN - RURAL,% of households,ITU Households Database,2024,Cyprus,CYP,Location,Children,Rural,100,,Statistical Service of Cyprus,2026-07-07
8820,HHA4213-%_HH-URBAN-,HH06 - Households with Internet access at home - %_HH - URBAN,% of households,ITU Households Database,2024,Cyprus,CYP,Location,Urban,,94.71718627078343,,Statistical Service of Cyprus,2026-07-05
8816,HHA4213-%_HH-NOCHILDREN-,HH06 - Households with Internet access at home - %_HH - NOCHILDREN,% of households,ITU Households Database,2024,Cyprus,CYP,Family,No Children,,92.25943150656055,,Statistical Service of Cyprus,2026-07-07
8817,HHA4213-%_HH-NOCHILDREN-RURAL,HH06 - Households with Internet access at home - %_HH - NOCHILDREN - RURAL,% of households,ITU Households Database,2024,Cyprus,CYP,Location,No Children,Rural,89.85821990241033,,Statistical Service of Cyprus,2026-07-07
8816,HHA4213-%_HH-NOCHILDREN-,HH06 - Households with Internet access at home - %_HH - NOCHILDREN,% of households,ITU Households Database,2024,Germany,DEU,Family,No Children,,91.14654855406513,Children are defined as individuals aged < 16 years,Federal Statistical Office,2026-07-05
8810,HHA4213-%_HH-CHILDREN-,HH06 - Households with Internet access at home - %_HH - CHILDREN,% of households,ITU Households Database,2024,Germany,DEU,Family,Children,,98.1222322046773,Children are defined as individuals aged < 16 years,Federal Statistical Office,2025-07-03
8818,HHA4213-%_HH-NOCHILDREN-URBAN,HH06 - Households with Internet access at home - %_HH - NOCHILDREN - URBAN,% of households,ITU Households Database,2024,Germany,DEU,Location,No Children,Urban,92.38007050545954,International classification DEGURBA = 1 (cities / densely populated areas); Children are defined as individuals aged < 16 years,Federal Statistical Office,2026-07-05
8820,HHA4213-%_HH-URBAN-,HH06 - Households with Internet access at home - %_HH - URBAN,% of households,ITU Households Database,2024,Germany,DEU,Location,Urban,,93.56238884193458,International classification DEGURBA = 1 (cities / densely populated areas),Federal Statistical Office,2026-07-05
8812,HHA4213-%_HH-CHILDREN-URBAN,HH06 - Households with Internet access at home - %_HH - CHILDREN - URBAN,% of households,ITU Households Database,2024,Germany,DEU,Location,Children,Urban,98.59494912241284,International classification DEGURBA = 1 (cities / densely populated areas); Children are defined as individuals aged < 16 years,Federal Statistical Office,2026-07-06
12047,xHH6_IDI,Estimated proportion of households with Internet access at home,% of households,ITU World Telecommunication Indicators Database,2024,Germany,DEU,,,,92.64897616,,Federal Statistical Office,2026-02-02
12047,xHH6_IDI,Estimated proportion of households with Internet access at home,% of households,ITU World Telecommunication Indicators Database,2024,Djibouti,DJI,,,,67.8931621,,ITU estimate.,2026-02-02
12047,xHH6_IDI,Estimated proportion of households with Internet access at home,% of households,ITU World Telecommunication Indicators Database,2024,Dominica,DMA,,,,82.04690725,,ITU estimate.,2026-02-02
12047,xHH6_IDI,Estimated proportion of households with Internet access at home,% of households,ITU World Telecommunication Indicators Database,2024,Denmark,DNK,,,,96.91508542,,Statistics Denmark,2026-02-02
8816,HHA4213-%_HH-NOCHILDREN-,HH06 - Households with Internet access at home - %_HH - NOCHILDREN,% of households,ITU Households Database,2024,Denmark,DNK,Family,No Children,,96.30072046800736,,Statistics Denmark,2026-07-07
8810,HHA4213-%_HH-CHILDREN-,HH06 - Households with Internet access at home - %_HH - CHILDREN,% of households,ITU Households Database,2024,Denmark,DNK,Family,Children,,99.05467970762062,,Statistics Denmark,2026-07-07
8817,HHA4213-%_HH-NOCHILDREN-RURAL,HH06 - Households with Internet access at home - %_HH - NOCHILDREN - RURAL,% of households,ITU Households Database,2024,Denmark,DNK,Location,No Children,Rural,96.82135745809256,,Statistics Denmark,2026-07-07
8811,HHA4213-%_HH-CHILDREN-RURAL,HH06 - Households with Internet access at home - %_HH - CHILDREN - RURAL,% of households,ITU Households Database,2024,Denmark,DNK,Location,Children,Rural,99.04016848187027,,Statistics Denmark,2026-07-07
8818,HHA4213-%_HH-NOCHILDREN-URBAN,HH06 - Households with Internet access at home - %_HH - NOCHILDREN - URBAN,% of households,ITU Households Database,2024,Denmark,DNK,Location,No Children,Urban,95.5066164883321,,Statistics Denmark,2025-07-03
8820,HHA4213-%_HH-URBAN-,HH06 - Households with Internet access at home - %_HH - URBAN,% of households,ITU Households Database,2024,Denmark,DNK,Location,Urban,,96.22208897949395,,Statistics Denmark,2026-07-05
8819,HHA4213-%_HH-RURAL-,HH06 - Households with Internet access at home - %_HH - RURAL,% of households,ITU Households Database,2024,Denmark,DNK,Location,Rural,,97.34825520697473,,Statistics Denmark,2026-07-06
8812,HHA4213-%_HH-CHILDREN-URBAN,HH06 - Households with Internet access at home - %_HH - CHILDREN - URBAN,% of households,ITU Households Database,2024,Denmark,DNK,Location,Children,Urban,99.08270957904377,,Statistics Denmark,2026-07-07
8812,HHA4213-%_HH-CHILDREN-URBAN,HH06 - Households with Internet access at home - %_HH - CHILDREN - URBAN,% of households,ITU Households Database,2024,Dominican Rep.,DOM,Location,Children,Urban,63.01971049043175,,Oficina Nacional de Estadistica,2026-07-05
8819,HHA4213-%_HH-RURAL-,HH06 - Households with Internet access at home - %_HH - RURAL,% of households,ITU Households Database,2024,Dominican Rep.,DOM,Location,Rural,,43.441379382167504,,Oficina Nacional de Estadistica,2026-07-06
8818,HHA4213-%_HH-NOCHILDREN-URBAN,HH06 - Households with Internet access at home - %_HH - NOCHILDREN - URBAN,% of households,ITU Households Database,2024,Dominican Rep.,DOM,Location,No Children,Urban,59.61431551862142,,Oficina Nacional de Estadistica,2026-07-05
8816,HHA4213-%_HH-NOCHILDREN-,HH06 - Households with Internet access at home - %_HH - NOCHILDREN,% of households,ITU Households Database,2024,Dominican Rep.,DOM,Family,No Children,,56.72054910807548,,Oficina Nacional de Estadistica,2026-07-05
8810,HHA4213-%_HH-CHILDREN-,HH06 - Households with Internet access at home - %_HH - CHILDREN,% of households,ITU Households Database,2024,Dominican Rep.,DOM,Family,Children,,60.61091143466063,,Oficina Nacional de Estadistica,2026-07-06
8811,HHA4213-%_HH-CHILDREN-RURAL,HH06 - Households with Internet access at home - %_HH - CHILDREN - RURAL,% of households,ITU Households Database,2024,Dominican Rep.,DOM,Location,Children,Rural,48.10337010220243,,Oficina Nacional de Estadistica,2026-07-06
8817,HHA4213-%_HH-NOCHILDREN-RURAL,HH06 - Households with Internet access at home - %_HH - NOCHILDREN - RURAL,% of households,ITU Households Database,2024,Dominican Rep.,DOM,Location,No Children,Rural,39.85535409516751,,Oficina Nacional de Estadistica,2026-07-05
8820,HHA4213-%_HH-URBAN-,HH06 - Households with Internet access at home - %_HH - URBAN,% of households,ITU Households Database,2024,Dominican Rep.,DOM,Location,Urban,,60.99907320383373,,Oficina Nacional de Estadistica,2026-07-05
12047,xHH6_IDI,Estimated proportion of households with Internet access at home,% of households,ITU World Telecommunication Indicators Database,2024,Dominican Rep.,DOM,,,,58.31922019,,Oficina Nacional de Estadistica,2026-02-02
12047,xHH6_IDI,Estimated proportion of households with Internet access at home,% of households,ITU World Telecommunication Indicators Database,2024,Spain,ESP,,,,96.83110578,,Instituto Nacional de Estadistica,2026-02-02
8812,HHA4213-%_HH-CHILDREN-URBAN,HH06 - Households with Internet access at home - %_HH - CHILDREN - URBAN,% of households,ITU Households Database,2024,Spain,ESP,Location,Children,Urban,99.60907553286322,,Instituto Nacional de Estadistica,2026-07-05
8816,HHA4213-%_HH-NOCHILDREN-,HH06 - Households with Internet access at home - %_HH - NOCHILDREN,% of households,ITU Households Database,2024,Spain,ESP,Family,No Children,,95.97693519307742,,Instituto Nacional de Estadistica,2026-07-05
8811,HHA4213-%_HH-CHILDREN-RURAL,HH06 - Households with Internet access at home - %_HH - CHILDREN - RURAL,% of households,ITU Households Database,2024,Spain,ESP,Location,Children,Rural,98.9030939130171,,Instituto Nacional de Estadistica,2025-07-03
8817,HHA4213-%_HH-NOCHILDREN-RURAL,HH06 - Households with Internet access at home - %_HH - NOCHILDREN - RURAL,% of households,ITU Households Database,2024,Spain,ESP,Location,No Children,Rural,94.76358272981514,,Instituto Nacional de Estadistica,2026-07-05
8810,HHA4213-%_HH-CHILDREN-,HH06 - Households with Internet access at home - %_HH - CHILDREN,% of households,ITU Households Database,2024,Spain,ESP,Family,Children,,99.27431891139074,,Instituto Nacional de Estadistica,2026-07-06
8820,HHA4213-%_HH-URBAN-,HH06 - Households with Internet access at home - %_HH - URBAN,% of households,ITU Households Database,2024,Spain,ESP,Location,Urban,,97.64579384753885,,Instituto Nacional de Estadistica,2026-07-05
8818,HHA4213-%_HH-NOCHILDREN-URBAN,HH06 - Households with Internet access at home - %_HH - NOCHILDREN - URBAN,% of households,ITU Households Database,2024,Spain,ESP,Location,No Children,Urban,96.98502934931,,Instituto Nacional de Estadistica,2025-07-03
8819,HHA4213-%_HH-RURAL-,HH06 - Households with Internet access at home - %_HH - RURAL,% of households,ITU Households Database,2024,Spain,ESP,Location,Rural,,95.87116523111602,,Instituto Nacional de Estadistica,2026-07-06
12047,xHH6_IDI,Estimated proportion of households with Internet access at home,% of households,ITU World Telecommunication Indicators Database,2024,Egypt,EGY,,,,75.59372244,,ITU estimate.,2026-02-02
12047,xHH6_IDI,Estimated proportion of households with Internet access at home,% of households,ITU World Telecommunication Indicators Database,2024,Ecuador,ECU,,,,65.97548569,,Instituto Nacional de Estadistica y Censos,2026-02-02
8820,HHA4213-%_HH-URBAN-,HH06 - Households with Internet access at home - %_HH - URBAN,% of households,ITU Households Database,2024,Ecuador,ECU,Location,Urban,,73.60845450469253,,Instituto Nacional de Estadistica y Censos,2026-07-05
8816,HHA4213-%_HH-NOCHILDREN-,HH06 - Households with Internet access at home - %_HH - NOCHILDREN,% of households,ITU Households Database,2024,Ecuador,ECU,Family,No Children,,63.1964045583519,,Instituto Nacional de Estadistica y Censos,2026-07-05
8811,HHA4213-%_HH-CHILDREN-RURAL,HH06 - Households with Internet access at home - %_HH - CHILDREN - RURAL,% of households,ITU Households Database,2024,Ecuador,ECU,Location,Children,Rural,48.37265182509349,,Instituto Nacional de Estadistica y Censos,2026-07-06
8810,HHA4213-%_HH-CHILDREN-,HH06 - Households with Internet access at home - %_HH - CHILDREN,% of households,ITU Households Database,2024,Ecuador,ECU,Family,Children,,70.35932812861444,,Instituto Nacional de Estadistica y Censos,2026-07-06
8817,HHA4213-%_HH-NOCHILDREN-RURAL,HH06 - Households with Internet access at home - %_HH - NOCHILDREN - RURAL,% of households,ITU Households Database,2024,Ecuador,ECU,Location,No Children,Rural,47.89809363054468,,Instituto Nacional de Estadistica y Censos,2026-07-05
8812,HHA4213-%_HH-CHILDREN-URBAN,HH06 - Households with Internet access at home - %_HH - CHILDREN - URBAN,% of households,ITU Households Database,2024,Ecuador,ECU,Location,Children,Urban,79.18765101838984,,Instituto Nacional de Estadistica y Censos,2026-07-05
8818,HHA4213-%_HH-NOCHILDREN-URBAN,HH06 - Households with Internet access at home - %_HH - NOCHILDREN - URBAN,% of households,ITU Households Database,2024,Ecuador,ECU,Location,No Children,Urban,69.96787933900066,,Instituto Nacional de Estadistica y Censos,2026-07-05
8819,HHA4213-%_HH-RURAL-,HH06 - Households with Internet access at home - %_HH - RURAL,% of households,ITU Households Database,2024,Ecuador,ECU,Location,Rural,,48.07455114426482,,Instituto Nacional de Estadistica y Censos,2026-07-06
8820,HHA4213-%_HH-URBAN-,HH06 - Households with Internet access at home - %_HH - URBAN,% of households,ITU Households Database,2024,Estonia,EST,Location,Urban,,92.6840777287708,,Statistics Estonia,2025-07-03
8819,HHA4213-%_HH-RURAL-,HH06 - Households with Internet access at home - %_HH - RURAL,% of households,ITU Households Database,2024,Estonia,EST,Location,Rural,,93.38000304367677,,Statistics Estonia,2026-07-06
12047,xHH6_IDI,Estimated proportion of households with Internet access at home,% of households,ITU World Telecommunication Indicators Database,2024,Estonia,EST,,,,92.89462151,,Statistics Estonia,2026-02-02
12047,xHH6_IDI,Estimated proportion of households with Internet access at home,% of households,ITU World Telecommunication Indicators Database,2024,Ethiopia,ETH,,,,29.15778307,,ITU estimate.,2026-02-02
12047,xHH6_IDI,Estimated proportion of households with Internet access at home,% of households,ITU World Telecommunication Indicators Database,2024,France,FRA,,,,89.15000133,,Institut National de la Statistique et des Etudes Economiques,2026-02-02
8819,HHA4213-%_HH-RURAL-,HH06 - Households with Internet access at home - %_HH - RURAL,% of households,ITU Households Database,2024,France,FRA,Location,Rural,,86.87499161512766,,Institut National de la Statistique et des Etudes Economiques,2026-07-06
8820,HHA4213-%_HH-URBAN-,HH06 - Households with Internet access at home - %_HH - URBAN,% of households,ITU Households Database,2024,France,FRA,Location,Urban,,89.67958433989457,,Institut National de la Statistique et des Etudes Economiques,2026-07-05
8810,HHA4213-%_HH-CHILDREN-,HH06 - Households with Internet access at home - %_HH - CHILDREN,% of households,ITU Households Database,2024,France,FRA,Family,Children,,98.67744892833463,,Institut National de la Statistique et des Etudes Economiques,2026-07-06
8818,HHA4213-%_HH-NOCHILDREN-URBAN,HH06 - Households with Internet access at home - %_HH - NOCHILDREN - URBAN,% of households,ITU Households Database,2024,France,FRA,Location,No Children,Urban,87.30513121004606,,Institut National de la Statistique et des Etudes Economiques,2026-07-05
8811,HHA4213-%_HH-CHILDREN-RURAL,HH06 - Households with Internet access at home - %_HH - CHILDREN - RURAL,% of households,ITU Households Database,2024,France,FRA,Location,Children,Rural,98.89396528523115,,Institut National de la Statistique et des Etudes Economiques,2026-07-06
8817,HHA4213-%_HH-NOCHILDREN-RURAL,HH06 - Households with Internet access at home - %_HH - NOCHILDREN - RURAL,% of households,ITU Households Database,2024,France,FRA,Location,No Children,Rural,82.68300489128897,,Institut National de la Statistique et des Etudes Economiques,2026-07-05
8816,HHA4213-%_HH-NOCHILDREN-,HH06 - Households with Internet access at home - %_HH - NOCHILDREN,% of households,ITU Households Database,2024,France,FRA,Family,No Children,,86.47645624191851,,Institut National de la Statistique et des Etudes Economiques,2026-07-05
8812,HHA4213-%_HH-CHILDREN-URBAN,HH06 - Households with Internet access at home - %_HH - CHILDREN - URBAN,% of households,ITU Households Database,2024,France,FRA,Location,Children,Urban,98.61536747969323,,Institut National de la Statistique et des Etudes Economiques,2026-07-05
12047,xHH6_IDI,Estimated proportion of households with Internet access at home,% of households,ITU World Telecommunication Indicators Database,2024,Fiji,FJI,,,,82.99120533,,ITU estimate.,2026-02-02
12047,xHH6_IDI,Estimated proportion of households with Internet access at home,% of households,ITU World Telecommunication Indicators Database,2024,Finland,FIN,,,,93.0170181,,Statistics Finland,2026-01-15
12047,xHH6_IDI,Estimated proportion of households with Internet access at home,% of households,ITU World Telecommunication Indicators Database,2024,United Kingdom,GBR,,,,96.44084615,,ITU estimate.,2026-02-02
12047,xHH6_IDI,Estimated proportion of households with Internet access at home,% of households,ITU World Telecommunication Indicators Database,2024,Gabon,GAB,,,,74.87440755,,ITU estimate.,2026-02-02
12047,xHH6_IDI,Estimated proportion of households with Internet access at home,% of households,ITU World Telecommunication Indicators Database,2024,Ghana,GHA,,,,73.54179336,,ITU estimate.,2026-02-02
12047,xHH6_IDI,Estimated proportion of households with Internet access at home,% of households,ITU World Telecommunication Indicators Database,2024,Gambia,GMB,,,,89.24401419,,ITU estimate.,2026-07-08
8816,HHA4213-%_HH-NOCHILDREN-,HH06 - Households with Internet access at home - %_HH - NOCHILDREN,% of households,ITU Households Database,2024,Gambia,GMB,Family,No Children,,92.07084171304741,,Gambia Bureau of Statistics,2026-05-25
8818,HHA4213-%_HH-NOCHILDREN-URBAN,HH06 - Households with Internet access at home - %_HH - NOCHILDREN - URBAN,% of households,ITU Households Database,2024,Gambia,GMB,Location,No Children,Urban,94.29370320634278,,Gambia Bureau of Statistics,2026-05-25
8811,HHA4213-%_HH-CHILDREN-RURAL,HH06 - Households with Internet access at home - %_HH - CHILDREN - RURAL,% of households,ITU Households Database,2024,Gambia,GMB,Location,Children,Rural,78.96540116852204,,Gambia Bureau of Statistics,2026-05-25
8817,HHA4213-%_HH-NOCHILDREN-RURAL,HH06 - Households with Internet access at home - %_HH - NOCHILDREN - RURAL,% of households,ITU Households Database,2024,Gambia,GMB,Location,No Children,Rural,79.71784911061133,,Gambia Bureau of Statistics,2026-05-25
8810,HHA4213-%_HH-CHILDREN-,HH06 - Households with Internet access at home - %_HH - CHILDREN,% of households,ITU Households Database,2024,Gambia,GMB,Family,Children,,88.46768081999991,,Gambia Bureau of Statistics,2026-05-25
8820,HHA4213-%_HH-URBAN-,HH06 - Households with Internet access at home - %_HH - URBAN,% of households,ITU Households Database,2024,Gambia,GMB,Location,Urban,,93.8751587379115,,Gambia Bureau of Statistics,2026-05-25
8819,HHA4213-%_HH-RURAL-,HH06 - Households with Internet access at home - %_HH - RURAL,% of households,ITU Households Database,2024,Gambia,GMB,Location,Rural,,79.04457639516373,,Gambia Bureau of Statistics,2026-05-25
8812,HHA4213-%_HH-CHILDREN-URBAN,HH06 - Households with Internet access at home - %_HH - CHILDREN - URBAN,% of households,ITU Households Database,2024,Gambia,GMB,Location,Children,Urban,93.72385771949541,,Gambia Bureau of Statistics,2026-05-25
12047,xHH6_IDI,Estimated proportion of households with Internet access at home,% of households,ITU World Telecommunication Indicators Database,2024,Guinea-Bissau,GNB,,,,28.46607903,,ITU estimate.,2026-02-02
12047,xHH6_IDI,Estimated proportion of households with Internet access at home,% of households,ITU World Telecommunication Indicators Database,2024,Equatorial Guinea,GNQ,,,,57.81006308,,ITU estimate.,2026-02-02
12047,xHH6_IDI,Estimated proportion of households with Internet access at home,% of households,ITU World Telecommunication Indicators Database,2024,Greece,GRC,,,,84.57604319,,HELLENIC STATISTICAL AUTHORITY,2026-02-02
8810,HHA4213-%_HH-CHILDREN-,HH06 - Households with Internet access at home - %_HH - CHILDREN,% of households,ITU Households Database,2024,Greece,GRC,Family,Children,,94.94505497517679,,HELLENIC STATISTICAL AUTHORITY,2026-07-06
8820,HHA4213-%_HH-URBAN-,HH06 - Households with Internet access at home - %_HH - URBAN,% of households,ITU Households Database,2024,Greece,GRC,Location,Urban,,86.94023721885306,,HELLENIC STATISTICAL AUTHORITY,2026-07-05
8816,HHA4213-%_HH-NOCHILDREN-,HH06 - Households with Internet access at home - %_HH - NOCHILDREN,% of households,ITU Households Database,2024,Greece,GRC,Family,No Children,,82.10254888493733,,HELLENIC STATISTICAL AUTHORITY,2026-07-05
8811,HHA4213-%_HH-CHILDREN-RURAL,HH06 - Households with Internet access at home - %_HH - CHILDREN - RURAL,% of households,ITU Households Database,2024,Greece,GRC,Location,Children,Rural,91.57400252268855,,HELLENIC STATISTICAL AUTHORITY,2026-07-06
8819,HHA4213-%_HH-RURAL-,HH06 - Households with Internet access at home - %_HH - RURAL,% of households,ITU Households Database,2024,Greece,GRC,Location,Rural,,75.00010280089884,,HELLENIC STATISTICAL AUTHORITY,2026-07-06
8817,HHA4213-%_HH-NOCHILDREN-RURAL,HH06 - Households with Internet access at home - %_HH - NOCHILDREN - RURAL,% of households,ITU Households Database,2024,Greece,GRC,Location,No Children,Rural,71.74996699380748,,HELLENIC STATISTICAL AUTHORITY,2026-07-05
8818,HHA4213-%_HH-NOCHILDREN-URBAN,HH06 - Households with Internet access at home - %_HH - NOCHILDREN - URBAN,% of households,ITU Households Database,2024,Greece,GRC,Location,No Children,Urban,84.7725858761088,,HELLENIC STATISTICAL AUTHORITY,2025-07-03
8812,HHA4213-%_HH-CHILDREN-URBAN,HH06 - Households with Internet access at home - %_HH - CHILDREN - URBAN,% of households,ITU Households Database,2024,Greece,GRC,Location,Children,Urban,95.62841606466309,,HELLENIC STATISTICAL AUTHORITY,2026-07-06
12047,xHH6_IDI,Estimated proportion of households with Internet access at home,% of households,ITU World Telecommunication Indicators Database,2024,Grenada,GRD,,,,76.27815286,,ITU estimate.,2026-02-02
12047,xHH6_IDI,Estimated proportion of households with Internet access at home,% of households,ITU World Telecommunication Indicators Database,2024,Guatemala,GTM,,,,35.53736418,,ITU estimate.,2026-02-02
12047,xHH6_IDI,Estimated proportion of households with Internet access at home,% of households,ITU World Telecommunication Indicators Database,2024,Guinea,GIN,,,,42.12624333,,ITU estimate.,2026-02-02
12047,xHH6_IDI,Estimated proportion of households with Internet access at home,% of households,ITU World Telecommunication Indicators Database,2024,Guyana,GUY,,,,54.33765642,,ITU estimate.,2026-02-02
12047,xHH6_IDI,Estimated proportion of households with Internet access at home,% of households,ITU World Telecommunication Indicators Database,2024,"Hong Kong, China",HKG,,,,96.72596586,,"Census and Statistics Department, the Government of the Hong Kong Special Administrative Region of the People's Republic of China",2026-01-15
8816,HHA4213-%_HH-NOCHILDREN-,HH06 - Households with Internet access at home - %_HH - NOCHILDREN,% of households,ITU Households Database,2024,"Hong Kong, China",HKG,Family,No Children,,96.04067973401712,,"Census and Statistics Department, Hong Kong Special Administrative Region, China",2026-07-07
8810,HHA4213-%_HH-CHILDREN-,HH06 - Households with Internet access at home - %_HH - CHILDREN,% of households,ITU Households Database,2024,"Hong Kong, China",HKG,Family,Children,,100,,"Census and Statistics Department, Hong Kong Special Administrative Region, China",2026-07-07
12047,xHH6_IDI,Estimated proportion of households with Internet access at home,% of households,ITU World Telecommunication Indicators Database,2024,Honduras,HND,,,,50.75729032,,ITU estimate.,2026-02-02
12047,xHH6_IDI,Estimated proportion of households with Internet access at home,% of households,ITU World Telecommunication Indicators Database,2024,Hungary,HUN,,,,94.78327889,,Hungarian Central Statistical Office,2026-02-02
8817,HHA4213-%_HH-NOCHILDREN-RURAL,HH06 - Households with Internet access at home - %_HH - NOCHILDREN - RURAL,% of households,ITU Households Database,2024,Hungary,HUN,Location,No Children,Rural,88.93268539887829,,Hungarian Central Statistical Office,2026-07-05
8819,HHA4213-%_HH-RURAL-,HH06 - Households with Internet access at home - %_HH - RURAL,% of households,ITU Households Database,2024,Hungary,HUN,Location,Rural,,91.8773074279263,,Hungarian Central Statistical Office,2025-07-03
8816,HHA4213-%_HH-NOCHILDREN-,HH06 - Households with Internet access at home - %_HH - NOCHILDREN,% of households,ITU Households Database,2024,Hungary,HUN,Family,No Children,,93.09930979696692,,Hungarian Central Statistical Office,2026-07-05
8811,HHA4213-%_HH-CHILDREN-RURAL,HH06 - Households with Internet access at home - %_HH - CHILDREN - RURAL,% of households,ITU Households Database,2024,Hungary,HUN,Location,Children,Rural,99.34486077889132,,Hungarian Central Statistical Office,2026-07-06
8812,HHA4213-%_HH-CHILDREN-URBAN,HH06 - Households with Internet access at home - %_HH - CHILDREN - URBAN,% of households,ITU Households Database,2024,Hungary,HUN,Location,Children,Urban,99.46719253888635,,Hungarian Central Statistical Office,2026-07-05
8810,HHA4213-%_HH-CHILDREN-,HH06 - Households with Internet access at home - %_HH - CHILDREN,% of households,ITU Households Database,2024,Hungary,HUN,Family,Children,,99.42817537734881,,Hungarian Central Statistical Office,2026-07-06
8820,HHA4213-%_HH-URBAN-,HH06 - Households with Internet access at home - %_HH - URBAN,% of households,ITU Households Database,2024,Hungary,HUN,Location,Urban,,96.02916791576106,,Hungarian Central Statistical Office,2026-07-05
8818,HHA4213-%_HH-NOCHILDREN-URBAN,HH06 - Households with Internet access at home - %_HH - NOCHILDREN - URBAN,% of households,ITU Households Database,2024,Hungary,HUN,Location,No Children,Urban,94.82807386795479,,Hungarian Central Statistical Office,2026-07-05
12047,xHH6_IDI,Estimated proportion of households with Internet access at home,% of households,ITU World Telecommunication Indicators Database,2024,Netherlands,NLD,,,,97.79845315,,ITU estimate.,2026-02-02
12047,xHH6_IDI,Estimated proportion of households with Internet access at home,% of households,ITU World Telecommunication Indicators Database,2024,Croatia,HRV,,,,88.37465569,,Croatian Bureau of Statistics,2026-02-02
8820,HHA4213-%_HH-URBAN-,HH06 - Households with Internet access at home - %_HH - URBAN,% of households,ITU Households Database,2024,Croatia,HRV,Location,Urban,,89.80545039477401,,Croatian Bureau of Statistics,2026-07-05
8819,HHA4213-%_HH-RURAL-,HH06 - Households with Internet access at home - %_HH - RURAL,% of households,ITU Households Database,2024,Croatia,HRV,Location,Rural,,85.92355514519018,,Croatian Bureau of Statistics,2026-07-06
8819,HHA4213-%_HH-RURAL-,HH06 - Households with Internet access at home - %_HH - RURAL,% of households,ITU Households Database,2024,Italy,ITA,Location,Rural,,83.57318234825055,,Italian National Institute of Statistics,2026-07-06
8811,HHA4213-%_HH-CHILDREN-RURAL,HH06 - Households with Internet access at home - %_HH - CHILDREN - RURAL,% of households,ITU Households Database,2024,Italy,ITA,Location,Children,Rural,99.37048361670388,,Italian National Institute of Statistics,2026-07-06
8817,HHA4213-%_HH-NOCHILDREN-RURAL,HH06 - Households with Internet access at home - %_HH - NOCHILDREN - RURAL,% of households,ITU Households Database,2024,Italy,ITA,Location,No Children,Rural,80.13284622198556,,Italian National Institute of Statistics,2026-07-05
8820,HHA4213-%_HH-URBAN-,HH06 - Households with Internet access at home - %_HH - URBAN,% of households,ITU Households Database,2024,Italy,ITA,Location,Urban,,86.78647061960977,,Italian National Institute of Statistics,2026-07-05
8812,HHA4213-%_HH-CHILDREN-URBAN,HH06 - Households with Internet access at home - %_HH - CHILDREN - URBAN,% of households,ITU Households Database,2024,Italy,ITA,Location,Children,Urban,98.95987239990069,,Italian National Institute of Statistics,2026-07-05
8818,HHA4213-%_HH-NOCHILDREN-URBAN,HH06 - Households with Internet access at home - %_HH - NOCHILDREN - URBAN,% of households,ITU Households Database,2024,Italy,ITA,Location,No Children,Urban,84.06579076718937,,Italian National Institute of Statistics,2026-07-05
8810,HHA4213-%_HH-CHILDREN-,HH06 - Households with Internet access at home - %_HH - CHILDREN,% of households,ITU Households Database,2024,Italy,ITA,Family,Children,,99.0321330022703,,Italian National Institute of Statistics,2025-07-03
8816,HHA4213-%_HH-NOCHILDREN-,HH06 - Households with Internet access at home - %_HH - NOCHILDREN,% of households,ITU Households Database,2024,Italy,ITA,Family,No Children,,83.3587599915537,,Italian National Institute of Statistics,2025-07-03
12047,xHH6_IDI,Estimated proportion of households with Internet access at home,% of households,ITU World Telecommunication Indicators Database,2024,Italy,ITA,,,,86.21102801,,Italian National Institute of Statistics,2026-02-02
12047,xHH6_IDI,Estimated proportion of households with Internet access at home,% of households,ITU World Telecommunication Indicators Database,2024,India,IND,,,,82.82892848,,ITU estimate.,2026-02-02
12047,xHH6_IDI,Estimated proportion of households with Internet access at home,% of households,ITU World Telecommunication Indicators Database,2024,Indonesia,IDN,,,,89.75756865,,BPS-Statistics Indonesia,2026-02-02
8812,HHA4213-%_HH-CHILDREN-URBAN,HH06 - Households with Internet access at home - %_HH - CHILDREN - URBAN,% of households,ITU Households Database,2024,Indonesia,IDN,Location,Children,Urban,99.05986742557731,,BPS-Statistics Indonesia,2026-07-05
8819,HHA4213-%_HH-RURAL-,HH06 - Households with Internet access at home - %_HH - RURAL,% of households,ITU Households Database,2024,Indonesia,IDN,Location,Rural,,84.6117094431196,,BPS-Statistics Indonesia,2025-07-03
8818,HHA4213-%_HH-NOCHILDREN-URBAN,HH06 - Households with Internet access at home - %_HH - NOCHILDREN - URBAN,% of households,ITU Households Database,2024,Indonesia,IDN,Location,No Children,Urban,86.4115825602922,,BPS-Statistics Indonesia,2025-07-03
8816,HHA4213-%_HH-NOCHILDREN-,HH06 - Households with Internet access at home - %_HH - NOCHILDREN,% of households,ITU Households Database,2024,Indonesia,IDN,Family,No Children,,80.22519150633063,,BPS-Statistics Indonesia,2026-07-05
8811,HHA4213-%_HH-CHILDREN-RURAL,HH06 - Households with Internet access at home - %_HH - CHILDREN - RURAL,% of households,ITU Households Database,2024,Indonesia,IDN,Location,Children,Rural,94.56515102552609,,BPS-Statistics Indonesia,2026-07-06
8810,HHA4213-%_HH-CHILDREN-,HH06 - Households with Internet access at home - %_HH - CHILDREN,% of households,ITU Households Database,2024,Indonesia,IDN,Family,Children,,97.14440451876445,,BPS-Statistics Indonesia,2026-07-06
8820,HHA4213-%_HH-URBAN-,HH06 - Households with Internet access at home - %_HH - URBAN,% of households,ITU Households Database,2024,Indonesia,IDN,Location,Urban,,93.37746558719628,,BPS-Statistics Indonesia,2026-07-05
8817,HHA4213-%_HH-NOCHILDREN-RURAL,HH06 - Households with Internet access at home - %_HH - NOCHILDREN - RURAL,% of households,ITU Households Database,2024,Indonesia,IDN,Location,No Children,Rural,70.78645177863704,,BPS-Statistics Indonesia,2026-07-05
12047,xHH6_IDI,Estimated proportion of households with Internet access at home,% of households,ITU World Telecommunication Indicators Database,2024,Ireland,IRL,,,,97.06694031,,ITU estimate.,2026-02-02
12047,xHH6_IDI,Estimated proportion of households with Internet access at home,% of households,ITU World Telecommunication Indicators Database,2024,Iran (Islamic Republic of),IRN,,,,86.21587547,,ITU estimate.,2026-02-02
12047,xHH6_IDI,Estimated proportion of households with Internet access at home,% of households,ITU World Telecommunication Indicators Database,2024,Iraq,IRQ,,,,87.27489911,,ITU estimate.,2026-02-02
12047,xHH6_IDI,Estimated proportion of households with Internet access at home,% of households,ITU World Telecommunication Indicators Database,2024,Iceland,ISL,,,,98.29035943,,ITU estimate.,2026-02-02
12047,xHH6_IDI,Estimated proportion of households with Internet access at home,% of households,ITU World Telecommunication Indicators Database,2024,Israel,ISR,,,,86.56512224,,Central Bureau of Statistics,2026-02-02
12047,xHH6_IDI,Estimated proportion of households with Internet access at home,% of households,ITU World Telecommunication Indicators Database,2024,Japan,JPN,,,,91.04313301,,Ministry of Internal Affairs and Communications,2026-01-15
8812,HHA4213-%_HH-CHILDREN-URBAN,HH06 - Households with Internet access at home - %_HH - CHILDREN - URBAN,% of households,ITU Households Database,2024,Japan,JPN,Location,Children,Urban,99.36305732484077,,Ministry of Internal Affairs and Communications,2026-07-07
8811,HHA4213-%_HH-CHILDREN-RURAL,HH06 - Households with Internet access at home - %_HH - CHILDREN - RURAL,% of households,ITU Households Database,2024,Japan,JPN,Location,Children,Rural,99.47033898305084,,Ministry of Internal Affairs and Communications,2026-07-07
8817,HHA4213-%_HH-NOCHILDREN-RURAL,HH06 - Households with Internet access at home - %_HH - NOCHILDREN - RURAL,% of households,ITU Households Database,2024,Japan,JPN,Location,No Children,Rural,87.45824717671385,,Ministry of Internal Affairs and Communications,2026-07-07
8816,HHA4213-%_HH-NOCHILDREN-,HH06 - Households with Internet access at home - %_HH - NOCHILDREN,% of households,ITU Households Database,2024,Japan,JPN,Family,No Children,,88.58150067703227,,Ministry of Internal Affairs and Communications,2026-07-07
8820,HHA4213-%_HH-URBAN-,HH06 - Households with Internet access at home - %_HH - URBAN,% of households,ITU Households Database,2024,Japan,JPN,Location,Urban,,92.21047996477323,,Ministry of Internal Affairs and Communications,2026-07-05
8818,HHA4213-%_HH-NOCHILDREN-URBAN,HH06 - Households with Internet access at home - %_HH - NOCHILDREN - URBAN,% of households,ITU Households Database,2024,Japan,JPN,Location,No Children,Urban,90.17867239624562,,Ministry of Internal Affairs and Communications,2026-07-07
8819,HHA4213-%_HH-RURAL-,HH06 - Households with Internet access at home - %_HH - RURAL,% of households,ITU Households Database,2024,Japan,JPN,Location,Rural,,90.23241590214067,,Ministry of Internal Affairs and Communications,2026-07-06
8810,HHA4213-%_HH-CHILDREN-,HH06 - Households with Internet access at home - %_HH - CHILDREN,% of households,ITU Households Database,2024,Japan,JPN,Family,Children,,99.42748091603053,,Ministry of Internal Affairs and Communications,2026-07-07
12047,xHH6_IDI,Estimated proportion of households with Internet access at home,% of households,ITU World Telecommunication Indicators Database,2024,Jamaica,JAM,,,,86.64142356,,ITU estimate.,2026-02-02
12047,xHH6_IDI,Estimated proportion of households with Internet access at home,% of households,ITU World Telecommunication Indicators Database,2024,Jordan,JOR,,,,96.45566293,,Ministry of Digital Economy and Entrepreneurship,2026-01-15
8820,HHA4213-%_HH-URBAN-,HH06 - Households with Internet access at home - %_HH - URBAN,% of households,ITU Households Database,2024,Jordan,JOR,Location,Urban,,97.2432534616675,,Ministry of Digital Economy and Entrepreneurship,2026-07-05
8816,HHA4213-%_HH-NOCHILDREN-,HH06 - Households with Internet access at home - %_HH - NOCHILDREN,% of households,ITU Households Database,2024,Jordan,JOR,Family,No Children,,94.89354965304412,,Ministry of Digital Economy and Entrepreneurship,2026-07-07
8810,HHA4213-%_HH-CHILDREN-,HH06 - Households with Internet access at home - %_HH - CHILDREN,% of households,ITU Households Database,2024,Jordan,JOR,Family,Children,,98.38478724204968,,Ministry of Digital Economy and Entrepreneurship,2026-07-07
8819,HHA4213-%_HH-RURAL-,HH06 - Households with Internet access at home - %_HH - RURAL,% of households,ITU Households Database,2024,Jordan,JOR,Location,Rural,,89.57734542707179,,Ministry of Digital Economy and Entrepreneurship,2026-07-06
8811,HHA4213-%_HH-CHILDREN-RURAL,HH06 - Households with Internet access at home - %_HH - CHILDREN - RURAL,% of households,ITU Households Database,2024,Jordan,JOR,Location,Children,Rural,94.47125726488372,,Ministry of Digital Economy and Entrepreneurship,2026-07-07
8812,HHA4213-%_HH-CHILDREN-URBAN,HH06 - Households with Internet access at home - %_HH - CHILDREN - URBAN,% of households,ITU Households Database,2024,Jordan,JOR,Location,Children,Urban,98.9050688790605,,Ministry of Digital Economy and Entrepreneurship,2026-07-07
8818,HHA4213-%_HH-NOCHILDREN-URBAN,HH06 - Households with Internet access at home - %_HH - NOCHILDREN - URBAN,% of households,ITU Households Database,2024,Jordan,JOR,Location,No Children,Urban,95.93671817512876,,Ministry of Digital Economy and Entrepreneurship,2026-07-07
8817,HHA4213-%_HH-NOCHILDREN-RURAL,HH06 - Households with Internet access at home - %_HH - NOCHILDREN - RURAL,% of households,ITU Households Database,2024,Jordan,JOR,Location,No Children,Rural,84.46237614048857,,Ministry of Digital Economy and Entrepreneurship,2026-07-07
8812,HHA4213-%_HH-CHILDREN-URBAN,HH06 - Households with Internet access at home - %_HH - CHILDREN - URBAN,% of households,ITU Households Database,2024,Kenya,KEN,Location,Children,Urban,77.93881024152441,Refers to households with access to broadband networks (fixed and/or mobile),Kenya National Bureau of Statistics,2026-07-05
8817,HHA4213-%_HH-NOCHILDREN-RURAL,HH06 - Households with Internet access at home - %_HH - NOCHILDREN - RURAL,% of households,ITU Households Database,2024,Kenya,KEN,Location,No Children,Rural,27.1544259403352,Refers to households with access to broadband networks (fixed and/or mobile),Kenya National Bureau of Statistics,2025-07-03
8816,HHA4213-%_HH-NOCHILDREN-,HH06 - Households with Internet access at home - %_HH - NOCHILDREN,% of households,ITU Households Database,2024,Kenya,KEN,Family,No Children,,53.850515423046865,Refers to households with access to broadband networks (fixed and/or mobile),Kenya National Bureau of Statistics,2026-07-05
8818,HHA4213-%_HH-NOCHILDREN-URBAN,HH06 - Households with Internet access at home - %_HH - NOCHILDREN - URBAN,% of households,ITU Households Database,2024,Kenya,KEN,Location,No Children,Urban,85.54371761383474,Refers to households with access to broadband networks (fixed and/or mobile),Kenya National Bureau of Statistics,2026-07-05
8820,HHA4213-%_HH-URBAN-,HH06 - Households with Internet access at home - %_HH - URBAN,% of households,ITU Households Database,2024,Kenya,KEN,Location,Urban,,81.616207414398,Refers to households with access to broadband networks (fixed and/or mobile),Kenya National Bureau of Statistics,2026-07-05
8819,HHA4213-%_HH-RURAL-,HH06 - Households with Internet access at home - %_HH - RURAL,% of households,ITU Households Database,2024,Kenya,KEN,Location,Rural,,25.95985764377351,Refers to households with access to broadband networks (fixed and/or mobile),Kenya National Bureau of Statistics,2026-07-06
8811,HHA4213-%_HH-CHILDREN-RURAL,HH06 - Households with Internet access at home - %_HH - CHILDREN - RURAL,% of households,ITU Households Database,2024,Kenya,KEN,Location,Children,Rural,25.283323217956454,Refers to households with access to broadband networks (fixed and/or mobile),Kenya National Bureau of Statistics,2026-07-06
8810,HHA4213-%_HH-CHILDREN-,HH06 - Households with Internet access at home - %_HH - CHILDREN,% of households,ITU Households Database,2024,Kenya,KEN,Family,Children,,43.05605054605909,Refers to households with access to broadband networks (fixed and/or mobile),Kenya National Bureau of Statistics,2026-07-06
12047,xHH6_IDI,Estimated proportion of households with Internet access at home,% of households,ITU World Telecommunication Indicators Database,2024,Kenya,KEN,,,,47.4678837,Refers to households with access to broadband networks (fixed and/or mobile),Kenya National Bureau of Statistics,2026-02-02
12047,xHH6_IDI,Estimated proportion of households with Internet access at home,% of households,ITU World Telecommunication Indicators Database,2024,Kiribati,KIR,,,,89.52880021,,ITU estimate.,2026-02-02
12047,xHH6_IDI,Estimated proportion of households with Internet access at home,% of households,ITU World Telecommunication Indicators Database,2024,Korea (Rep. of),KOR,,,,99.97082612,,Ministry of Science and ICT,2026-02-02
8818,HHA4213-%_HH-NOCHILDREN-URBAN,HH06 - Households with Internet access at home - %_HH - NOCHILDREN - URBAN,% of households,ITU Households Database,2024,Korea (Rep. of),KOR,Location,No Children,Urban,99.96657265147327,,Ministry of Science and ICT,2026-07-05
8819,HHA4213-%_HH-RURAL-,HH06 - Households with Internet access at home - %_HH - RURAL,% of households,ITU Households Database,2024,Korea (Rep. of),KOR,Location,Rural,,99.9640569390935,,Ministry of Science and ICT,2026-07-06
8816,HHA4213-%_HH-NOCHILDREN-,HH06 - Households with Internet access at home - %_HH - NOCHILDREN,% of households,ITU Households Database,2024,Korea (Rep. of),KOR,Family,No Children,,99.9649588346847,,Ministry of Science and ICT,2026-07-05
8810,HHA4213-%_HH-CHILDREN-,HH06 - Households with Internet access at home - %_HH - CHILDREN,% of households,ITU Households Database,2024,Korea (Rep. of),KOR,Family,Children,,100,,Ministry of Science and ICT,2025-07-03
8812,HHA4213-%_HH-CHILDREN-URBAN,HH06 - Households with Internet access at home - %_HH - CHILDREN - URBAN,% of households,ITU Households Database,2024,Korea (Rep. of),KOR,Location,Children,Urban,100,,Ministry of Science and ICT,2025-07-03
8820,HHA4213-%_HH-URBAN-,HH06 - Households with Internet access at home - %_HH - URBAN,% of households,ITU Households Database,2024,Korea (Rep. of),KOR,Location,Urban,,99.97239749598491,,Ministry of Science and ICT,2026-07-05
8817,HHA4213-%_HH-NOCHILDREN-RURAL,HH06 - Households with Internet access at home - %_HH - NOCHILDREN - RURAL,% of households,ITU Households Database,2024,Korea (Rep. of),KOR,Location,No Children,Rural,99.95829852183753,,Ministry of Science and ICT,2026-07-05
8811,HHA4213-%_HH-CHILDREN-RURAL,HH06 - Households with Internet access at home - %_HH - CHILDREN - RURAL,% of households,ITU Households Database,2024,Korea (Rep. of),KOR,Location,Children,Rural,100,,Ministry of Science and ICT,2025-07-03
12047,xHH6_IDI,Estimated proportion of households with Internet access at home,% of households,ITU World Telecommunication Indicators Database,2024,Kuwait,KWT,,,,100,,ITU estimate.,2026-02-02
12047,xHH6_IDI,Estimated proportion of households with Internet access at home,% of households,ITU World Telecommunication Indicators Database,2024,Lao P.D.R.,LAO,,,,70.2070482,,ITU estimate.,2026-02-02
12047,xHH6_IDI,Estimated proportion of households with Internet access at home,% of households,ITU World Telecommunication Indicators Database,2024,Lebanon,LBN,,,,73.96080127,,ITU estimate.,2026-02-02
12047,xHH6_IDI,Estimated proportion of households with Internet access at home,% of households,ITU World Telecommunication Indicators Database,2024,Liberia,LBR,,,,36.48759234,,ITU estimate.,2026-02-02
12047,xHH6_IDI,Estimated proportion of households with Internet access at home,% of households,ITU World Telecommunication Indicators Database,2024,Libya,LBY,,,,92,,MICS 2024-2025,2026-03-05
12047,xHH6_IDI,Estimated proportion of households with Internet access at home,% of households,ITU World Telecommunication Indicators Database,2024,Saint Lucia,LCA,,,,78.5395689,,ITU estimate.,2026-02-02
12047,xHH6_IDI,Estimated proportion of households with Internet access at home,% of households,ITU World Telecommunication Indicators Database,2024,Liechtenstein,LIE,,,,98.24542393,,ITU estimate.,2026-02-02
12047,xHH6_IDI,Estimated proportion of households with Internet access at home,% of households,ITU World Telecommunication Indicators Database,2024,Lesotho,LSO,,,,51.0228939,,ITU estimate.,2026-02-02
12047,xHH6_IDI,Estimated proportion of households with Internet access at home,% of households,ITU World Telecommunication Indicators Database,2024,Lithuania,LTU,,,,90.38055805,,Statistics Lithuania,2026-01-15
8817,HHA4213-%_HH-NOCHILDREN-RURAL,HH06 - Households with Internet access at home - %_HH - NOCHILDREN - RURAL,% of households,ITU Households Database,2024,Lithuania,LTU,Location,No Children,Rural,81.9382974027383,,Statistics Lithuania,2026-07-07
8818,HHA4213-%_HH-NOCHILDREN-URBAN,HH06 - Households with Internet access at home - %_HH - NOCHILDREN - URBAN,% of households,ITU Households Database,2024,Lithuania,LTU,Location,No Children,Urban,90.87478494854214,,Statistics Lithuania,2026-07-07
8816,HHA4213-%_HH-NOCHILDREN-,HH06 - Households with Internet access at home - %_HH - NOCHILDREN,% of households,ITU Households Database,2024,Lithuania,LTU,Family,No Children,,88.07409892027339,,Statistics Lithuania,2026-07-07
8811,HHA4213-%_HH-CHILDREN-RURAL,HH06 - Households with Internet access at home - %_HH - CHILDREN - RURAL,% of households,ITU Households Database,2024,Lithuania,LTU,Location,Children,Rural,99.45733106644124,,Statistics Lithuania,2026-07-07
8819,HHA4213-%_HH-RURAL-,HH06 - Households with Internet access at home - %_HH - RURAL,% of households,ITU Households Database,2024,Lithuania,LTU,Location,Rural,,85.29446724318792,,Statistics Lithuania,2026-07-06
8810,HHA4213-%_HH-CHILDREN-,HH06 - Households with Internet access at home - %_HH - CHILDREN,% of households,ITU Households Database,2024,Lithuania,LTU,Family,Children,,99.6273892768122,,Statistics Lithuania,2026-07-07
8812,HHA4213-%_HH-CHILDREN-URBAN,HH06 - Households with Internet access at home - %_HH - CHILDREN - URBAN,% of households,ITU Households Database,2024,Lithuania,LTU,Location,Children,Urban,99.69948963684892,,Statistics Lithuania,2026-07-07
8820,HHA4213-%_HH-URBAN-,HH06 - Households with Internet access at home - %_HH - URBAN,% of households,ITU Households Database,2024,Lithuania,LTU,Location,Urban,,92.66853010901048,,Statistics Lithuania,2026-07-05
8820,HHA4213-%_HH-URBAN-,HH06 - Households with Internet access at home - %_HH - URBAN,% of households,ITU Households Database,2024,Luxembourg,LUX,Location,Urban,,98.86542087903078,,Service Central de la Statistique et des Etudes Economiques (STATEC),2026-07-05
8812,HHA4213-%_HH-CHILDREN-URBAN,HH06 - Households with Internet access at home - %_HH - CHILDREN - URBAN,% of households,ITU Households Database,2024,Luxembourg,LUX,Location,Children,Urban,100,,Service Central de la Statistique et des Etudes Economiques (STATEC),2025-07-03
8818,HHA4213-%_HH-NOCHILDREN-URBAN,HH06 - Households with Internet access at home - %_HH - NOCHILDREN - URBAN,% of households,ITU Households Database,2024,Luxembourg,LUX,Location,No Children,Urban,98.4004549816941,,Service Central de la Statistique et des Etudes Economiques (STATEC),2025-07-03
8819,HHA4213-%_HH-RURAL-,HH06 - Households with Internet access at home - %_HH - RURAL,% of households,ITU Households Database,2024,Luxembourg,LUX,Location,Rural,,98.83124327195962,,Service Central de la Statistique et des Etudes Economiques (STATEC),2026-07-06
8811,HHA4213-%_HH-CHILDREN-RURAL,HH06 - Households with Internet access at home - %_HH - CHILDREN - RURAL,% of households,ITU Households Database,2024,Luxembourg,LUX,Location,Children,Rural,100,,Service Central de la Statistique et des Etudes Economiques (STATEC),2025-07-03
8816,HHA4213-%_HH-NOCHILDREN-,HH06 - Households with Internet access at home - %_HH - NOCHILDREN,% of households,ITU Households Database,2024,Luxembourg,LUX,Family,No Children,,98.3568528900058,,Service Central de la Statistique et des Etudes Economiques (STATEC),2025-07-03
8810,HHA4213-%_HH-CHILDREN-,HH06 - Households with Internet access at home - %_HH - CHILDREN,% of households,ITU Households Database,2024,Luxembourg,LUX,Family,Children,,100,,Service Central de la Statistique et des Etudes Economiques (STATEC),2025-07-03
8817,HHA4213-%_HH-NOCHILDREN-RURAL,HH06 - Households with Internet access at home - %_HH - NOCHILDREN - RURAL,% of households,ITU Households Database,2024,Luxembourg,LUX,Location,No Children,Rural,98.25221608964709,,Service Central de la Statistique et des Etudes Economiques (STATEC),2026-07-07
12047,xHH6_IDI,Estimated proportion of households with Internet access at home,% of households,ITU World Telecommunication Indicators Database,2024,Luxembourg,LUX,,,,98.85522559,,Service Central de la Statistique et des Etudes Economiques (STATEC),2026-02-02
12047,xHH6_IDI,Estimated proportion of households with Internet access at home,% of households,ITU World Telecommunication Indicators Database,2024,Latvia,LVA,,,,93.43832795,,Central Statistical Bureau of Latvia,2026-02-02
8819,HHA4213-%_HH-RURAL-,HH06 - Households with Internet access at home - %_HH - RURAL,% of households,ITU Households Database,2024,Latvia,LVA,Location,Rural,,90.81334011968825,,Central Statistical Bureau of Latvia,2026-07-06
8816,HHA4213-%_HH-NOCHILDREN-,HH06 - Households with Internet access at home - %_HH - NOCHILDREN,% of households,ITU Households Database,2024,Latvia,LVA,Family,No Children,,92.68417297309469,,Central Statistical Bureau of Latvia,2026-07-07
8810,HHA4213-%_HH-CHILDREN-,HH06 - Households with Internet access at home - %_HH - CHILDREN,% of households,ITU Households Database,2024,Latvia,LVA,Family,Children,,99.5004163732498,,Central Statistical Bureau of Latvia,2025-07-03
8820,HHA4213-%_HH-URBAN-,HH06 - Households with Internet access at home - %_HH - URBAN,% of households,ITU Households Database,2024,Latvia,LVA,Location,Urban,,95.6935165751553,,Central Statistical Bureau of Latvia,2025-07-03
12047,xHH6_IDI,Estimated proportion of households with Internet access at home,% of households,ITU World Telecommunication Indicators Database,2024,"Macao, China",MAC,,,,89.82638183,,ITU estimate.,2026-02-02
12047,xHH6_IDI,Estimated proportion of households with Internet access at home,% of households,ITU World Telecommunication Indicators Database,2024,Mauritius,MUS,,,,77.88283932,,ITU estimate.,2026-02-02
12047,xHH6_IDI,Estimated proportion of households with Internet access at home,% of households,ITU World Telecommunication Indicators Database,2024,Monaco,MCO,,,,99.02384282,,ITU estimate.,2026-02-02
12047,xHH6_IDI,Estimated proportion of households with Internet access at home,% of households,ITU World Telecommunication Indicators Database,2024,Madagascar,MDG,,,,28.5,,ITU estimate.,2026-02-02
12047,xHH6_IDI,Estimated proportion of households with Internet access at home,% of households,ITU World Telecommunication Indicators Database,2024,Mexico,MEX,,,,73.60545652,,Instituto Nacional de Estadística y Geografía (INEGI),2026-01-15
8818,HHA4213-%_HH-NOCHILDREN-URBAN,HH06 - Households with Internet access at home - %_HH - NOCHILDREN - URBAN,% of households,ITU Households Database,2024,Mexico,MEX,Location,No Children,Urban,77.02321532239012,,Instituto Nacional de Estadística y Geografía (INEGI),2026-07-07
8810,HHA4213-%_HH-CHILDREN-,HH06 - Households with Internet access at home - %_HH - CHILDREN,% of households,ITU Households Database,2024,Mexico,MEX,Family,Children,,76.52388053308779,,Instituto Nacional de Estadística y Geografía (INEGI),2026-07-07
8817,HHA4213-%_HH-NOCHILDREN-RURAL,HH06 - Households with Internet access at home - %_HH - NOCHILDREN - RURAL,% of households,ITU Households Database,2024,Mexico,MEX,Location,No Children,Rural,41.75453732466228,,Instituto Nacional de Estadística y Geografía (INEGI),2026-07-07
8816,HHA4213-%_HH-NOCHILDREN-,HH06 - Households with Internet access at home - %_HH - NOCHILDREN,% of households,ITU Households Database,2024,Mexico,MEX,Family,No Children,,71.42491022795468,,Instituto Nacional de Estadística y Geografía (INEGI),2026-07-07
8812,HHA4213-%_HH-CHILDREN-URBAN,HH06 - Households with Internet access at home - %_HH - CHILDREN - URBAN,% of households,ITU Households Database,2024,Mexico,MEX,Location,Children,Urban,83.55833334252945,,Instituto Nacional de Estadística y Geografía (INEGI),2026-07-07
8819,HHA4213-%_HH-RURAL-,HH06 - Households with Internet access at home - %_HH - RURAL,% of households,ITU Households Database,2024,Mexico,MEX,Location,Rural,,48.46640137910841,,Instituto Nacional de Estadística y Geografía (INEGI),2026-07-06
8811,HHA4213-%_HH-CHILDREN-RURAL,HH06 - Households with Internet access at home - %_HH - CHILDREN - RURAL,% of households,ITU Households Database,2024,Mexico,MEX,Location,Children,Rural,54.38081442520839,,Instituto Nacional de Estadística y Geografía (INEGI),2026-07-07
8820,HHA4213-%_HH-URBAN-,HH06 - Households with Internet access at home - %_HH - URBAN,% of households,ITU Households Database,2024,Mexico,MEX,Location,Urban,,79.65448525818219,,Instituto Nacional de Estadística y Geografía (INEGI),2026-07-05
8820,HHA4213-%_HH-URBAN-,HH06 - Households with Internet access at home - %_HH - URBAN,% of households,ITU Households Database,2024,Malaysia,MYS,Location,Urban,,98.75154484883699,,Department of Statistics,2026-07-05
8819,HHA4213-%_HH-RURAL-,HH06 - Households with Internet access at home - %_HH - RURAL,% of households,ITU Households Database,2024,Malaysia,MYS,Location,Rural,,90.3070320139281,,Department of Statistics,2025-07-03
12047,xHH6_IDI,Estimated proportion of households with Internet access at home,% of households,ITU World Telecommunication Indicators Database,2024,Malaysia,MYS,,,,96.8051341,,Department of Statistics,2026-02-02
12047,xHH6_IDI,Estimated proportion of households with Internet access at home,% of households,ITU World Telecommunication Indicators Database,2024,Maldives,MDV,,,,92.45080514,,ITU estimate.,2026-02-02
12047,xHH6_IDI,Estimated proportion of households with Internet access at home,% of households,ITU World Telecommunication Indicators Database,2024,Mali,MLI,,,,46.1870349,,ITU estimate.,2026-02-02
12047,xHH6_IDI,Estimated proportion of households with Internet access at home,% of households,ITU World Telecommunication Indicators Database,2024,Malta,MLT,,,,94.61752845,,ITU estimate.,2026-02-02
12047,xHH6_IDI,Estimated proportion of households with Internet access at home,% of households,ITU World Telecommunication Indicators Database,2024,Mongolia,MNG,,,,83.4020509,,ITU estimate.,2026-02-02
12047,xHH6_IDI,Estimated proportion of households with Internet access at home,% of households,ITU World Telecommunication Indicators Database,2024,Mozambique,MOZ,,,,11.1150027,,ITU estimate.,2026-02-02
12047,xHH6_IDI,Estimated proportion of households with Internet access at home,% of households,ITU World Telecommunication Indicators Database,2024,Morocco,MAR,,,,89.16215271,,Agence Nationale de Réglementation des Télécommunications,2026-07-08
8819,HHA4213-%_HH-RURAL-,HH06 - Households with Internet access at home - %_HH - RURAL,% of households,ITU Households Database,2024,Morocco,MAR,Location,Rural,,78.41836856936962,,Agence Nationale de Réglementation des Télécommunications,2026-02-17
8820,HHA4213-%_HH-URBAN-,HH06 - Households with Internet access at home - %_HH - URBAN,% of households,ITU Households Database,2024,Morocco,MAR,Location,Urban,,93.63609836530091,,Agence Nationale de Réglementation des Télécommunications,2026-02-17
12047,xHH6_IDI,Estimated proportion of households with Internet access at home,% of households,ITU World Telecommunication Indicators Database,2024,Marshall Islands,MHL,,,,65.91584194,,ITU estimate.,2026-02-02
12047,xHH6_IDI,Estimated proportion of households with Internet access at home,% of households,ITU World Telecommunication Indicators Database,2024,Mauritania,MRT,,,,58.67253071,,ITU estimate.,2026-02-02
12047,xHH6_IDI,Estimated proportion of households with Internet access at home,% of households,ITU World Telecommunication Indicators Database,2024,Malawi,MWI,,,,21.2003539,,ITU estimate.,2026-02-02
12047,xHH6_IDI,Estimated proportion of households with Internet access at home,% of households,ITU World Telecommunication Indicators Database,2024,Nicaragua,NIC,,,,53.27569995,,ITU estimate.,2026-02-02
12047,xHH6_IDI,Estimated proportion of households with Internet access at home,% of households,ITU World Telecommunication Indicators Database,2024,Niger,NER,,,,53.86561322,,ITU estimate.,2026-02-02
12047,xHH6_IDI,Estimated proportion of households with Internet access at home,% of households,ITU World Telecommunication Indicators Database,2024,Nigeria,NGA,,,,44.9492311,,ITU estimate.,2026-02-02
12047,xHH6_IDI,Estimated proportion of households with Internet access at home,% of households,ITU World Telecommunication Indicators Database,2024,Namibia,NAM,,,,70.27629718,,ITU estimate.,2026-02-02
12047,xHH6_IDI,Estimated proportion of households with Internet access at home,% of households,ITU World Telecommunication Indicators Database,2024,Norway,NOR,,,,99.48787608,,ITU estimate.,2026-02-02
12047,xHH6_IDI,Estimated proportion of households with Internet access at home,% of households,ITU World Telecommunication Indicators Database,2024,Nepal (Republic of),NPL,,,,40.23361915,,ITU estimate.,2026-02-02
12047,xHH6_IDI,Estimated proportion of households with Internet access at home,% of households,ITU World Telecommunication Indicators Database,2024,Nauru,NRU,,,,76.27430425,,ITU estimate.,2026-02-02
12047,xHH6_IDI,Estimated proportion of households with Internet access at home,% of households,ITU World Telecommunication Indicators Database,2024,New Zealand,NZL,,,,97.28312568,,ITU estimate.,2026-02-02
12047,xHH6_IDI,Estimated proportion of households with Internet access at home,% of households,ITU World Telecommunication Indicators Database,2024,Oman,OMN,,,,97.97513987,,ITU estimate.,2026-07-08
12047,xHH6_IDI,Estimated proportion of households with Internet access at home,% of households,ITU World Telecommunication Indicators Database,2024,Pakistan,PAK,,,,69.67021482,,ITU Pakistan Bureau of Statistics.,2026-07-08
8819,HHA4213-%_HH-RURAL-,HH06 - Households with Internet access at home - %_HH - RURAL,% of households,ITU Households Database,2024,Pakistan,PAK,Location,Rural,,61.24594581972568,,Pakistan Bureau of Statistics,2026-07-06
8820,HHA4213-%_HH-URBAN-,HH06 - Households with Internet access at home - %_HH - URBAN,% of households,ITU Households Database,2024,Pakistan,PAK,Location,Urban,,81.93239311404565,,Pakistan Bureau of Statistics,2026-07-05
8811,HHA4213-%_HH-CHILDREN-RURAL,HH06 - Households with Internet access at home - %_HH - CHILDREN - RURAL,% of households,ITU Households Database,2024,Philippines,PHL,Location,Children,Rural,40.42976901287207,"Excludes barangays established after the 2015 Census of Population and Housing (CPH), which serves as the basis for the urban–rural classification",Department of  Information and Communications Technology,2026-07-07
8816,HHA4213-%_HH-NOCHILDREN-,HH06 - Households with Internet access at home - %_HH - NOCHILDREN,% of households,ITU Households Database,2024,Philippines,PHL,Family,No Children,,47.68551110659525,,Department of  Information and Communications Technology,2026-07-07
8819,HHA4213-%_HH-RURAL-,HH06 - Households with Internet access at home - %_HH - RURAL,% of households,ITU Households Database,2024,Philippines,PHL,Location,Rural,,38.4015840810087,"Excludes barangays established after the 2015 Census of Population and Housing (CPH), which serves as the basis for the urban–rural classification",Department of  Information and Communications Technology,2026-07-06
8820,HHA4213-%_HH-URBAN-,HH06 - Households with Internet access at home - %_HH - URBAN,% of households,ITU Households Database,2024,Philippines,PHL,Location,Urban,,56.68506319873601,"Excludes barangays established after the 2015 Census of Population and Housing (CPH), which serves as the basis for the urban–rural classification",Department of  Information and Communications Technology,2026-07-05
8812,HHA4213-%_HH-CHILDREN-URBAN,HH06 - Households with Internet access at home - %_HH - CHILDREN - URBAN,% of households,ITU Households Database,2024,Philippines,PHL,Location,Children,Urban,57.73118411309769,"Excludes barangays established after the 2015 Census of Population and Housing (CPH), which serves as the basis for the urban–rural classification",Department of  Information and Communications Technology,2026-07-07
8810,HHA4213-%_HH-CHILDREN-,HH06 - Households with Internet access at home - %_HH - CHILDREN,% of households,ITU Households Database,2024,Philippines,PHL,Family,Children,,49.7602603905185,,Department of  Information and Communications Technology,2026-07-07
8817,HHA4213-%_HH-NOCHILDREN-RURAL,HH06 - Households with Internet access at home - %_HH - NOCHILDREN - RURAL,% of households,ITU Households Database,2024,Philippines,PHL,Location,No Children,Rural,35.86923024373211,"Excludes barangays established after the 2015 Census of Population and Housing (CPH), which serves as the basis for the urban–rural classification",Department of  Information and Communications Technology,2026-07-07
8818,HHA4213-%_HH-NOCHILDREN-URBAN,HH06 - Households with Internet access at home - %_HH - NOCHILDREN - URBAN,% of households,ITU Households Database,2024,Philippines,PHL,Location,No Children,Urban,55.64482456910193,"Excludes barangays established after the 2015 Census of Population and Housing (CPH), which serves as the basis for the urban–rural classification",Department of  Information and Communications Technology,2026-07-07
12047,xHH6_IDI,Estimated proportion of households with Internet access at home,% of households,ITU World Telecommunication Indicators Database,2024,Philippines,PHL,,,,48.77286312,,Department of  Information and Communications Technology,2026-01-15
12047,xHH6_IDI,Estimated proportion of households with Internet access at home,% of households,ITU World Telecommunication Indicators Database,2024,Palau,PLW,,,,83.92548628,,ITU estimate.,2026-02-02
12047,xHH6_IDI,Estimated proportion of households with Internet access at home,% of households,ITU World Telecommunication Indicators Database,2024,Papua New Guinea,PNG,,,,30.45601455,,ITU estimate.,2026-02-02
12047,xHH6_IDI,Estimated proportion of households with Internet access at home,% of households,ITU World Telecommunication Indicators Database,2024,Panama,PAN,,,,79.98796943,,ITU estimate.,2026-02-02
12047,xHH6_IDI,Estimated proportion of households with Internet access at home,% of households,ITU World Telecommunication Indicators Database,2024,Poland,POL,,,,95.88658021,,Statistics Poland,2026-02-02
8816,HHA4213-%_HH-NOCHILDREN-,HH06 - Households with Internet access at home - %_HH - NOCHILDREN,% of households,ITU Households Database,2024,Poland,POL,Family,No Children,,94.25449062776387,,Statistics Poland,2026-07-05
8820,HHA4213-%_HH-URBAN-,HH06 - Households with Internet access at home - %_HH - URBAN,% of households,ITU Households Database,2024,Poland,POL,Location,Urban,,96.09628104133688,,Statistics Poland,2026-07-05
8819,HHA4213-%_HH-RURAL-,HH06 - Households with Internet access at home - %_HH - RURAL,% of households,ITU Households Database,2024,Poland,POL,Location,Rural,,95.47283163882936,,Statistics Poland,2026-07-06
8810,HHA4213-%_HH-CHILDREN-,HH06 - Households with Internet access at home - %_HH - CHILDREN,% of households,ITU Households Database,2024,Poland,POL,Family,Children,,99.94982556019762,,Statistics Poland,2026-07-06
8816,HHA4213-%_HH-NOCHILDREN-,HH06 - Households with Internet access at home - %_HH - NOCHILDREN,% of households,ITU Households Database,2024,Portugal,PRT,Family,No Children,,88.99500975223206,,Instituto Nacional de Estatistica,2026-07-05
8811,HHA4213-%_HH-CHILDREN-RURAL,HH06 - Households with Internet access at home - %_HH - CHILDREN - RURAL,% of households,ITU Households Database,2024,Portugal,PRT,Location,Children,Rural,99.05295343236735,,Instituto Nacional de Estatistica,2026-07-06
8817,HHA4213-%_HH-NOCHILDREN-RURAL,HH06 - Households with Internet access at home - %_HH - NOCHILDREN - RURAL,% of households,ITU Households Database,2024,Portugal,PRT,Location,No Children,Rural,85.25502546843732,,Instituto Nacional de Estatistica,2026-07-05
8820,HHA4213-%_HH-URBAN-,HH06 - Households with Internet access at home - %_HH - URBAN,% of households,ITU Households Database,2024,Portugal,PRT,Location,Urban,,94.46915514103425,,Instituto Nacional de Estatistica,2026-07-05
8819,HHA4213-%_HH-RURAL-,HH06 - Households with Internet access at home - %_HH - RURAL,% of households,ITU Households Database,2024,Portugal,PRT,Location,Rural,,87.24045443196734,,Instituto Nacional de Estatistica,2026-07-06
8810,HHA4213-%_HH-CHILDREN-,HH06 - Households with Internet access at home - %_HH - CHILDREN,% of households,ITU Households Database,2024,Portugal,PRT,Family,Children,,99.18045679186086,,Instituto Nacional de Estatistica,2026-07-06
8818,HHA4213-%_HH-NOCHILDREN-URBAN,HH06 - Households with Internet access at home - %_HH - NOCHILDREN - URBAN,% of households,ITU Households Database,2024,Portugal,PRT,Location,No Children,Urban,93.45802698115281,,Instituto Nacional de Estatistica,2026-07-05
8812,HHA4213-%_HH-CHILDREN-URBAN,HH06 - Households with Internet access at home - %_HH - CHILDREN - URBAN,% of households,ITU Households Database,2024,Portugal,PRT,Location,Children,Urban,99.30303757564751,,Instituto Nacional de Estatistica,2026-07-05
12047,xHH6_IDI,Estimated proportion of households with Internet access at home,% of households,ITU World Telecommunication Indicators Database,2024,Portugal,PRT,,,,90.59829283,,Instituto Nacional de Estatistica,2026-02-02
12047,xHH6_IDI,Estimated proportion of households with Internet access at home,% of households,ITU World Telecommunication Indicators Database,2024,Paraguay,PRY,,,,63.79161126,,Instituto Nacional de EstadÃ­stica,2026-02-02
8818,HHA4213-%_HH-NOCHILDREN-URBAN,HH06 - Households with Internet access at home - %_HH - NOCHILDREN - URBAN,% of households,ITU Households Database,2024,Paraguay,PRY,Location,No Children,Urban,79.51762078767982,,Instituto Nacional de Estadística,2026-07-05
8811,HHA4213-%_HH-CHILDREN-RURAL,HH06 - Households with Internet access at home - %_HH - CHILDREN - RURAL,% of households,ITU Households Database,2024,Paraguay,PRY,Location,Children,Rural,32.44971426250214,,Instituto Nacional de Estadística,2026-07-06
8819,HHA4213-%_HH-RURAL-,HH06 - Households with Internet access at home - %_HH - RURAL,% of households,ITU Households Database,2024,Paraguay,PRY,Location,Rural,,37.37408334008169,,Instituto Nacional de Estadística,2026-07-06
8820,HHA4213-%_HH-URBAN-,HH06 - Households with Internet access at home - %_HH - URBAN,% of households,ITU Households Database,2024,Paraguay,PRY,Location,Urban,,80.27216562522457,,Instituto Nacional de Estadística,2026-07-05
8810,HHA4213-%_HH-CHILDREN-,HH06 - Households with Internet access at home - %_HH - CHILDREN,% of households,ITU Households Database,2024,Paraguay,PRY,Family,Children,,60.89754048030082,,Instituto Nacional de Estadística,2026-07-06
8817,HHA4213-%_HH-NOCHILDREN-RURAL,HH06 - Households with Internet access at home - %_HH - NOCHILDREN - RURAL,% of households,ITU Households Database,2024,Paraguay,PRY,Location,No Children,Rural,43.59567518473174,,Instituto Nacional de Estadística,2026-07-05
8816,HHA4213-%_HH-NOCHILDREN-,HH06 - Households with Internet access at home - %_HH - NOCHILDREN,% of households,ITU Households Database,2024,Paraguay,PRY,Family,No Children,,66.89092364629553,,Instituto Nacional de Estadística,2026-07-06
8812,HHA4213-%_HH-CHILDREN-URBAN,HH06 - Households with Internet access at home - %_HH - CHILDREN - URBAN,% of households,ITU Households Database,2024,Paraguay,PRY,Location,Children,Urban,81.0528062660592,,Instituto Nacional de Estadística,2025-07-03
8819,HHA4213-%_HH-RURAL-,HH06 - Households with Internet access at home - %_HH - RURAL,% of households,ITU Households Database,2024,Peru,PER,Location,Rural,,20.45934027930174,,Instituto Nacional de Estadistica e Informatica,2026-07-06
8811,HHA4213-%_HH-CHILDREN-RURAL,HH06 - Households with Internet access at home - %_HH - CHILDREN - RURAL,% of households,ITU Households Database,2024,Peru,PER,Location,Children,Rural,23.406944289410646,,Instituto Nacional de Estadistica e Informatica,2026-07-07
8812,HHA4213-%_HH-CHILDREN-URBAN,HH06 - Households with Internet access at home - %_HH - CHILDREN - URBAN,% of households,ITU Households Database,2024,Peru,PER,Location,Children,Urban,64.50147467584235,,Instituto Nacional de Estadistica e Informatica,2026-07-07
8818,HHA4213-%_HH-NOCHILDREN-URBAN,HH06 - Households with Internet access at home - %_HH - NOCHILDREN - URBAN,% of households,ITU Households Database,2024,Peru,PER,Location,No Children,Urban,64.64136069222344,,Instituto Nacional de Estadistica e Informatica,2026-07-07
8816,HHA4213-%_HH-NOCHILDREN-,HH06 - Households with Internet access at home - %_HH - NOCHILDREN,% of households,ITU Households Database,2024,Peru,PER,Family,No Children,,54.77109644738525,,Instituto Nacional de Estadistica e Informatica,2026-07-07
8820,HHA4213-%_HH-URBAN-,HH06 - Households with Internet access at home - %_HH - URBAN,% of households,ITU Households Database,2024,Peru,PER,Location,Urban,,64.57625237398567,,Instituto Nacional de Estadistica e Informatica,2026-07-05
8817,HHA4213-%_HH-NOCHILDREN-RURAL,HH06 - Households with Internet access at home - %_HH - NOCHILDREN - RURAL,% of households,ITU Households Database,2024,Peru,PER,Location,No Children,Rural,18.138927775028073,,Instituto Nacional de Estadistica e Informatica,2026-07-07
8810,HHA4213-%_HH-CHILDREN-,HH06 - Households with Internet access at home - %_HH - CHILDREN,% of households,ITU Households Database,2024,Peru,PER,Family,Children,,56.451451923701555,,Instituto Nacional de Estadistica e Informatica,2026-07-07
12047,xHH6_IDI,Estimated proportion of households with Internet access at home,% of households,ITU World Telecommunication Indicators Database,2024,Peru,PER,,,,55.54460975,,Instituto Nacional de Estadistica e Informatica,2026-02-02
12047,xHH6_IDI,Estimated proportion of households with Internet access at home,% of households,ITU World Telecommunication Indicators Database,2024,Qatar,QAT,,,,97.95522012,,ITU estimate.,2026-02-02
12047,xHH6_IDI,Estimated proportion of households with Internet access at home,% of households,ITU World Telecommunication Indicators Database,2024,Romania,ROU,,,,94.58049053,,National Institute of Statistics,2026-02-02
8816,HHA4213-%_HH-NOCHILDREN-,HH06 - Households with Internet access at home - %_HH - NOCHILDREN,% of households,ITU Households Database,2024,Romania,ROU,Family,No Children,,91.83260138729511,Number of households which does not have children under 16,National Institute of Statistics,2026-07-05
8810,HHA4213-%_HH-CHILDREN-,HH06 - Households with Internet access at home - %_HH - CHILDREN,% of households,ITU Households Database,2024,Romania,ROU,Family,Children,,98.927558631506,Number of households which have children under 16,National Institute of Statistics,2025-07-03
8817,HHA4213-%_HH-NOCHILDREN-RURAL,HH06 - Households with Internet access at home - %_HH - NOCHILDREN - RURAL,% of households,ITU Households Database,2024,Romania,ROU,Location,No Children,Rural,86.21832509032343,Number of households which does not have children under 16,National Institute of Statistics,2026-07-05
8819,HHA4213-%_HH-RURAL-,HH06 - Households with Internet access at home - %_HH - RURAL,% of households,ITU Households Database,2024,Romania,ROU,Location,Rural,,91.36985175924272,,National Institute of Statistics,2026-07-06
8818,HHA4213-%_HH-NOCHILDREN-URBAN,HH06 - Households with Internet access at home - %_HH - NOCHILDREN - URBAN,% of households,ITU Households Database,2024,Romania,ROU,Location,No Children,Urban,95.41007250254697,Number of households which does not have children under 16,National Institute of Statistics,2026-07-05
8812,HHA4213-%_HH-CHILDREN-URBAN,HH06 - Households with Internet access at home - %_HH - CHILDREN - URBAN,% of households,ITU Households Database,2024,Romania,ROU,Location,Children,Urban,99.31408570797407,Number of households which have children under 16,National Institute of Statistics,2026-07-05
8820,HHA4213-%_HH-URBAN-,HH06 - Households with Internet access at home - %_HH - URBAN,% of households,ITU Households Database,2024,Romania,ROU,Location,Urban,,96.82960665292401,,National Institute of Statistics,2026-07-05
8811,HHA4213-%_HH-CHILDREN-RURAL,HH06 - Households with Internet access at home - %_HH - CHILDREN - RURAL,% of households,ITU Households Database,2024,Romania,ROU,Location,Children,Rural,98.45114446513166,Number of households which have children under 16,National Institute of Statistics,2026-07-06
8820,HHA4213-%_HH-URBAN-,HH06 - Households with Internet access at home - %_HH - URBAN,% of households,ITU Households Database,2024,Rwanda,RWA,Location,Urban,,56.63900414937759,,Rwanda National Institute of Statistics,2026-05-16
8819,HHA4213-%_HH-RURAL-,HH06 - Households with Internet access at home - %_HH - RURAL,% of households,ITU Households Database,2024,Rwanda,RWA,Location,Rural,,18.70163370593293,,Rwanda National Institute of Statistics,2026-05-16
12047,xHH6_IDI,Estimated proportion of households with Internet access at home,% of households,ITU World Telecommunication Indicators Database,2024,Rwanda,RWA,,,,29.81762918,,ITU estimate.,2026-07-08
12047,xHH6_IDI,Estimated proportion of households with Internet access at home,% of households,ITU World Telecommunication Indicators Database,2024,Russian Federation,RUS,,,,90.42555841,,Federal State Statistics Service of the Russian Federation,2026-02-02
8819,HHA4213-%_HH-RURAL-,HH06 - Households with Internet access at home - %_HH - RURAL,% of households,ITU Households Database,2024,Russian Federation,RUS,Location,Rural,,85.88965165642242,,Federal State Statistics Service of the Russian Federation,2026-07-07
8820,HHA4213-%_HH-URBAN-,HH06 - Households with Internet access at home - %_HH - URBAN,% of households,ITU Households Database,2024,Russian Federation,RUS,Location,Urban,,91.70878315150316,,Federal State Statistics Service of the Russian Federation,2026-07-05
12047,xHH6_IDI,Estimated proportion of households with Internet access at home,% of households,ITU World Telecommunication Indicators Database,2024,Sweden,SWE,,,,92.12297955,,ITU estimate.,2026-02-02
12047,xHH6_IDI,Estimated proportion of households with Internet access at home,% of households,ITU World Telecommunication Indicators Database,2024,Saint Kitts and Nevis,KNA,,,,83.0892338,,ITU estimate.,2026-02-02
12047,xHH6_IDI,Estimated proportion of households with Internet access at home,% of households,ITU World Telecommunication Indicators Database,2024,Senegal,SEN,,,,29.34972395,,ITU estimate.,2026-07-08
8820,HHA4213-%_HH-URBAN-,HH06 - Households with Internet access at home - %_HH - URBAN,% of households,ITU Households Database,2024,Senegal,SEN,Location,Urban,,46.10534313300907,,Agence Nationale de la Statistique et de la Démographie (ANSD),2026-06-25
8819,HHA4213-%_HH-RURAL-,HH06 - Households with Internet access at home - %_HH - RURAL,% of households,ITU Households Database,2024,Senegal,SEN,Location,Rural,,3.089891167950552,,Agence Nationale de la Statistique et de la Démographie (ANSD),2026-07-05
12047,xHH6_IDI,Estimated proportion of households with Internet access at home,% of households,ITU World Telecommunication Indicators Database,2024,Seychelles,SYC,,,,74.2183336,,ITU estimate.,2026-02-02
12047,xHH6_IDI,Estimated proportion of households with Internet access at home,% of households,ITU World Telecommunication Indicators Database,2024,Solomon Islands,SLB,,,,43.58626837,,ITU estimate.,2026-02-02
12047,xHH6_IDI,Estimated proportion of households with Internet access at home,% of households,ITU World Telecommunication Indicators Database,2024,El Salvador,SLV,,,,33.62644067,,ITU estimate.,2026-02-02
12047,xHH6_IDI,Estimated proportion of households with Internet access at home,% of households,ITU World Telecommunication Indicators Database,2024,San Marino,SMR,,,,97.35220722,,ITU estimate.,2026-02-02
12047,xHH6_IDI,Estimated proportion of households with Internet access at home,% of households,ITU World Telecommunication Indicators Database,2024,Singapore,SGP,,,,98.52414368,,Infocomm Media Development Authority,2026-02-02
8810,HHA4213-%_HH-CHILDREN-,HH06 - Households with Internet access at home - %_HH - CHILDREN,% of households,ITU Households Database,2024,Singapore,SGP,Family,Children,,99.7699672077466,,Infocomm Media Development Authority,2025-07-03
8816,HHA4213-%_HH-NOCHILDREN-,HH06 - Households with Internet access at home - %_HH - NOCHILDREN,% of households,ITU Households Database,2024,Singapore,SGP,Family,No Children,,98.09096309053665,,Infocomm Media Development Authority,2026-07-05
12047,xHH6_IDI,Estimated proportion of households with Internet access at home,% of households,ITU World Telecommunication Indicators Database,2024,Sierra Leone,SLE,,,,42.06233967,,ITU estimate.,2026-02-02
12047,xHH6_IDI,Estimated proportion of households with Internet access at home,% of households,ITU World Telecommunication Indicators Database,2024,Sao Tome and Principe,STP,,,,56.78180719,,ITU estimate.,2026-02-02
12047,xHH6_IDI,Estimated proportion of households with Internet access at home,% of households,ITU World Telecommunication Indicators Database,2024,Switzerland,CHE,,,,97.71731119,,ITU estimate.,2026-02-02
12047,xHH6_IDI,Estimated proportion of households with Internet access at home,% of households,ITU World Telecommunication Indicators Database,2024,Suriname,SUR,,,,81.09841296,,ITU estimate.,2026-02-02
12047,xHH6_IDI,Estimated proportion of households with Internet access at home,% of households,ITU World Telecommunication Indicators Database,2024,Slovenia,SVN,,,,94.13368945,Households with at least one member aged 16 to 74 years.,Statistical Office of the Republic of Slovenia,2026-02-02
8816,HHA4213-%_HH-NOCHILDREN-,HH06 - Households with Internet access at home - %_HH - NOCHILDREN,% of households,ITU Households Database,2024,Slovenia,SVN,Family,No Children,,92.20158735832325,"Households, with at least one member aged 16 to 74 years.",Statistical Office of the Republic of Slovenia,2026-07-05
8810,HHA4213-%_HH-CHILDREN-,HH06 - Households with Internet access at home - %_HH - CHILDREN,% of households,ITU Households Database,2024,Slovenia,SVN,Family,Children,,100,"Households, with at least one member aged 16 to 74 years.",Statistical Office of the Republic of Slovenia,2025-07-03
12047,xHH6_IDI,Estimated proportion of households with Internet access at home,% of households,ITU World Telecommunication Indicators Database,2024,Eswatini,SWZ,,,,70.47454119,,ITU estimate.,2026-02-02
12047,xHH6_IDI,Estimated proportion of households with Internet access at home,% of households,ITU World Telecommunication Indicators Database,2024,Chad,TCD,,,,31.99468208,,ITU estimate.,2026-02-02
12047,xHH6_IDI,Estimated proportion of households with Internet access at home,% of households,ITU World Telecommunication Indicators Database,2024,Czech Republic,CZE,,,,89.06393335,,Czech Statistical Office,2026-02-02
8818,HHA4213-%_HH-NOCHILDREN-URBAN,HH06 - Households with Internet access at home - %_HH - NOCHILDREN - URBAN,% of households,ITU Households Database,2024,Czech Republic,CZE,Location,No Children,Urban,86.9982103664939,,Czech Statistical Office,2025-07-03
8810,HHA4213-%_HH-CHILDREN-,HH06 - Households with Internet access at home - %_HH - CHILDREN,% of households,ITU Households Database,2024,Czech Republic,CZE,Family,Children,,99.59044998049963,,Czech Statistical Office,2026-07-06
8816,HHA4213-%_HH-NOCHILDREN-,HH06 - Households with Internet access at home - %_HH - NOCHILDREN,% of households,ITU Households Database,2024,Czech Republic,CZE,Family,No Children,,85.36961858973122,,Czech Statistical Office,2026-07-05
8820,HHA4213-%_HH-URBAN-,HH06 - Households with Internet access at home - %_HH - URBAN,% of households,ITU Households Database,2024,Czech Republic,CZE,Location,Urban,,90.15470826895225,,Czech Statistical Office,2026-07-05
8819,HHA4213-%_HH-RURAL-,HH06 - Households with Internet access at home - %_HH - RURAL,% of households,ITU Households Database,2024,Czech Republic,CZE,Location,Rural,,87.16207823468476,,Czech Statistical Office,2026-07-06
8817,HHA4213-%_HH-NOCHILDREN-RURAL,HH06 - Households with Internet access at home - %_HH - NOCHILDREN - RURAL,% of households,ITU Households Database,2024,Czech Republic,CZE,Location,No Children,Rural,82.48609599582777,,Czech Statistical Office,2026-07-05
8811,HHA4213-%_HH-CHILDREN-RURAL,HH06 - Households with Internet access at home - %_HH - CHILDREN - RURAL,% of households,ITU Households Database,2024,Czech Republic,CZE,Location,Children,Rural,100,,Czech Statistical Office,2025-07-03
8812,HHA4213-%_HH-CHILDREN-URBAN,HH06 - Households with Internet access at home - %_HH - CHILDREN - URBAN,% of households,ITU Households Database,2024,Czech Republic,CZE,Location,Children,Urban,99.3451391359516,,Czech Statistical Office,2025-07-03
12047,xHH6_IDI,Estimated proportion of households with Internet access at home,% of households,ITU World Telecommunication Indicators Database,2024,Togo,TGO,,,,43.55819139,,ITU estimate.,2026-02-02
12047,xHH6_IDI,Estimated proportion of households with Internet access at home,% of households,ITU World Telecommunication Indicators Database,2024,Thailand,THA,,,,92.64299847,,National Statistical Office,2026-02-02
8819,HHA4213-%_HH-RURAL-,HH06 - Households with Internet access at home - %_HH - RURAL,% of households,ITU Households Database,2024,Thailand,THA,Location,Rural,,90.54601146322409,,National Statistical Office,2026-07-06
8810,HHA4213-%_HH-CHILDREN-,HH06 - Households with Internet access at home - %_HH - CHILDREN,% of households,ITU Households Database,2024,Thailand,THA,Family,Children,,98.90832166680393,,National Statistical Office,2026-07-07
8816,HHA4213-%_HH-NOCHILDREN-,HH06 - Households with Internet access at home - %_HH - NOCHILDREN,% of households,ITU Households Database,2024,Thailand,THA,Family,No Children,,90.66927889097568,,National Statistical Office,2026-07-07
8812,HHA4213-%_HH-CHILDREN-URBAN,HH06 - Households with Internet access at home - %_HH - CHILDREN - URBAN,% of households,ITU Households Database,2024,Thailand,THA,Location,Children,Urban,99.28900321789399,,National Statistical Office,2026-07-07
8811,HHA4213-%_HH-CHILDREN-RURAL,HH06 - Households with Internet access at home - %_HH - CHILDREN - RURAL,% of households,ITU Households Database,2024,Thailand,THA,Location,Children,Rural,98.69554746869314,,National Statistical Office,2026-07-07
8820,HHA4213-%_HH-URBAN-,HH06 - Households with Internet access at home - %_HH - URBAN,% of households,ITU Households Database,2024,Thailand,THA,Location,Urban,,95.02046815421798,,National Statistical Office,2026-07-05
8817,HHA4213-%_HH-NOCHILDREN-RURAL,HH06 - Households with Internet access at home - %_HH - NOCHILDREN - RURAL,% of households,ITU Households Database,2024,Thailand,THA,Location,No Children,Rural,87.23243137382903,,National Statistical Office,2026-07-07
8818,HHA4213-%_HH-NOCHILDREN-URBAN,HH06 - Households with Internet access at home - %_HH - NOCHILDREN - URBAN,% of households,ITU Households Database,2024,Thailand,THA,Location,No Children,Urban,94.06184087872813,,National Statistical Office,2026-07-07
12047,xHH6_IDI,Estimated proportion of households with Internet access at home,% of households,ITU World Telecommunication Indicators Database,2024,Tonga,TON,,,,39.61050147,,ITU estimate.,2026-02-02
12047,xHH6_IDI,Estimated proportion of households with Internet access at home,% of households,ITU World Telecommunication Indicators Database,2024,Trinidad and Tobago,TTO,,,,83.76980493,,ITU estimate.,2026-02-02
12047,xHH6_IDI,Estimated proportion of households with Internet access at home,% of households,ITU World Telecommunication Indicators Database,2024,Tunisia,TUN,,,,66.9,Refers to Internet access via fixed network and/or possession of a SmartTV,Institut National de la Statistique,2026-02-05
12047,xHH6_IDI,Estimated proportion of households with Internet access at home,% of households,ITU World Telecommunication Indicators Database,2024,Türkiye,TUR,,,,96.44819037,,Turkish Statistical Institute,2026-02-02
12047,xHH6_IDI,Estimated proportion of households with Internet access at home,% of households,ITU World Telecommunication Indicators Database,2024,Tanzania,TZA,,,,48.14932703,,ITU estimate.,2026-02-02
12047,xHH6_IDI,Estimated proportion of households with Internet access at home,% of households,ITU World Telecommunication Indicators Database,2024,United Arab Emirates,ARE,,,,100,,Telecommunications & Digital Government Regulatory Authority,2025-07-07
12047,xHH6_IDI,Estimated proportion of households with Internet access at home,% of households,ITU World Telecommunication Indicators Database,2024,Uganda,UGA,,,,38.2844228,,ITU estimate.,2026-02-02
12047,xHH6_IDI,Estimated proportion of households with Internet access at home,% of households,ITU World Telecommunication Indicators Database,2024,Ukraine,UKR,,,,86.07418675,,ITU estimate.,2026-02-02
12047,xHH6_IDI,Estimated proportion of households with Internet access at home,% of households,ITU World Telecommunication Indicators Database,2024,Uruguay,URY,,,,94.23054675,,Instituto Nacional de Estadistica,2026-01-15
12047,xHH6_IDI,Estimated proportion of households with Internet access at home,% of households,ITU World Telecommunication Indicators Database,2024,United States,USA,,,,94.85512356,,ITU estimate.,2026-02-02
12047,xHH6_IDI,Estimated proportion of households with Internet access at home,% of households,ITU World Telecommunication Indicators Database,2024,Uzbekistan,UZB,,,,96.87968807,,ITU estimate.,2026-02-02
12047,xHH6_IDI,Estimated proportion of households with Internet access at home,% of households,ITU World Telecommunication Indicators Database,2024,Saint Vincent and the Grenadines,VCT,,,,80.63818968,,ITU estimate.,2026-02-02
12047,xHH6_IDI,Estimated proportion of households with Internet access at home,% of households,ITU World Telecommunication Indicators Database,2024,Venezuela,VEN,,,,63.53602456,,ITU estimate.,2026-02-02
12047,xHH6_IDI,Estimated proportion of households with Internet access at home,% of households,ITU World Telecommunication Indicators Database,2024,Viet Nam,VNM,,,,92.45,,General Statistics Office of Vietnam,2025-07-07
8819,HHA4213-%_HH-RURAL-,HH06 - Households with Internet access at home - %_HH - RURAL,% of households,ITU Households Database,2024,Viet Nam,VNM,Location,Rural,,90.07640776699039,,General Statistics Office of Vietnam,2026-07-06
8820,HHA4213-%_HH-URBAN-,HH06 - Households with Internet access at home - %_HH - URBAN,% of households,ITU Households Database,2024,Viet Nam,VNM,Location,Urban,,96.29000000000003,,General Statistics Office of Vietnam,2026-07-05
12047,xHH6_IDI,Estimated proportion of households with Internet access at home,% of households,ITU World Telecommunication Indicators Database,2024,Vanuatu,VUT,,,,62.75505277,,ITU estimate.,2026-02-02
12047,xHH6_IDI,Estimated proportion of households with Internet access at home,% of households,ITU World Telecommunication Indicators Database,2024,Serbia,SRB,,,,88.8465378,,Statistical Office of the Republic of Serbia,2026-02-02
8810,HHA4213-%_HH-CHILDREN-,HH06 - Households with Internet access at home - %_HH - CHILDREN,% of households,ITU Households Database,2024,Serbia,SRB,Family,Children,,97.80965900299768,,Statistical Office of the Republic of Serbia,2026-07-07
8817,HHA4213-%_HH-NOCHILDREN-RURAL,HH06 - Households with Internet access at home - %_HH - NOCHILDREN - RURAL,% of households,ITU Households Database,2024,Serbia,SRB,Location,No Children,Rural,81.89845262290808,,Statistical Office of the Republic of Serbia,2026-07-07
8816,HHA4213-%_HH-NOCHILDREN-,HH06 - Households with Internet access at home - %_HH - NOCHILDREN,% of households,ITU Households Database,2024,Serbia,SRB,Family,No Children,,86.82331307487703,,Statistical Office of the Republic of Serbia,2026-07-07
8811,HHA4213-%_HH-CHILDREN-RURAL,HH06 - Households with Internet access at home - %_HH - CHILDREN - RURAL,% of households,ITU Households Database,2024,Serbia,SRB,Location,Children,Rural,96.01321905852478,,Statistical Office of the Republic of Serbia,2026-07-07
8812,HHA4213-%_HH-CHILDREN-URBAN,HH06 - Households with Internet access at home - %_HH - CHILDREN - URBAN,% of households,ITU Households Database,2024,Serbia,SRB,Location,Children,Urban,98.58255930128216,,Statistical Office of the Republic of Serbia,2026-07-07
8818,HHA4213-%_HH-NOCHILDREN-URBAN,HH06 - Households with Internet access at home - %_HH - NOCHILDREN - URBAN,% of households,ITU Households Database,2024,Serbia,SRB,Location,No Children,Urban,89.29734571856469,,Statistical Office of the Republic of Serbia,2026-07-07
8819,HHA4213-%_HH-RURAL-,HH06 - Households with Internet access at home - %_HH - RURAL,% of households,ITU Households Database,2024,Serbia,SRB,Location,Rural,,84.28093914283885,,Statistical Office of the Republic of Serbia,2026-07-06
8820,HHA4213-%_HH-URBAN-,HH06 - Households with Internet access at home - %_HH - URBAN,% of households,ITU Households Database,2024,Serbia,SRB,Location,Urban,,91.07698733922409,,Statistical Office of the Republic of Serbia,2026-07-05
12047,xHH6_IDI,Estimated proportion of households with Internet access at home,% of households,ITU World Telecommunication Indicators Database,2024,Dem. Rep. of the Congo,COD,,,,24.17360152,,ITU estimate.,2026-02-02
12047,xHH6_IDI,Estimated proportion of households with Internet access at home,% of households,ITU World Telecommunication Indicators Database,2024,Zambia,ZMB,,,,21.16701467,,ITU estimate.,2026-02-02
12047,xHH6_IDI,Estimated proportion of households with Internet access at home,% of households,ITU World Telecommunication Indicators Database,2024,Zimbabwe,ZWE,,,,69.74008433,,ITU estimate.,2026-02-02
12047,xHH6_IDI,Estimated proportion of households with Internet access at home,% of households,ITU World Telecommunication Indicators Database,2024,Moldova,MDA,,,,74.06499413,,National Bureau of Statistics of the Republic of Moldova,2026-02-02
8812,HHA4213-%_HH-CHILDREN-URBAN,HH06 - Households with Internet access at home - %_HH - CHILDREN - URBAN,% of households,ITU Households Database,2024,Moldova,MDA,Location,Children,Urban,96.504375277765,,National Bureau of Statistics of the Republic of Moldova,2025-07-03
8820,HHA4213-%_HH-URBAN-,HH06 - Households with Internet access at home - %_HH - URBAN,% of households,ITU Households Database,2024,Moldova,MDA,Location,Urban,,83.01616166255718,,National Bureau of Statistics of the Republic of Moldova,2026-07-05
8818,HHA4213-%_HH-NOCHILDREN-URBAN,HH06 - Households with Internet access at home - %_HH - NOCHILDREN - URBAN,% of households,ITU Households Database,2024,Moldova,MDA,Location,No Children,Urban,77.96434095624551,,National Bureau of Statistics of the Republic of Moldova,2026-07-05
8817,HHA4213-%_HH-NOCHILDREN-RURAL,HH06 - Households with Internet access at home - %_HH - NOCHILDREN - RURAL,% of households,ITU Households Database,2024,Moldova,MDA,Location,No Children,Rural,61.98545163129749,,National Bureau of Statistics of the Republic of Moldova,2026-07-05
8810,HHA4213-%_HH-CHILDREN-,HH06 - Households with Internet access at home - %_HH - CHILDREN,% of households,ITU Households Database,2024,Moldova,MDA,Family,Children,,93.11448196686976,,National Bureau of Statistics of the Republic of Moldova,2026-07-06
8819,HHA4213-%_HH-RURAL-,HH06 - Households with Internet access at home - %_HH - RURAL,% of households,ITU Households Database,2024,Moldova,MDA,Location,Rural,,67.43252462404531,,National Bureau of Statistics of the Republic of Moldova,2026-07-06
8811,HHA4213-%_HH-CHILDREN-RURAL,HH06 - Households with Internet access at home - %_HH - CHILDREN - RURAL,% of households,ITU Households Database,2024,Moldova,MDA,Location,Children,Rural,89.63989789907717,,National Bureau of Statistics of the Republic of Moldova,2026-07-06
8816,HHA4213-%_HH-NOCHILDREN-,HH06 - Households with Internet access at home - %_HH - NOCHILDREN,% of households,ITU Households Database,2024,Moldova,MDA,Family,No Children,,68.40367788852222,,National Bureau of Statistics of the Republic of Moldova,2026-07-05
8819,HHA4213-%_HH-RURAL-,HH06 - Households with Internet access at home - %_HH - RURAL,% of households,ITU Households Database,2024,Bosnia and Herzegovina,BIH,Location,Rural,,82.7096438242033,,Agency for Statistics of Bosnia and Herzegovina,2025-07-03
8817,HHA4213-%_HH-NOCHILDREN-RURAL,HH06 - Households with Internet access at home - %_HH - NOCHILDREN - RURAL,% of households,ITU Households Database,2024,Bosnia and Herzegovina,BIH,Location,No Children,Rural,74.6190300782834,,Agency for Statistics of Bosnia and Herzegovina,2025-07-03
8820,HHA4213-%_HH-URBAN-,HH06 - Households with Internet access at home - %_HH - URBAN,% of households,ITU Households Database,2024,Bosnia and Herzegovina,BIH,Location,Urban,,86.15625843928947,,Agency for Statistics of Bosnia and Herzegovina,2026-07-05
8810,HHA4213-%_HH-CHILDREN-,HH06 - Households with Internet access at home - %_HH - CHILDREN,% of households,ITU Households Database,2024,Bosnia and Herzegovina,BIH,Family,Children,,99.42691408490053,,Agency for Statistics of Bosnia and Herzegovina,2026-07-06
8818,HHA4213-%_HH-NOCHILDREN-URBAN,HH06 - Households with Internet access at home - %_HH - NOCHILDREN - URBAN,% of households,ITU Households Database,2024,Bosnia and Herzegovina,BIH,Location,No Children,Urban,79.95312512606193,,Agency for Statistics of Bosnia and Herzegovina,2026-07-05
8811,HHA4213-%_HH-CHILDREN-RURAL,HH06 - Households with Internet access at home - %_HH - CHILDREN - RURAL,% of households,ITU Households Database,2024,Bosnia and Herzegovina,BIH,Location,Children,Rural,99.35177815275877,,Agency for Statistics of Bosnia and Herzegovina,2026-07-06
8812,HHA4213-%_HH-CHILDREN-URBAN,HH06 - Households with Internet access at home - %_HH - CHILDREN - URBAN,% of households,ITU Households Database,2024,Bosnia and Herzegovina,BIH,Location,Children,Urban,99.52952839787461,,Agency for Statistics of Bosnia and Herzegovina,2026-07-05
8816,HHA4213-%_HH-NOCHILDREN-,HH06 - Households with Internet access at home - %_HH - NOCHILDREN,% of households,ITU Households Database,2024,Bosnia and Herzegovina,BIH,Family,No Children,,76.93497340402241,,Agency for Statistics of Bosnia and Herzegovina,2026-07-06
12047,xHH6_IDI,Estimated proportion of households with Internet access at home,% of households,ITU World Telecommunication Indicators Database,2024,Bosnia and Herzegovina,BIH,,,,84.1933318,,Agency for Statistics of Bosnia and Herzegovina,2026-02-02
12047,xHH6_IDI,Estimated proportion of households with Internet access at home,% of households,ITU World Telecommunication Indicators Database,2024,Georgia,GEO,,,,91.54449466,,National Statistics Office of Georgia,2026-01-15
8816,HHA4213-%_HH-NOCHILDREN-,HH06 - Households with Internet access at home - %_HH - NOCHILDREN,% of households,ITU Households Database,2024,Georgia,GEO,Family,No Children,,87.79223636771025,,National Statistics Office of Georgia,2026-07-07
8819,HHA4213-%_HH-RURAL-,HH06 - Households with Internet access at home - %_HH - RURAL,% of households,ITU Households Database,2024,Georgia,GEO,Location,Rural,,87.50388452400311,,National Statistics Office of Georgia,2026-07-06
8817,HHA4213-%_HH-NOCHILDREN-RURAL,HH06 - Households with Internet access at home - %_HH - NOCHILDREN - RURAL,% of households,ITU Households Database,2024,Georgia,GEO,Location,No Children,Rural,82.39317652806139,,National Statistics Office of Georgia,2026-07-07
8820,HHA4213-%_HH-URBAN-,HH06 - Households with Internet access at home - %_HH - URBAN,% of households,ITU Households Database,2024,Georgia,GEO,Location,Urban,,94.49536806680867,,National Statistics Office of Georgia,2026-07-05
8818,HHA4213-%_HH-NOCHILDREN-URBAN,HH06 - Households with Internet access at home - %_HH - NOCHILDREN - URBAN,% of households,ITU Households Database,2024,Georgia,GEO,Location,No Children,Urban,91.77189312338112,,National Statistics Office of Georgia,2026-07-07
8820,HHA4213-%_HH-URBAN-,HH06 - Households with Internet access at home - %_HH - URBAN,% of households,ITU Households Database,2024,Kazakhstan,KAZ,Location,Urban,,97.78566814615152,,Bureau of National statistics Agency for Strategic planning and reforms of the Republic of Kazakhstan,2026-07-05
8819,HHA4213-%_HH-RURAL-,HH06 - Households with Internet access at home - %_HH - RURAL,% of households,ITU Households Database,2024,Kazakhstan,KAZ,Location,Rural,,95.35319827281644,,Bureau of National statistics Agency for Strategic planning and reforms of the Republic of Kazakhstan,2026-07-06
8816,HHA4213-%_HH-NOCHILDREN-,HH06 - Households with Internet access at home - %_HH - NOCHILDREN,% of households,ITU Households Database,2024,Kazakhstan,KAZ,Family,No Children,,95.79690530090103,,Bureau of National statistics Agency for Strategic planning and reforms of the Republic of Kazakhstan,2026-07-07
8811,HHA4213-%_HH-CHILDREN-RURAL,HH06 - Households with Internet access at home - %_HH - CHILDREN - RURAL,% of households,ITU Households Database,2024,Kazakhstan,KAZ,Location,Children,Rural,99.83281559040242,,Bureau of National statistics Agency for Strategic planning and reforms of the Republic of Kazakhstan,2026-07-07
8812,HHA4213-%_HH-CHILDREN-URBAN,HH06 - Households with Internet access at home - %_HH - CHILDREN - URBAN,% of households,ITU Households Database,2024,Kazakhstan,KAZ,Location,Children,Urban,99.17886776710226,,Bureau of National statistics Agency for Strategic planning and reforms of the Republic of Kazakhstan,2026-07-07
8818,HHA4213-%_HH-NOCHILDREN-URBAN,HH06 - Households with Internet access at home - %_HH - NOCHILDREN - URBAN,% of households,ITU Households Database,2024,Kazakhstan,KAZ,Location,No Children,Urban,97.11829959402777,,Bureau of National statistics Agency for Strategic planning and reforms of the Republic of Kazakhstan,2026-07-07
8810,HHA4213-%_HH-CHILDREN-,HH06 - Households with Internet access at home - %_HH - CHILDREN,% of households,ITU Households Database,2024,Kazakhstan,KAZ,Family,Children,,99.40773055080666,,Bureau of National statistics Agency for Strategic planning and reforms of the Republic of Kazakhstan,2026-07-07
8817,HHA4213-%_HH-NOCHILDREN-RURAL,HH06 - Households with Internet access at home - %_HH - NOCHILDREN - RURAL,% of households,ITU Households Database,2024,Kazakhstan,KAZ,Location,No Children,Rural,92.26703028896368,,Bureau of National statistics Agency for Strategic planning and reforms of the Republic of Kazakhstan,2026-07-07
12047,xHH6_IDI,Estimated proportion of households with Internet access at home,% of households,ITU World Telecommunication Indicators Database,2024,Kazakhstan,KAZ,,,,97.05723288,,"Committee on Statistics, Ministry of National Economy of the Republic of Kazakhstan",2026-01-15
12047,xHH6_IDI,Estimated proportion of households with Internet access at home,% of households,ITU World Telecommunication Indicators Database,2024,Tajikistan,TJK,,,,42.45328403,,ITU estimate.,2026-02-02
12047,xHH6_IDI,Estimated proportion of households with Internet access at home,% of households,ITU World Telecommunication Indicators Database,2024,Turkmenistan,TKM,,,,76.1,,MICS 2024,2026-03-04
12047,xHH6_IDI,Estimated proportion of households with Internet access at home,% of households,ITU World Telecommunication Indicators Database,2024,Kyrgyzstan,KGZ,,,,87.33398619,,ITU estimate.,2026-02-02
12047,xHH6_IDI,Estimated proportion of households with Internet access at home,% of households,ITU World Telecommunication Indicators Database,2024,Slovakia,SVK,,,,90.5383572,,Statistical Office of the Slovak Republic,2026-02-02
8818,HHA4213-%_HH-NOCHILDREN-URBAN,HH06 - Households with Internet access at home - %_HH - NOCHILDREN - URBAN,% of households,ITU Households Database,2024,Slovakia,SVK,Location,No Children,Urban,89.41985347425774,,Statistical Office of the Slovak Republic,2026-07-07
8812,HHA4213-%_HH-CHILDREN-URBAN,HH06 - Households with Internet access at home - %_HH - CHILDREN - URBAN,% of households,ITU Households Database,2024,Slovakia,SVK,Location,Children,Urban,99.02843322144909,,Statistical Office of the Slovak Republic,2026-07-07
8816,HHA4213-%_HH-NOCHILDREN-,HH06 - Households with Internet access at home - %_HH - NOCHILDREN,% of households,ITU Households Database,2024,Slovakia,SVK,Family,No Children,,88.12577071477988,,Statistical Office of the Slovak Republic,2026-07-07
8817,HHA4213-%_HH-NOCHILDREN-RURAL,HH06 - Households with Internet access at home - %_HH - NOCHILDREN - RURAL,% of households,ITU Households Database,2024,Slovakia,SVK,Location,No Children,Rural,85.7772101721311,,Statistical Office of the Slovak Republic,2025-07-03
8819,HHA4213-%_HH-RURAL-,HH06 - Households with Internet access at home - %_HH - RURAL,% of households,ITU Households Database,2024,Slovakia,SVK,Location,Rural,,89.03698548945162,,Statistical Office of the Slovak Republic,2026-07-06
8810,HHA4213-%_HH-CHILDREN-,HH06 - Households with Internet access at home - %_HH - CHILDREN,% of households,ITU Households Database,2024,Slovakia,SVK,Family,Children,,98.6701201886721,,Statistical Office of the Slovak Republic,2025-07-03
8820,HHA4213-%_HH-URBAN-,HH06 - Households with Internet access at home - %_HH - URBAN,% of households,ITU Households Database,2024,Slovakia,SVK,Location,Urban,,91.42605366925538,,Statistical Office of the Slovak Republic,2026-07-05
8811,HHA4213-%_HH-CHILDREN-RURAL,HH06 - Households with Internet access at home - %_HH - CHILDREN - RURAL,% of households,ITU Households Database,2024,Slovakia,SVK,Location,Children,Rural,98.18836549311905,,Statistical Office of the Slovak Republic,2026-07-07
12047,xHH6_IDI,Estimated proportion of households with Internet access at home,% of households,ITU World Telecommunication Indicators Database,2024,North Macedonia,MKD,,,,90.8,,State Statistical Office,2026-01-27
12047,xHH6_IDI,Estimated proportion of households with Internet access at home,% of households,ITU World Telecommunication Indicators Database,2024,"Taiwan, Province of China",TWN,,,,89.5,,National Communications Commission,2025-07-07
12047,xHH6_IDI,Estimated proportion of households with Internet access at home,% of households,ITU World Telecommunication Indicators Database,2024,Montenegro,MNE,,,,84.5039454,,Statistical Office of Montenegro - MONSTAT,2026-01-15
8820,HHA4213-%_HH-URBAN-,HH06 - Households with Internet access at home - %_HH - URBAN,% of households,ITU Households Database,2024,Montenegro,MNE,Location,Urban,,87.60641054112074,,Statistical Office of Montenegro - MONSTAT,2026-07-05
8819,HHA4213-%_HH-RURAL-,HH06 - Households with Internet access at home - %_HH - RURAL,% of households,ITU Households Database,2024,Montenegro,MNE,Location,Rural,,78.22299651567944,,Statistical Office of Montenegro - MONSTAT,2026-07-06
12047,xHH6_IDI,Estimated proportion of households with Internet access at home,% of households,ITU World Telecommunication Indicators Database,2023,Afghanistan,AFG,,,,27.7,,MICS 2022-2023,2024-12-18
12047,xHH6_IDI,Estimated proportion of households with Internet access at home,% of households,ITU World Telecommunication Indicators Database,2023,South Africa,ZAF,,,,78.59475446,,Statistics South Africa,2026-02-02
8810,HHA4213-%_HH-CHILDREN-,HH06 - Households with Internet access at home - %_HH - CHILDREN,% of households,ITU Households Database,2023,South Africa,ZAF,Family,Children,,83.08073804927977,,Statistics South Africa,2026-07-07
8811,HHA4213-%_HH-CHILDREN-RURAL,HH06 - Households with Internet access at home - %_HH - CHILDREN - RURAL,% of households,ITU Households Database,2023,South Africa,ZAF,Location,Children,Rural,75.96866805243077,,Statistics South Africa,2026-07-07
8812,HHA4213-%_HH-CHILDREN-URBAN,HH06 - Households with Internet access at home - %_HH - CHILDREN - URBAN,% of households,ITU Households Database,2023,South Africa,ZAF,Location,Children,Urban,86.93506727603972,,Statistics South Africa,2026-07-07
8816,HHA4213-%_HH-NOCHILDREN-,HH06 - Households with Internet access at home - %_HH - NOCHILDREN,% of households,ITU Households Database,2023,South Africa,ZAF,Family,No Children,,74.80097208442653,,Statistics South Africa,2026-07-07
8817,HHA4213-%_HH-NOCHILDREN-RURAL,HH06 - Households with Internet access at home - %_HH - NOCHILDREN - RURAL,% of households,ITU Households Database,2023,South Africa,ZAF,Location,No Children,Rural,59.01247096014042,,Statistics South Africa,2026-07-07
8818,HHA4213-%_HH-NOCHILDREN-URBAN,HH06 - Households with Internet access at home - %_HH - NOCHILDREN - URBAN,% of households,ITU Households Database,2023,South Africa,ZAF,Location,No Children,Urban,80.4236161541292,,Statistics South Africa,2025-07-04
8819,HHA4213-%_HH-RURAL-,HH06 - Households with Internet access at home - %_HH - RURAL,% of households,ITU Households Database,2023,South Africa,ZAF,Location,Rural,,68.0150252710988,,Statistics South Africa,2025-07-04
8820,HHA4213-%_HH-URBAN-,HH06 - Households with Internet access at home - %_HH - URBAN,% of households,ITU Households Database,2023,South Africa,ZAF,Location,Urban,,83.20097361448259,,Statistics South Africa,2026-07-05
12047,xHH6_IDI,Estimated proportion of households with Internet access at home,% of households,ITU World Telecommunication Indicators Database,2023,Angola,AGO,,,,52.21448781,,ITU estimate.,2026-02-02
12047,xHH6_IDI,Estimated proportion of households with Internet access at home,% of households,ITU World Telecommunication Indicators Database,2023,Albania,ALB,,,,96.71300649,,Institute of Statistics,2026-02-02
12047,xHH6_IDI,Estimated proportion of households with Internet access at home,% of households,ITU World Telecommunication Indicators Database,2023,Algeria,DZA,,,,91.58324408,,ITU estimate.,2026-02-02
12047,xHH6_IDI,Estimated proportion of households with Internet access at home,% of households,ITU World Telecommunication Indicators Database,2023,Andorra,AND,,,,94.1977024,,ITU estimate.,2026-02-02
12047,xHH6_IDI,Estimated proportion of households with Internet access at home,% of households,ITU World Telecommunication Indicators Database,2023,Argentina,ARG,,,,93.38000393,,Instituto Nacional de Estadistica y Censos,2026-02-02
12047,xHH6_IDI,Estimated proportion of households with Internet access at home,% of households,ITU World Telecommunication Indicators Database,2023,Armenia,ARM,,,,91.74346188,,The Statistical Committee of the Republic of Armenia,2026-02-02
8812,HHA4213-%_HH-CHILDREN-URBAN,HH06 - Households with Internet access at home - %_HH - CHILDREN - URBAN,% of households,ITU Households Database,2023,Armenia,ARM,Location,Children,Urban,99.48894377793461,,The Statistical Committee of the Republic of Armenia,2026-07-07
8816,HHA4213-%_HH-NOCHILDREN-,HH06 - Households with Internet access at home - %_HH - NOCHILDREN,% of households,ITU Households Database,2023,Armenia,ARM,Family,No Children,,87.41655383989294,,The Statistical Committee of the Republic of Armenia,2026-07-07
8811,HHA4213-%_HH-CHILDREN-RURAL,HH06 - Households with Internet access at home - %_HH - CHILDREN - RURAL,% of households,ITU Households Database,2023,Armenia,ARM,Location,Children,Rural,99.06366887926731,,The Statistical Committee of the Republic of Armenia,2026-07-07
8817,HHA4213-%_HH-NOCHILDREN-RURAL,HH06 - Households with Internet access at home - %_HH - NOCHILDREN - RURAL,% of households,ITU Households Database,2023,Armenia,ARM,Location,No Children,Rural,85.74479681598093,,The Statistical Committee of the Republic of Armenia,2026-07-07
8819,HHA4213-%_HH-RURAL-,HH06 - Households with Internet access at home - %_HH - RURAL,% of households,ITU Households Database,2023,Armenia,ARM,Location,Rural,,91.55757642865052,,The Statistical Committee of the Republic of Armenia,2026-07-06
8818,HHA4213-%_HH-NOCHILDREN-URBAN,HH06 - Households with Internet access at home - %_HH - NOCHILDREN - URBAN,% of households,ITU Households Database,2023,Armenia,ARM,Location,No Children,Urban,88.16313823163138,,The Statistical Committee of the Republic of Armenia,2026-07-07
8810,HHA4213-%_HH-CHILDREN-,HH06 - Households with Internet access at home - %_HH - CHILDREN,% of households,ITU Households Database,2023,Armenia,ARM,Family,Children,,99.31113308853976,,The Statistical Committee of the Republic of Armenia,2026-07-07
8820,HHA4213-%_HH-URBAN-,HH06 - Households with Internet access at home - %_HH - URBAN,% of households,ITU Households Database,2023,Armenia,ARM,Location,Urban,,91.84289972485479,,The Statistical Committee of the Republic of Armenia,2026-07-05
12047,xHH6_IDI,Estimated proportion of households with Internet access at home,% of households,ITU World Telecommunication Indicators Database,2023,Saudi Arabia,SAU,,,,100,Results are based on unweighted survey data,Communications & IT Commission,2025-07-07
12047,xHH6_IDI,Estimated proportion of households with Internet access at home,% of households,ITU World Telecommunication Indicators Database,2023,Antigua and Barbuda,ATG,,,,76.28551301,,ITU estimate.,2026-02-02
12047,xHH6_IDI,Estimated proportion of households with Internet access at home,% of households,ITU World Telecommunication Indicators Database,2023,Australia,AUS,,,,97.76673805,,ITU estimate.,2026-02-02
12047,xHH6_IDI,Estimated proportion of households with Internet access at home,% of households,ITU World Telecommunication Indicators Database,2023,Austria,AUT,,,,94.98320934,Austrian households with at least one household member between the age of 16 and 74.,Statistik Austria,2026-02-02
12047,xHH6_IDI,Estimated proportion of households with Internet access at home,% of households,ITU World Telecommunication Indicators Database,2023,Azerbaijan,AZE,,,,88.56863596,,State Statistical Committee of the Republic of Azerbaijan,2026-02-02
8820,HHA4213-%_HH-URBAN-,HH06 - Households with Internet access at home - %_HH - URBAN,% of households,ITU Households Database,2023,Azerbaijan,AZE,Location,Urban,,92.00000622470726,,State Statistical Committee of the Republic of Azerbaijan,2026-07-05
8819,HHA4213-%_HH-RURAL-,HH06 - Households with Internet access at home - %_HH - RURAL,% of households,ITU Households Database,2023,Azerbaijan,AZE,Location,Rural,,84.19628578312154,,State Statistical Committee of the Republic of Azerbaijan,2026-07-06
8811,HHA4213-%_HH-CHILDREN-RURAL,HH06 - Households with Internet access at home - %_HH - CHILDREN - RURAL,% of households,ITU Households Database,2023,Brazil,BRA,Location,Children,Rural,82.72877455031727,,NIC.br,2026-07-06
8820,HHA4213-%_HH-URBAN-,HH06 - Households with Internet access at home - %_HH - URBAN,% of households,ITU Households Database,2023,Brazil,BRA,Location,Urban,,85.57440828146385,,NIC.br,2026-07-05
8817,HHA4213-%_HH-NOCHILDREN-RURAL,HH06 - Households with Internet access at home - %_HH - NOCHILDREN - RURAL,% of households,ITU Households Database,2023,Brazil,BRA,Location,No Children,Rural,67.08235392221276,,NIC.br,2026-07-05
8812,HHA4213-%_HH-CHILDREN-URBAN,HH06 - Households with Internet access at home - %_HH - CHILDREN - URBAN,% of households,ITU Households Database,2023,Brazil,BRA,Location,Children,Urban,92.91929057696532,,NIC.br,2026-07-05
8810,HHA4213-%_HH-CHILDREN-,HH06 - Households with Internet access at home - %_HH - CHILDREN,% of households,ITU Households Database,2023,Brazil,BRA,Family,Children,,91.46298416310059,,NIC.br,2026-07-06
8819,HHA4213-%_HH-RURAL-,HH06 - Households with Internet access at home - %_HH - RURAL,% of households,ITU Households Database,2023,Brazil,BRA,Location,Rural,,73.76338262438543,,NIC.br,2026-07-06
8816,HHA4213-%_HH-NOCHILDREN-,HH06 - Households with Internet access at home - %_HH - NOCHILDREN,% of households,ITU Households Database,2023,Brazil,BRA,Family,No Children,,79.75838693315285,,NIC.br,2026-07-05
8818,HHA4213-%_HH-NOCHILDREN-URBAN,HH06 - Households with Internet access at home - %_HH - NOCHILDREN - URBAN,% of households,ITU Households Database,2023,Brazil,BRA,Location,No Children,Urban,81.3785922480761,,NIC.br,2025-07-04
12047,xHH6_IDI,Estimated proportion of households with Internet access at home,% of households,ITU World Telecommunication Indicators Database,2023,Brazil,BRA,,,,84.10609238,,NIC.br,2026-02-02
12047,xHH6_IDI,Estimated proportion of households with Internet access at home,% of households,ITU World Telecommunication Indicators Database,2023,Bahamas,BHS,,,,93.03096678,,ITU estimate.,2026-02-02
12047,xHH6_IDI,Estimated proportion of households with Internet access at home,% of households,ITU World Telecommunication Indicators Database,2023,Burundi,BDI,,,,24.90580359,,ITU estimate.,2026-02-02
12047,xHH6_IDI,Estimated proportion of households with Internet access at home,% of households,ITU World Telecommunication Indicators Database,2023,Belgium,BEL,,,,94.4834432,,Statbel (Directorate General Statistics - Statistics Belgium),2026-02-02
8820,HHA4213-%_HH-URBAN-,HH06 - Households with Internet access at home - %_HH - URBAN,% of households,ITU Households Database,2023,Belgium,BEL,Location,Urban,,94.74339891482853,,Statbel (Directorate General Statistics - Statistics Belgium),2026-07-05
8810,HHA4213-%_HH-CHILDREN-,HH06 - Households with Internet access at home - %_HH - CHILDREN,% of households,ITU Households Database,2023,Belgium,BEL,Family,Children,,98.99698199623741,,Statbel (Directorate General Statistics - Statistics Belgium),2026-07-06
8818,HHA4213-%_HH-NOCHILDREN-URBAN,HH06 - Households with Internet access at home - %_HH - NOCHILDREN - URBAN,% of households,ITU Households Database,2023,Belgium,BEL,Location,No Children,Urban,93.4620537315624,,Statbel (Directorate General Statistics - Statistics Belgium),2025-07-04
8817,HHA4213-%_HH-NOCHILDREN-RURAL,HH06 - Households with Internet access at home - %_HH - NOCHILDREN - RURAL,% of households,ITU Households Database,2023,Belgium,BEL,Location,No Children,Rural,90.8020229034496,,Statbel (Directorate General Statistics - Statistics Belgium),2025-07-04
8819,HHA4213-%_HH-RURAL-,HH06 - Households with Internet access at home - %_HH - RURAL,% of households,ITU Households Database,2023,Belgium,BEL,Location,Rural,,92.94915090698572,,Statbel (Directorate General Statistics - Statistics Belgium),2026-07-06
8812,HHA4213-%_HH-CHILDREN-URBAN,HH06 - Households with Internet access at home - %_HH - CHILDREN - URBAN,% of households,ITU Households Database,2023,Belgium,BEL,Location,Children,Urban,98.92715389082399,,Statbel (Directorate General Statistics - Statistics Belgium),2026-07-05
8816,HHA4213-%_HH-NOCHILDREN-,HH06 - Households with Internet access at home - %_HH - NOCHILDREN,% of households,ITU Households Database,2023,Belgium,BEL,Family,No Children,,93.08347451806401,,Statbel (Directorate General Statistics - Statistics Belgium),2026-07-05
8811,HHA4213-%_HH-CHILDREN-RURAL,HH06 - Households with Internet access at home - %_HH - CHILDREN - RURAL,% of households,ITU Households Database,2023,Belgium,BEL,Location,Children,Rural,99.3830953671908,,Statbel (Directorate General Statistics - Statistics Belgium),2025-07-04
12047,xHH6_IDI,Estimated proportion of households with Internet access at home,% of households,ITU World Telecommunication Indicators Database,2023,Benin,BEN,,,,36.54374417,,ITU estimate.,2026-02-02
12047,xHH6_IDI,Estimated proportion of households with Internet access at home,% of households,ITU World Telecommunication Indicators Database,2023,Bangladesh,BGD,,,,43.59129847,,Bangladesh Bureau of Statistics,2026-02-02
8816,HHA4213-%_HH-NOCHILDREN-,HH06 - Households with Internet access at home - %_HH - NOCHILDREN,% of households,ITU Households Database,2023,Bangladesh,BGD,Family,No Children,,39.87358502168885,,Bangladesh Bureau of Statistics,2026-07-07
8811,HHA4213-%_HH-CHILDREN-RURAL,HH06 - Households with Internet access at home - %_HH - CHILDREN - RURAL,% of households,ITU Households Database,2023,Bangladesh,BGD,Location,Children,Rural,39.68550873407339,,Bangladesh Bureau of Statistics,2026-07-07
8818,HHA4213-%_HH-NOCHILDREN-URBAN,HH06 - Households with Internet access at home - %_HH - NOCHILDREN - URBAN,% of households,ITU Households Database,2023,Bangladesh,BGD,Location,No Children,Urban,60.746761697519126,,Bangladesh Bureau of Statistics,2026-07-07
8820,HHA4213-%_HH-URBAN-,HH06 - Households with Internet access at home - %_HH - URBAN,% of households,ITU Households Database,2023,Bangladesh,BGD,Location,Urban,,63.103891881430705,,Bangladesh Bureau of Statistics,2026-07-05
8817,HHA4213-%_HH-NOCHILDREN-RURAL,HH06 - Households with Internet access at home - %_HH - NOCHILDREN - RURAL,% of households,ITU Households Database,2023,Bangladesh,BGD,Location,No Children,Rural,32.631482098507526,,Bangladesh Bureau of Statistics,2026-07-07
8819,HHA4213-%_HH-RURAL-,HH06 - Households with Internet access at home - %_HH - RURAL,% of households,ITU Households Database,2023,Bangladesh,BGD,Location,Rural,,37.121395722108105,,Bangladesh Bureau of Statistics,2026-07-06
8812,HHA4213-%_HH-CHILDREN-URBAN,HH06 - Households with Internet access at home - %_HH - CHILDREN - URBAN,% of households,ITU Households Database,2023,Bangladesh,BGD,Location,Children,Urban,64.55078591760227,,Bangladesh Bureau of Statistics,2026-07-07
8810,HHA4213-%_HH-CHILDREN-,HH06 - Households with Internet access at home - %_HH - CHILDREN,% of households,ITU Households Database,2023,Bangladesh,BGD,Family,Children,,45.75320809060292,,Bangladesh Bureau of Statistics,2026-07-07
12047,xHH6_IDI,Estimated proportion of households with Internet access at home,% of households,ITU World Telecommunication Indicators Database,2023,Bahrain,BHR,,,,100,Estimated based on 2023 residential survey,TRA bahrain,2025-07-07
12047,xHH6_IDI,Estimated proportion of households with Internet access at home,% of households,ITU World Telecommunication Indicators Database,2023,Belarus,BLR,,,,92.52726478,,National Statistical Committee of the Republic of Belarus (Belstat),2026-02-02
8820,HHA4213-%_HH-URBAN-,HH06 - Households with Internet access at home - %_HH - URBAN,% of households,ITU Households Database,2023,Belarus,BLR,Location,Urban,,94.74893334612426,,National Statistical Committee of the Republic of Belarus (Belstat),2026-07-05
8817,HHA4213-%_HH-NOCHILDREN-RURAL,HH06 - Households with Internet access at home - %_HH - NOCHILDREN - RURAL,% of households,ITU Households Database,2023,Belarus,BLR,Location,No Children,Rural,81.94312163313025,,National Statistical Committee of the Republic of Belarus (Belstat),2026-07-05
8819,HHA4213-%_HH-RURAL-,HH06 - Households with Internet access at home - %_HH - RURAL,% of households,ITU Households Database,2023,Belarus,BLR,Location,Rural,,85.29102014305647,,National Statistical Committee of the Republic of Belarus (Belstat),2026-07-06
8811,HHA4213-%_HH-CHILDREN-RURAL,HH06 - Households with Internet access at home - %_HH - CHILDREN - RURAL,% of households,ITU Households Database,2023,Belarus,BLR,Location,Children,Rural,99.86345315456116,,National Statistical Committee of the Republic of Belarus (Belstat),2026-07-06
8816,HHA4213-%_HH-NOCHILDREN-,HH06 - Households with Internet access at home - %_HH - NOCHILDREN,% of households,ITU Households Database,2023,Belarus,BLR,Family,No Children,,90.29114942787695,,National Statistical Committee of the Republic of Belarus (Belstat),2026-07-05
8818,HHA4213-%_HH-NOCHILDREN-URBAN,HH06 - Households with Internet access at home - %_HH - NOCHILDREN - URBAN,% of households,ITU Households Database,2023,Belarus,BLR,Location,No Children,Urban,93.04977577504567,,National Statistical Committee of the Republic of Belarus (Belstat),2026-07-05
8810,HHA4213-%_HH-CHILDREN-,HH06 - Households with Internet access at home - %_HH - CHILDREN,% of households,ITU Households Database,2023,Belarus,BLR,Family,Children,,99.97405268867291,,National Statistical Committee of the Republic of Belarus (Belstat),2026-07-06
8812,HHA4213-%_HH-CHILDREN-URBAN,HH06 - Households with Internet access at home - %_HH - CHILDREN - URBAN,% of households,ITU Households Database,2023,Belarus,BLR,Location,Children,Urban,100,,National Statistical Committee of the Republic of Belarus (Belstat),2025-07-04
12047,xHH6_IDI,Estimated proportion of households with Internet access at home,% of households,ITU World Telecommunication Indicators Database,2023,Belize,BLZ,,,,74.19557192,,ITU estimate.,2026-02-02
12047,xHH6_IDI,Estimated proportion of households with Internet access at home,% of households,ITU World Telecommunication Indicators Database,2023,Bolivia (Plurinational State of),BOL,,,,66.65889029,,ITU estimate.,2026-02-02
12047,xHH6_IDI,Estimated proportion of households with Internet access at home,% of households,ITU World Telecommunication Indicators Database,2023,Botswana,BWA,,,,67.79829534,,ITU estimate.,2026-02-02
12047,xHH6_IDI,Estimated proportion of households with Internet access at home,% of households,ITU World Telecommunication Indicators Database,2023,Barbados,BRB,,,,76.91146824,,ITU estimate.,2026-02-02
12047,xHH6_IDI,Estimated proportion of households with Internet access at home,% of households,ITU World Telecommunication Indicators Database,2023,Myanmar,MMR,,,,56.69415487,,ITU estimate.,2026-02-02
12047,xHH6_IDI,Estimated proportion of households with Internet access at home,% of households,ITU World Telecommunication Indicators Database,2023,Brunei Darussalam,BRN,,,,96.04912597,,ITU estimate.,2026-02-02
12047,xHH6_IDI,Estimated proportion of households with Internet access at home,% of households,ITU World Telecommunication Indicators Database,2023,Bhutan,BTN,,,,97.80845028,,ITU estimate.,2026-02-02
12047,xHH6_IDI,Estimated proportion of households with Internet access at home,% of households,ITU World Telecommunication Indicators Database,2023,Bulgaria,BGR,,,,88.49662832,,National Statistical Institute,2026-02-02
8820,HHA4213-%_HH-URBAN-,HH06 - Households with Internet access at home - %_HH - URBAN,% of households,ITU Households Database,2023,Bulgaria,BGR,Location,Urban,,91.8381428910781,,National Statistical Institute,2025-07-04
8812,HHA4213-%_HH-CHILDREN-URBAN,HH06 - Households with Internet access at home - %_HH - CHILDREN - URBAN,% of households,ITU Households Database,2023,Bulgaria,BGR,Location,Children,Urban,98.67938616066773,,National Statistical Institute,2026-07-05
8816,HHA4213-%_HH-NOCHILDREN-,HH06 - Households with Internet access at home - %_HH - NOCHILDREN,% of households,ITU Households Database,2023,Bulgaria,BGR,Family,No Children,,87.05289264017192,,National Statistical Institute,2026-07-05
8810,HHA4213-%_HH-CHILDREN-,HH06 - Households with Internet access at home - %_HH - CHILDREN,% of households,ITU Households Database,2023,Bulgaria,BGR,Family,Children,,97.7493781787133,,National Statistical Institute,2025-07-04
8817,HHA4213-%_HH-NOCHILDREN-RURAL,HH06 - Households with Internet access at home - %_HH - NOCHILDREN - RURAL,% of households,ITU Households Database,2023,Bulgaria,BGR,Location,No Children,Rural,73.65319606300251,,National Statistical Institute,2026-07-05
8811,HHA4213-%_HH-CHILDREN-RURAL,HH06 - Households with Internet access at home - %_HH - CHILDREN - RURAL,% of households,ITU Households Database,2023,Bulgaria,BGR,Location,Children,Rural,95.07945441699498,,National Statistical Institute,2026-07-06
8818,HHA4213-%_HH-NOCHILDREN-URBAN,HH06 - Households with Internet access at home - %_HH - NOCHILDREN - URBAN,% of households,ITU Households Database,2023,Bulgaria,BGR,Location,No Children,Urban,90.82369459529671,,National Statistical Institute,2026-07-05
8819,HHA4213-%_HH-RURAL-,HH06 - Households with Internet access at home - %_HH - RURAL,% of households,ITU Households Database,2023,Bulgaria,BGR,Location,Rural,,76.97619007823975,,National Statistical Institute,2026-07-06
12047,xHH6_IDI,Estimated proportion of households with Internet access at home,% of households,ITU World Telecommunication Indicators Database,2023,Canada,CAN,,,,95.2892466,,ITU estimate.,2026-02-02
12047,xHH6_IDI,Estimated proportion of households with Internet access at home,% of households,ITU World Telecommunication Indicators Database,2023,Cambodia,KHM,,,,69.00404302,,ITU estimate.,2026-02-02
12047,xHH6_IDI,Estimated proportion of households with Internet access at home,% of households,ITU World Telecommunication Indicators Database,2023,Chile,CHL,,,,94.34661143,,Instituto Nacional de Estadisticas,2026-02-02
8819,HHA4213-%_HH-RURAL-,HH06 - Households with Internet access at home - %_HH - RURAL,% of households,ITU Households Database,2023,Chile,CHL,Location,Rural,,89.47047064509579,,Instituto Nacional de Estadisticas,2026-07-06
8820,HHA4213-%_HH-URBAN-,HH06 - Households with Internet access at home - %_HH - URBAN,% of households,ITU Households Database,2023,Chile,CHL,Location,Urban,,95.03519476509798,,Instituto Nacional de Estadisticas,2026-07-05
12047,xHH6_IDI,Estimated proportion of households with Internet access at home,% of households,ITU World Telecommunication Indicators Database,2023,China,CHN,,,,91.47385246,,ITU estimate.,2026-02-02
12047,xHH6_IDI,Estimated proportion of households with Internet access at home,% of households,ITU World Telecommunication Indicators Database,2023,Colombia,COL,,,,63.93571464,,Ministry of Industry and Information Technology,2026-02-02
8819,HHA4213-%_HH-RURAL-,HH06 - Households with Internet access at home - %_HH - RURAL,% of households,ITU Households Database,2023,Colombia,COL,Location,Rural,,41.4451482695376,,Departamento Administrativo Nacional de Estadistica (DANE),2025-07-04
8820,HHA4213-%_HH-URBAN-,HH06 - Households with Internet access at home - %_HH - URBAN,% of households,ITU Households Database,2023,Colombia,COL,Location,Urban,,70.47553558837136,,Departamento Administrativo Nacional de Estadistica (DANE),2026-07-05
12047,xHH6_IDI,Estimated proportion of households with Internet access at home,% of households,ITU World Telecommunication Indicators Database,2023,Sri Lanka,LKA,,,,71.14916168,,ITU estimate.,2026-02-02
12047,xHH6_IDI,Estimated proportion of households with Internet access at home,% of households,ITU World Telecommunication Indicators Database,2023,Cameroon,CMR,,,,48.23769911,,ITU estimate.,2026-02-02
12047,xHH6_IDI,Estimated proportion of households with Internet access at home,% of households,ITU World Telecommunication Indicators Database,2023,Congo (Rep. of the),COG,,,,50.95411527,,ITU estimate.,2026-02-02
12047,xHH6_IDI,Estimated proportion of households with Internet access at home,% of households,ITU World Telecommunication Indicators Database,2023,Comoros,COM,,,,43.65663368,,ITU estimate.,2026-02-02
12047,xHH6_IDI,Estimated proportion of households with Internet access at home,% of households,ITU World Telecommunication Indicators Database,2023,Cabo Verde,CPV,,,,72.80069999,,ITU estimate.,2026-02-02
12047,xHH6_IDI,Estimated proportion of households with Internet access at home,% of households,ITU World Telecommunication Indicators Database,2023,Côte d'Ivoire,CIV,,,,74.44100633,,ARTCI,2026-02-02
8812,HHA4213-%_HH-CHILDREN-URBAN,HH06 - Households with Internet access at home - %_HH - CHILDREN - URBAN,% of households,ITU Households Database,2023,Côte d'Ivoire,CIV,Location,Children,Urban,85.84838098775646,,ARTCI,2026-07-07
8818,HHA4213-%_HH-NOCHILDREN-URBAN,HH06 - Households with Internet access at home - %_HH - NOCHILDREN - URBAN,% of households,ITU Households Database,2023,Côte d'Ivoire,CIV,Location,No Children,Urban,85.61013729826469,,ARTCI,2026-07-07
8820,HHA4213-%_HH-URBAN-,HH06 - Households with Internet access at home - %_HH - URBAN,% of households,ITU Households Database,2023,Côte d'Ivoire,CIV,Location,Urban,,85.69739569085826,,ARTCI,2026-07-05
8817,HHA4213-%_HH-NOCHILDREN-RURAL,HH06 - Households with Internet access at home - %_HH - NOCHILDREN - RURAL,% of households,ITU Households Database,2023,Côte d'Ivoire,CIV,Location,No Children,Rural,58.31500612018142,,ARTCI,2026-07-07
8810,HHA4213-%_HH-CHILDREN-,HH06 - Households with Internet access at home - %_HH - CHILDREN,% of households,ITU Households Database,2023,Côte d'Ivoire,CIV,Family,Children,,74.41142457551567,,ARTCI,2026-07-07
8819,HHA4213-%_HH-RURAL-,HH06 - Households with Internet access at home - %_HH - RURAL,% of households,ITU Households Database,2023,Côte d'Ivoire,CIV,Location,Rural,,57.65816314382253,,ARTCI,2026-07-06
8811,HHA4213-%_HH-CHILDREN-RURAL,HH06 - Households with Internet access at home - %_HH - CHILDREN - RURAL,% of households,ITU Households Database,2023,Côte d'Ivoire,CIV,Location,Children,Rural,56.422524395600995,,ARTCI,2026-07-07
8816,HHA4213-%_HH-NOCHILDREN-,HH06 - Households with Internet access at home - %_HH - NOCHILDREN,% of households,ITU Households Database,2023,Côte d'Ivoire,CIV,Family,No Children,,74.45753753947176,,ARTCI,2026-07-07
8816,HHA4213-%_HH-NOCHILDREN-,HH06 - Households with Internet access at home - %_HH - NOCHILDREN,% of households,ITU Households Database,2023,Costa Rica,CRI,Family,No Children,,79.23089591291094,,Instituto Nacional de Estadisticas y Censos,2026-07-05
8812,HHA4213-%_HH-CHILDREN-URBAN,HH06 - Households with Internet access at home - %_HH - CHILDREN - URBAN,% of households,ITU Households Database,2023,Costa Rica,CRI,Location,Children,Urban,88.58669125888791,,Instituto Nacional de Estadisticas y Censos,2026-07-05
8810,HHA4213-%_HH-CHILDREN-,HH06 - Households with Internet access at home - %_HH - CHILDREN,% of households,ITU Households Database,2023,Costa Rica,CRI,Family,Children,,86.81637636112603,,Instituto Nacional de Estadisticas y Censos,2026-07-06
8820,HHA4213-%_HH-URBAN-,HH06 - Households with Internet access at home - %_HH - URBAN,% of households,ITU Households Database,2023,Costa Rica,CRI,Location,Urban,,84.5106778807023,,Instituto Nacional de Estadisticas y Censos,2025-07-04
8811,HHA4213-%_HH-CHILDREN-RURAL,HH06 - Households with Internet access at home - %_HH - CHILDREN - RURAL,% of households,ITU Households Database,2023,Costa Rica,CRI,Location,Children,Rural,82.81531494077018,,Instituto Nacional de Estadisticas y Censos,2026-07-06
8819,HHA4213-%_HH-RURAL-,HH06 - Households with Internet access at home - %_HH - RURAL,% of households,ITU Households Database,2023,Costa Rica,CRI,Location,Rural,,74.41725180457351,,Instituto Nacional de Estadisticas y Censos,2026-07-06
8817,HHA4213-%_HH-NOCHILDREN-RURAL,HH06 - Households with Internet access at home - %_HH - NOCHILDREN - RURAL,% of households,ITU Households Database,2023,Costa Rica,CRI,Location,No Children,Rural,69.49529734734654,,Instituto Nacional de Estadisticas y Censos,2026-07-05
8818,HHA4213-%_HH-NOCHILDREN-URBAN,HH06 - Households with Internet access at home - %_HH - NOCHILDREN - URBAN,% of households,ITU Households Database,2023,Costa Rica,CRI,Location,No Children,Urban,82.627194041252,,Instituto Nacional de Estadisticas y Censos,2025-07-04
12047,xHH6_IDI,Estimated proportion of households with Internet access at home,% of households,ITU World Telecommunication Indicators Database,2023,Costa Rica,CRI,,,,81.7396165,,Instituto Nacional de Estadisticas y Censos,2026-02-02
12047,xHH6_IDI,Estimated proportion of households with Internet access at home,% of households,ITU World Telecommunication Indicators Database,2023,Cuba,CUB,,,,32.58545414,,ITU estimate.,2026-02-02
12047,xHH6_IDI,Estimated proportion of households with Internet access at home,% of households,ITU World Telecommunication Indicators Database,2023,Vatican,VAT,,,,87.0278292,,ITU estimate.,2026-02-02
12047,xHH6_IDI,Estimated proportion of households with Internet access at home,% of households,ITU World Telecommunication Indicators Database,2023,Cyprus,CYP,,,,92.30487183,,Statistical Service of Cyprus,2026-02-02
8820,HHA4213-%_HH-URBAN-,HH06 - Households with Internet access at home - %_HH - URBAN,% of households,ITU Households Database,2023,Cyprus,CYP,Location,Urban,,93.57681111525042,,Statistical Service of Cyprus,2026-07-05
8819,HHA4213-%_HH-RURAL-,HH06 - Households with Internet access at home - %_HH - RURAL,% of households,ITU Households Database,2023,Cyprus,CYP,Location,Rural,,89.73667649931441,,Statistical Service of Cyprus,2026-07-06
8818,HHA4213-%_HH-NOCHILDREN-URBAN,HH06 - Households with Internet access at home - %_HH - NOCHILDREN - URBAN,% of households,ITU Households Database,2023,Germany,DEU,Location,No Children,Urban,91.43047099308221,EU classification DEG_URBA = 1 (Cities - densely populated area);#  RURAL can not be filled by us:#  DEG_URBA has 2 more codes (2=internediate density areas and 3=thinly populated areas);according to EU definition: children = persons < 16 years,Federal Statistical Office,2026-07-05
8816,HHA4213-%_HH-NOCHILDREN-,HH06 - Households with Internet access at home - %_HH - NOCHILDREN,% of households,ITU Households Database,2023,Germany,DEU,Family,No Children,,89.93244855722106,EU classification DEG_URBA = 1 (Cities - densely populated area);#  RURAL can not be filled by us:#  DEG_URBA has 2 more codes (2=internediate density areas and 3=thinly populated areas);according to EU definition: children = persons < 16 years,Federal Statistical Office,2026-07-05
8810,HHA4213-%_HH-CHILDREN-,HH06 - Households with Internet access at home - %_HH - CHILDREN,% of households,ITU Households Database,2023,Germany,DEU,Family,Children,,97.8662975002544,EU classification DEG_URBA = 1 (Cities - densely populated area);#  RURAL can not be filled by us:#  DEG_URBA has 2 more codes (2=internediate density areas and 3=thinly populated areas);according to EU definition: children = persons < 16 years,Federal Statistical Office,2025-07-04
8820,HHA4213-%_HH-URBAN-,HH06 - Households with Internet access at home - %_HH - URBAN,% of households,ITU Households Database,2023,Germany,DEU,Location,Urban,,92.74941085792683,EU classification DEG_URBA = 1 (Cities - densely populated area);#  RURAL can not be filled by us:#  DEG_URBA has 2 more codes (2=internediate density areas and 3=thinly populated areas),Federal Statistical Office,2026-07-05
8812,HHA4213-%_HH-CHILDREN-URBAN,HH06 - Households with Internet access at home - %_HH - CHILDREN - URBAN,% of households,ITU Households Database,2023,Germany,DEU,Location,Children,Urban,98.295403704477,EU classification DEG_URBA = 1 (Cities - densely populated area);#  RURAL can not be filled by us:#  DEG_URBA has 2 more codes (2=internediate density areas and 3=thinly populated areas);according to EU definition: children = persons < 16 years,Federal Statistical Office,2025-07-04
12047,xHH6_IDI,Estimated proportion of households with Internet access at home,% of households,ITU World Telecommunication Indicators Database,2023,Germany,DEU,,,,91.66177214,,Federal Statistical Office,2026-02-02
12047,xHH6_IDI,Estimated proportion of households with Internet access at home,% of households,ITU World Telecommunication Indicators Database,2023,Djibouti,DJI,,,,67.33148713,,ITU estimate.,2026-02-02
12047,xHH6_IDI,Estimated proportion of households with Internet access at home,% of households,ITU World Telecommunication Indicators Database,2023,Dominica,DMA,,,,81.33647824,,ITU estimate.,2026-02-02
12047,xHH6_IDI,Estimated proportion of households with Internet access at home,% of households,ITU World Telecommunication Indicators Database,2023,Denmark,DNK,,,,96.09071056,,Statistics Denmark,2026-02-02
8816,HHA4213-%_HH-NOCHILDREN-,HH06 - Households with Internet access at home - %_HH - NOCHILDREN,% of households,ITU Households Database,2023,Denmark,DNK,Family,No Children,,95.34490640661133,,Statistics Denmark,2026-07-07
8810,HHA4213-%_HH-CHILDREN-,HH06 - Households with Internet access at home - %_HH - CHILDREN,% of households,ITU Households Database,2023,Denmark,DNK,Family,Children,,98.69661055383631,,Statistics Denmark,2026-07-07
8818,HHA4213-%_HH-NOCHILDREN-URBAN,HH06 - Households with Internet access at home - %_HH - NOCHILDREN - URBAN,% of households,ITU Households Database,2023,Denmark,DNK,Location,No Children,Urban,96.31362768679783,,Statistics Denmark,2026-07-07
8811,HHA4213-%_HH-CHILDREN-RURAL,HH06 - Households with Internet access at home - %_HH - CHILDREN - RURAL,% of households,ITU Households Database,2023,Denmark,DNK,Location,Children,Rural,98.58784597773545,,Statistics Denmark,2026-07-07
8817,HHA4213-%_HH-NOCHILDREN-RURAL,HH06 - Households with Internet access at home - %_HH - NOCHILDREN - RURAL,% of households,ITU Households Database,2023,Denmark,DNK,Location,No Children,Rural,94.689076356582,,Statistics Denmark,2025-07-04
8820,HHA4213-%_HH-URBAN-,HH06 - Households with Internet access at home - %_HH - URBAN,% of households,ITU Households Database,2023,Denmark,DNK,Location,Urban,,96.81020962435926,,Statistics Denmark,2026-07-05
8819,HHA4213-%_HH-RURAL-,HH06 - Households with Internet access at home - %_HH - RURAL,% of households,ITU Households Database,2023,Denmark,DNK,Location,Rural,,95.63462571334696,,Statistics Denmark,2026-07-06
8812,HHA4213-%_HH-CHILDREN-URBAN,HH06 - Households with Internet access at home - %_HH - CHILDREN - URBAN,% of households,ITU Households Database,2023,Denmark,DNK,Location,Children,Urban,98.91507425680584,,Statistics Denmark,2026-07-07
12047,xHH6_IDI,Estimated proportion of households with Internet access at home,% of households,ITU World Telecommunication Indicators Database,2023,Dominican Rep.,DOM,,,,51.86141127,,ITU estimate.,2026-02-02
12047,xHH6_IDI,Estimated proportion of households with Internet access at home,% of households,ITU World Telecommunication Indicators Database,2023,Spain,ESP,,,,96.44723181,,Instituto Nacional de Estadistica,2026-02-02
8817,HHA4213-%_HH-NOCHILDREN-RURAL,HH06 - Households with Internet access at home - %_HH - NOCHILDREN - RURAL,% of households,ITU Households Database,2023,Spain,ESP,Location,No Children,Rural,93.85229393181007,,Instituto Nacional de Estadistica,2026-07-05
8811,HHA4213-%_HH-CHILDREN-RURAL,HH06 - Households with Internet access at home - %_HH - CHILDREN - RURAL,% of households,ITU Households Database,2023,Spain,ESP,Location,Children,Rural,99.74761267175131,,Instituto Nacional de Estadistica,2026-07-06
8810,HHA4213-%_HH-CHILDREN-,HH06 - Households with Internet access at home - %_HH - CHILDREN,% of households,ITU Households Database,2023,Spain,ESP,Family,Children,,99.73893421312071,,Instituto Nacional de Estadistica,2026-07-06
8818,HHA4213-%_HH-NOCHILDREN-URBAN,HH06 - Households with Internet access at home - %_HH - NOCHILDREN - URBAN,% of households,ITU Households Database,2023,Spain,ESP,Location,No Children,Urban,96.50826758075901,,Instituto Nacional de Estadistica,2026-07-05
8819,HHA4213-%_HH-RURAL-,HH06 - Households with Internet access at home - %_HH - RURAL,% of households,ITU Households Database,2023,Spain,ESP,Location,Rural,,95.43904508187741,,Instituto Nacional de Estadistica,2026-07-06
8816,HHA4213-%_HH-NOCHILDREN-,HH06 - Households with Internet access at home - %_HH - NOCHILDREN,% of households,ITU Households Database,2023,Spain,ESP,Family,No Children,,95.29099095703414,,Instituto Nacional de Estadistica,2026-07-05
8820,HHA4213-%_HH-URBAN-,HH06 - Households with Internet access at home - %_HH - URBAN,% of households,ITU Households Database,2023,Spain,ESP,Location,Urban,,97.3203132183958,,Instituto Nacional de Estadistica,2025-07-04
8812,HHA4213-%_HH-CHILDREN-URBAN,HH06 - Households with Internet access at home - %_HH - CHILDREN - URBAN,% of households,ITU Households Database,2023,Spain,ESP,Location,Children,Urban,99.73094957757534,,Instituto Nacional de Estadistica,2026-07-05
12047,xHH6_IDI,Estimated proportion of households with Internet access at home,% of households,ITU World Telecommunication Indicators Database,2023,Egypt,EGY,,,,75.24541891,,ITU estimate.,2026-02-02
12047,xHH6_IDI,Estimated proportion of households with Internet access at home,% of households,ITU World Telecommunication Indicators Database,2023,Ecuador,ECU,,,,62.21893134,,Instituto Nacional de Estadistica y Censos,2026-02-02
8812,HHA4213-%_HH-CHILDREN-URBAN,HH06 - Households with Internet access at home - %_HH - CHILDREN - URBAN,% of households,ITU Households Database,2023,Ecuador,ECU,Location,Children,Urban,73.90642064709768,,Instituto Nacional de Estadistica y Censos,2026-07-06
8816,HHA4213-%_HH-NOCHILDREN-,HH06 - Households with Internet access at home - %_HH - NOCHILDREN,% of households,ITU Households Database,2023,Ecuador,ECU,Family,No Children,,59.552993860383985,,Instituto Nacional de Estadistica y Censos,2026-07-05
8811,HHA4213-%_HH-CHILDREN-RURAL,HH06 - Households with Internet access at home - %_HH - CHILDREN - RURAL,% of households,ITU Households Database,2023,Ecuador,ECU,Location,Children,Rural,48.59249064070198,,Instituto Nacional de Estadistica y Censos,2026-07-06
8818,HHA4213-%_HH-NOCHILDREN-URBAN,HH06 - Households with Internet access at home - %_HH - NOCHILDREN - URBAN,% of households,ITU Households Database,2023,Ecuador,ECU,Location,No Children,Urban,66.9058986587363,,Instituto Nacional de Estadistica y Censos,2025-07-04
8810,HHA4213-%_HH-CHILDREN-,HH06 - Households with Internet access at home - %_HH - CHILDREN,% of households,ITU Households Database,2023,Ecuador,ECU,Family,Children,,66.1084197014751,,Instituto Nacional de Estadistica y Censos,2025-07-04
8817,HHA4213-%_HH-NOCHILDREN-RURAL,HH06 - Households with Internet access at home - %_HH - NOCHILDREN - RURAL,% of households,ITU Households Database,2023,Ecuador,ECU,Location,No Children,Rural,41.34904817574021,,Instituto Nacional de Estadistica y Censos,2026-07-05
8820,HHA4213-%_HH-URBAN-,HH06 - Households with Internet access at home - %_HH - URBAN,% of households,ITU Households Database,2023,Ecuador,ECU,Location,Urban,,69.70403460333995,,Instituto Nacional de Estadistica y Censos,2026-07-05
8819,HHA4213-%_HH-RURAL-,HH06 - Households with Internet access at home - %_HH - RURAL,% of households,ITU Households Database,2023,Ecuador,ECU,Location,Rural,,44.41491742261201,,Instituto Nacional de Estadistica y Censos,2026-07-06
12047,xHH6_IDI,Estimated proportion of households with Internet access at home,% of households,ITU World Telecommunication Indicators Database,2023,Estonia,EST,,,,93.20006208,,Statistical Office of Estonia,2026-02-02
12047,xHH6_IDI,Estimated proportion of households with Internet access at home,% of households,ITU World Telecommunication Indicators Database,2023,Ethiopia,ETH,,,,26.81885023,,ITU estimate.,2026-02-02
12047,xHH6_IDI,Estimated proportion of households with Internet access at home,% of households,ITU World Telecommunication Indicators Database,2023,France,FRA,,,,88.13595487,,Institut National de la Statistique et des Etudes Economiques,2026-02-02
8817,HHA4213-%_HH-NOCHILDREN-RURAL,HH06 - Households with Internet access at home - %_HH - NOCHILDREN - RURAL,% of households,ITU Households Database,2023,France,FRA,Location,No Children,Rural,82.1904709394685,,Institut National de la Statistique et des Etudes Economiques,2025-07-04
8810,HHA4213-%_HH-CHILDREN-,HH06 - Households with Internet access at home - %_HH - CHILDREN,% of households,ITU Households Database,2023,France,FRA,Family,Children,,98.58198255854583,,Institut National de la Statistique et des Etudes Economiques,2026-07-06
8816,HHA4213-%_HH-NOCHILDREN-,HH06 - Households with Internet access at home - %_HH - NOCHILDREN,% of households,ITU Households Database,2023,France,FRA,Family,No Children,,85.24842181248825,,Institut National de la Statistique et des Etudes Economiques,2026-07-05
8820,HHA4213-%_HH-URBAN-,HH06 - Households with Internet access at home - %_HH - URBAN,% of households,ITU Households Database,2023,France,FRA,Location,Urban,,88.69638173913553,,Institut National de la Statistique et des Etudes Economiques,2026-07-05
8812,HHA4213-%_HH-CHILDREN-URBAN,HH06 - Households with Internet access at home - %_HH - CHILDREN - URBAN,% of households,ITU Households Database,2023,France,FRA,Location,Children,Urban,98.49038612839689,,Institut National de la Statistique et des Etudes Economiques,2026-07-05
8811,HHA4213-%_HH-CHILDREN-RURAL,HH06 - Households with Internet access at home - %_HH - CHILDREN - RURAL,% of households,ITU Households Database,2023,France,FRA,Location,Children,Rural,98.91161360523594,,Institut National de la Statistique et des Etudes Economiques,2026-07-06
8819,HHA4213-%_HH-RURAL-,HH06 - Households with Internet access at home - %_HH - RURAL,% of households,ITU Households Database,2023,France,FRA,Location,Rural,,85.9910172070226,,Institut National de la Statistique et des Etudes Economiques,2025-07-04
8818,HHA4213-%_HH-NOCHILDREN-URBAN,HH06 - Households with Internet access at home - %_HH - NOCHILDREN - URBAN,% of households,ITU Households Database,2023,France,FRA,Location,No Children,Urban,86.03365321340578,,Institut National de la Statistique et des Etudes Economiques,2026-07-05
12047,xHH6_IDI,Estimated proportion of households with Internet access at home,% of households,ITU World Telecommunication Indicators Database,2023,Fiji,FJI,,,,77.61028506,,ITU estimate.,2026-02-02
12047,xHH6_IDI,Estimated proportion of households with Internet access at home,% of households,ITU World Telecommunication Indicators Database,2023,Finland,FIN,,,,96.78490827,"Increase due to slight change in question order from previous years,",Statistics Finland,2026-02-02
12047,xHH6_IDI,Estimated proportion of households with Internet access at home,% of households,ITU World Telecommunication Indicators Database,2023,United Kingdom,GBR,,,,96.39695792,,ITU estimate.,2026-02-02
12047,xHH6_IDI,Estimated proportion of households with Internet access at home,% of households,ITU World Telecommunication Indicators Database,2023,Gabon,GAB,,,,74.45474014,,ITU estimate.,2026-02-02
12047,xHH6_IDI,Estimated proportion of households with Internet access at home,% of households,ITU World Telecommunication Indicators Database,2023,Ghana,GHA,,,,70.51436381,,ITU estimate.,2026-02-02
12047,xHH6_IDI,Estimated proportion of households with Internet access at home,% of households,ITU World Telecommunication Indicators Database,2023,Gambia,GMB,,,,45.29525881,,ITU estimate.,2026-02-02
12047,xHH6_IDI,Estimated proportion of households with Internet access at home,% of households,ITU World Telecommunication Indicators Database,2023,Guinea-Bissau,GNB,,,,27.69635829,,ITU estimate.,2026-02-02
12047,xHH6_IDI,Estimated proportion of households with Internet access at home,% of households,ITU World Telecommunication Indicators Database,2023,Equatorial Guinea,GNQ,,,,58.01122104,,ITU estimate.,2026-02-02
12047,xHH6_IDI,Estimated proportion of households with Internet access at home,% of households,ITU World Telecommunication Indicators Database,2023,Greece,GRC,,,,86.90144898,,Hellenic Statistical Authority,2026-02-02
12047,xHH6_IDI,Estimated proportion of households with Internet access at home,% of households,ITU World Telecommunication Indicators Database,2023,Grenada,GRD,,,,75.46437753,,ITU estimate.,2026-02-02
12047,xHH6_IDI,Estimated proportion of households with Internet access at home,% of households,ITU World Telecommunication Indicators Database,2023,Guatemala,GTM,,,,33.47509273,,ITU estimate.,2026-02-02
12047,xHH6_IDI,Estimated proportion of households with Internet access at home,% of households,ITU World Telecommunication Indicators Database,2023,Guinea,GIN,,,,40.87516653,,ITU estimate.,2026-02-02
12047,xHH6_IDI,Estimated proportion of households with Internet access at home,% of households,ITU World Telecommunication Indicators Database,2023,Guyana,GUY,,,,51.97572153,,ITU estimate.,2026-02-02
12047,xHH6_IDI,Estimated proportion of households with Internet access at home,% of households,ITU World Telecommunication Indicators Database,2023,"Hong Kong, China",HKG,,,,96.6256655,,"Census and Statistics Department, Hong Kong Special Administrative Region, China",2026-02-02
8810,HHA4213-%_HH-CHILDREN-,HH06 - Households with Internet access at home - %_HH - CHILDREN,% of households,ITU Households Database,2023,"Hong Kong, China",HKG,Family,Children,,100,,"Census and Statistics Department, Hong Kong Special Administrative Region, China",2025-07-04
8816,HHA4213-%_HH-NOCHILDREN-,HH06 - Households with Internet access at home - %_HH - NOCHILDREN,% of households,ITU Households Database,2023,"Hong Kong, China",HKG,Family,No Children,,95.89353612167301,,"Census and Statistics Department, Hong Kong Special Administrative Region, China",2026-07-07
12047,xHH6_IDI,Estimated proportion of households with Internet access at home,% of households,ITU World Telecommunication Indicators Database,2023,Honduras,HND,,,,50.83034008,,ITU estimate.,2026-02-02
12047,xHH6_IDI,Estimated proportion of households with Internet access at home,% of households,ITU World Telecommunication Indicators Database,2023,Hungary,HUN,,,,92.73469944,,Hungarian Central Statistical Office,2026-02-02
12047,xHH6_IDI,Estimated proportion of households with Internet access at home,% of households,ITU World Telecommunication Indicators Database,2023,Netherlands,NLD,,,,96.89651851,,Statistics Netherlands,2026-02-02
12047,xHH6_IDI,Estimated proportion of households with Internet access at home,% of households,ITU World Telecommunication Indicators Database,2023,Croatia,HRV,,,,89.5555277,,Croatian Bureau of Statistics,2026-02-02
8820,HHA4213-%_HH-URBAN-,HH06 - Households with Internet access at home - %_HH - URBAN,% of households,ITU Households Database,2023,Croatia,HRV,Location,Urban,,91.30356167383772,,Croatian Bureau of Statistics,2026-07-05
8819,HHA4213-%_HH-RURAL-,HH06 - Households with Internet access at home - %_HH - RURAL,% of households,ITU Households Database,2023,Croatia,HRV,Location,Rural,,86.56482629259355,,Croatian Bureau of Statistics,2026-07-06
8811,HHA4213-%_HH-CHILDREN-RURAL,HH06 - Households with Internet access at home - %_HH - CHILDREN - RURAL,% of households,ITU Households Database,2023,Italy,ITA,Location,Children,Rural,97.87792415008407,,Italian National Institute of Statistics,2026-07-06
8810,HHA4213-%_HH-CHILDREN-,HH06 - Households with Internet access at home - %_HH - CHILDREN,% of households,ITU Households Database,2023,Italy,ITA,Family,Children,,98.63395877775626,,Italian National Institute of Statistics,2026-07-06
8816,HHA4213-%_HH-NOCHILDREN-,HH06 - Households with Internet access at home - %_HH - NOCHILDREN,% of households,ITU Households Database,2023,Italy,ITA,Family,No Children,,80.25683094817006,,Italian National Institute of Statistics,2026-07-05
8817,HHA4213-%_HH-NOCHILDREN-RURAL,HH06 - Households with Internet access at home - %_HH - NOCHILDREN - RURAL,% of households,ITU Households Database,2023,Italy,ITA,Location,No Children,Rural,74.23614939198198,,Italian National Institute of Statistics,2026-07-05
8818,HHA4213-%_HH-NOCHILDREN-URBAN,HH06 - Households with Internet access at home - %_HH - NOCHILDREN - URBAN,% of households,ITU Households Database,2023,Italy,ITA,Location,No Children,Urban,81.57141508364256,,Italian National Institute of Statistics,2026-07-05
8812,HHA4213-%_HH-CHILDREN-URBAN,HH06 - Households with Internet access at home - %_HH - CHILDREN - URBAN,% of households,ITU Households Database,2023,Italy,ITA,Location,Children,Urban,98.78034294697417,,Italian National Institute of Statistics,2026-07-05
8819,HHA4213-%_HH-RURAL-,HH06 - Households with Internet access at home - %_HH - RURAL,% of households,ITU Households Database,2023,Italy,ITA,Location,Rural,,78.29649472037934,,Italian National Institute of Statistics,2026-07-06
8820,HHA4213-%_HH-URBAN-,HH06 - Households with Internet access at home - %_HH - URBAN,% of households,ITU Households Database,2023,Italy,ITA,Location,Urban,,84.83282759246813,,Italian National Institute of Statistics,2026-07-05
12047,xHH6_IDI,Estimated proportion of households with Internet access at home,% of households,ITU World Telecommunication Indicators Database,2023,Italy,ITA,,,,83.68213615,,Italian National Institute of Statistics,2026-02-02
12047,xHH6_IDI,Estimated proportion of households with Internet access at home,% of households,ITU World Telecommunication Indicators Database,2023,India,IND,,,,79.4974669,,ITU estimate.,2026-02-02
12047,xHH6_IDI,Estimated proportion of households with Internet access at home,% of households,ITU World Telecommunication Indicators Database,2023,Indonesia,IDN,,,,87.08827778,,BPS-Statistics Indonesia,2026-02-02
8820,HHA4213-%_HH-URBAN-,HH06 - Households with Internet access at home - %_HH - URBAN,% of households,ITU Households Database,2023,Indonesia,IDN,Location,Urban,,91.00933232952794,,BPS-Statistics Indonesia,2026-07-05
8810,HHA4213-%_HH-CHILDREN-,HH06 - Households with Internet access at home - %_HH - CHILDREN,% of households,ITU Households Database,2023,Indonesia,IDN,Family,Children,,95.64689634681771,,BPS-Statistics Indonesia,2026-07-06
8812,HHA4213-%_HH-CHILDREN-URBAN,HH06 - Households with Internet access at home - %_HH - CHILDREN - URBAN,% of households,ITU Households Database,2023,Indonesia,IDN,Location,Children,Urban,98.16082517812286,,BPS-Statistics Indonesia,2026-07-05
8819,HHA4213-%_HH-RURAL-,HH06 - Households with Internet access at home - %_HH - RURAL,% of households,ITU Households Database,2023,Indonesia,IDN,Location,Rural,,81.60327912998765,,BPS-Statistics Indonesia,2026-07-06
8817,HHA4213-%_HH-NOCHILDREN-RURAL,HH06 - Households with Internet access at home - %_HH - NOCHILDREN - RURAL,% of households,ITU Households Database,2023,Indonesia,IDN,Location,No Children,Rural,66.58952246159042,,BPS-Statistics Indonesia,2026-07-05
8811,HHA4213-%_HH-CHILDREN-RURAL,HH06 - Households with Internet access at home - %_HH - CHILDREN - RURAL,% of households,ITU Households Database,2023,Indonesia,IDN,Location,Children,Rural,92.33406446905585,,BPS-Statistics Indonesia,2026-07-06
8818,HHA4213-%_HH-NOCHILDREN-URBAN,HH06 - Households with Internet access at home - %_HH - NOCHILDREN - URBAN,% of households,ITU Households Database,2023,Indonesia,IDN,Location,No Children,Urban,82.29031334117998,,BPS-Statistics Indonesia,2026-07-05
8816,HHA4213-%_HH-NOCHILDREN-,HH06 - Households with Internet access at home - %_HH - NOCHILDREN,% of households,ITU Households Database,2023,Indonesia,IDN,Family,No Children,,76.04070593576496,,BPS-Statistics Indonesia,2026-07-05
12047,xHH6_IDI,Estimated proportion of households with Internet access at home,% of households,ITU World Telecommunication Indicators Database,2023,Ireland,IRL,,,,96.74707965,,ITU estimate.,2026-02-02
12047,xHH6_IDI,Estimated proportion of households with Internet access at home,% of households,ITU World Telecommunication Indicators Database,2023,Iran (Islamic Republic of),IRN,,,,84.59952595,,ITU estimate.,2026-02-02
12047,xHH6_IDI,Estimated proportion of households with Internet access at home,% of households,ITU World Telecommunication Indicators Database,2023,Iraq,IRQ,,,,87.61072015,,ITU estimate.,2026-02-02
12047,xHH6_IDI,Estimated proportion of households with Internet access at home,% of households,ITU World Telecommunication Indicators Database,2023,Iceland,ISL,,,,98.2604529,,ITU estimate.,2026-02-02
12047,xHH6_IDI,Estimated proportion of households with Internet access at home,% of households,ITU World Telecommunication Indicators Database,2023,Israel,ISR,,,,79.27507795,,ITU estimate.,2026-07-08
8820,HHA4213-%_HH-URBAN-,HH06 - Households with Internet access at home - %_HH - URBAN,% of households,ITU Households Database,2023,Israel,ISR,Location,Urban,,78.63055671970666,Source: Household expenditure survey 2022,Central Bureau of Statistics,2026-07-05
8810,HHA4213-%_HH-CHILDREN-,HH06 - Households with Internet access at home - %_HH - CHILDREN,% of households,ITU Households Database,2023,Israel,ISR,Family,Children,,79.47872223750474,Source: Household expenditure survey 2022,Central Bureau of Statistics,2026-07-07
8811,HHA4213-%_HH-CHILDREN-RURAL,HH06 - Households with Internet access at home - %_HH - CHILDREN - RURAL,% of households,ITU Households Database,2023,Israel,ISR,Location,Children,Rural,91.79514683565579,Source: Household expenditure survey 2022,Central Bureau of Statistics,2026-07-07
8817,HHA4213-%_HH-NOCHILDREN-RURAL,HH06 - Households with Internet access at home - %_HH - NOCHILDREN - RURAL,% of households,ITU Households Database,2023,Israel,ISR,Location,No Children,Rural,85.59642020029831,Source: Household expenditure survey 2022,Central Bureau of Statistics,2026-07-07
8819,HHA4213-%_HH-RURAL-,HH06 - Households with Internet access at home - %_HH - RURAL,% of households,ITU Households Database,2023,Israel,ISR,Location,Rural,,88.12636824954853,Source: Household expenditure survey 2022,Central Bureau of Statistics,2026-07-06
8818,HHA4213-%_HH-NOCHILDREN-URBAN,HH06 - Households with Internet access at home - %_HH - NOCHILDREN - URBAN,% of households,ITU Households Database,2023,Israel,ISR,Location,No Children,Urban,78.70261301088775,Source: Household expenditure survey 2022,Central Bureau of Statistics,2026-07-07
8812,HHA4213-%_HH-CHILDREN-URBAN,HH06 - Households with Internet access at home - %_HH - CHILDREN - URBAN,% of households,ITU Households Database,2023,Israel,ISR,Location,Children,Urban,78.5125176812308,Source: Household expenditure survey 2022,Central Bureau of Statistics,2025-07-04
8816,HHA4213-%_HH-NOCHILDREN-,HH06 - Households with Internet access at home - %_HH - NOCHILDREN,% of households,ITU Households Database,2023,Israel,ISR,Family,No Children,,79.14986775610056,Source: Household expenditure survey 2022,Central Bureau of Statistics,2026-07-07
12047,xHH6_IDI,Estimated proportion of households with Internet access at home,% of households,ITU World Telecommunication Indicators Database,2023,Japan,JPN,,,,90.29286784,,ITU estimate.,2026-02-02
12047,xHH6_IDI,Estimated proportion of households with Internet access at home,% of households,ITU World Telecommunication Indicators Database,2023,Jamaica,JAM,,,,86.49258852,,Statistical Institute of Jamaica,2026-02-02
8816,HHA4213-%_HH-NOCHILDREN-,HH06 - Households with Internet access at home - %_HH - NOCHILDREN,% of households,ITU Households Database,2023,Jamaica,JAM,Family,No Children,,81.38766732245496,,Statistical Institute of Jamaica,2026-07-07
8810,HHA4213-%_HH-CHILDREN-,HH06 - Households with Internet access at home - %_HH - CHILDREN,% of households,ITU Households Database,2023,Jamaica,JAM,Family,Children,,98.01446793690413,,Statistical Institute of Jamaica,2026-07-07
8812,HHA4213-%_HH-CHILDREN-URBAN,HH06 - Households with Internet access at home - %_HH - CHILDREN - URBAN,% of households,ITU Households Database,2023,Jamaica,JAM,Location,Children,Urban,97.4949730201824,,Statistical Institute of Jamaica,2025-07-04
8819,HHA4213-%_HH-RURAL-,HH06 - Households with Internet access at home - %_HH - RURAL,% of households,ITU Households Database,2023,Jamaica,JAM,Location,Rural,,84.6666343049926,,Statistical Institute of Jamaica,2025-07-04
8820,HHA4213-%_HH-URBAN-,HH06 - Households with Internet access at home - %_HH - URBAN,% of households,ITU Households Database,2023,Jamaica,JAM,Location,Urban,,88.0414174995111,,Statistical Institute of Jamaica,2025-07-04
8817,HHA4213-%_HH-NOCHILDREN-RURAL,HH06 - Households with Internet access at home - %_HH - NOCHILDREN - RURAL,% of households,ITU Households Database,2023,Jamaica,JAM,Location,No Children,Rural,78.38420107719928,,Statistical Institute of Jamaica,2026-07-07
8818,HHA4213-%_HH-NOCHILDREN-URBAN,HH06 - Households with Internet access at home - %_HH - NOCHILDREN - URBAN,% of households,ITU Households Database,2023,Jamaica,JAM,Location,No Children,Urban,83.91129962553462,,Statistical Institute of Jamaica,2026-07-07
8811,HHA4213-%_HH-CHILDREN-RURAL,HH06 - Households with Internet access at home - %_HH - CHILDREN - RURAL,% of households,ITU Households Database,2023,Jamaica,JAM,Location,Children,Rural,98.61575738627482,,Statistical Institute of Jamaica,2026-07-07
8819,HHA4213-%_HH-RURAL-,HH06 - Households with Internet access at home - %_HH - RURAL,% of households,ITU Households Database,2023,Jordan,JOR,Location,Rural,,82.18980805070404,,Ministry of Digital Economy and Entrepreneurship,2026-07-06
8820,HHA4213-%_HH-URBAN-,HH06 - Households with Internet access at home - %_HH - URBAN,% of households,ITU Households Database,2023,Jordan,JOR,Location,Urban,,92.15741660493731,,Ministry of Digital Economy and Entrepreneurship,2026-07-05
12047,xHH6_IDI,Estimated proportion of households with Internet access at home,% of households,ITU World Telecommunication Indicators Database,2023,Jordan,JOR,,,,91.1992819,,Ministry of Digital Economy and Entrepreneurship,2026-02-02
12047,xHH6_IDI,Estimated proportion of households with Internet access at home,% of households,ITU World Telecommunication Indicators Database,2023,Kenya,KEN,,,,44.8128726,,ITU estimate.,2026-02-02
12047,xHH6_IDI,Estimated proportion of households with Internet access at home,% of households,ITU World Telecommunication Indicators Database,2023,Kiribati,KIR,,,,88,,ITU estimate.,2026-02-02
12047,xHH6_IDI,Estimated proportion of households with Internet access at home,% of households,ITU World Telecommunication Indicators Database,2023,Korea (Rep. of),KOR,,,,99.9658723,,Ministry of Science and ICT,2026-02-02
8819,HHA4213-%_HH-RURAL-,HH06 - Households with Internet access at home - %_HH - RURAL,% of households,ITU Households Database,2023,Korea (Rep. of),KOR,Location,Rural,,99.94002116366461,,Ministry of Science and ICT,2026-07-06
8820,HHA4213-%_HH-URBAN-,HH06 - Households with Internet access at home - %_HH - URBAN,% of households,ITU Households Database,2023,Korea (Rep. of),KOR,Location,Urban,,99.97196556154397,,Ministry of Science and ICT,2026-07-05
8817,HHA4213-%_HH-NOCHILDREN-RURAL,HH06 - Households with Internet access at home - %_HH - NOCHILDREN - RURAL,% of households,ITU Households Database,2023,Korea (Rep. of),KOR,Location,No Children,Rural,99.92631597022229,,Ministry of Science and ICT,2026-07-05
8810,HHA4213-%_HH-CHILDREN-,HH06 - Households with Internet access at home - %_HH - CHILDREN,% of households,ITU Households Database,2023,Korea (Rep. of),KOR,Family,Children,,100,,Ministry of Science and ICT,2025-07-04
8816,HHA4213-%_HH-NOCHILDREN-,HH06 - Households with Internet access at home - %_HH - NOCHILDREN,% of households,ITU Households Database,2023,Korea (Rep. of),KOR,Family,No Children,,99.95597567790398,,Ministry of Science and ICT,2026-07-05
8818,HHA4213-%_HH-NOCHILDREN-URBAN,HH06 - Households with Internet access at home - %_HH - NOCHILDREN - URBAN,% of households,ITU Households Database,2023,Korea (Rep. of),KOR,Location,No Children,Urban,99.96340418539987,,Ministry of Science and ICT,2026-07-05
8811,HHA4213-%_HH-CHILDREN-RURAL,HH06 - Households with Internet access at home - %_HH - CHILDREN - RURAL,% of households,ITU Households Database,2023,Korea (Rep. of),KOR,Location,Children,Rural,100,,Ministry of Science and ICT,2025-07-04
8812,HHA4213-%_HH-CHILDREN-URBAN,HH06 - Households with Internet access at home - %_HH - CHILDREN - URBAN,% of households,ITU Households Database,2023,Korea (Rep. of),KOR,Location,Children,Urban,100,,Ministry of Science and ICT,2025-07-04
12047,xHH6_IDI,Estimated proportion of households with Internet access at home,% of households,ITU World Telecommunication Indicators Database,2023,Kuwait,KWT,,,,100,,Communication and Information Technology Regulatory Authority,2025-07-07
12047,xHH6_IDI,Estimated proportion of households with Internet access at home,% of households,ITU World Telecommunication Indicators Database,2023,Lao P.D.R.,LAO,,,,68.9,,MICS 2023,2025-12-12
12047,xHH6_IDI,Estimated proportion of households with Internet access at home,% of households,ITU World Telecommunication Indicators Database,2023,Lebanon,LBN,,,,74.84722737,,ITU estimate.,2026-02-02
12047,xHH6_IDI,Estimated proportion of households with Internet access at home,% of households,ITU World Telecommunication Indicators Database,2023,Liberia,LBR,,,,35.34482345,,ITU estimate.,2026-02-02
12047,xHH6_IDI,Estimated proportion of households with Internet access at home,% of households,ITU World Telecommunication Indicators Database,2023,Saint Lucia,LCA,,,,77.66324006,,ITU estimate.,2026-02-02
12047,xHH6_IDI,Estimated proportion of households with Internet access at home,% of households,ITU World Telecommunication Indicators Database,2023,Liechtenstein,LIE,,,,98.11711399,,ITU estimate.,2026-02-02
12047,xHH6_IDI,Estimated proportion of households with Internet access at home,% of households,ITU World Telecommunication Indicators Database,2023,Lesotho,LSO,,,,49.4537704,,ITU estimate.,2026-02-02
12047,xHH6_IDI,Estimated proportion of households with Internet access at home,% of households,ITU World Telecommunication Indicators Database,2023,Lithuania,LTU,,,,88.59031156,,State Data Agency (Statistics Lithuania),2026-02-02
8811,HHA4213-%_HH-CHILDREN-RURAL,HH06 - Households with Internet access at home - %_HH - CHILDREN - RURAL,% of households,ITU Households Database,2023,Lithuania,LTU,Location,Children,Rural,99.03444197249895,,State Data Agency (Statistics Lithuania),2026-07-07
8812,HHA4213-%_HH-CHILDREN-URBAN,HH06 - Households with Internet access at home - %_HH - CHILDREN - URBAN,% of households,ITU Households Database,2023,Lithuania,LTU,Location,Children,Urban,100,,State Data Agency (Statistics Lithuania),2025-07-04
8810,HHA4213-%_HH-CHILDREN-,HH06 - Households with Internet access at home - %_HH - CHILDREN,% of households,ITU Households Database,2023,Lithuania,LTU,Family,Children,,99.73628410374634,,State Data Agency (Statistics Lithuania),2026-07-07
8820,HHA4213-%_HH-URBAN-,HH06 - Households with Internet access at home - %_HH - URBAN,% of households,ITU Households Database,2023,Lithuania,LTU,Location,Urban,,91.43239218116832,,State Data Agency (Statistics Lithuania),2026-07-05
8818,HHA4213-%_HH-NOCHILDREN-URBAN,HH06 - Households with Internet access at home - %_HH - NOCHILDREN - URBAN,% of households,ITU Households Database,2023,Lithuania,LTU,Location,No Children,Urban,88.79872997062694,,State Data Agency (Statistics Lithuania),2026-07-07
8817,HHA4213-%_HH-NOCHILDREN-RURAL,HH06 - Households with Internet access at home - %_HH - NOCHILDREN - RURAL,% of households,ITU Households Database,2023,Lithuania,LTU,Location,No Children,Rural,78.10182198709056,,State Data Agency (Statistics Lithuania),2026-07-07
8819,HHA4213-%_HH-RURAL-,HH06 - Households with Internet access at home - %_HH - RURAL,% of households,ITU Households Database,2023,Lithuania,LTU,Location,Rural,,82.23632416434306,,State Data Agency (Statistics Lithuania),2026-07-06
8816,HHA4213-%_HH-NOCHILDREN-,HH06 - Households with Internet access at home - %_HH - NOCHILDREN,% of households,ITU Households Database,2023,Lithuania,LTU,Family,No Children,,85.38218147485418,,State Data Agency (Statistics Lithuania),2026-07-07
8811,HHA4213-%_HH-CHILDREN-RURAL,HH06 - Households with Internet access at home - %_HH - CHILDREN - RURAL,% of households,ITU Households Database,2023,Luxembourg,LUX,Location,Children,Rural,100,,Institut National de la Statistique et des Etudes Economiques du Grand-Duché de Luxembourg (STATEC)Service Central de la Statistique et des Etudes Economiques (STATEC),2025-07-04
8812,HHA4213-%_HH-CHILDREN-URBAN,HH06 - Households with Internet access at home - %_HH - CHILDREN - URBAN,% of households,ITU Households Database,2023,Luxembourg,LUX,Location,Children,Urban,99.84856656847695,,Institut National de la Statistique et des Etudes Economiques du Grand-Duché de Luxembourg (STATEC)Service Central de la Statistique et des Etudes Economiques (STATEC),2026-07-07
8817,HHA4213-%_HH-NOCHILDREN-RURAL,HH06 - Households with Internet access at home - %_HH - NOCHILDREN - RURAL,% of households,ITU Households Database,2023,Luxembourg,LUX,Location,No Children,Rural,97.6176587971633,,Institut National de la Statistique et des Etudes Economiques du Grand-Duché de Luxembourg (STATEC)Service Central de la Statistique et des Etudes Economiques (STATEC),2025-07-04
8818,HHA4213-%_HH-NOCHILDREN-URBAN,HH06 - Households with Internet access at home - %_HH - NOCHILDREN - URBAN,% of households,ITU Households Database,2023,Luxembourg,LUX,Location,No Children,Urban,99.32399096346435,,Institut National de la Statistique et des Etudes Economiques du Grand-Duché de Luxembourg (STATEC)Service Central de la Statistique et des Etudes Economiques (STATEC),2026-07-07
8820,HHA4213-%_HH-URBAN-,HH06 - Households with Internet access at home - %_HH - URBAN,% of households,ITU Households Database,2023,Luxembourg,LUX,Location,Urban,,99.47904261101644,,Institut National de la Statistique et des Etudes Economiques du Grand-Duché de Luxembourg (STATEC)Service Central de la Statistique et des Etudes Economiques (STATEC),2026-07-05
8819,HHA4213-%_HH-RURAL-,HH06 - Households with Internet access at home - %_HH - RURAL,% of households,ITU Households Database,2023,Luxembourg,LUX,Location,Rural,,98.30813338711259,,Institut National de la Statistique et des Etudes Economiques du Grand-Duché de Luxembourg (STATEC)Service Central de la Statistique et des Etudes Economiques (STATEC),2026-07-06
8810,HHA4213-%_HH-CHILDREN-,HH06 - Households with Internet access at home - %_HH - CHILDREN,% of households,ITU Households Database,2023,Luxembourg,LUX,Family,Children,,99.90239728316821,,Institut National de la Statistique et des Etudes Economiques du Grand-Duché de Luxembourg (STATEC)Service Central de la Statistique et des Etudes Economiques (STATEC),2026-07-07
8816,HHA4213-%_HH-NOCHILDREN-,HH06 - Households with Internet access at home - %_HH - NOCHILDREN,% of households,ITU Households Database,2023,Luxembourg,LUX,Family,No Children,,98.70874544075893,,Institut National de la Statistique et des Etudes Economiques du Grand-Duché de Luxembourg (STATEC)Service Central de la Statistique et des Etudes Economiques (STATEC),2026-07-07
12047,xHH6_IDI,Estimated proportion of households with Internet access at home,% of households,ITU World Telecommunication Indicators Database,2023,Luxembourg,LUX,,,,99.05859788,,Service Central de la Statistique et des Etudes Economiques (STATEC),2026-02-02
12047,xHH6_IDI,Estimated proportion of households with Internet access at home,% of households,ITU World Telecommunication Indicators Database,2023,Latvia,LVA,,,,93.06539531,,Central Statistical Bureau of Latvia,2026-02-02
8819,HHA4213-%_HH-RURAL-,HH06 - Households with Internet access at home - %_HH - RURAL,% of households,ITU Households Database,2023,Latvia,LVA,Location,Rural,,90.31367316146229,,Central Statistical Bureau of Latvia,2026-07-06
8816,HHA4213-%_HH-NOCHILDREN-,HH06 - Households with Internet access at home - %_HH - NOCHILDREN,% of households,ITU Households Database,2023,Latvia,LVA,Family,No Children,,91.0505964911038,,Central Statistical Bureau of Latvia,2025-07-04
8810,HHA4213-%_HH-CHILDREN-,HH06 - Households with Internet access at home - %_HH - CHILDREN,% of households,ITU Households Database,2023,Latvia,LVA,Family,Children,,99.44316364064443,,Central Statistical Bureau of Latvia,2026-07-07
8820,HHA4213-%_HH-URBAN-,HH06 - Households with Internet access at home - %_HH - URBAN,% of households,ITU Households Database,2023,Latvia,LVA,Location,Urban,,93.91524347657293,,Central Statistical Bureau of Latvia,2026-07-05
12047,xHH6_IDI,Estimated proportion of households with Internet access at home,% of households,ITU World Telecommunication Indicators Database,2023,"Macao, China",MAC,,,,89.82638183,,ITU estimate.,2026-02-02
12047,xHH6_IDI,Estimated proportion of households with Internet access at home,% of households,ITU World Telecommunication Indicators Database,2023,Mauritius,MUS,,,,76.5,NSO estimate.,Statistics Mauritius,2025-12-05
12047,xHH6_IDI,Estimated proportion of households with Internet access at home,% of households,ITU World Telecommunication Indicators Database,2023,Monaco,MCO,,,,98.85261865,,ITU estimate.,2026-02-02
12047,xHH6_IDI,Estimated proportion of households with Internet access at home,% of households,ITU World Telecommunication Indicators Database,2023,Madagascar,MDG,,,,27.827349,,ITU estimate.,2026-02-02
12047,xHH6_IDI,Estimated proportion of households with Internet access at home,% of households,ITU World Telecommunication Indicators Database,2023,Mexico,MEX,,,,71.65352066,,Instituto Nacional de Estadística y Geografía (INEGI),2026-02-02
8818,HHA4213-%_HH-NOCHILDREN-URBAN,HH06 - Households with Internet access at home - %_HH - NOCHILDREN - URBAN,% of households,ITU Households Database,2023,Mexico,MEX,Location,No Children,Urban,76.58093491511596,,Instituto Nacional de Estadística y Geografía (INEGI),2026-07-07
8819,HHA4213-%_HH-RURAL-,HH06 - Households with Internet access at home - %_HH - RURAL,% of households,ITU Households Database,2023,Mexico,MEX,Location,Rural,,45.58835874273176,,Instituto Nacional de Estadística y Geografía (INEGI),2026-07-06
8810,HHA4213-%_HH-CHILDREN-,HH06 - Households with Internet access at home - %_HH - CHILDREN,% of households,ITU Households Database,2023,Mexico,MEX,Family,Children,,73.44485180889087,,Instituto Nacional de Estadística y Geografía (INEGI),2026-07-07
8812,HHA4213-%_HH-CHILDREN-URBAN,HH06 - Households with Internet access at home - %_HH - CHILDREN - URBAN,% of households,ITU Households Database,2023,Mexico,MEX,Location,Children,Urban,81.73147624276102,,Instituto Nacional de Estadística y Geografía (INEGI),2026-07-07
8811,HHA4213-%_HH-CHILDREN-RURAL,HH06 - Households with Internet access at home - %_HH - CHILDREN - RURAL,% of households,ITU Households Database,2023,Mexico,MEX,Location,Children,Rural,50.11608401808723,,Instituto Nacional de Estadística y Geografía (INEGI),2026-07-07
8817,HHA4213-%_HH-NOCHILDREN-RURAL,HH06 - Households with Internet access at home - %_HH - NOCHILDREN - RURAL,% of households,ITU Households Database,2023,Mexico,MEX,Location,No Children,Rural,40.26315859143967,,Instituto Nacional de Estadística y Geografía (INEGI),2026-07-07
8816,HHA4213-%_HH-NOCHILDREN-,HH06 - Households with Internet access at home - %_HH - NOCHILDREN,% of households,ITU Households Database,2023,Mexico,MEX,Family,No Children,,70.25297557336131,,Instituto Nacional de Estadística y Geografía (INEGI),2026-07-07
8820,HHA4213-%_HH-URBAN-,HH06 - Households with Internet access at home - %_HH - URBAN,% of households,ITU Households Database,2023,Mexico,MEX,Location,Urban,,78.69933878825324,,Instituto Nacional de Estadística y Geografía (INEGI),2026-07-05
8820,HHA4213-%_HH-URBAN-,HH06 - Households with Internet access at home - %_HH - URBAN,% of households,ITU Households Database,2023,Malaysia,MYS,Location,Urban,,98.41037242042835,,Department of Statistics,2026-07-05
8819,HHA4213-%_HH-RURAL-,HH06 - Households with Internet access at home - %_HH - RURAL,% of households,ITU Households Database,2023,Malaysia,MYS,Location,Rural,,89.75317346953207,,Department of Statistics,2026-07-06
12047,xHH6_IDI,Estimated proportion of households with Internet access at home,% of households,ITU World Telecommunication Indicators Database,2023,Malaysia,MYS,,,,96.41704759,,Department of Statistics,2026-02-02
12047,xHH6_IDI,Estimated proportion of households with Internet access at home,% of households,ITU World Telecommunication Indicators Database,2023,Maldives,MDV,,,,92.14298716,,ITU estimate.,2026-02-02
12047,xHH6_IDI,Estimated proportion of households with Internet access at home,% of households,ITU World Telecommunication Indicators Database,2023,Mali,MLI,,,,44.91474806,,ITU estimate.,2026-02-02
12047,xHH6_IDI,Estimated proportion of households with Internet access at home,% of households,ITU World Telecommunication Indicators Database,2023,Malta,MLT,,,,93.53992359,,National Statistics Office,2026-02-02
12047,xHH6_IDI,Estimated proportion of households with Internet access at home,% of households,ITU World Telecommunication Indicators Database,2023,Mongolia,MNG,,,,82.04988633,,ITU estimate.,2026-02-02
12047,xHH6_IDI,Estimated proportion of households with Internet access at home,% of households,ITU World Telecommunication Indicators Database,2023,Mozambique,MOZ,,,,10.8,,DHS 2022-2023,2024-12-18
12047,xHH6_IDI,Estimated proportion of households with Internet access at home,% of households,ITU World Telecommunication Indicators Database,2023,Morocco,MAR,,,,88.7,,Agence Nationale de Réglementation des Télécommunications,2025-02-04
12047,xHH6_IDI,Estimated proportion of households with Internet access at home,% of households,ITU World Telecommunication Indicators Database,2023,Marshall Islands,MHL,,,,64.07591636,,ITU estimate.,2026-02-02
12047,xHH6_IDI,Estimated proportion of households with Internet access at home,% of households,ITU World Telecommunication Indicators Database,2023,Mauritania,MRT,,,,54.73183264,,ITU estimate.,2026-02-02
12047,xHH6_IDI,Estimated proportion of households with Internet access at home,% of households,ITU World Telecommunication Indicators Database,2023,Malawi,MWI,,,,18.38876846,,National Statistical Office of Malawi,2026-02-02
8816,HHA4213-%_HH-NOCHILDREN-,HH06 - Households with Internet access at home - %_HH - NOCHILDREN,% of households,ITU Households Database,2023,Malawi,MWI,Family,No Children,,20.251508976773707,,National Statistical Office of Malawi,2026-07-05
8810,HHA4213-%_HH-CHILDREN-,HH06 - Households with Internet access at home - %_HH - CHILDREN,% of households,ITU Households Database,2023,Malawi,MWI,Family,Children,,17.996552468539655,,National Statistical Office of Malawi,2026-07-06
8812,HHA4213-%_HH-CHILDREN-URBAN,HH06 - Households with Internet access at home - %_HH - CHILDREN - URBAN,% of households,ITU Households Database,2023,Malawi,MWI,Location,Children,Urban,43.38085076975218,,National Statistical Office of Malawi,2026-07-05
8820,HHA4213-%_HH-URBAN-,HH06 - Households with Internet access at home - %_HH - URBAN,% of households,ITU Households Database,2023,Malawi,MWI,Location,Urban,,44.70666039878886,,National Statistical Office of Malawi,2026-07-05
8811,HHA4213-%_HH-CHILDREN-RURAL,HH06 - Households with Internet access at home - %_HH - CHILDREN - RURAL,% of households,ITU Households Database,2023,Malawi,MWI,Location,Children,Rural,13.765113696151465,,National Statistical Office of Malawi,2026-07-06
8817,HHA4213-%_HH-NOCHILDREN-RURAL,HH06 - Households with Internet access at home - %_HH - NOCHILDREN - RURAL,% of households,ITU Households Database,2023,Malawi,MWI,Location,No Children,Rural,12.954587506536342,,National Statistical Office of Malawi,2026-07-05
8819,HHA4213-%_HH-RURAL-,HH06 - Households with Internet access at home - %_HH - RURAL,% of households,ITU Households Database,2023,Malawi,MWI,Location,Rural,,13.632192290825731,,National Statistical Office of Malawi,2026-07-06
8818,HHA4213-%_HH-NOCHILDREN-URBAN,HH06 - Households with Internet access at home - %_HH - NOCHILDREN - URBAN,% of households,ITU Households Database,2023,Malawi,MWI,Location,No Children,Urban,49.171964774227284,,National Statistical Office of Malawi,2026-07-05
12047,xHH6_IDI,Estimated proportion of households with Internet access at home,% of households,ITU World Telecommunication Indicators Database,2023,Nicaragua,NIC,,,,52.91467111,,ITU estimate.,2026-02-02
12047,xHH6_IDI,Estimated proportion of households with Internet access at home,% of households,ITU World Telecommunication Indicators Database,2023,Niger,NER,,,,51.02892389,,ITU estimate.,2026-02-02
12047,xHH6_IDI,Estimated proportion of households with Internet access at home,% of households,ITU World Telecommunication Indicators Database,2023,Nigeria,NGA,,,,41.67053979,,ITU estimate.,2026-02-02
12047,xHH6_IDI,Estimated proportion of households with Internet access at home,% of households,ITU World Telecommunication Indicators Database,2023,Namibia,NAM,,,,67.07470725,,ITU estimate.,2026-02-02
12047,xHH6_IDI,Estimated proportion of households with Internet access at home,% of households,ITU World Telecommunication Indicators Database,2023,Norway,NOR,,,,98.99999011,,Statistics Norway,2026-02-02
12047,xHH6_IDI,Estimated proportion of households with Internet access at home,% of households,ITU World Telecommunication Indicators Database,2023,Nepal (Republic of),NPL,,,,39.13660917,,ITU estimate.,2026-02-02
12047,xHH6_IDI,Estimated proportion of households with Internet access at home,% of households,ITU World Telecommunication Indicators Database,2023,Nauru,NRU,,,,76.3,,MICS 2023,2025-12-12
12047,xHH6_IDI,Estimated proportion of households with Internet access at home,% of households,ITU World Telecommunication Indicators Database,2023,New Zealand,NZL,,,,97.2947405,,ITU estimate.,2026-02-02
12047,xHH6_IDI,Estimated proportion of households with Internet access at home,% of households,ITU World Telecommunication Indicators Database,2023,Palau,PLW,,,,82.91630534,,ITU estimate.,2026-02-02
12047,xHH6_IDI,Estimated proportion of households with Internet access at home,% of households,ITU World Telecommunication Indicators Database,2023,Papua New Guinea,PNG,,,,29.82417329,,ITU estimate.,2026-02-02
12047,xHH6_IDI,Estimated proportion of households with Internet access at home,% of households,ITU World Telecommunication Indicators Database,2023,Panama,PAN,,,,76.47114225,,ITU estimate.,2026-02-02
12047,xHH6_IDI,Estimated proportion of households with Internet access at home,% of households,ITU World Telecommunication Indicators Database,2023,Poland,POL,,,,93.30376132,,Statistics Poland,2026-02-02
8816,HHA4213-%_HH-NOCHILDREN-,HH06 - Households with Internet access at home - %_HH - NOCHILDREN,% of households,ITU Households Database,2023,Poland,POL,Family,No Children,,90.31944068074915,,Statistics Poland,2026-07-05
8820,HHA4213-%_HH-URBAN-,HH06 - Households with Internet access at home - %_HH - URBAN,% of households,ITU Households Database,2023,Poland,POL,Location,Urban,,93.36279575688512,,Statistics Poland,2026-07-05
8819,HHA4213-%_HH-RURAL-,HH06 - Households with Internet access at home - %_HH - RURAL,% of households,ITU Households Database,2023,Poland,POL,Location,Rural,,93.18539117490093,,Statistics Poland,2026-07-06
8810,HHA4213-%_HH-CHILDREN-,HH06 - Households with Internet access at home - %_HH - CHILDREN,% of households,ITU Households Database,2023,Poland,POL,Family,Children,,99.78022505325337,,Statistics Poland,2026-07-06
8820,HHA4213-%_HH-URBAN-,HH06 - Households with Internet access at home - %_HH - URBAN,% of households,ITU Households Database,2023,Portugal,PRT,Location,Urban,,93.0182191188611,,Instituto Nacional de Estatistica,2025-07-04
8817,HHA4213-%_HH-NOCHILDREN-RURAL,HH06 - Households with Internet access at home - %_HH - NOCHILDREN - RURAL,% of households,ITU Households Database,2023,Portugal,PRT,Location,No Children,Rural,83.55751128450564,,Instituto Nacional de Estatistica,2026-07-05
8816,HHA4213-%_HH-NOCHILDREN-,HH06 - Households with Internet access at home - %_HH - NOCHILDREN,% of households,ITU Households Database,2023,Portugal,PRT,Family,No Children,,87.24522331633123,,Instituto Nacional de Estatistica,2026-07-05
8812,HHA4213-%_HH-CHILDREN-URBAN,HH06 - Households with Internet access at home - %_HH - CHILDREN - URBAN,% of households,ITU Households Database,2023,Portugal,PRT,Location,Children,Urban,98.42188790742473,,Instituto Nacional de Estatistica,2026-07-05
8818,HHA4213-%_HH-NOCHILDREN-URBAN,HH06 - Households with Internet access at home - %_HH - NOCHILDREN - URBAN,% of households,ITU Households Database,2023,Portugal,PRT,Location,No Children,Urban,91.86861921696249,,Instituto Nacional de Estatistica,2026-07-05
8811,HHA4213-%_HH-CHILDREN-RURAL,HH06 - Households with Internet access at home - %_HH - CHILDREN - RURAL,% of households,ITU Households Database,2023,Portugal,PRT,Location,Children,Rural,98.68972576908571,,Instituto Nacional de Estatistica,2026-07-06
8819,HHA4213-%_HH-RURAL-,HH06 - Households with Internet access at home - %_HH - RURAL,% of households,ITU Households Database,2023,Portugal,PRT,Location,Rural,,85.66634030897863,,Instituto Nacional de Estatistica,2026-07-06
8810,HHA4213-%_HH-CHILDREN-,HH06 - Households with Internet access at home - %_HH - CHILDREN,% of households,ITU Households Database,2023,Portugal,PRT,Family,Children,,98.55267681125868,,Instituto Nacional de Estatistica,2026-07-06
12047,xHH6_IDI,Estimated proportion of households with Internet access at home,% of households,ITU World Telecommunication Indicators Database,2023,Portugal,PRT,,,,89.00624455,Households with at least one individual aged 16 to 74 years old,Instituto Nacional de Estatistica,2026-02-02
12047,xHH6_IDI,Estimated proportion of households with Internet access at home,% of households,ITU World Telecommunication Indicators Database,2023,Paraguay,PRY,,,,55.78533827,Includes fixed and mobile networks,"Direccion General de Estadistica, Encuestas y Censos",2026-02-02
8818,HHA4213-%_HH-NOCHILDREN-URBAN,HH06 - Households with Internet access at home - %_HH - NOCHILDREN - URBAN,% of households,ITU Households Database,2023,Paraguay,PRY,Location,No Children,Urban,72.54826194331582,,"Direccion General de Estadistica, Encuestas y Censos",2026-07-05
8819,HHA4213-%_HH-RURAL-,HH06 - Households with Internet access at home - %_HH - RURAL,% of households,ITU Households Database,2023,Paraguay,PRY,Location,Rural,,27.856123220322377,,"Direccion General de Estadistica, Encuestas y Censos",2026-07-06
8816,HHA4213-%_HH-NOCHILDREN-,HH06 - Households with Internet access at home - %_HH - NOCHILDREN,% of households,ITU Households Database,2023,Paraguay,PRY,Family,No Children,,58.460431858290505,,"Direccion General de Estadistica, Encuestas y Censos",2026-07-05
8820,HHA4213-%_HH-URBAN-,HH06 - Households with Internet access at home - %_HH - URBAN,% of households,ITU Households Database,2023,Paraguay,PRY,Location,Urban,,73.39683394013419,,"Direccion General de Estadistica, Encuestas y Censos",2026-07-05
8811,HHA4213-%_HH-CHILDREN-RURAL,HH06 - Households with Internet access at home - %_HH - CHILDREN - RURAL,% of households,ITU Households Database,2023,Paraguay,PRY,Location,Children,Rural,24.236775758269346,,"Direccion General de Estadistica, Encuestas y Censos",2026-07-06
8817,HHA4213-%_HH-NOCHILDREN-RURAL,HH06 - Households with Internet access at home - %_HH - NOCHILDREN - RURAL,% of households,ITU Households Database,2023,Paraguay,PRY,Location,No Children,Rural,32.62596564148437,,"Direccion General de Estadistica, Encuestas y Censos",2026-07-05
8810,HHA4213-%_HH-CHILDREN-,HH06 - Households with Internet access at home - %_HH - CHILDREN,% of households,ITU Households Database,2023,Paraguay,PRY,Family,Children,,53.38627200063214,,"Direccion General de Estadistica, Encuestas y Censos",2026-07-06
8812,HHA4213-%_HH-CHILDREN-URBAN,HH06 - Households with Internet access at home - %_HH - CHILDREN - URBAN,% of households,ITU Households Database,2023,Paraguay,PRY,Location,Children,Urban,74.24164022943599,,"Direccion General de Estadistica, Encuestas y Censos",2026-07-05
8818,HHA4213-%_HH-NOCHILDREN-URBAN,HH06 - Households with Internet access at home - %_HH - NOCHILDREN - URBAN,% of households,ITU Households Database,2023,Peru,PER,Location,No Children,Urban,64.29745021258066,,Instituto Nacional de Estadistica e Informatica,2026-07-07
8816,HHA4213-%_HH-NOCHILDREN-,HH06 - Households with Internet access at home - %_HH - NOCHILDREN,% of households,ITU Households Database,2023,Peru,PER,Family,No Children,,54.39375500413108,,Instituto Nacional de Estadistica e Informatica,2026-07-07
8817,HHA4213-%_HH-NOCHILDREN-RURAL,HH06 - Households with Internet access at home - %_HH - NOCHILDREN - RURAL,% of households,ITU Households Database,2023,Peru,PER,Location,No Children,Rural,18.391017131435255,,Instituto Nacional de Estadistica e Informatica,2026-07-07
8819,HHA4213-%_HH-RURAL-,HH06 - Households with Internet access at home - %_HH - RURAL,% of households,ITU Households Database,2023,Peru,PER,Location,Rural,,20.963339848228777,,Instituto Nacional de Estadistica e Informatica,2026-07-06
8812,HHA4213-%_HH-CHILDREN-URBAN,HH06 - Households with Internet access at home - %_HH - CHILDREN - URBAN,% of households,ITU Households Database,2023,Peru,PER,Location,Children,Urban,64.2872701638833,,Instituto Nacional de Estadistica e Informatica,2025-07-04
8811,HHA4213-%_HH-CHILDREN-RURAL,HH06 - Households with Internet access at home - %_HH - CHILDREN - RURAL,% of households,ITU Households Database,2023,Peru,PER,Location,Children,Rural,24.040743794263204,,Instituto Nacional de Estadistica e Informatica,2026-07-07
8810,HHA4213-%_HH-CHILDREN-,HH06 - Households with Internet access at home - %_HH - CHILDREN,% of households,ITU Households Database,2023,Peru,PER,Family,Children,,56.24184772828432,,Instituto Nacional de Estadistica e Informatica,2026-07-07
8820,HHA4213-%_HH-URBAN-,HH06 - Households with Internet access at home - %_HH - URBAN,% of households,ITU Households Database,2023,Peru,PER,Location,Urban,,64.29257147250512,,Instituto Nacional de Estadistica e Informatica,2026-07-05
12047,xHH6_IDI,Estimated proportion of households with Internet access at home,% of households,ITU World Telecommunication Indicators Database,2023,Peru,PER,,,,55.27023012,,Instituto Nacional de Estadistica e Informatica,2026-02-02
12047,xHH6_IDI,Estimated proportion of households with Internet access at home,% of households,ITU World Telecommunication Indicators Database,2023,Qatar,QAT,,,,96.96374122,,ITU estimate.,2026-02-02
12047,xHH6_IDI,Estimated proportion of households with Internet access at home,% of households,ITU World Telecommunication Indicators Database,2023,Romania,ROU,,,,92.00016183,,National Institute of Statistics,2026-02-02
8811,HHA4213-%_HH-CHILDREN-RURAL,HH06 - Households with Internet access at home - %_HH - CHILDREN - RURAL,% of households,ITU Households Database,2023,Romania,ROU,Location,Children,Rural,97.37315925352804,Number of households which have children under 16,National Institute of Statistics,2026-07-06
8812,HHA4213-%_HH-CHILDREN-URBAN,HH06 - Households with Internet access at home - %_HH - CHILDREN - URBAN,% of households,ITU Households Database,2023,Romania,ROU,Location,Children,Urban,100,Number of households which have children under 16,National Institute of Statistics,2025-07-04
8817,HHA4213-%_HH-NOCHILDREN-RURAL,HH06 - Households with Internet access at home - %_HH - NOCHILDREN - RURAL,% of households,ITU Households Database,2023,Romania,ROU,Location,No Children,Rural,83.46514847139457,Number of households which does not have children under 16,National Institute of Statistics,2026-07-05
8818,HHA4213-%_HH-NOCHILDREN-URBAN,HH06 - Households with Internet access at home - %_HH - NOCHILDREN - URBAN,% of households,ITU Households Database,2023,Romania,ROU,Location,No Children,Urban,92.40626090337149,Number of households which does not have children under 16,National Institute of Statistics,2026-07-05
8820,HHA4213-%_HH-URBAN-,HH06 - Households with Internet access at home - %_HH - URBAN,% of households,ITU Households Database,2023,Romania,ROU,Location,Urban,,94.80288616000722,,National Institute of Statistics,2026-07-05
8819,HHA4213-%_HH-RURAL-,HH06 - Households with Internet access at home - %_HH - RURAL,% of households,ITU Households Database,2023,Romania,ROU,Location,Rural,,88.27963720838787,,National Institute of Statistics,2026-07-06
8810,HHA4213-%_HH-CHILDREN-,HH06 - Households with Internet access at home - %_HH - CHILDREN,% of households,ITU Households Database,2023,Romania,ROU,Family,Children,,98.81153098503674,Number of households which have children under 16,National Institute of Statistics,2026-07-06
8816,HHA4213-%_HH-NOCHILDREN-,HH06 - Households with Internet access at home - %_HH - NOCHILDREN,% of households,ITU Households Database,2023,Romania,ROU,Family,No Children,,88.66444258847025,Number of households which does not have children under 16,National Institute of Statistics,2026-07-05
12047,xHH6_IDI,Estimated proportion of households with Internet access at home,% of households,ITU World Telecommunication Indicators Database,2023,Rwanda,RWA,,,,43.3323953,,ITU estimate.,2026-02-02
12047,xHH6_IDI,Estimated proportion of households with Internet access at home,% of households,ITU World Telecommunication Indicators Database,2023,Russian Federation,RUS,,,,87.92163144,,Federal State Statistics Service of the Russian Federation,2026-02-02
8819,HHA4213-%_HH-RURAL-,HH06 - Households with Internet access at home - %_HH - RURAL,% of households,ITU Households Database,2023,Russian Federation,RUS,Location,Rural,,83.0861250859741,,Federal State Statistics Service of the Russian Federation,2025-07-04
8820,HHA4213-%_HH-URBAN-,HH06 - Households with Internet access at home - %_HH - URBAN,% of households,ITU Households Database,2023,Russian Federation,RUS,Location,Urban,,89.49470585126646,,Federal State Statistics Service of the Russian Federation,2026-07-05
12047,xHH6_IDI,Estimated proportion of households with Internet access at home,% of households,ITU World Telecommunication Indicators Database,2023,Sweden,SWE,,,,92.23347767,,Statistics Sweden,2026-02-02
12047,xHH6_IDI,Estimated proportion of households with Internet access at home,% of households,ITU World Telecommunication Indicators Database,2023,Saint Kitts and Nevis,KNA,,,,82.77099593,,ITU estimate.,2026-02-02
12047,xHH6_IDI,Estimated proportion of households with Internet access at home,% of households,ITU World Telecommunication Indicators Database,2023,Senegal,SEN,,,,64.93025982,,ITU estimate.,2026-02-02
12047,xHH6_IDI,Estimated proportion of households with Internet access at home,% of households,ITU World Telecommunication Indicators Database,2023,Seychelles,SYC,,,,71.29081261,,ITU estimate.,2026-02-02
12047,xHH6_IDI,Estimated proportion of households with Internet access at home,% of households,ITU World Telecommunication Indicators Database,2023,Solomon Islands,SLB,,,,43.0335226,,ITU estimate.,2026-02-02
12047,xHH6_IDI,Estimated proportion of households with Internet access at home,% of households,ITU World Telecommunication Indicators Database,2023,El Salvador,SLV,,,,31.67506217,,ITU estimate.,2026-02-02
12047,xHH6_IDI,Estimated proportion of households with Internet access at home,% of households,ITU World Telecommunication Indicators Database,2023,San Marino,SMR,,,,97.3363893,,ITU estimate.,2026-02-02
12047,xHH6_IDI,Estimated proportion of households with Internet access at home,% of households,ITU World Telecommunication Indicators Database,2023,Singapore,SGP,,,,98.46030124,,Infocomm Media Development Authority,2026-02-02
8810,HHA4213-%_HH-CHILDREN-,HH06 - Households with Internet access at home - %_HH - CHILDREN,% of households,ITU Households Database,2023,Singapore,SGP,Family,Children,,99.89076720975581,,Infocomm Media Development Authority,2026-07-06
8816,HHA4213-%_HH-NOCHILDREN-,HH06 - Households with Internet access at home - %_HH - NOCHILDREN,% of households,ITU Households Database,2023,Singapore,SGP,Family,No Children,,97.88201871704723,,Infocomm Media Development Authority,2026-07-05
12047,xHH6_IDI,Estimated proportion of households with Internet access at home,% of households,ITU World Telecommunication Indicators Database,2023,Sierra Leone,SLE,,,,39.65124383,,ITU estimate.,2026-02-02
12047,xHH6_IDI,Estimated proportion of households with Internet access at home,% of households,ITU World Telecommunication Indicators Database,2023,Sao Tome and Principe,STP,,,,53.6922065,,ITU estimate.,2026-02-02
12047,xHH6_IDI,Estimated proportion of households with Internet access at home,% of households,ITU World Telecommunication Indicators Database,2023,Switzerland,CHE,,,,97.85481561,,Swiss Federal Statistical Office,2026-02-02
8820,HHA4213-%_HH-URBAN-,HH06 - Households with Internet access at home - %_HH - URBAN,% of households,ITU Households Database,2023,Switzerland,CHE,Location,Urban,,98.48134233853281,,Swiss Federal Statistical Office,2026-07-05
8810,HHA4213-%_HH-CHILDREN-,HH06 - Households with Internet access at home - %_HH - CHILDREN,% of households,ITU Households Database,2023,Switzerland,CHE,Family,Children,,99.91227524913798,D: households with/without children under 16,Swiss Federal Statistical Office,2026-07-07
8812,HHA4213-%_HH-CHILDREN-URBAN,HH06 - Households with Internet access at home - %_HH - CHILDREN - URBAN,% of households,ITU Households Database,2023,Switzerland,CHE,Location,Children,Urban,99.88095854367188,D: households with/without children under 16,Swiss Federal Statistical Office,2026-07-07
8819,HHA4213-%_HH-RURAL-,HH06 - Households with Internet access at home - %_HH - RURAL,% of households,ITU Households Database,2023,Switzerland,CHE,Location,Rural,,95.82105733893867,,Swiss Federal Statistical Office,2026-07-06
8818,HHA4213-%_HH-NOCHILDREN-URBAN,HH06 - Households with Internet access at home - %_HH - NOCHILDREN - URBAN,% of households,ITU Households Database,2023,Switzerland,CHE,Location,No Children,Urban,98.13834997171544,D: households with/without children under 16,Swiss Federal Statistical Office,2026-07-07
8816,HHA4213-%_HH-NOCHILDREN-,HH06 - Households with Internet access at home - %_HH - NOCHILDREN,% of households,ITU Households Database,2023,Switzerland,CHE,Family,No Children,,97.32691382845505,D: households with/without children under 16,Swiss Federal Statistical Office,2026-07-07
8811,HHA4213-%_HH-CHILDREN-RURAL,HH06 - Households with Internet access at home - %_HH - CHILDREN - RURAL,% of households,ITU Households Database,2023,Switzerland,CHE,Location,Children,Rural,100,D: households with/without children under 16,Swiss Federal Statistical Office,2025-07-04
8817,HHA4213-%_HH-NOCHILDREN-RURAL,HH06 - Households with Internet access at home - %_HH - NOCHILDREN - RURAL,% of households,ITU Households Database,2023,Switzerland,CHE,Location,No Children,Rural,94.58626010574915,D: households with/without children under 16,Swiss Federal Statistical Office,2026-07-07
12047,xHH6_IDI,Estimated proportion of households with Internet access at home,% of households,ITU World Telecommunication Indicators Database,2023,Suriname,SUR,,,,80.77073614,,ITU estimate.,2026-02-02
12047,xHH6_IDI,Estimated proportion of households with Internet access at home,% of households,ITU World Telecommunication Indicators Database,2023,Slovenia,SVN,,,,93.71790441,,Statistical Office of the Republic of Slovenia,2026-02-02
8816,HHA4213-%_HH-NOCHILDREN-,HH06 - Households with Internet access at home - %_HH - NOCHILDREN,% of households,ITU Households Database,2023,Slovenia,SVN,Family,No Children,,91.71896311808551,,Statistical Office of the Republic of Slovenia,2026-07-05
8810,HHA4213-%_HH-CHILDREN-,HH06 - Households with Internet access at home - %_HH - CHILDREN,% of households,ITU Households Database,2023,Slovenia,SVN,Family,Children,,99.58973061843935,,Statistical Office of the Republic of Slovenia,2026-07-06
12047,xHH6_IDI,Estimated proportion of households with Internet access at home,% of households,ITU World Telecommunication Indicators Database,2023,Eswatini,SWZ,,,,67.63164567,,ITU estimate.,2026-02-02
12047,xHH6_IDI,Estimated proportion of households with Internet access at home,% of households,ITU World Telecommunication Indicators Database,2023,Chad,TCD,,,,28.42137473,,ITU estimate.,2026-02-02
12047,xHH6_IDI,Estimated proportion of households with Internet access at home,% of households,ITU World Telecommunication Indicators Database,2023,Czech Republic,CZE,,,,87.49184083,,Czech Statistical Office,2026-02-02
8817,HHA4213-%_HH-NOCHILDREN-RURAL,HH06 - Households with Internet access at home - %_HH - NOCHILDREN - RURAL,% of households,ITU Households Database,2023,Czech Republic,CZE,Location,No Children,Rural,81.26567043625212,,Czech Statistical Office,2026-07-05
8818,HHA4213-%_HH-NOCHILDREN-URBAN,HH06 - Households with Internet access at home - %_HH - NOCHILDREN - URBAN,% of households,ITU Households Database,2023,Czech Republic,CZE,Location,No Children,Urban,84.64579369475686,,Czech Statistical Office,2026-07-05
8810,HHA4213-%_HH-CHILDREN-,HH06 - Households with Internet access at home - %_HH - CHILDREN,% of households,ITU Households Database,2023,Czech Republic,CZE,Family,Children,,98.993193503769,,Czech Statistical Office,2025-07-04
8812,HHA4213-%_HH-CHILDREN-URBAN,HH06 - Households with Internet access at home - %_HH - CHILDREN - URBAN,% of households,ITU Households Database,2023,Czech Republic,CZE,Location,Children,Urban,98.65640967207169,,Czech Statistical Office,2026-07-05
8816,HHA4213-%_HH-NOCHILDREN-,HH06 - Households with Internet access at home - %_HH - NOCHILDREN,% of households,ITU Households Database,2023,Czech Republic,CZE,Family,No Children,,83.37675965344383,,Czech Statistical Office,2026-07-05
8819,HHA4213-%_HH-RURAL-,HH06 - Households with Internet access at home - %_HH - RURAL,% of households,ITU Households Database,2023,Czech Republic,CZE,Location,Rural,,86.25419689957774,,Czech Statistical Office,2026-07-06
8811,HHA4213-%_HH-CHILDREN-RURAL,HH06 - Households with Internet access at home - %_HH - CHILDREN - RURAL,% of households,ITU Households Database,2023,Czech Republic,CZE,Location,Children,Rural,99.50922570507552,,Czech Statistical Office,2026-07-06
8820,HHA4213-%_HH-URBAN-,HH06 - Households with Internet access at home - %_HH - URBAN,% of households,ITU Households Database,2023,Czech Republic,CZE,Location,Urban,,88.25223406466169,,Czech Statistical Office,2026-07-05
12047,xHH6_IDI,Estimated proportion of households with Internet access at home,% of households,ITU World Telecommunication Indicators Database,2023,Togo,TGO,,,,39.98091592,,ITU estimate.,2026-02-02
12047,xHH6_IDI,Estimated proportion of households with Internet access at home,% of households,ITU World Telecommunication Indicators Database,2023,Thailand,THA,,,,91.64041402,,National Statistical Office,2026-02-02
8811,HHA4213-%_HH-CHILDREN-RURAL,HH06 - Households with Internet access at home - %_HH - CHILDREN - RURAL,% of households,ITU Households Database,2023,Thailand,THA,Location,Children,Rural,97.98224374495561,,National Statistical Office,2026-07-07
8819,HHA4213-%_HH-RURAL-,HH06 - Households with Internet access at home - %_HH - RURAL,% of households,ITU Households Database,2023,Thailand,THA,Location,Rural,,88.79393506337291,,National Statistical Office,2026-07-06
8810,HHA4213-%_HH-CHILDREN-,HH06 - Households with Internet access at home - %_HH - CHILDREN,% of households,ITU Households Database,2023,Thailand,THA,Family,Children,,98.45552190232662,,National Statistical Office,2026-07-07
8818,HHA4213-%_HH-NOCHILDREN-URBAN,HH06 - Households with Internet access at home - %_HH - NOCHILDREN - URBAN,% of households,ITU Households Database,2023,Thailand,THA,Location,No Children,Urban,93.73967793544722,,National Statistical Office,2026-07-07
8816,HHA4213-%_HH-NOCHILDREN-,HH06 - Households with Internet access at home - %_HH - NOCHILDREN,% of households,ITU Households Database,2023,Thailand,THA,Family,No Children,,89.43979327195588,,National Statistical Office,2026-07-07
8820,HHA4213-%_HH-URBAN-,HH06 - Households with Internet access at home - %_HH - URBAN,% of households,ITU Households Database,2023,Thailand,THA,Location,Urban,,94.7705496192033,,National Statistical Office,2025-07-04
8812,HHA4213-%_HH-CHILDREN-URBAN,HH06 - Households with Internet access at home - %_HH - CHILDREN - URBAN,% of households,ITU Households Database,2023,Thailand,THA,Location,Children,Urban,99.28764385021192,,National Statistical Office,2026-07-07
8817,HHA4213-%_HH-NOCHILDREN-RURAL,HH06 - Households with Internet access at home - %_HH - NOCHILDREN - RURAL,% of households,ITU Households Database,2023,Thailand,THA,Location,No Children,Rural,84.91072157097396,,National Statistical Office,2026-07-07
12047,xHH6_IDI,Estimated proportion of households with Internet access at home,% of households,ITU World Telecommunication Indicators Database,2023,Tonga,TON,,,,37.66624911,,ITU estimate.,2026-02-02
12047,xHH6_IDI,Estimated proportion of households with Internet access at home,% of households,ITU World Telecommunication Indicators Database,2023,Trinidad and Tobago,TTO,,,,83.69411083,,ITU estimate.,2026-02-02
12047,xHH6_IDI,Estimated proportion of households with Internet access at home,% of households,ITU World Telecommunication Indicators Database,2023,Tunisia,TUN,,,,65.16448208,,Institut National de la Statistique,2026-02-02
12047,xHH6_IDI,Estimated proportion of households with Internet access at home,% of households,ITU World Telecommunication Indicators Database,2023,Türkiye,TUR,,,,95.53848083,,Turkish Statistical Institute,2026-02-02
12047,xHH6_IDI,Estimated proportion of households with Internet access at home,% of households,ITU World Telecommunication Indicators Database,2023,Tanzania,TZA,,,,44.47761521,,ITU estimate.,2026-02-02
12047,xHH6_IDI,Estimated proportion of households with Internet access at home,% of households,ITU World Telecommunication Indicators Database,2023,United Arab Emirates,ARE,,,,100,Based on non-probabilistic sampling (snowballing) reweighted for representativeness,Telecommunications Regulatory Authority,2025-07-07
12047,xHH6_IDI,Estimated proportion of households with Internet access at home,% of households,ITU World Telecommunication Indicators Database,2023,Uganda,UGA,,,,34.24229371,,ITU estimate.,2026-02-02
12047,xHH6_IDI,Estimated proportion of households with Internet access at home,% of households,ITU World Telecommunication Indicators Database,2023,Ukraine,UKR,,,,85.14086098,,ITU estimate.,2026-02-02
12047,xHH6_IDI,Estimated proportion of households with Internet access at home,% of households,ITU World Telecommunication Indicators Database,2023,Uruguay,URY,,,,92.67451809,,ITU estimate.,2026-02-02
12047,xHH6_IDI,Estimated proportion of households with Internet access at home,% of households,ITU World Telecommunication Indicators Database,2023,United States,USA,,,,94.77199755,,US Census Bureau,2026-02-02
8819,HHA4213-%_HH-RURAL-,HH06 - Households with Internet access at home - %_HH - RURAL,% of households,ITU Households Database,2023,United States,USA,Location,Rural,,91.52962383270675,,US Census Bureau,2026-07-06
8820,HHA4213-%_HH-URBAN-,HH06 - Households with Internet access at home - %_HH - URBAN,% of households,ITU Households Database,2023,United States,USA,Location,Urban,,95.58667471556414,,US Census Bureau,2026-07-05
12047,xHH6_IDI,Estimated proportion of households with Internet access at home,% of households,ITU World Telecommunication Indicators Database,2023,Uzbekistan,UZB,,,,96.15000835,,State Committee of the Republic of Uzbekistan on Statistics,2026-02-02
12047,xHH6_IDI,Estimated proportion of households with Internet access at home,% of households,ITU World Telecommunication Indicators Database,2023,Saint Vincent and the Grenadines,VCT,,,,79.74420476,,ITU estimate.,2026-02-02
12047,xHH6_IDI,Estimated proportion of households with Internet access at home,% of households,ITU World Telecommunication Indicators Database,2023,Venezuela,VEN,,,,62.16857654,,ITU estimate.,2026-02-02
12047,xHH6_IDI,Estimated proportion of households with Internet access at home,% of households,ITU World Telecommunication Indicators Database,2023,Viet Nam,VNM,,,,87.70000092,,Ministry of Information and Communications,2026-02-02
8819,HHA4213-%_HH-RURAL-,HH06 - Households with Internet access at home - %_HH - RURAL,% of households,ITU Households Database,2023,Viet Nam,VNM,Location,Rural,,84.01223304542683,,Ministry of Information and Communications,2026-07-06
8820,HHA4213-%_HH-URBAN-,HH06 - Households with Internet access at home - %_HH - URBAN,% of households,ITU Households Database,2023,Viet Nam,VNM,Location,Urban,,93.57000000000001,,Ministry of Information and Communications,2026-07-05
12047,xHH6_IDI,Estimated proportion of households with Internet access at home,% of households,ITU World Telecommunication Indicators Database,2023,Vanuatu,VUT,,,,59.6,,MICS 2023.,2024-12-18
12047,xHH6_IDI,Estimated proportion of households with Internet access at home,% of households,ITU World Telecommunication Indicators Database,2023,Serbia,SRB,,,,85.55893818,,Statistical Office of the Republic of Serbia,2026-02-02
8811,HHA4213-%_HH-CHILDREN-RURAL,HH06 - Households with Internet access at home - %_HH - CHILDREN - RURAL,% of households,ITU Households Database,2023,Serbia,SRB,Location,Children,Rural,75.60986093797881,,Statistical Office of the Republic of Serbia,2026-07-07
8820,HHA4213-%_HH-URBAN-,HH06 - Households with Internet access at home - %_HH - URBAN,% of households,ITU Households Database,2023,Serbia,SRB,Location,Urban,,88.90571256315165,,Statistical Office of the Republic of Serbia,2026-07-05
8810,HHA4213-%_HH-CHILDREN-,HH06 - Households with Internet access at home - %_HH - CHILDREN,% of households,ITU Households Database,2023,Serbia,SRB,Family,Children,,82.96629639537649,,Statistical Office of the Republic of Serbia,2026-07-07
8819,HHA4213-%_HH-RURAL-,HH06 - Households with Internet access at home - %_HH - RURAL,% of households,ITU Households Database,2023,Serbia,SRB,Location,Rural,,79.78636492220652,,Statistical Office of the Republic of Serbia,2026-07-06
8812,HHA4213-%_HH-CHILDREN-URBAN,HH06 - Households with Internet access at home - %_HH - CHILDREN - URBAN,% of households,ITU Households Database,2023,Serbia,SRB,Location,Children,Urban,87.06742215763272,,Statistical Office of the Republic of Serbia,2026-07-07
8818,HHA4213-%_HH-NOCHILDREN-URBAN,HH06 - Households with Internet access at home - %_HH - NOCHILDREN - URBAN,% of households,ITU Households Database,2023,Serbia,SRB,Location,No Children,Urban,99.21531905300715,,Statistical Office of the Republic of Serbia,2026-07-07
8817,HHA4213-%_HH-NOCHILDREN-RURAL,HH06 - Households with Internet access at home - %_HH - NOCHILDREN - RURAL,% of households,ITU Households Database,2023,Serbia,SRB,Location,No Children,Rural,98.3144788725463,,Statistical Office of the Republic of Serbia,2025-07-04
8816,HHA4213-%_HH-NOCHILDREN-,HH06 - Households with Internet access at home - %_HH - NOCHILDREN,% of households,ITU Households Database,2023,Serbia,SRB,Family,No Children,,98.84316477972067,,Statistical Office of the Republic of Serbia,2026-07-07
12047,xHH6_IDI,Estimated proportion of households with Internet access at home,% of households,ITU World Telecommunication Indicators Database,2023,Dem. Rep. of the Congo,COD,,,,23.33443474,,ITU estimate.,2026-02-02
12047,xHH6_IDI,Estimated proportion of households with Internet access at home,% of households,ITU World Telecommunication Indicators Database,2023,Zambia,ZMB,,,,20.36210256,,ITU estimate.,2026-02-02
12047,xHH6_IDI,Estimated proportion of households with Internet access at home,% of households,ITU World Telecommunication Indicators Database,2023,Zimbabwe,ZWE,,,,64.6320707,,ITU estimate.,2026-02-02
12047,xHH6_IDI,Estimated proportion of households with Internet access at home,% of households,ITU World Telecommunication Indicators Database,2023,Moldova,MDA,,,,70.57256149,,National Bureau of Statistics of the Republic of Moldova,2026-02-02
8810,HHA4213-%_HH-CHILDREN-,HH06 - Households with Internet access at home - %_HH - CHILDREN,% of households,ITU Households Database,2023,Moldova,MDA,Family,Children,,90.73882038218474,,National Bureau of Statistics of the Republic of Moldova,2026-07-06
8820,HHA4213-%_HH-URBAN-,HH06 - Households with Internet access at home - %_HH - URBAN,% of households,ITU Households Database,2023,Moldova,MDA,Location,Urban,,80.16070049588676,,National Bureau of Statistics of the Republic of Moldova,2026-07-05
8816,HHA4213-%_HH-NOCHILDREN-,HH06 - Households with Internet access at home - %_HH - NOCHILDREN,% of households,ITU Households Database,2023,Moldova,MDA,Family,No Children,,64.42630535057464,,National Bureau of Statistics of the Republic of Moldova,2026-07-05
8811,HHA4213-%_HH-CHILDREN-RURAL,HH06 - Households with Internet access at home - %_HH - CHILDREN - RURAL,% of households,ITU Households Database,2023,Moldova,MDA,Location,Children,Rural,86.6530176809275,,National Bureau of Statistics of the Republic of Moldova,2025-07-04
8817,HHA4213-%_HH-NOCHILDREN-RURAL,HH06 - Households with Internet access at home - %_HH - NOCHILDREN - RURAL,% of households,ITU Households Database,2023,Moldova,MDA,Location,No Children,Rural,58.471407638163505,,National Bureau of Statistics of the Republic of Moldova,2026-07-05
8818,HHA4213-%_HH-NOCHILDREN-URBAN,HH06 - Households with Internet access at home - %_HH - NOCHILDREN - URBAN,% of households,ITU Households Database,2023,Moldova,MDA,Location,No Children,Urban,74.1628570135337,,National Bureau of Statistics of the Republic of Moldova,2025-07-04
8812,HHA4213-%_HH-CHILDREN-URBAN,HH06 - Households with Internet access at home - %_HH - CHILDREN - URBAN,% of households,ITU Households Database,2023,Moldova,MDA,Location,Children,Urban,94.4942021460713,,National Bureau of Statistics of the Republic of Moldova,2025-07-04
8819,HHA4213-%_HH-RURAL-,HH06 - Households with Internet access at home - %_HH - RURAL,% of households,ITU Households Database,2023,Moldova,MDA,Location,Rural,,63.83895156266107,,National Bureau of Statistics of the Republic of Moldova,2026-07-06
8811,HHA4213-%_HH-CHILDREN-RURAL,HH06 - Households with Internet access at home - %_HH - CHILDREN - RURAL,% of households,ITU Households Database,2023,Bosnia and Herzegovina,BIH,Location,Children,Rural,96.01505726869424,,Agency for Statistics of Bosnia and Herzegovina,2026-07-06
8810,HHA4213-%_HH-CHILDREN-,HH06 - Households with Internet access at home - %_HH - CHILDREN,% of households,ITU Households Database,2023,Bosnia and Herzegovina,BIH,Family,Children,,96.53770727669365,,Agency for Statistics of Bosnia and Herzegovina,2026-07-06
8819,HHA4213-%_HH-RURAL-,HH06 - Households with Internet access at home - %_HH - RURAL,% of households,ITU Households Database,2023,Bosnia and Herzegovina,BIH,Location,Rural,,79.79520770423045,,Agency for Statistics of Bosnia and Herzegovina,2026-07-06
8812,HHA4213-%_HH-CHILDREN-URBAN,HH06 - Households with Internet access at home - %_HH - CHILDREN - URBAN,% of households,ITU Households Database,2023,Bosnia and Herzegovina,BIH,Location,Children,Urban,97.19589025410768,,Agency for Statistics of Bosnia and Herzegovina,2026-07-05
8816,HHA4213-%_HH-NOCHILDREN-,HH06 - Households with Internet access at home - %_HH - NOCHILDREN,% of households,ITU Households Database,2023,Bosnia and Herzegovina,BIH,Family,No Children,,75.1648843114215,,Agency for Statistics of Bosnia and Herzegovina,2025-07-04
8820,HHA4213-%_HH-URBAN-,HH06 - Households with Internet access at home - %_HH - URBAN,% of households,ITU Households Database,2023,Bosnia and Herzegovina,BIH,Location,Urban,,83.77142645541996,,Agency for Statistics of Bosnia and Herzegovina,2026-07-05
8817,HHA4213-%_HH-NOCHILDREN-RURAL,HH06 - Households with Internet access at home - %_HH - NOCHILDREN - RURAL,% of households,ITU Households Database,2023,Bosnia and Herzegovina,BIH,Location,No Children,Rural,72.89732702285788,,Agency for Statistics of Bosnia and Herzegovina,2026-07-05
8818,HHA4213-%_HH-NOCHILDREN-URBAN,HH06 - Households with Internet access at home - %_HH - NOCHILDREN - URBAN,% of households,ITU Households Database,2023,Bosnia and Herzegovina,BIH,Location,No Children,Urban,78.03442817822047,,Agency for Statistics of Bosnia and Herzegovina,2026-07-05
12047,xHH6_IDI,Estimated proportion of households with Internet access at home,% of households,ITU World Telecommunication Indicators Database,2023,Bosnia and Herzegovina,BIH,,,,81.5517721,,Agency for Statistics of Bosnia and Herzegovina,2026-02-02
12047,xHH6_IDI,Estimated proportion of households with Internet access at home,% of households,ITU World Telecommunication Indicators Database,2023,Georgia,GEO,,,,88.98781072,,National Statistics Office of Georgia,2026-02-02
8819,HHA4213-%_HH-RURAL-,HH06 - Households with Internet access at home - %_HH - RURAL,% of households,ITU Households Database,2023,Georgia,GEO,Location,Rural,,83.38203191145395,,National Statistics Office of Georgia,2026-07-06
8820,HHA4213-%_HH-URBAN-,HH06 - Households with Internet access at home - %_HH - URBAN,% of households,ITU Households Database,2023,Georgia,GEO,Location,Urban,,93.08173292989565,,National Statistics Office of Georgia,2026-07-05
8816,HHA4213-%_HH-NOCHILDREN-,HH06 - Households with Internet access at home - %_HH - NOCHILDREN,% of households,ITU Households Database,2023,Georgia,GEO,Family,No Children,,85.30214774557423,,National Statistics Office of Georgia,2026-07-07
8811,HHA4213-%_HH-CHILDREN-RURAL,HH06 - Households with Internet access at home - %_HH - CHILDREN - RURAL,% of households,ITU Households Database,2023,Georgia,GEO,Location,Children,Rural,97.86929871997468,,National Statistics Office of Georgia,2026-07-07
8818,HHA4213-%_HH-NOCHILDREN-URBAN,HH06 - Households with Internet access at home - %_HH - NOCHILDREN - URBAN,% of households,ITU Households Database,2023,Georgia,GEO,Location,No Children,Urban,90.91800539735897,,National Statistics Office of Georgia,2026-07-07
8812,HHA4213-%_HH-CHILDREN-URBAN,HH06 - Households with Internet access at home - %_HH - CHILDREN - URBAN,% of households,ITU Households Database,2023,Georgia,GEO,Location,Children,Urban,98.223296803772,,National Statistics Office of Georgia,2026-07-07
8810,HHA4213-%_HH-CHILDREN-,HH06 - Households with Internet access at home - %_HH - CHILDREN,% of households,ITU Households Database,2023,Georgia,GEO,Family,Children,,98.07936886652877,,National Statistics Office of Georgia,2026-07-07
8817,HHA4213-%_HH-NOCHILDREN-RURAL,HH06 - Households with Internet access at home - %_HH - NOCHILDREN - RURAL,% of households,ITU Households Database,2023,Georgia,GEO,Location,No Children,Rural,77.80743558226607,,National Statistics Office of Georgia,2026-07-07
8816,HHA4213-%_HH-NOCHILDREN-,HH06 - Households with Internet access at home - %_HH - NOCHILDREN,% of households,ITU Households Database,2023,Kazakhstan,KAZ,Family,No Children,,95.2426810477658,,Bureau of National statistics Agency for Strategic planning and reforms of the Republic of Kazakhstan,2025-07-04
8819,HHA4213-%_HH-RURAL-,HH06 - Households with Internet access at home - %_HH - RURAL,% of households,ITU Households Database,2023,Kazakhstan,KAZ,Location,Rural,,96.68837421113967,,Bureau of National statistics Agency for Strategic planning and reforms of the Republic of Kazakhstan,2026-07-06
8817,HHA4213-%_HH-NOCHILDREN-RURAL,HH06 - Households with Internet access at home - %_HH - NOCHILDREN - RURAL,% of households,ITU Households Database,2023,Kazakhstan,KAZ,Location,No Children,Rural,94.65181533889839,,Bureau of National statistics Agency for Strategic planning and reforms of the Republic of Kazakhstan,2026-07-07
8810,HHA4213-%_HH-CHILDREN-,HH06 - Households with Internet access at home - %_HH - CHILDREN,% of households,ITU Households Database,2023,Kazakhstan,KAZ,Family,Children,,99.47280855585612,,Bureau of National statistics Agency for Strategic planning and reforms of the Republic of Kazakhstan,2026-07-07
8818,HHA4213-%_HH-NOCHILDREN-URBAN,HH06 - Households with Internet access at home - %_HH - NOCHILDREN - URBAN,% of households,ITU Households Database,2023,Kazakhstan,KAZ,Location,No Children,Urban,95.46933131133343,,Bureau of National statistics Agency for Strategic planning and reforms of the Republic of Kazakhstan,2026-07-07
8812,HHA4213-%_HH-CHILDREN-URBAN,HH06 - Households with Internet access at home - %_HH - CHILDREN - URBAN,% of households,ITU Households Database,2023,Kazakhstan,KAZ,Location,Children,Urban,99.52045277018253,,Bureau of National statistics Agency for Strategic planning and reforms of the Republic of Kazakhstan,2026-07-07
8820,HHA4213-%_HH-URBAN-,HH06 - Households with Internet access at home - %_HH - URBAN,% of households,ITU Households Database,2023,Kazakhstan,KAZ,Location,Urban,,96.86234408621712,,Bureau of National statistics Agency for Strategic planning and reforms of the Republic of Kazakhstan,2026-07-05
8811,HHA4213-%_HH-CHILDREN-RURAL,HH06 - Households with Internet access at home - %_HH - CHILDREN - RURAL,% of households,ITU Households Database,2023,Kazakhstan,KAZ,Location,Children,Rural,99.38656997917104,,Bureau of National statistics Agency for Strategic planning and reforms of the Republic of Kazakhstan,2026-07-07
12047,xHH6_IDI,Estimated proportion of households with Internet access at home,% of households,ITU World Telecommunication Indicators Database,2023,Kazakhstan,KAZ,,,,96.80904744,,Bureau of National statistics Agency for Strategic planning and reforms of the Republic of Kazakhstan,2026-02-02
12047,xHH6_IDI,Estimated proportion of households with Internet access at home,% of households,ITU World Telecommunication Indicators Database,2023,Tajikistan,TJK,,,,40.93204125,,ITU estimate.,2026-02-02
12047,xHH6_IDI,Estimated proportion of households with Internet access at home,% of households,ITU World Telecommunication Indicators Database,2023,Turkmenistan,TKM,,,,72.46596566,,ITU estimate.,2026-02-02
12047,xHH6_IDI,Estimated proportion of households with Internet access at home,% of households,ITU World Telecommunication Indicators Database,2023,Kyrgyzstan,KGZ,,,,86.4,,MICS 2023,2025-10-08
12047,xHH6_IDI,Estimated proportion of households with Internet access at home,% of households,ITU World Telecommunication Indicators Database,2023,Slovakia,SVK,,,,90.60014856,Do you or anyone in your household have access to the internet at home?,Statistical Office of the Slovak Republic,2026-02-02
12047,xHH6_IDI,Estimated proportion of households with Internet access at home,% of households,ITU World Telecommunication Indicators Database,2023,North Macedonia,MKD,,,,88,,State Statistical Office,2026-01-27
12047,xHH6_IDI,Estimated proportion of households with Internet access at home,% of households,ITU World Telecommunication Indicators Database,2023,"Taiwan, Province of China",TWN,,,,92.4,,National Communications Commission,2025-07-07
12047,xHH6_IDI,Estimated proportion of households with Internet access at home,% of households,ITU World Telecommunication Indicators Database,2023,Palestine,PSE,,,,93.45445106,,Palestinian Central Bureau of Statistics,2026-02-02
12047,xHH6_IDI,Estimated proportion of households with Internet access at home,% of households,ITU World Telecommunication Indicators Database,2023,Montenegro,MNE,,,,82.71115149,,ITU estimate.,2026-02-02
12047,xHH6_IDI,Estimated proportion of households with Internet access at home,% of households,ITU World Telecommunication Indicators Database,2022,Afghanistan,AFG,,,,27.5920281,,ITU estimate.,2026-02-02
12047,xHH6_IDI,Estimated proportion of households with Internet access at home,% of households,ITU World Telecommunication Indicators Database,2022,South Africa,ZAF,,,,75.29365966,,Statistics South Africa,2026-02-02
8818,HHA4213-%_HH-NOCHILDREN-URBAN,HH06 - Households with Internet access at home - %_HH - NOCHILDREN - URBAN,% of households,ITU Households Database,2022,South Africa,ZAF,Location,No Children,Urban,77.4888035784248,,Statistics South Africa,2025-07-04
8820,HHA4213-%_HH-URBAN-,HH06 - Households with Internet access at home - %_HH - URBAN,% of households,ITU Households Database,2022,South Africa,ZAF,Location,Urban,,80.66781024018006,,Statistics South Africa,2026-07-05
8816,HHA4213-%_HH-NOCHILDREN-,HH06 - Households with Internet access at home - %_HH - NOCHILDREN,% of households,ITU Households Database,2022,South Africa,ZAF,Family,No Children,,71.43989999136629,,Statistics South Africa,2026-07-07
8819,HHA4213-%_HH-RURAL-,HH06 - Households with Internet access at home - %_HH - RURAL,% of households,ITU Households Database,2022,South Africa,ZAF,Location,Rural,,63.091518720426166,,Statistics South Africa,2026-07-06
8817,HHA4213-%_HH-NOCHILDREN-RURAL,HH06 - Households with Internet access at home - %_HH - NOCHILDREN - RURAL,% of households,ITU Households Database,2022,South Africa,ZAF,Location,No Children,Rural,54.701004995285906,,Statistics South Africa,2026-07-07
8811,HHA4213-%_HH-CHILDREN-RURAL,HH06 - Households with Internet access at home - %_HH - CHILDREN - RURAL,% of households,ITU Households Database,2022,South Africa,ZAF,Location,Children,Rural,70.29743005951892,,Statistics South Africa,2026-07-07
8810,HHA4213-%_HH-CHILDREN-,HH06 - Households with Internet access at home - %_HH - CHILDREN,% of households,ITU Households Database,2022,South Africa,ZAF,Family,Children,,79.67789510656655,,Statistics South Africa,2026-07-07
8812,HHA4213-%_HH-CHILDREN-URBAN,HH06 - Households with Internet access at home - %_HH - CHILDREN - URBAN,% of households,ITU Households Database,2022,South Africa,ZAF,Location,Children,Urban,84.76515326704181,,Statistics South Africa,2026-07-07
12047,xHH6_IDI,Estimated proportion of households with Internet access at home,% of households,ITU World Telecommunication Indicators Database,2022,Angola,AGO,,,,48.95077042,,ITU estimate.,2026-02-02
12047,xHH6_IDI,Estimated proportion of households with Internet access at home,% of households,ITU World Telecommunication Indicators Database,2022,Albania,ALB,,,,96.50415068,,Institute of Statistics,2026-02-02
12047,xHH6_IDI,Estimated proportion of households with Internet access at home,% of households,ITU World Telecommunication Indicators Database,2022,Algeria,DZA,,,,90.31061759,,ITU estimate.,2026-02-02
12047,xHH6_IDI,Estimated proportion of households with Internet access at home,% of households,ITU World Telecommunication Indicators Database,2022,Andorra,AND,,,,94.04142568,,ITU estimate.,2026-02-02
12047,xHH6_IDI,Estimated proportion of households with Internet access at home,% of households,ITU World Telecommunication Indicators Database,2022,Argentina,ARG,,,,92.14000218,,Instituto Nacional de Estadistica y Censos,2026-02-02
12047,xHH6_IDI,Estimated proportion of households with Internet access at home,% of households,ITU World Telecommunication Indicators Database,2022,Armenia,ARM,,,,89.72236711,,The Statistical Committee of the Republic of Armenia,2026-02-02
8812,HHA4213-%_HH-CHILDREN-URBAN,HH06 - Households with Internet access at home - %_HH - CHILDREN - URBAN,% of households,ITU Households Database,2022,Armenia,ARM,Location,Children,Urban,98.59417306272236,,The Statistical Committee of the Republic of Armenia,2026-07-07
8811,HHA4213-%_HH-CHILDREN-RURAL,HH06 - Households with Internet access at home - %_HH - CHILDREN - RURAL,% of households,ITU Households Database,2022,Armenia,ARM,Location,Children,Rural,98.6612534368014,,The Statistical Committee of the Republic of Armenia,2025-07-04
8818,HHA4213-%_HH-NOCHILDREN-URBAN,HH06 - Households with Internet access at home - %_HH - NOCHILDREN - URBAN,% of households,ITU Households Database,2022,Armenia,ARM,Location,No Children,Urban,83.65573237687316,,The Statistical Committee of the Republic of Armenia,2026-07-07
8810,HHA4213-%_HH-CHILDREN-,HH06 - Households with Internet access at home - %_HH - CHILDREN,% of households,ITU Households Database,2022,Armenia,ARM,Family,Children,,98.62067565235341,,The Statistical Committee of the Republic of Armenia,2026-07-07
8819,HHA4213-%_HH-RURAL-,HH06 - Households with Internet access at home - %_HH - RURAL,% of households,ITU Households Database,2022,Armenia,ARM,Location,Rural,,91.52507259784188,,The Statistical Committee of the Republic of Armenia,2026-07-06
8817,HHA4213-%_HH-NOCHILDREN-RURAL,HH06 - Households with Internet access at home - %_HH - NOCHILDREN - RURAL,% of households,ITU Households Database,2022,Armenia,ARM,Location,No Children,Rural,86.42044897559063,,The Statistical Committee of the Republic of Armenia,2026-07-07
8820,HHA4213-%_HH-URBAN-,HH06 - Households with Internet access at home - %_HH - URBAN,% of households,ITU Households Database,2022,Armenia,ARM,Location,Urban,,88.75802506878631,,The Statistical Committee of the Republic of Armenia,2026-07-05
8816,HHA4213-%_HH-NOCHILDREN-,HH06 - Households with Internet access at home - %_HH - NOCHILDREN,% of households,ITU Households Database,2022,Armenia,ARM,Family,No Children,,84.54432672994369,,The Statistical Committee of the Republic of Armenia,2026-07-07
12047,xHH6_IDI,Estimated proportion of households with Internet access at home,% of households,ITU World Telecommunication Indicators Database,2022,Saudi Arabia,SAU,,,,100,,"The Communications, Space and Technology Commission (CST) ",2025-07-07
12047,xHH6_IDI,Estimated proportion of households with Internet access at home,% of households,ITU World Telecommunication Indicators Database,2022,Antigua and Barbuda,ATG,,,,75.75482616,,ITU estimate.,2026-02-02
12047,xHH6_IDI,Estimated proportion of households with Internet access at home,% of households,ITU World Telecommunication Indicators Database,2022,Australia,AUS,,,,97.45784508,,ITU estimate.,2026-02-02
12047,xHH6_IDI,Estimated proportion of households with Internet access at home,% of households,ITU World Telecommunication Indicators Database,2022,Austria,AUT,,,,93.15345336,Austrian households with at least one household member between the age of 16 and 74.,Statistik Austria,2026-02-02
8810,HHA4213-%_HH-CHILDREN-,HH06 - Households with Internet access at home - %_HH - CHILDREN,% of households,ITU Households Database,2022,Austria,AUT,Family,Children,,98.97198968310774,,Statistik Austria,2026-07-07
8816,HHA4213-%_HH-NOCHILDREN-,HH06 - Households with Internet access at home - %_HH - NOCHILDREN,% of households,ITU Households Database,2022,Austria,AUT,Family,No Children,,90.9968765496566,,Statistik Austria,2025-07-04
8820,HHA4213-%_HH-URBAN-,HH06 - Households with Internet access at home - %_HH - URBAN,% of households,ITU Households Database,2022,Azerbaijan,AZE,Location,Urban,,91.55638885599035,,State Statistical Committee of the Republic of Azerbaijan,2026-07-05
8819,HHA4213-%_HH-RURAL-,HH06 - Households with Internet access at home - %_HH - RURAL,% of households,ITU Households Database,2022,Azerbaijan,AZE,Location,Rural,,84.15985714562993,,State Statistical Committee of the Republic of Azerbaijan,2026-07-06
12047,xHH6_IDI,Estimated proportion of households with Internet access at home,% of households,ITU World Telecommunication Indicators Database,2022,Azerbaijan,AZE,,,,89.31128619,,State Statistical Committee of the Republic of Azerbaijan,2026-02-02
12047,xHH6_IDI,Estimated proportion of households with Internet access at home,% of households,ITU World Telecommunication Indicators Database,2022,Brazil,BRA,,,,80.23550737,,,2026-02-02
8816,HHA4213-%_HH-NOCHILDREN-,HH06 - Households with Internet access at home - %_HH - NOCHILDREN,% of households,ITU Households Database,2022,Brazil,BRA,Family,No Children,,74.04582423184878,,NIC.br,2026-07-05
8812,HHA4213-%_HH-CHILDREN-URBAN,HH06 - Households with Internet access at home - %_HH - CHILDREN - URBAN,% of households,ITU Households Database,2022,Brazil,BRA,Location,Children,Urban,91.77309342976676,,NIC.br,2026-07-05
8820,HHA4213-%_HH-URBAN-,HH06 - Households with Internet access at home - %_HH - URBAN,% of households,ITU Households Database,2022,Brazil,BRA,Location,Urban,,82.08342897926177,,NIC.br,2026-07-05
8818,HHA4213-%_HH-NOCHILDREN-URBAN,HH06 - Households with Internet access at home - %_HH - NOCHILDREN - URBAN,% of households,ITU Households Database,2022,Brazil,BRA,Location,No Children,Urban,76.03547668208823,,NIC.br,2026-07-05
8817,HHA4213-%_HH-NOCHILDREN-RURAL,HH06 - Households with Internet access at home - %_HH - NOCHILDREN - RURAL,% of households,ITU Households Database,2022,Brazil,BRA,Location,No Children,Rural,59.800081837844154,,NIC.br,2026-07-05
8811,HHA4213-%_HH-CHILDREN-RURAL,HH06 - Households with Internet access at home - %_HH - CHILDREN - RURAL,% of households,ITU Households Database,2022,Brazil,BRA,Location,Children,Rural,78.70522043508312,,NIC.br,2026-07-06
8810,HHA4213-%_HH-CHILDREN-,HH06 - Households with Internet access at home - %_HH - CHILDREN,% of households,ITU Households Database,2022,Brazil,BRA,Family,Children,,90.02824359339698,,NIC.br,2026-07-06
8819,HHA4213-%_HH-RURAL-,HH06 - Households with Internet access at home - %_HH - RURAL,% of households,ITU Households Database,2022,Brazil,BRA,Location,Rural,,67.50985310980327,,NIC.br,2026-07-06
12047,xHH6_IDI,Estimated proportion of households with Internet access at home,% of households,ITU World Telecommunication Indicators Database,2022,Bahamas,BHS,,,,92.87456596,,ITU estimate.,2026-02-02
12047,xHH6_IDI,Estimated proportion of households with Internet access at home,% of households,ITU World Telecommunication Indicators Database,2022,Burundi,BDI,,,,23.3929919,,ITU estimate.,2026-02-02
12047,xHH6_IDI,Estimated proportion of households with Internet access at home,% of households,ITU World Telecommunication Indicators Database,2022,Belgium,BEL,,,,94.43641182,,Statbel (Directorate General Statistics - Statistics Belgium),2026-02-02
8816,HHA4213-%_HH-NOCHILDREN-,HH06 - Households with Internet access at home - %_HH - NOCHILDREN,% of households,ITU Households Database,2022,Belgium,BEL,Family,No Children,,93.074991272769,,Statbel (Directorate General Statistics - Statistics Belgium),2025-07-04
8812,HHA4213-%_HH-CHILDREN-URBAN,HH06 - Households with Internet access at home - %_HH - CHILDREN - URBAN,% of households,ITU Households Database,2022,Belgium,BEL,Location,Children,Urban,98.75788887591484,,Statbel (Directorate General Statistics - Statistics Belgium),2026-07-05
8820,HHA4213-%_HH-URBAN-,HH06 - Households with Internet access at home - %_HH - URBAN,% of households,ITU Households Database,2022,Belgium,BEL,Location,Urban,,94.6728629260979,,Statbel (Directorate General Statistics - Statistics Belgium),2026-07-05
8811,HHA4213-%_HH-CHILDREN-RURAL,HH06 - Households with Internet access at home - %_HH - CHILDREN - RURAL,% of households,ITU Households Database,2022,Belgium,BEL,Location,Children,Rural,98.3955488023987,,Statbel (Directorate General Statistics - Statistics Belgium),2026-07-06
8819,HHA4213-%_HH-RURAL-,HH06 - Households with Internet access at home - %_HH - RURAL,% of households,ITU Households Database,2022,Belgium,BEL,Location,Rural,,92.80125535007325,,Statbel (Directorate General Statistics - Statistics Belgium),2026-07-06
8810,HHA4213-%_HH-CHILDREN-,HH06 - Households with Internet access at home - %_HH - CHILDREN,% of households,ITU Households Database,2022,Belgium,BEL,Family,Children,,98.71094357261192,,Statbel (Directorate General Statistics - Statistics Belgium),2026-07-06
8817,HHA4213-%_HH-NOCHILDREN-RURAL,HH06 - Households with Internet access at home - %_HH - NOCHILDREN - RURAL,% of households,ITU Households Database,2022,Belgium,BEL,Location,No Children,Rural,90.95904003324455,,Statbel (Directorate General Statistics - Statistics Belgium),2026-07-05
8818,HHA4213-%_HH-NOCHILDREN-URBAN,HH06 - Households with Internet access at home - %_HH - NOCHILDREN - URBAN,% of households,ITU Households Database,2022,Belgium,BEL,Location,No Children,Urban,93.37812554443474,,Statbel (Directorate General Statistics - Statistics Belgium),2026-07-05
12047,xHH6_IDI,Estimated proportion of households with Internet access at home,% of households,ITU World Telecommunication Indicators Database,2022,Benin,BEN,,,,34.4,,MICS 2021-2022,2024-12-18
12047,xHH6_IDI,Estimated proportion of households with Internet access at home,% of households,ITU World Telecommunication Indicators Database,2022,Bangladesh,BGD,,,,40.74062259,,ITU estimate.,2026-02-02
12047,xHH6_IDI,Estimated proportion of households with Internet access at home,% of households,ITU World Telecommunication Indicators Database,2022,Bahrain,BHR,,,,100,Estimated based on 2022 residential survey,Information and E-Government Authority,2025-07-07
12047,xHH6_IDI,Estimated proportion of households with Internet access at home,% of households,ITU World Telecommunication Indicators Database,2022,Belarus,BLR,,,,89.49175938,,National Statistical Committee of the Republic of Belarus (Belstat),2026-02-02
8811,HHA4213-%_HH-CHILDREN-RURAL,HH06 - Households with Internet access at home - %_HH - CHILDREN - RURAL,% of households,ITU Households Database,2022,Belarus,BLR,Location,Children,Rural,100,,National Statistical Committee of the Republic of Belarus (Belstat),2025-07-04
8818,HHA4213-%_HH-NOCHILDREN-URBAN,HH06 - Households with Internet access at home - %_HH - NOCHILDREN - URBAN,% of households,ITU Households Database,2022,Belarus,BLR,Location,No Children,Urban,89.02520469325599,,National Statistical Committee of the Republic of Belarus (Belstat),2026-07-05
8820,HHA4213-%_HH-URBAN-,HH06 - Households with Internet access at home - %_HH - URBAN,% of households,ITU Households Database,2022,Belarus,BLR,Location,Urban,,91.69236336150908,,National Statistical Committee of the Republic of Belarus (Belstat),2026-07-05
8810,HHA4213-%_HH-CHILDREN-,HH06 - Households with Internet access at home - %_HH - CHILDREN,% of households,ITU Households Database,2022,Belarus,BLR,Family,Children,,99.8840272387306,,National Statistical Committee of the Republic of Belarus (Belstat),2025-07-04
8812,HHA4213-%_HH-CHILDREN-URBAN,HH06 - Households with Internet access at home - %_HH - CHILDREN - URBAN,% of households,ITU Households Database,2022,Belarus,BLR,Location,Children,Urban,99.85524608166118,,National Statistical Committee of the Republic of Belarus (Belstat),2026-07-05
8816,HHA4213-%_HH-NOCHILDREN-,HH06 - Households with Internet access at home - %_HH - NOCHILDREN,% of households,ITU Households Database,2022,Belarus,BLR,Family,No Children,,86.30492694854199,,National Statistical Committee of the Republic of Belarus (Belstat),2026-07-05
8817,HHA4213-%_HH-NOCHILDREN-RURAL,HH06 - Households with Internet access at home - %_HH - NOCHILDREN - RURAL,% of households,ITU Households Database,2022,Belarus,BLR,Location,No Children,Rural,78.060061118202,,National Statistical Committee of the Republic of Belarus (Belstat),2025-07-04
8819,HHA4213-%_HH-RURAL-,HH06 - Households with Internet access at home - %_HH - RURAL,% of households,ITU Households Database,2022,Belarus,BLR,Location,Rural,,82.38844359251414,,National Statistical Committee of the Republic of Belarus (Belstat),2026-07-06
12047,xHH6_IDI,Estimated proportion of households with Internet access at home,% of households,ITU World Telecommunication Indicators Database,2022,Belize,BLZ,,,,71.20413691,,ITU estimate.,2026-02-02
12047,xHH6_IDI,Estimated proportion of households with Internet access at home,% of households,ITU World Telecommunication Indicators Database,2022,Bolivia (Plurinational State of),BOL,,,,62.62513886,,ITU estimate.,2026-02-02
12047,xHH6_IDI,Estimated proportion of households with Internet access at home,% of households,ITU World Telecommunication Indicators Database,2022,Botswana,BWA,,,,66.6851712,,ITU estimate.,2026-02-02
12047,xHH6_IDI,Estimated proportion of households with Internet access at home,% of households,ITU World Telecommunication Indicators Database,2022,Barbados,BRB,,,,74.62842787,,ITU estimate.,2026-02-02
12047,xHH6_IDI,Estimated proportion of households with Internet access at home,% of households,ITU World Telecommunication Indicators Database,2022,Myanmar,MMR,,,,52.91972168,,ITU estimate.,2026-02-02
12047,xHH6_IDI,Estimated proportion of households with Internet access at home,% of households,ITU World Telecommunication Indicators Database,2022,Brunei Darussalam,BRN,,,,94.99982786,AITI ICT Household and Individual Report 2022 results indicates 95% of Households have internet access#,Statistical Institute of Belize,2026-02-02
12047,xHH6_IDI,Estimated proportion of households with Internet access at home,% of households,ITU World Telecommunication Indicators Database,2022,Bhutan,BTN,,,,99.6,,National Statistics Bureau - Bhutan Living Standard Survey,2024-12-18
12047,xHH6_IDI,Estimated proportion of households with Internet access at home,% of households,ITU World Telecommunication Indicators Database,2022,Bulgaria,BGR,,,,87.30635816,,National Statistical Institute,2026-02-02
8817,HHA4213-%_HH-NOCHILDREN-RURAL,HH06 - Households with Internet access at home - %_HH - NOCHILDREN - RURAL,% of households,ITU Households Database,2022,Bulgaria,BGR,Location,No Children,Rural,77.39788940825866,,National Statistical Institute,2026-07-05
8819,HHA4213-%_HH-RURAL-,HH06 - Households with Internet access at home - %_HH - RURAL,% of households,ITU Households Database,2022,Bulgaria,BGR,Location,Rural,,82.39541103029269,,National Statistical Institute,2026-07-06
8820,HHA4213-%_HH-URBAN-,HH06 - Households with Internet access at home - %_HH - URBAN,% of households,ITU Households Database,2022,Bulgaria,BGR,Location,Urban,,88.831257529444,,National Statistical Institute,2025-07-04
8810,HHA4213-%_HH-CHILDREN-,HH06 - Households with Internet access at home - %_HH - CHILDREN,% of households,ITU Households Database,2022,Bulgaria,BGR,Family,Children,,95.98566007965846,,National Statistical Institute,2026-07-06
8811,HHA4213-%_HH-CHILDREN-RURAL,HH06 - Households with Internet access at home - %_HH - CHILDREN - RURAL,% of households,ITU Households Database,2022,Bulgaria,BGR,Location,Children,Rural,95.69453686226048,,National Statistical Institute,2026-07-06
8818,HHA4213-%_HH-NOCHILDREN-URBAN,HH06 - Households with Internet access at home - %_HH - NOCHILDREN - URBAN,% of households,ITU Households Database,2022,Bulgaria,BGR,Location,No Children,Urban,86.47531979298897,,National Statistical Institute,2026-07-05
8812,HHA4213-%_HH-CHILDREN-URBAN,HH06 - Households with Internet access at home - %_HH - CHILDREN - URBAN,% of households,ITU Households Database,2022,Bulgaria,BGR,Location,Children,Urban,96.08638657357376,,National Statistical Institute,2026-07-05
8816,HHA4213-%_HH-NOCHILDREN-,HH06 - Households with Internet access at home - %_HH - NOCHILDREN,% of households,ITU Households Database,2022,Bulgaria,BGR,Family,No Children,,84.3860261126537,,National Statistical Institute,2025-07-04
12047,xHH6_IDI,Estimated proportion of households with Internet access at home,% of households,ITU World Telecommunication Indicators Database,2022,Canada,CAN,,,,93.47367145,,ITU estimate.,2026-02-02
12047,xHH6_IDI,Estimated proportion of households with Internet access at home,% of households,ITU World Telecommunication Indicators Database,2022,Cambodia,KHM,,,,67.83571014,,ITU estimate.,2026-02-02
12047,xHH6_IDI,Estimated proportion of households with Internet access at home,% of households,ITU World Telecommunication Indicators Database,2022,Chile,CHL,,,,93.17631164,,ITU estimate.,2026-02-02
12047,xHH6_IDI,Estimated proportion of households with Internet access at home,% of households,ITU World Telecommunication Indicators Database,2022,China,CHN,,,,91.3116824,,ITU estimate.,2026-02-02
12047,xHH6_IDI,Estimated proportion of households with Internet access at home,% of households,ITU World Telecommunication Indicators Database,2022,Colombia,COL,,,,59.46557436,Data are based on population projection from the 2018 census.,Departamento Administrativo Nacional de Estadistica (DANE),2026-02-02
8819,HHA4213-%_HH-RURAL-,HH06 - Households with Internet access at home - %_HH - RURAL,% of households,ITU Households Database,2022,Colombia,COL,Location,Rural,,32.21754477841169,,Departamento Administrativo Nacional de Estadistica (DANE),2026-07-06
8820,HHA4213-%_HH-URBAN-,HH06 - Households with Internet access at home - %_HH - URBAN,% of households,ITU Households Database,2022,Colombia,COL,Location,Urban,,67.45024080196691,,Departamento Administrativo Nacional de Estadistica (DANE),2026-07-05
12047,xHH6_IDI,Estimated proportion of households with Internet access at home,% of households,ITU World Telecommunication Indicators Database,2022,Sri Lanka,LKA,,,,66.00969255,,ITU estimate.,2026-02-02
12047,xHH6_IDI,Estimated proportion of households with Internet access at home,% of households,ITU World Telecommunication Indicators Database,2022,Cameroon,CMR,,,,44.60627372,,ITU estimate.,2026-02-02
12047,xHH6_IDI,Estimated proportion of households with Internet access at home,% of households,ITU World Telecommunication Indicators Database,2022,Congo (Rep. of the),COG,,,,47.15037648,,ITU estimate.,2026-02-02
12047,xHH6_IDI,Estimated proportion of households with Internet access at home,% of households,ITU World Telecommunication Indicators Database,2022,Comoros,COM,,,,42.9,,MICS 2022,2024-12-18
12047,xHH6_IDI,Estimated proportion of households with Internet access at home,% of households,ITU World Telecommunication Indicators Database,2022,Cabo Verde,CPV,,,,71.13476903,,ITU estimate.,2026-02-02
12047,xHH6_IDI,Estimated proportion of households with Internet access at home,% of households,ITU World Telecommunication Indicators Database,2022,Côte d'Ivoire,CIV,,,,68.9444787,,ARTCI,2026-02-02
8818,HHA4213-%_HH-NOCHILDREN-URBAN,HH06 - Households with Internet access at home - %_HH - NOCHILDREN - URBAN,% of households,ITU Households Database,2022,Côte d'Ivoire,CIV,Location,No Children,Urban,80.73747017880478,,ARTCI,2026-07-07
8811,HHA4213-%_HH-CHILDREN-RURAL,HH06 - Households with Internet access at home - %_HH - CHILDREN - RURAL,% of households,ITU Households Database,2022,Côte d'Ivoire,CIV,Location,Children,Rural,51.75596336917355,,ARTCI,2026-07-07
8820,HHA4213-%_HH-URBAN-,HH06 - Households with Internet access at home - %_HH - URBAN,% of households,ITU Households Database,2022,Côte d'Ivoire,CIV,Location,Urban,,81.3374764002683,,ARTCI,2025-07-04
8816,HHA4213-%_HH-NOCHILDREN-,HH06 - Households with Internet access at home - %_HH - NOCHILDREN,% of households,ITU Households Database,2022,Côte d'Ivoire,CIV,Family,No Children,,67.62203283707494,,ARTCI,2026-07-07
8810,HHA4213-%_HH-CHILDREN-,HH06 - Households with Internet access at home - %_HH - CHILDREN,% of households,ITU Households Database,2022,Côte d'Ivoire,CIV,Family,Children,,71.93669462553767,,ARTCI,2026-07-07
8817,HHA4213-%_HH-NOCHILDREN-RURAL,HH06 - Households with Internet access at home - %_HH - NOCHILDREN - RURAL,% of households,ITU Households Database,2022,Côte d'Ivoire,CIV,Location,No Children,Rural,49.29098382683294,,ARTCI,2026-07-07
8812,HHA4213-%_HH-CHILDREN-URBAN,HH06 - Households with Internet access at home - %_HH - CHILDREN - URBAN,% of households,ITU Households Database,2022,Côte d'Ivoire,CIV,Location,Children,Urban,82.54485400507441,,ARTCI,2026-07-07
8819,HHA4213-%_HH-RURAL-,HH06 - Households with Internet access at home - %_HH - RURAL,% of households,ITU Households Database,2022,Côte d'Ivoire,CIV,Location,Rural,,49.95025927090036,,ARTCI,2026-07-06
8810,HHA4213-%_HH-CHILDREN-,HH06 - Households with Internet access at home - %_HH - CHILDREN,% of households,ITU Households Database,2022,Costa Rica,CRI,Family,Children,,89.83209985640119,,Instituto Nacional de Estadisticas y Censos,2026-07-06
8819,HHA4213-%_HH-RURAL-,HH06 - Households with Internet access at home - %_HH - RURAL,% of households,ITU Households Database,2022,Costa Rica,CRI,Location,Rural,,76.09551898011607,,Instituto Nacional de Estadisticas y Censos,2026-07-06
8812,HHA4213-%_HH-CHILDREN-URBAN,HH06 - Households with Internet access at home - %_HH - CHILDREN - URBAN,% of households,ITU Households Database,2022,Costa Rica,CRI,Location,Children,Urban,92.16362681149859,,Instituto Nacional de Estadisticas y Censos,2026-07-05
8816,HHA4213-%_HH-NOCHILDREN-,HH06 - Households with Internet access at home - %_HH - NOCHILDREN,% of households,ITU Households Database,2022,Costa Rica,CRI,Family,No Children,,79.76053769251553,,Instituto Nacional de Estadisticas y Censos,2026-07-05
8820,HHA4213-%_HH-URBAN-,HH06 - Households with Internet access at home - %_HH - URBAN,% of households,ITU Households Database,2022,Costa Rica,CRI,Location,Urban,,85.96350692657772,,Instituto Nacional de Estadisticas y Censos,2026-07-05
8811,HHA4213-%_HH-CHILDREN-RURAL,HH06 - Households with Internet access at home - %_HH - CHILDREN - RURAL,% of households,ITU Households Database,2022,Costa Rica,CRI,Location,Children,Rural,84.45199754216787,,Instituto Nacional de Estadisticas y Censos,2026-07-06
8817,HHA4213-%_HH-NOCHILDREN-RURAL,HH06 - Households with Internet access at home - %_HH - NOCHILDREN - RURAL,% of households,ITU Households Database,2022,Costa Rica,CRI,Location,No Children,Rural,70.93190307441816,,Instituto Nacional de Estadisticas y Censos,2026-07-05
8818,HHA4213-%_HH-NOCHILDREN-URBAN,HH06 - Households with Internet access at home - %_HH - NOCHILDREN - URBAN,% of households,ITU Households Database,2022,Costa Rica,CRI,Location,No Children,Urban,82.85992535628684,,Instituto Nacional de Estadisticas y Censos,2026-07-05
12047,xHH6_IDI,Estimated proportion of households with Internet access at home,% of households,ITU World Telecommunication Indicators Database,2022,Costa Rica,CRI,,,,83.25393794,,Instituto Nacional de Estadisticas y Censos,2026-02-02
12047,xHH6_IDI,Estimated proportion of households with Internet access at home,% of households,ITU World Telecommunication Indicators Database,2022,Cuba,CUB,,,,31.79395559,,ITU estimate.,2026-02-02
12047,xHH6_IDI,Estimated proportion of households with Internet access at home,% of households,ITU World Telecommunication Indicators Database,2022,Vatican,VAT,,,,85.06074504,,ITU estimate.,2026-02-02
12047,xHH6_IDI,Estimated proportion of households with Internet access at home,% of households,ITU World Telecommunication Indicators Database,2022,Cyprus,CYP,,,,93.9968803,,Statistical Service of Cyprus,2026-02-02
8817,HHA4213-%_HH-NOCHILDREN-RURAL,HH06 - Households with Internet access at home - %_HH - NOCHILDREN - RURAL,% of households,ITU Households Database,2022,Cyprus,CYP,Location,No Children,Rural,89.85821990241028,,Statistical Service of Cyprus,2026-07-07
8811,HHA4213-%_HH-CHILDREN-RURAL,HH06 - Households with Internet access at home - %_HH - CHILDREN - RURAL,% of households,ITU Households Database,2022,Cyprus,CYP,Location,Children,Rural,100,,Statistical Service of Cyprus,2025-07-04
8810,HHA4213-%_HH-CHILDREN-,HH06 - Households with Internet access at home - %_HH - CHILDREN,% of households,ITU Households Database,2022,Cyprus,CYP,Family,Children,,100.00038710327482,,Statistical Service of Cyprus,2026-07-07
8812,HHA4213-%_HH-CHILDREN-URBAN,HH06 - Households with Internet access at home - %_HH - CHILDREN - URBAN,% of households,ITU Households Database,2022,Cyprus,CYP,Location,Children,Urban,100.00057975507389,,Statistical Service of Cyprus,2026-07-07
8816,HHA4213-%_HH-NOCHILDREN-,HH06 - Households with Internet access at home - %_HH - NOCHILDREN,% of households,ITU Households Database,2022,Cyprus,CYP,Family,No Children,,92.25943150656076,,Statistical Service of Cyprus,2026-07-07
8820,HHA4213-%_HH-URBAN-,HH06 - Households with Internet access at home - %_HH - URBAN,% of households,ITU Households Database,2022,Cyprus,CYP,Location,Urban,,94.71718627078343,,Statistical Service of Cyprus,2026-07-05
8819,HHA4213-%_HH-RURAL-,HH06 - Households with Internet access at home - %_HH - RURAL,% of households,ITU Households Database,2022,Cyprus,CYP,Location,Rural,,92.34678897224838,,Statistical Service of Cyprus,2026-07-06
8818,HHA4213-%_HH-NOCHILDREN-URBAN,HH06 - Households with Internet access at home - %_HH - NOCHILDREN - URBAN,% of households,ITU Households Database,2022,Cyprus,CYP,Location,No Children,Urban,93.26734063690348,,Statistical Service of Cyprus,2026-07-07
8812,HHA4213-%_HH-CHILDREN-URBAN,HH06 - Households with Internet access at home - %_HH - CHILDREN - URBAN,% of households,ITU Households Database,2022,Germany,DEU,Location,Children,Urban,97.14903210891453,EU classification DEG_URBA = 1 (Cities - densely populated area); RURAL can not be filled by us: DEG_URBA has 2 more codes (2=internediate density areas and 3=thinly populated areas) AND according to EU definition: children = persons < 16 years,Statistisches Bundesamt (Destatis),2026-07-06
8816,HHA4213-%_HH-NOCHILDREN-,HH06 - Households with Internet access at home - %_HH - NOCHILDREN,% of households,ITU Households Database,2022,Germany,DEU,Family,No Children,,89.67497823628811,EU classification DEG_URBA = 1 (Cities - densely populated area); RURAL can not be filled by us: DEG_URBA has 2 more codes (2=internediate density areas and 3=thinly populated areas) AND according to EU definition: children = persons < 16 years,Statistisches Bundesamt (Destatis),2026-07-05
8818,HHA4213-%_HH-NOCHILDREN-URBAN,HH06 - Households with Internet access at home - %_HH - NOCHILDREN - URBAN,% of households,ITU Households Database,2022,Germany,DEU,Location,No Children,Urban,90.22429566090521,EU classification DEG_URBA = 1 (Cities - densely populated area); RURAL can not be filled by us: DEG_URBA has 2 more codes (2=internediate density areas and 3=thinly populated areas) AND according to EU definition: children = persons < 16 years,Statistisches Bundesamt (Destatis),2026-07-05
8810,HHA4213-%_HH-CHILDREN-,HH06 - Households with Internet access at home - %_HH - CHILDREN,% of households,ITU Households Database,2022,Germany,DEU,Family,Children,,97.63370416130212,EU classification DEG_URBA = 1 (Cities - densely populated area); RURAL can not be filled by us: DEG_URBA has 2 more codes (2=internediate density areas and 3=thinly populated areas) AND according to EU definition: children = persons < 16 years,Statistisches Bundesamt (Destatis),2026-07-06
8820,HHA4213-%_HH-URBAN-,HH06 - Households with Internet access at home - %_HH - URBAN,% of households,ITU Households Database,2022,Germany,DEU,Location,Urban,,91.5585317365046,EU classification DEG_URBA = 1 (Cities - densely populated area); RURAL can not be filled by us: DEG_URBA has 2 more codes (2=internediate density areas and 3=thinly populated areas),Statistisches Bundesamt (Destatis),2025-07-04
12047,xHH6_IDI,Estimated proportion of households with Internet access at home,% of households,ITU World Telecommunication Indicators Database,2022,Germany,DEU,,,,91.40787602,,Federal Statistical Office,2026-02-02
12047,xHH6_IDI,Estimated proportion of households with Internet access at home,% of households,ITU World Telecommunication Indicators Database,2022,Djibouti,DJI,,,,67.65485813,,ITU estimate.,2026-02-02
12047,xHH6_IDI,Estimated proportion of households with Internet access at home,% of households,ITU World Telecommunication Indicators Database,2022,Dominica,DMA,,,,80.57982979,,ITU estimate.,2026-02-02
12047,xHH6_IDI,Estimated proportion of households with Internet access at home,% of households,ITU World Telecommunication Indicators Database,2022,Denmark,DNK,,,,95.15586542,,Statistics Denmark,2026-02-02
8812,HHA4213-%_HH-CHILDREN-URBAN,HH06 - Households with Internet access at home - %_HH - CHILDREN - URBAN,% of households,ITU Households Database,2022,Denmark,DNK,Location,Children,Urban,98.94516268198906,Households with children under 16 years of age,Statistics Denmark,2026-07-07
8819,HHA4213-%_HH-RURAL-,HH06 - Households with Internet access at home - %_HH - RURAL,% of households,ITU Households Database,2022,Denmark,DNK,Location,Rural,,94.51209500875657,,Statistics Denmark,2026-07-06
8817,HHA4213-%_HH-NOCHILDREN-RURAL,HH06 - Households with Internet access at home - %_HH - NOCHILDREN - RURAL,% of households,ITU Households Database,2022,Denmark,DNK,Location,No Children,Rural,93.6161977544454,,Statistics Denmark,2025-07-04
8810,HHA4213-%_HH-CHILDREN-,HH06 - Households with Internet access at home - %_HH - CHILDREN,% of households,ITU Households Database,2022,Denmark,DNK,Family,Children,,97.80041109053538,Households with children under 16 years of age,Statistics Denmark,2026-07-07
8818,HHA4213-%_HH-NOCHILDREN-URBAN,HH06 - Households with Internet access at home - %_HH - NOCHILDREN - URBAN,% of households,ITU Households Database,2022,Denmark,DNK,Location,No Children,Urban,95.51271135665587,,Statistics Denmark,2026-07-07
8820,HHA4213-%_HH-URBAN-,HH06 - Households with Internet access at home - %_HH - URBAN,% of households,ITU Households Database,2022,Denmark,DNK,Location,Urban,,96.23403950074125,,Statistics Denmark,2026-07-05
8816,HHA4213-%_HH-NOCHILDREN-,HH06 - Households with Internet access at home - %_HH - NOCHILDREN,% of households,ITU Households Database,2022,Denmark,DNK,Family,No Children,,94.34743067241195,,Statistics Denmark,2026-07-07
8811,HHA4213-%_HH-CHILDREN-RURAL,HH06 - Households with Internet access at home - %_HH - CHILDREN - RURAL,% of households,ITU Households Database,2022,Denmark,DNK,Location,Children,Rural,97.22224217565888,Households with children under 16 years of age,Statistics Denmark,2026-07-07
8816,HHA4213-%_HH-NOCHILDREN-,HH06 - Households with Internet access at home - %_HH - NOCHILDREN,% of households,ITU Households Database,2022,Dominican Rep.,DOM,Family,No Children,,42.70581748678102,,Oficina Nacional de Estadistica,2026-07-05
8812,HHA4213-%_HH-CHILDREN-URBAN,HH06 - Households with Internet access at home - %_HH - CHILDREN - URBAN,% of households,ITU Households Database,2022,Dominican Rep.,DOM,Location,Children,Urban,53.127997923486284,,Oficina Nacional de Estadistica,2026-07-05
8820,HHA4213-%_HH-URBAN-,HH06 - Households with Internet access at home - %_HH - URBAN,% of households,ITU Households Database,2022,Dominican Rep.,DOM,Location,Urban,,49.075329068156535,,Oficina Nacional de Estadistica,2026-07-05
8818,HHA4213-%_HH-NOCHILDREN-URBAN,HH06 - Households with Internet access at home - %_HH - NOCHILDREN - URBAN,% of households,ITU Households Database,2022,Dominican Rep.,DOM,Location,No Children,Urban,45.90308091168338,,Oficina Nacional de Estadistica,2026-07-05
8819,HHA4213-%_HH-RURAL-,HH06 - Households with Internet access at home - %_HH - RURAL,% of households,ITU Households Database,2022,Dominican Rep.,DOM,Location,Rural,,31.319804739807726,,Oficina Nacional de Estadistica,2026-07-06
8811,HHA4213-%_HH-CHILDREN-RURAL,HH06 - Households with Internet access at home - %_HH - CHILDREN - RURAL,% of households,ITU Households Database,2022,Dominican Rep.,DOM,Location,Children,Rural,37.2290921400901,,Oficina Nacional de Estadistica,2025-07-04
8817,HHA4213-%_HH-NOCHILDREN-RURAL,HH06 - Households with Internet access at home - %_HH - NOCHILDREN - RURAL,% of households,ITU Households Database,2022,Dominican Rep.,DOM,Location,No Children,Rural,26.67831551106186,,Oficina Nacional de Estadistica,2026-07-05
8810,HHA4213-%_HH-CHILDREN-,HH06 - Households with Internet access at home - %_HH - CHILDREN,% of households,ITU Households Database,2022,Dominican Rep.,DOM,Family,Children,,50.47626150616581,,Oficina Nacional de Estadistica,2026-07-06
12047,xHH6_IDI,Estimated proportion of households with Internet access at home,% of households,ITU World Telecommunication Indicators Database,2022,Dominican Rep.,DOM,,,,46.118689,,Oficina Nacional de Estadistica,2026-02-02
12047,xHH6_IDI,Estimated proportion of households with Internet access at home,% of households,ITU World Telecommunication Indicators Database,2022,Spain,ESP,,,,96.08471003,,Instituto Nacional de Estadistica,2026-02-02
8810,HHA4213-%_HH-CHILDREN-,HH06 - Households with Internet access at home - %_HH - CHILDREN,% of households,ITU Households Database,2022,Spain,ESP,Family,Children,,99.84839979300182,Includes children 15 years of age,Instituto Nacional de Estadistica,2026-07-06
8812,HHA4213-%_HH-CHILDREN-URBAN,HH06 - Households with Internet access at home - %_HH - CHILDREN - URBAN,% of households,ITU Households Database,2022,Spain,ESP,Location,Children,Urban,99.92002349979738,Includes children 15 years of age,Instituto Nacional de Estadistica,2026-07-05
8820,HHA4213-%_HH-URBAN-,HH06 - Households with Internet access at home - %_HH - URBAN,% of households,ITU Households Database,2022,Spain,ESP,Location,Urban,,97.23028401530955,,Instituto Nacional de Estadistica,2026-07-05
8811,HHA4213-%_HH-CHILDREN-RURAL,HH06 - Households with Internet access at home - %_HH - CHILDREN - RURAL,% of households,ITU Households Database,2022,Spain,ESP,Location,Children,Rural,99.7701964239979,Includes children 15 years of age,Instituto Nacional de Estadistica,2025-07-04
8817,HHA4213-%_HH-NOCHILDREN-RURAL,HH06 - Households with Internet access at home - %_HH - NOCHILDREN - RURAL,% of households,ITU Households Database,2022,Spain,ESP,Location,No Children,Rural,92.85025552445369,,Instituto Nacional de Estadistica,2026-07-04
8818,HHA4213-%_HH-NOCHILDREN-URBAN,HH06 - Households with Internet access at home - %_HH - NOCHILDREN - URBAN,% of households,ITU Households Database,2022,Spain,ESP,Location,No Children,Urban,96.3078350759565,,Instituto Nacional de Estadistica,2025-07-04
8819,HHA4213-%_HH-RURAL-,HH06 - Households with Internet access at home - %_HH - RURAL,% of households,ITU Households Database,2022,Spain,ESP,Location,Rural,,94.74417350591247,,Instituto Nacional de Estadistica,2026-07-06
8816,HHA4213-%_HH-NOCHILDREN-,HH06 - Households with Internet access at home - %_HH - NOCHILDREN,% of households,ITU Households Database,2022,Spain,ESP,Family,No Children,,94.73599484093278,,Instituto Nacional de Estadistica,2026-07-05
8811,HHA4213-%_HH-CHILDREN-RURAL,HH06 - Households with Internet access at home - %_HH - CHILDREN - RURAL,% of households,ITU Households Database,2022,Egypt,EGY,Location,Children,Rural,73.32146547504063,,Ministry of Communications and Information Technology,2026-07-06
8818,HHA4213-%_HH-NOCHILDREN-URBAN,HH06 - Households with Internet access at home - %_HH - NOCHILDREN - URBAN,% of households,ITU Households Database,2022,Egypt,EGY,Location,No Children,Urban,76.95404103832863,,Ministry of Communications and Information Technology,2026-07-05
8819,HHA4213-%_HH-RURAL-,HH06 - Households with Internet access at home - %_HH - RURAL,% of households,ITU Households Database,2022,Egypt,EGY,Location,Rural,,64.08901123068041,,Ministry of Communications and Information Technology,2026-07-06
8817,HHA4213-%_HH-NOCHILDREN-RURAL,HH06 - Households with Internet access at home - %_HH - NOCHILDREN - RURAL,% of households,ITU Households Database,2022,Egypt,EGY,Location,No Children,Rural,49.62369181346132,,Ministry of Communications and Information Technology,2026-07-05
8812,HHA4213-%_HH-CHILDREN-URBAN,HH06 - Households with Internet access at home - %_HH - CHILDREN - URBAN,% of households,ITU Households Database,2022,Egypt,EGY,Location,Children,Urban,91.58301637591191,,Ministry of Communications and Information Technology,2026-07-05
8810,HHA4213-%_HH-CHILDREN-,HH06 - Households with Internet access at home - %_HH - CHILDREN,% of households,ITU Households Database,2022,Egypt,EGY,Family,Children,,80.66719754296003,,Ministry of Communications and Information Technology,2026-07-06
8816,HHA4213-%_HH-NOCHILDREN-,HH06 - Households with Internet access at home - %_HH - NOCHILDREN,% of households,ITU Households Database,2022,Egypt,EGY,Family,No Children,,63.91899828385564,,Ministry of Communications and Information Technology,2026-07-05
8820,HHA4213-%_HH-URBAN-,HH06 - Households with Internet access at home - %_HH - URBAN,% of households,ITU Households Database,2022,Egypt,EGY,Location,Urban,,84.12462425794517,,Ministry of Communications and Information Technology,2026-07-05
12047,xHH6_IDI,Estimated proportion of households with Internet access at home,% of households,ITU World Telecommunication Indicators Database,2022,Egypt,EGY,,,,73.22402258,,Ministry of Communications and Information Technology,2026-02-02
12047,xHH6_IDI,Estimated proportion of households with Internet access at home,% of households,ITU World Telecommunication Indicators Database,2022,Ecuador,ECU,,,,60.43461608,,Instituto Nacional de Estadistica y Censos,2026-02-02
8810,HHA4213-%_HH-CHILDREN-,HH06 - Households with Internet access at home - %_HH - CHILDREN,% of households,ITU Households Database,2022,Ecuador,ECU,Family,Children,,66.09206564592564,,Instituto Nacional de Estadistica y Censos,2026-07-06
8812,HHA4213-%_HH-CHILDREN-URBAN,HH06 - Households with Internet access at home - %_HH - CHILDREN - URBAN,% of households,ITU Households Database,2022,Ecuador,ECU,Location,Children,Urban,77.43602896137658,,Instituto Nacional de Estadistica y Censos,2026-07-05
8811,HHA4213-%_HH-CHILDREN-RURAL,HH06 - Households with Internet access at home - %_HH - CHILDREN - RURAL,% of households,ITU Households Database,2022,Ecuador,ECU,Location,Children,Rural,42.69048653061403,,Instituto Nacional de Estadistica y Censos,2026-07-06
8820,HHA4213-%_HH-URBAN-,HH06 - Households with Internet access at home - %_HH - URBAN,% of households,ITU Households Database,2022,Ecuador,ECU,Location,Urban,,70.14769453706919,,Instituto Nacional de Estadistica y Censos,2026-07-05
8817,HHA4213-%_HH-NOCHILDREN-RURAL,HH06 - Households with Internet access at home - %_HH - NOCHILDREN - RURAL,% of households,ITU Households Database,2022,Ecuador,ECU,Location,No Children,Rural,34.34904067076337,,Instituto Nacional de Estadistica y Censos,2026-07-04
8819,HHA4213-%_HH-RURAL-,HH06 - Households with Internet access at home - %_HH - RURAL,% of households,ITU Households Database,2022,Ecuador,ECU,Location,Rural,,37.992471789251205,,Instituto Nacional de Estadistica y Censos,2026-07-06
8818,HHA4213-%_HH-NOCHILDREN-URBAN,HH06 - Households with Internet access at home - %_HH - NOCHILDREN - URBAN,% of households,ITU Households Database,2022,Ecuador,ECU,Location,No Children,Urban,65.48833542629538,,Instituto Nacional de Estadistica y Censos,2026-07-05
8816,HHA4213-%_HH-NOCHILDREN-,HH06 - Households with Internet access at home - %_HH - NOCHILDREN,% of households,ITU Households Database,2022,Ecuador,ECU,Family,No Children,,56.59781119544467,,Instituto Nacional de Estadistica y Censos,2026-07-05
12047,xHH6_IDI,Estimated proportion of households with Internet access at home,% of households,ITU World Telecommunication Indicators Database,2022,Estonia,EST,,,,92.40008039,,Statistical Office of Estonia,2026-02-02
12047,xHH6_IDI,Estimated proportion of households with Internet access at home,% of households,ITU World Telecommunication Indicators Database,2022,Ethiopia,ETH,,,,22.90522132,,ITU estimate.,2026-02-02
12047,xHH6_IDI,Estimated proportion of households with Internet access at home,% of households,ITU World Telecommunication Indicators Database,2022,France,FRA,,,,87.25190554,,Institut National de la Statistique et des Etudes Economiques,2026-02-02
8810,HHA4213-%_HH-CHILDREN-,HH06 - Households with Internet access at home - %_HH - CHILDREN,% of households,ITU Households Database,2022,France,FRA,Family,Children,,98.00102816293771,,Institut National de la Statistique et des Etudes Economiques,2026-07-06
8819,HHA4213-%_HH-RURAL-,HH06 - Households with Internet access at home - %_HH - RURAL,% of households,ITU Households Database,2022,France,FRA,Location,Rural,,84.00420248501514,,Institut National de la Statistique et des Etudes Economiques,2026-07-06
8816,HHA4213-%_HH-NOCHILDREN-,HH06 - Households with Internet access at home - %_HH - NOCHILDREN,% of households,ITU Households Database,2022,France,FRA,Family,No Children,,84.31838823613911,,Institut National de la Statistique et des Etudes Economiques,2026-07-05
8818,HHA4213-%_HH-NOCHILDREN-URBAN,HH06 - Households with Internet access at home - %_HH - NOCHILDREN - URBAN,% of households,ITU Households Database,2022,France,FRA,Location,No Children,Urban,85.50068687344897,,Institut National de la Statistique et des Etudes Economiques,2026-07-05
8811,HHA4213-%_HH-CHILDREN-RURAL,HH06 - Households with Internet access at home - %_HH - CHILDREN - RURAL,% of households,ITU Households Database,2022,France,FRA,Location,Children,Rural,98.7875178522827,,Institut National de la Statistique et des Etudes Economiques,2025-07-04
8812,HHA4213-%_HH-CHILDREN-URBAN,HH06 - Households with Internet access at home - %_HH - CHILDREN - URBAN,% of households,ITU Households Database,2022,France,FRA,Location,Children,Urban,97.78045243185862,,Institut National de la Statistique et des Etudes Economiques,2026-07-05
8820,HHA4213-%_HH-URBAN-,HH06 - Households with Internet access at home - %_HH - URBAN,% of households,ITU Households Database,2022,France,FRA,Location,Urban,,88.08285594235574,,Institut National de la Statistique et des Etudes Economiques,2026-07-05
8817,HHA4213-%_HH-NOCHILDREN-RURAL,HH06 - Households with Internet access at home - %_HH - NOCHILDREN - RURAL,% of households,ITU Households Database,2022,France,FRA,Location,No Children,Rural,79.57607004692264,,Institut National de la Statistique et des Etudes Economiques,2026-07-05
12047,xHH6_IDI,Estimated proportion of households with Internet access at home,% of households,ITU World Telecommunication Indicators Database,2022,Fiji,FJI,,,,78.0752675,,ITU estimate.,2026-02-02
12047,xHH6_IDI,Estimated proportion of households with Internet access at home,% of households,ITU World Telecommunication Indicators Database,2022,Finland,FIN,,,,91.5,,Statistics Finland,2025-07-07
12047,xHH6_IDI,Estimated proportion of households with Internet access at home,% of households,ITU World Telecommunication Indicators Database,2022,United Kingdom,GBR,,,,96.33973162,,ITU estimate.,2026-02-02
12047,xHH6_IDI,Estimated proportion of households with Internet access at home,% of households,ITU World Telecommunication Indicators Database,2022,Gabon,GAB,,,,73.1260805,,ITU estimate.,2026-02-02
12047,xHH6_IDI,Estimated proportion of households with Internet access at home,% of households,ITU World Telecommunication Indicators Database,2022,Ghana,GHA,,,,68.52049528,,ITU estimate.,2026-02-02
12047,xHH6_IDI,Estimated proportion of households with Internet access at home,% of households,ITU World Telecommunication Indicators Database,2022,Gambia,GMB,,,,40.16680751,,ITU estimate.,2026-02-02
12047,xHH6_IDI,Estimated proportion of households with Internet access at home,% of households,ITU World Telecommunication Indicators Database,2022,Guinea-Bissau,GNB,,,,26.11508838,,ITU estimate.,2026-02-02
12047,xHH6_IDI,Estimated proportion of households with Internet access at home,% of households,ITU World Telecommunication Indicators Database,2022,Equatorial Guinea,GNQ,,,,58.13906341,,ITU estimate.,2026-02-02
12047,xHH6_IDI,Estimated proportion of households with Internet access at home,% of households,ITU World Telecommunication Indicators Database,2022,Greece,GRC,,,,85.49422113,,Hellenic Statistical Authority,2026-02-02
12047,xHH6_IDI,Estimated proportion of households with Internet access at home,% of households,ITU World Telecommunication Indicators Database,2022,Grenada,GRD,,,,72.21841452,,ITU estimate.,2026-02-02
12047,xHH6_IDI,Estimated proportion of households with Internet access at home,% of households,ITU World Telecommunication Indicators Database,2022,Guatemala,GTM,,,,32.10457832,,ITU estimate.,2026-02-02
12047,xHH6_IDI,Estimated proportion of households with Internet access at home,% of households,ITU World Telecommunication Indicators Database,2022,Guinea,GIN,,,,37.20644597,,ITU estimate.,2026-02-02
12047,xHH6_IDI,Estimated proportion of households with Internet access at home,% of households,ITU World Telecommunication Indicators Database,2022,Guyana,GUY,,,,50.22982921,,ITU estimate.,2026-02-02
12047,xHH6_IDI,Estimated proportion of households with Internet access at home,% of households,ITU World Telecommunication Indicators Database,2022,"Hong Kong, China",HKG,,,,96.05194025,,Census and Statistics Department,2026-02-02
8810,HHA4213-%_HH-CHILDREN-,HH06 - Households with Internet access at home - %_HH - CHILDREN,% of households,ITU Households Database,2022,"Hong Kong, China",HKG,Family,Children,,100,,Census and Statistics Department,2025-07-04
8816,HHA4213-%_HH-NOCHILDREN-,HH06 - Households with Internet access at home - %_HH - NOCHILDREN,% of households,ITU Households Database,2022,"Hong Kong, China",HKG,Family,No Children,,95.14558626736192,,Census and Statistics Department,2026-07-07
12047,xHH6_IDI,Estimated proportion of households with Internet access at home,% of households,ITU World Telecommunication Indicators Database,2022,Honduras,HND,,,,49.17513925,,ITU estimate.,2026-02-02
12047,xHH6_IDI,Estimated proportion of households with Internet access at home,% of households,ITU World Telecommunication Indicators Database,2022,Hungary,HUN,,,,91.43655399,,Hungarian Central Statistical Office,2026-02-02
8820,HHA4213-%_HH-URBAN-,HH06 - Households with Internet access at home - %_HH - URBAN,% of households,ITU Households Database,2022,Hungary,HUN,Location,Urban,,93.36926731367438,Refers to Eurostat Densely populated area + Intermediate density area,Hungarian Central Statistical Office,2026-07-05
8810,HHA4213-%_HH-CHILDREN-,HH06 - Households with Internet access at home - %_HH - CHILDREN,% of households,ITU Households Database,2022,Hungary,HUN,Family,Children,,99.29420954387702,,Hungarian Central Statistical Office,2026-07-06
8818,HHA4213-%_HH-NOCHILDREN-URBAN,HH06 - Households with Internet access at home - %_HH - NOCHILDREN - URBAN,% of households,ITU Households Database,2022,Hungary,HUN,Location,No Children,Urban,91.97652653412253,Refers to Eurostat Densely populated area + Intermediate density area,Hungarian Central Statistical Office,2026-07-05
8811,HHA4213-%_HH-CHILDREN-RURAL,HH06 - Households with Internet access at home - %_HH - CHILDREN - RURAL,% of households,ITU Households Database,2022,Hungary,HUN,Location,Children,Rural,99.19577434884155,Refers to Eurostat Thinly populated area,Hungarian Central Statistical Office,2026-07-06
8819,HHA4213-%_HH-RURAL-,HH06 - Households with Internet access at home - %_HH - RURAL,% of households,ITU Households Database,2022,Hungary,HUN,Location,Rural,,86.82027377152677,Refers to Eurostat Thinly populated area,Hungarian Central Statistical Office,2026-07-06
8817,HHA4213-%_HH-NOCHILDREN-RURAL,HH06 - Households with Internet access at home - %_HH - NOCHILDREN - RURAL,% of households,ITU Households Database,2022,Hungary,HUN,Location,No Children,Rural,83.46446238264772,Refers to Eurostat Thinly populated area,Hungarian Central Statistical Office,2026-07-05
8812,HHA4213-%_HH-CHILDREN-URBAN,HH06 - Households with Internet access at home - %_HH - CHILDREN - URBAN,% of households,ITU Households Database,2022,Hungary,HUN,Location,Children,Urban,99.34069441943457,Refers to Eurostat Densely populated area + Intermediate density area,Hungarian Central Statistical Office,2026-07-05
8816,HHA4213-%_HH-NOCHILDREN-,HH06 - Households with Internet access at home - %_HH - NOCHILDREN,% of households,ITU Households Database,2022,Hungary,HUN,Family,No Children,,89.51778662029099,,Hungarian Central Statistical Office,2026-07-05
12047,xHH6_IDI,Estimated proportion of households with Internet access at home,% of households,ITU World Telecommunication Indicators Database,2022,Netherlands,NLD,,,,95.62774792,,Statistics Netherlands,2026-02-02
12047,xHH6_IDI,Estimated proportion of households with Internet access at home,% of households,ITU World Telecommunication Indicators Database,2022,Croatia,HRV,,,,85.52227512,,Croatian Bureau of Statistics,2026-02-02
8820,HHA4213-%_HH-URBAN-,HH06 - Households with Internet access at home - %_HH - URBAN,% of households,ITU Households Database,2022,Croatia,HRV,Location,Urban,,88.79807127492325,,Croatian Bureau of Statistics,2026-07-05
8819,HHA4213-%_HH-RURAL-,HH06 - Households with Internet access at home - %_HH - RURAL,% of households,ITU Households Database,2022,Croatia,HRV,Location,Rural,,80.39585773891444,,Croatian Bureau of Statistics,2026-07-06
8816,HHA4213-%_HH-NOCHILDREN-,HH06 - Households with Internet access at home - %_HH - NOCHILDREN,% of households,ITU Households Database,2022,Italy,ITA,Family,No Children,,79.40014803605516,,Italian National Institute of Statistics,2026-07-05
8810,HHA4213-%_HH-CHILDREN-,HH06 - Households with Internet access at home - %_HH - CHILDREN,% of households,ITU Households Database,2022,Italy,ITA,Family,Children,,98.59884807495078,,Italian National Institute of Statistics,2026-07-06
8820,HHA4213-%_HH-URBAN-,HH06 - Households with Internet access at home - %_HH - URBAN,% of households,ITU Households Database,2022,Italy,ITA,Location,Urban,,84.18649538623589,,Italian National Institute of Statistics,2026-07-05
8818,HHA4213-%_HH-NOCHILDREN-URBAN,HH06 - Households with Internet access at home - %_HH - NOCHILDREN - URBAN,% of households,ITU Households Database,2022,Italy,ITA,Location,No Children,Urban,80.73004611451222,,Italian National Institute of Statistics,2026-07-05
8819,HHA4213-%_HH-RURAL-,HH06 - Households with Internet access at home - %_HH - RURAL,% of households,ITU Households Database,2022,Italy,ITA,Location,Rural,,77.60105723984616,,Italian National Institute of Statistics,2026-07-06
8812,HHA4213-%_HH-CHILDREN-URBAN,HH06 - Households with Internet access at home - %_HH - CHILDREN - URBAN,% of households,ITU Households Database,2022,Italy,ITA,Location,Children,Urban,98.52730424739818,,Italian National Institute of Statistics,2026-07-05
8817,HHA4213-%_HH-NOCHILDREN-RURAL,HH06 - Households with Internet access at home - %_HH - NOCHILDREN - RURAL,% of households,ITU Households Database,2022,Italy,ITA,Location,No Children,Rural,72.97027502853337,,Italian National Institute of Statistics,2026-07-05
8811,HHA4213-%_HH-CHILDREN-RURAL,HH06 - Households with Internet access at home - %_HH - CHILDREN - RURAL,% of households,ITU Households Database,2022,Italy,ITA,Location,Children,Rural,98.98381623493694,,Italian National Institute of Statistics,2026-07-06
12047,xHH6_IDI,Estimated proportion of households with Internet access at home,% of households,ITU World Telecommunication Indicators Database,2022,Italy,ITA,,,,83.07635158,,Italian National Institute of Statistics,2026-02-02
12047,xHH6_IDI,Estimated proportion of households with Internet access at home,% of households,ITU World Telecommunication Indicators Database,2022,India,IND,,,,76.3,Access to broadband internet facility within the household premises,Ministry of Statistics and Programme Implementation,2025-02-04
12047,xHH6_IDI,Estimated proportion of households with Internet access at home,% of households,ITU World Telecommunication Indicators Database,2022,Indonesia,IDN,,,,86.53527761,,BPS-Statistics Indonesia,2026-02-02
8811,HHA4213-%_HH-CHILDREN-RURAL,HH06 - Households with Internet access at home - %_HH - CHILDREN - RURAL,% of households,ITU Households Database,2022,Indonesia,IDN,Location,Children,Rural,90.06845019145608,,BPS-Statistics Indonesia,2026-07-06
8812,HHA4213-%_HH-CHILDREN-URBAN,HH06 - Households with Internet access at home - %_HH - CHILDREN - URBAN,% of households,ITU Households Database,2022,Indonesia,IDN,Location,Children,Urban,97.64917850338803,,BPS-Statistics Indonesia,2026-07-05
8816,HHA4213-%_HH-NOCHILDREN-,HH06 - Households with Internet access at home - %_HH - NOCHILDREN,% of households,ITU Households Database,2022,Indonesia,IDN,Family,No Children,,75.77623737537475,,BPS-Statistics Indonesia,2026-07-05
8817,HHA4213-%_HH-NOCHILDREN-RURAL,HH06 - Households with Internet access at home - %_HH - NOCHILDREN - RURAL,% of households,ITU Households Database,2022,Indonesia,IDN,Location,No Children,Rural,66.29575752515112,,BPS-Statistics Indonesia,2026-07-05
8818,HHA4213-%_HH-NOCHILDREN-URBAN,HH06 - Households with Internet access at home - %_HH - NOCHILDREN - URBAN,% of households,ITU Households Database,2022,Indonesia,IDN,Location,No Children,Urban,82.14795928255053,,BPS-Statistics Indonesia,2026-07-05
8819,HHA4213-%_HH-RURAL-,HH06 - Households with Internet access at home - %_HH - RURAL,% of households,ITU Households Database,2022,Indonesia,IDN,Location,Rural,,80.55072487898954,,BPS-Statistics Indonesia,2026-07-06
8810,HHA4213-%_HH-CHILDREN-,HH06 - Households with Internet access at home - %_HH - CHILDREN,% of households,ITU Households Database,2022,Indonesia,IDN,Family,Children,,94.33906247939032,,BPS-Statistics Indonesia,2026-07-06
8820,HHA4213-%_HH-URBAN-,HH06 - Households with Internet access at home - %_HH - URBAN,% of households,ITU Households Database,2022,Indonesia,IDN,Location,Urban,,90.90568791704438,,BPS-Statistics Indonesia,2026-07-05
12047,xHH6_IDI,Estimated proportion of households with Internet access at home,% of households,ITU World Telecommunication Indicators Database,2022,Ireland,IRL,,,,94.99700101,,ITU estimate.,2026-02-02
12047,xHH6_IDI,Estimated proportion of households with Internet access at home,% of households,ITU World Telecommunication Indicators Database,2022,Iran (Islamic Republic of),IRN,,,,82.62773911,,ITU estimate.,2026-02-02
12047,xHH6_IDI,Estimated proportion of households with Internet access at home,% of households,ITU World Telecommunication Indicators Database,2022,Iraq,IRQ,,,,88.75133498,,Authority of Statistics and Geographic Information Systems,2026-07-08
8818,HHA4213-%_HH-NOCHILDREN-URBAN,HH06 - Households with Internet access at home - %_HH - NOCHILDREN - URBAN,% of households,ITU Households Database,2022,Iraq,IRQ,Location,No Children,Urban,86.20552136349156,,Authority of Statistics and Geographic Information Systems,2026-01-16
8817,HHA4213-%_HH-NOCHILDREN-RURAL,HH06 - Households with Internet access at home - %_HH - NOCHILDREN - RURAL,% of households,ITU Households Database,2022,Iraq,IRQ,Location,No Children,Rural,75.46563710053074,,Authority of Statistics and Geographic Information Systems,2026-07-07
8811,HHA4213-%_HH-CHILDREN-RURAL,HH06 - Households with Internet access at home - %_HH - CHILDREN - RURAL,% of households,ITU Households Database,2022,Iraq,IRQ,Location,Children,Rural,82.85400781955778,,Authority of Statistics and Geographic Information Systems,2026-01-16
8812,HHA4213-%_HH-CHILDREN-URBAN,HH06 - Households with Internet access at home - %_HH - CHILDREN - URBAN,% of households,ITU Households Database,2022,Iraq,IRQ,Location,Children,Urban,94.14116413833968,,Authority of Statistics and Geographic Information Systems,2026-07-07
8810,HHA4213-%_HH-CHILDREN-,HH06 - Households with Internet access at home - %_HH - CHILDREN,% of households,ITU Households Database,2022,Iraq,IRQ,Family,Children,,90.78393011343917,,Authority of Statistics and Geographic Information Systems,2026-01-16
8819,HHA4213-%_HH-RURAL-,HH06 - Households with Internet access at home - %_HH - RURAL,% of households,ITU Households Database,2022,Iraq,IRQ,Location,Rural,,81.03986711412013,,Authority of Statistics and Geographic Information Systems,2026-07-06
8816,HHA4213-%_HH-NOCHILDREN-,HH06 - Households with Internet access at home - %_HH - NOCHILDREN,% of households,ITU Households Database,2022,Iraq,IRQ,Family,No Children,,83.66709283032651,,Authority of Statistics and Geographic Information Systems,2026-01-16
8820,HHA4213-%_HH-URBAN-,HH06 - Households with Internet access at home - %_HH - URBAN,% of households,ITU Households Database,2022,Iraq,IRQ,Location,Urban,,91.73075217547022,,Authority of Statistics and Geographic Information Systems,2026-07-05
12047,xHH6_IDI,Estimated proportion of households with Internet access at home,% of households,ITU World Telecommunication Indicators Database,2022,Iceland,ISL,,,,97.97940055,,ITU estimate.,2026-02-02
12047,xHH6_IDI,Estimated proportion of households with Internet access at home,% of households,ITU World Telecommunication Indicators Database,2022,Israel,ISR,,,,86.24455693,,Central Bureau of Statistics,2026-02-02
12047,xHH6_IDI,Estimated proportion of households with Internet access at home,% of households,ITU World Telecommunication Indicators Database,2022,Japan,JPN,,,,89.5488179,,Ministry of Internal Affairs and Communications,2026-02-02
8817,HHA4213-%_HH-NOCHILDREN-RURAL,HH06 - Households with Internet access at home - %_HH - NOCHILDREN - RURAL,% of households,ITU Households Database,2022,Japan,JPN,Location,No Children,Rural,84.96898361698743,,Ministry of Internal Affairs and Communications,2026-07-07
8816,HHA4213-%_HH-NOCHILDREN-,HH06 - Households with Internet access at home - %_HH - NOCHILDREN,% of households,ITU Households Database,2022,Japan,JPN,Family,No Children,,87.23210533688192,,Ministry of Internal Affairs and Communications,2026-07-07
8820,HHA4213-%_HH-URBAN-,HH06 - Households with Internet access at home - %_HH - URBAN,% of households,ITU Households Database,2022,Japan,JPN,Location,Urban,,92.32496697490092,,Ministry of Internal Affairs and Communications,2026-07-05
8810,HHA4213-%_HH-CHILDREN-,HH06 - Households with Internet access at home - %_HH - CHILDREN,% of households,ITU Households Database,2022,Japan,JPN,Family,Children,,97.43956743002545,,Ministry of Internal Affairs and Communications,2026-07-07
8819,HHA4213-%_HH-RURAL-,HH06 - Households with Internet access at home - %_HH - RURAL,% of households,ITU Households Database,2022,Japan,JPN,Location,Rural,,87.62079510703364,,Ministry of Internal Affairs and Communications,2026-07-06
8812,HHA4213-%_HH-CHILDREN-URBAN,HH06 - Households with Internet access at home - %_HH - CHILDREN - URBAN,% of households,ITU Households Database,2022,Japan,JPN,Location,Children,Urban,98.92515923566879,,Ministry of Internal Affairs and Communications,2026-07-07
8811,HHA4213-%_HH-CHILDREN-RURAL,HH06 - Households with Internet access at home - %_HH - CHILDREN - RURAL,% of households,ITU Households Database,2022,Japan,JPN,Location,Children,Rural,96.45127118644068,,Ministry of Internal Affairs and Communications,2026-07-07
8818,HHA4213-%_HH-NOCHILDREN-URBAN,HH06 - Households with Internet access at home - %_HH - NOCHILDREN - URBAN,% of households,ITU Households Database,2022,Japan,JPN,Location,No Children,Urban,90.45007350446681,,Ministry of Internal Affairs and Communications,2026-07-07
12047,xHH6_IDI,Estimated proportion of households with Internet access at home,% of households,ITU World Telecommunication Indicators Database,2022,Jamaica,JAM,,,,80.74309967,,ITU estimate.,2026-02-02
12047,xHH6_IDI,Estimated proportion of households with Internet access at home,% of households,ITU World Telecommunication Indicators Database,2022,Jordan,JOR,,,,92.19998043,Not published yet,Ministry of Digital Economy and Entrepreneurship,2026-02-02
12047,xHH6_IDI,Estimated proportion of households with Internet access at home,% of households,ITU World Telecommunication Indicators Database,2022,Kenya,KEN,,,,42.30636368,,ITU estimate.,2026-02-02
12047,xHH6_IDI,Estimated proportion of households with Internet access at home,% of households,ITU World Telecommunication Indicators Database,2022,Kiribati,KIR,,,,84.89611053,,ITU estimate.,2026-02-02
12047,xHH6_IDI,Estimated proportion of households with Internet access at home,% of households,ITU World Telecommunication Indicators Database,2022,Korea (Rep. of),KOR,,,,99.96077754,,Ministry of Science and ICT,2026-02-02
8818,HHA4213-%_HH-NOCHILDREN-URBAN,HH06 - Households with Internet access at home - %_HH - NOCHILDREN - URBAN,% of households,ITU Households Database,2022,Korea (Rep. of),KOR,Location,No Children,Urban,99.9644099860085,,Ministry of Science and ICT,2026-07-05
8820,HHA4213-%_HH-URBAN-,HH06 - Households with Internet access at home - %_HH - URBAN,% of households,ITU Households Database,2022,Korea (Rep. of),KOR,Location,Urban,,99.97316936099064,,Ministry of Science and ICT,2026-07-05
8817,HHA4213-%_HH-NOCHILDREN-RURAL,HH06 - Households with Internet access at home - %_HH - NOCHILDREN - RURAL,% of households,ITU Households Database,2022,Korea (Rep. of),KOR,Location,No Children,Rural,99.8901402830193,,Ministry of Science and ICT,2026-07-05
8811,HHA4213-%_HH-CHILDREN-RURAL,HH06 - Households with Internet access at home - %_HH - CHILDREN - RURAL,% of households,ITU Households Database,2022,Korea (Rep. of),KOR,Location,Children,Rural,100,,Ministry of Science and ICT,2025-07-04
8816,HHA4213-%_HH-NOCHILDREN-,HH06 - Households with Internet access at home - %_HH - NOCHILDREN,% of households,ITU Households Database,2022,Korea (Rep. of),KOR,Family,No Children,,99.9490198289158,,Ministry of Science and ICT,2026-07-06
8810,HHA4213-%_HH-CHILDREN-,HH06 - Households with Internet access at home - %_HH - CHILDREN,% of households,ITU Households Database,2022,Korea (Rep. of),KOR,Family,Children,,100,,Ministry of Science and ICT,2025-07-04
8812,HHA4213-%_HH-CHILDREN-URBAN,HH06 - Households with Internet access at home - %_HH - CHILDREN - URBAN,% of households,ITU Households Database,2022,Korea (Rep. of),KOR,Location,Children,Urban,100,,Ministry of Science and ICT,2025-07-04
8819,HHA4213-%_HH-RURAL-,HH06 - Households with Internet access at home - %_HH - RURAL,% of households,ITU Households Database,2022,Korea (Rep. of),KOR,Location,Rural,,99.9082690356683,,Ministry of Science and ICT,2026-07-06
12047,xHH6_IDI,Estimated proportion of households with Internet access at home,% of households,ITU World Telecommunication Indicators Database,2022,Kuwait,KWT,,,,99.69726971,,ITU estimate.,2026-02-02
12047,xHH6_IDI,Estimated proportion of households with Internet access at home,% of households,ITU World Telecommunication Indicators Database,2022,Lao P.D.R.,LAO,,,,67.7983589,,ITU estimate.,2026-02-02
12047,xHH6_IDI,Estimated proportion of households with Internet access at home,% of households,ITU World Telecommunication Indicators Database,2022,Lebanon,LBN,,,,74.96181694,,ITU estimate.,2026-02-02
12047,xHH6_IDI,Estimated proportion of households with Internet access at home,% of households,ITU World Telecommunication Indicators Database,2022,Liberia,LBR,,,,34.38940106,,ITU estimate.,2026-02-02
12047,xHH6_IDI,Estimated proportion of households with Internet access at home,% of households,ITU World Telecommunication Indicators Database,2022,Saint Lucia,LCA,,,,74.45329163,,ITU estimate.,2026-02-02
12047,xHH6_IDI,Estimated proportion of households with Internet access at home,% of households,ITU World Telecommunication Indicators Database,2022,Liechtenstein,LIE,,,,97.87456897,,ITU estimate.,2026-02-02
12047,xHH6_IDI,Estimated proportion of households with Internet access at home,% of households,ITU World Telecommunication Indicators Database,2022,Lesotho,LSO,,,,46.87519737,,ITU estimate.,2026-02-02
12047,xHH6_IDI,Estimated proportion of households with Internet access at home,% of households,ITU World Telecommunication Indicators Database,2022,Lithuania,LTU,,,,87.71126334,,State Data Agency (Statistics Lithuania),2026-02-02
8818,HHA4213-%_HH-NOCHILDREN-URBAN,HH06 - Households with Internet access at home - %_HH - NOCHILDREN - URBAN,% of households,ITU Households Database,2022,Lithuania,LTU,Location,No Children,Urban,87.37664746987916,,State Data Agency (Statistics Lithuania),2026-07-07
8812,HHA4213-%_HH-CHILDREN-URBAN,HH06 - Households with Internet access at home - %_HH - CHILDREN - URBAN,% of households,ITU Households Database,2022,Lithuania,LTU,Location,Children,Urban,99.96345510093701,,State Data Agency (Statistics Lithuania),2026-07-07
8810,HHA4213-%_HH-CHILDREN-,HH06 - Households with Internet access at home - %_HH - CHILDREN,% of households,ITU Households Database,2022,Lithuania,LTU,Family,Children,,99.73550010199224,,State Data Agency (Statistics Lithuania),2026-07-07
8817,HHA4213-%_HH-NOCHILDREN-RURAL,HH06 - Households with Internet access at home - %_HH - NOCHILDREN - RURAL,% of households,ITU Households Database,2022,Lithuania,LTU,Location,No Children,Rural,76.40759459090289,,State Data Agency (Statistics Lithuania),2026-07-07
8816,HHA4213-%_HH-NOCHILDREN-,HH06 - Households with Internet access at home - %_HH - NOCHILDREN,% of households,ITU Households Database,2022,Lithuania,LTU,Family,No Children,,84.06465655458555,,State Data Agency (Statistics Lithuania),2026-07-07
8820,HHA4213-%_HH-URBAN-,HH06 - Households with Internet access at home - %_HH - URBAN,% of households,ITU Households Database,2022,Lithuania,LTU,Location,Urban,,90.30466455615138,,State Data Agency (Statistics Lithuania),2026-07-05
8811,HHA4213-%_HH-CHILDREN-RURAL,HH06 - Households with Internet access at home - %_HH - CHILDREN - RURAL,% of households,ITU Households Database,2022,Lithuania,LTU,Location,Children,Rural,99.20933946666966,,State Data Agency (Statistics Lithuania),2026-07-07
8819,HHA4213-%_HH-RURAL-,HH06 - Households with Internet access at home - %_HH - RURAL,% of households,ITU Households Database,2022,Lithuania,LTU,Location,Rural,,81.71802186230363,,State Data Agency (Statistics Lithuania),2026-07-06
12047,xHH6_IDI,Estimated proportion of households with Internet access at home,% of households,ITU World Telecommunication Indicators Database,2022,Luxembourg,LUX,,,,97.63888068,,Service Central de la Statistique et des Etudes Economiques (STATEC),2026-02-02
12047,xHH6_IDI,Estimated proportion of households with Internet access at home,% of households,ITU World Telecommunication Indicators Database,2022,Latvia,LVA,,,,91.39036468,,Central Statistical Bureau of Latvia,2026-02-02
8820,HHA4213-%_HH-URBAN-,HH06 - Households with Internet access at home - %_HH - URBAN,% of households,ITU Households Database,2022,Latvia,LVA,Location,Urban,,92.77618092972352,,The Central Statistical Bureau of Latvia,2026-07-05
8819,HHA4213-%_HH-RURAL-,HH06 - Households with Internet access at home - %_HH - RURAL,% of households,ITU Households Database,2022,Latvia,LVA,Location,Rural,,88.04384162120513,,The Central Statistical Bureau of Latvia,2026-07-06
8816,HHA4213-%_HH-NOCHILDREN-,HH06 - Households with Internet access at home - %_HH - NOCHILDREN,% of households,ITU Households Database,2022,Latvia,LVA,Family,No Children,,90.06879234483351,,The Central Statistical Bureau of Latvia,2026-07-07
8810,HHA4213-%_HH-CHILDREN-,HH06 - Households with Internet access at home - %_HH - CHILDREN,% of households,ITU Households Database,2022,Latvia,LVA,Family,Children,,99.20001715754121,,The Central Statistical Bureau of Latvia,2026-07-07
12047,xHH6_IDI,Estimated proportion of households with Internet access at home,% of households,ITU World Telecommunication Indicators Database,2022,"Macao, China",MAC,,,,89.48547879,,ITU estimate.,2026-02-02
12047,xHH6_IDI,Estimated proportion of households with Internet access at home,% of households,ITU World Telecommunication Indicators Database,2022,Mauritius,MUS,,,,75.05,NSO estimate.,Statistics Mauritius,2025-12-05
12047,xHH6_IDI,Estimated proportion of households with Internet access at home,% of households,ITU World Telecommunication Indicators Database,2022,Monaco,MCO,,,,98.73574487,,ITU estimate.,2026-02-02
12047,xHH6_IDI,Estimated proportion of households with Internet access at home,% of households,ITU World Telecommunication Indicators Database,2022,Madagascar,MDG,,,,21.50547853,,ITU estimate.,2026-02-02
12047,xHH6_IDI,Estimated proportion of households with Internet access at home,% of households,ITU World Telecommunication Indicators Database,2022,Mexico,MEX,,,,68.50134336,,Instituto Nacional de Estadística y Geografía (INEGI),2026-02-02
8811,HHA4213-%_HH-CHILDREN-RURAL,HH06 - Households with Internet access at home - %_HH - CHILDREN - RURAL,% of households,ITU Households Database,2022,Mexico,MEX,Location,Children,Rural,48.40922098661939,,Instituto Nacional de Estadística y Geografía (INEGI),2026-07-07
8818,HHA4213-%_HH-NOCHILDREN-URBAN,HH06 - Households with Internet access at home - %_HH - NOCHILDREN - URBAN,% of households,ITU Households Database,2022,Mexico,MEX,Location,No Children,Urban,73.09643396544857,,Instituto Nacional de Estadística y Geografía (INEGI),2026-07-07
8817,HHA4213-%_HH-NOCHILDREN-RURAL,HH06 - Households with Internet access at home - %_HH - NOCHILDREN - RURAL,% of households,ITU Households Database,2022,Mexico,MEX,Location,No Children,Rural,35.24441770139271,,Instituto Nacional de Estadística y Geografía (INEGI),2026-07-07
8810,HHA4213-%_HH-CHILDREN-,HH06 - Households with Internet access at home - %_HH - CHILDREN,% of households,ITU Households Database,2022,Mexico,MEX,Family,Children,,71.4320786429105,,Instituto Nacional de Estadística y Geografía (INEGI),2025-07-04
8819,HHA4213-%_HH-RURAL-,HH06 - Households with Internet access at home - %_HH - RURAL,% of households,ITU Households Database,2022,Mexico,MEX,Location,Rural,,42.58157753843284,,Instituto Nacional de Estadística y Geografía (INEGI),2026-07-06
8820,HHA4213-%_HH-URBAN-,HH06 - Households with Internet access at home - %_HH - URBAN,% of households,ITU Households Database,2022,Mexico,MEX,Location,Urban,,76.20000894308595,,Instituto Nacional de Estadística y Geografía (INEGI),2026-07-05
8816,HHA4213-%_HH-NOCHILDREN-,HH06 - Households with Internet access at home - %_HH - NOCHILDREN,% of households,ITU Households Database,2022,Mexico,MEX,Family,No Children,,66.05050815846126,,Instituto Nacional de Estadística y Geografía (INEGI),2026-07-07
8812,HHA4213-%_HH-CHILDREN-URBAN,HH06 - Households with Internet access at home - %_HH - CHILDREN - URBAN,% of households,ITU Households Database,2022,Mexico,MEX,Location,Children,Urban,80.39654516450932,,Instituto Nacional de Estadística y Geografía (INEGI),2026-07-07
8820,HHA4213-%_HH-URBAN-,HH06 - Households with Internet access at home - %_HH - URBAN,% of households,ITU Households Database,2022,Malaysia,MYS,Location,Urban,,98.12623962880242,,Department of Statistics,2026-07-05
8819,HHA4213-%_HH-RURAL-,HH06 - Households with Internet access at home - %_HH - RURAL,% of households,ITU Households Database,2022,Malaysia,MYS,Location,Rural,,89.13576626563669,,Department of Statistics,2026-07-06
12047,xHH6_IDI,Estimated proportion of households with Internet access at home,% of households,ITU World Telecommunication Indicators Database,2022,Malaysia,MYS,,,,96.04273694,,Department of Statistics,2026-02-02
12047,xHH6_IDI,Estimated proportion of households with Internet access at home,% of households,ITU World Telecommunication Indicators Database,2022,Maldives,MDV,,,,91.90565958,,"Maldives Bureau of Statistics, Ministry of Housing, Land and Urban Development",2026-02-02
8820,HHA4213-%_HH-URBAN-,HH06 - Households with Internet access at home - %_HH - URBAN,% of households,ITU Households Database,2022,Maldives,MDV,Location,Urban,,97.45601465786568,,"Maldives Bureau of Statistics, Ministry of Housing, Land and Urban Development",2026-07-05
8810,HHA4213-%_HH-CHILDREN-,HH06 - Households with Internet access at home - %_HH - CHILDREN,% of households,ITU Households Database,2022,Maldives,MDV,Family,Children,,99.02702488036378,,"Maldives Bureau of Statistics, Ministry of Housing, Land and Urban Development",2026-07-06
8812,HHA4213-%_HH-CHILDREN-URBAN,HH06 - Households with Internet access at home - %_HH - CHILDREN - URBAN,% of households,ITU Households Database,2022,Maldives,MDV,Location,Children,Urban,99.53863360984249,,"Maldives Bureau of Statistics, Ministry of Housing, Land and Urban Development",2026-07-05
8818,HHA4213-%_HH-NOCHILDREN-URBAN,HH06 - Households with Internet access at home - %_HH - NOCHILDREN - URBAN,% of households,ITU Households Database,2022,Maldives,MDV,Location,No Children,Urban,95.3393643726614,,"Maldives Bureau of Statistics, Ministry of Housing, Land and Urban Development",2025-07-04
8817,HHA4213-%_HH-NOCHILDREN-RURAL,HH06 - Households with Internet access at home - %_HH - NOCHILDREN - RURAL,% of households,ITU Households Database,2022,Maldives,MDV,Location,No Children,Rural,73.119825708061,,"Maldives Bureau of Statistics, Ministry of Housing, Land and Urban Development",2025-07-04
8819,HHA4213-%_HH-RURAL-,HH06 - Households with Internet access at home - %_HH - RURAL,% of households,ITU Households Database,2022,Maldives,MDV,Location,Rural,,87.348851561144,,"Maldives Bureau of Statistics, Ministry of Housing, Land and Urban Development",2025-07-04
8811,HHA4213-%_HH-CHILDREN-RURAL,HH06 - Households with Internet access at home - %_HH - CHILDREN - RURAL,% of households,ITU Households Database,2022,Maldives,MDV,Location,Children,Rural,98.64719925267273,,"Maldives Bureau of Statistics, Ministry of Housing, Land and Urban Development",2026-07-06
8816,HHA4213-%_HH-NOCHILDREN-,HH06 - Households with Internet access at home - %_HH - NOCHILDREN,% of households,ITU Households Database,2022,Maldives,MDV,Family,No Children,,83.76642534552799,,"Maldives Bureau of Statistics, Ministry of Housing, Land and Urban Development",2026-07-05
12047,xHH6_IDI,Estimated proportion of households with Internet access at home,% of households,ITU World Telecommunication Indicators Database,2022,Mali,MLI,,,,43.82643487,,ITU estimate.,2026-02-02
12047,xHH6_IDI,Estimated proportion of households with Internet access at home,% of households,ITU World Telecommunication Indicators Database,2022,Malta,MLT,,,,93.39113172,,National Statistics Office,2026-02-02
8820,HHA4213-%_HH-URBAN-,HH06 - Households with Internet access at home - %_HH - URBAN,% of households,ITU Households Database,2022,Malta,MLT,Location,Urban,,93.3165228739878,,National Statistics Office,2026-07-05
8818,HHA4213-%_HH-NOCHILDREN-URBAN,HH06 - Households with Internet access at home - %_HH - NOCHILDREN - URBAN,% of households,ITU Households Database,2022,Malta,MLT,Location,No Children,Urban,91.35732107639276,,National Statistics Office,2026-07-05
8817,HHA4213-%_HH-NOCHILDREN-RURAL,HH06 - Households with Internet access at home - %_HH - NOCHILDREN - RURAL,% of households,ITU Households Database,2022,Malta,MLT,Location,No Children,Rural,93.86403568988261,,National Statistics Office,2026-07-05
8819,HHA4213-%_HH-RURAL-,HH06 - Households with Internet access at home - %_HH - RURAL,% of households,ITU Households Database,2022,Malta,MLT,Location,Rural,,95.7775005420437,,National Statistics Office,2026-07-06
8810,HHA4213-%_HH-CHILDREN-,HH06 - Households with Internet access at home - %_HH - CHILDREN,% of households,ITU Households Database,2022,Malta,MLT,Family,Children,,100,,National Statistics Office,2025-07-04
8812,HHA4213-%_HH-CHILDREN-URBAN,HH06 - Households with Internet access at home - %_HH - CHILDREN - URBAN,% of households,ITU Households Database,2022,Malta,MLT,Location,Children,Urban,100,,National Statistics Office,2025-07-04
8811,HHA4213-%_HH-CHILDREN-RURAL,HH06 - Households with Internet access at home - %_HH - CHILDREN - RURAL,% of households,ITU Households Database,2022,Malta,MLT,Location,Children,Rural,100,,National Statistics Office,2025-07-04
8816,HHA4213-%_HH-NOCHILDREN-,HH06 - Households with Internet access at home - %_HH - NOCHILDREN,% of households,ITU Households Database,2022,Malta,MLT,Family,No Children,,91.42517044967883,,National Statistics Office,2026-07-05
12047,xHH6_IDI,Estimated proportion of households with Internet access at home,% of households,ITU World Telecommunication Indicators Database,2022,Mongolia,MNG,,,,79.51108267,,ITU estimate.,2026-02-02
12047,xHH6_IDI,Estimated proportion of households with Internet access at home,% of households,ITU World Telecommunication Indicators Database,2022,Mozambique,MOZ,,,,10.26754535,,ITU estimate.,2026-02-02
12047,xHH6_IDI,Estimated proportion of households with Internet access at home,% of households,ITU World Telecommunication Indicators Database,2022,Morocco,MAR,,,,87.4,,Agence Nationale de Réglementation des Télécommunications,2024-12-18
12047,xHH6_IDI,Estimated proportion of households with Internet access at home,% of households,ITU World Telecommunication Indicators Database,2022,Marshall Islands,MHL,,,,64.26720676,,ITU estimate.,2026-02-02
12047,xHH6_IDI,Estimated proportion of households with Internet access at home,% of households,ITU World Telecommunication Indicators Database,2022,Mauritania,MRT,,,,51.66858791,,ITU estimate.,2026-02-02
12047,xHH6_IDI,Estimated proportion of households with Internet access at home,% of households,ITU World Telecommunication Indicators Database,2022,Malawi,MWI,,,,15.95005476,,ITU estimate.,2026-02-02
12047,xHH6_IDI,Estimated proportion of households with Internet access at home,% of households,ITU World Telecommunication Indicators Database,2022,Nicaragua,NIC,,,,51.41962657,,ITU estimate.,2026-02-02
12047,xHH6_IDI,Estimated proportion of households with Internet access at home,% of households,ITU World Telecommunication Indicators Database,2022,Niger,NER,,,,51.12778567,,Institut National de la Statistique,2026-02-02
12047,xHH6_IDI,Estimated proportion of households with Internet access at home,% of households,ITU World Telecommunication Indicators Database,2022,Nigeria,NGA,,,,38.29732061,,ITU estimate.,2026-02-02
12047,xHH6_IDI,Estimated proportion of households with Internet access at home,% of households,ITU World Telecommunication Indicators Database,2022,Namibia,NAM,,,,65.50867042,,ITU estimate.,2026-02-02
12047,xHH6_IDI,Estimated proportion of households with Internet access at home,% of households,ITU World Telecommunication Indicators Database,2022,Norway,NOR,,,,98.99998521,,Statistics Norway,2026-02-02
12047,xHH6_IDI,Estimated proportion of households with Internet access at home,% of households,ITU World Telecommunication Indicators Database,2022,Nepal (Republic of),NPL,,,,38.3307719,,ITU estimate.,2026-02-02
12047,xHH6_IDI,Estimated proportion of households with Internet access at home,% of households,ITU World Telecommunication Indicators Database,2022,Nauru,NRU,,,,76.47170663,,ITU estimate.,2026-02-02
12047,xHH6_IDI,Estimated proportion of households with Internet access at home,% of households,ITU World Telecommunication Indicators Database,2022,New Zealand,NZL,,,,96.92109707,,ITU estimate.,2026-02-02
12047,xHH6_IDI,Estimated proportion of households with Internet access at home,% of households,ITU World Telecommunication Indicators Database,2022,Oman,OMN,,,,96.77041319,,ITU estimate.,2026-02-02
12047,xHH6_IDI,Estimated proportion of households with Internet access at home,% of households,ITU World Telecommunication Indicators Database,2022,Philippines,PHL,,,,76.97146172,,Department of  Information and Communications Technology,2026-02-02
8817,HHA4213-%_HH-NOCHILDREN-RURAL,HH06 - Households with Internet access at home - %_HH - NOCHILDREN - RURAL,% of households,ITU Households Database,2022,Philippines,PHL,Location,No Children,Rural,61.43498148166962,,Department of  Information and Communications Technology,2026-07-07
8812,HHA4213-%_HH-CHILDREN-URBAN,HH06 - Households with Internet access at home - %_HH - CHILDREN - URBAN,% of households,ITU Households Database,2022,Philippines,PHL,Location,Children,Urban,85.57042050720196,,Department of  Information and Communications Technology,2026-07-07
8811,HHA4213-%_HH-CHILDREN-RURAL,HH06 - Households with Internet access at home - %_HH - CHILDREN - RURAL,% of households,ITU Households Database,2022,Philippines,PHL,Location,Children,Rural,75.20043370061983,,Department of  Information and Communications Technology,2026-07-07
8820,HHA4213-%_HH-URBAN-,HH06 - Households with Internet access at home - %_HH - URBAN,% of households,ITU Households Database,2022,Philippines,PHL,Location,Urban,,83.22999875277237,,Department of  Information and Communications Technology,2026-07-05
8816,HHA4213-%_HH-NOCHILDREN-,HH06 - Households with Internet access at home - %_HH - NOCHILDREN,% of households,ITU Households Database,2022,Philippines,PHL,Family,No Children,,72.50301285094018,,Department of  Information and Communications Technology,2026-07-07
8818,HHA4213-%_HH-NOCHILDREN-URBAN,HH06 - Households with Internet access at home - %_HH - NOCHILDREN - URBAN,% of households,ITU Households Database,2022,Philippines,PHL,Location,No Children,Urban,80.63803278744246,,Department of  Information and Communications Technology,2026-07-07
8810,HHA4213-%_HH-CHILDREN-,HH06 - Households with Internet access at home - %_HH - CHILDREN,% of households,ITU Households Database,2022,Philippines,PHL,Family,Children,,80.65078050833466,,Department of  Information and Communications Technology,2026-07-07
8819,HHA4213-%_HH-RURAL-,HH06 - Households with Internet access at home - %_HH - RURAL,% of households,ITU Households Database,2022,Philippines,PHL,Location,Rural,,69.36774813238587,,Department of  Information and Communications Technology,2026-07-06
12047,xHH6_IDI,Estimated proportion of households with Internet access at home,% of households,ITU World Telecommunication Indicators Database,2022,Palau,PLW,,,,82.56748031,,ITU estimate.,2026-02-02
12047,xHH6_IDI,Estimated proportion of households with Internet access at home,% of households,ITU World Telecommunication Indicators Database,2022,Papua New Guinea,PNG,,,,27.6532693,,ITU estimate.,2026-02-02
12047,xHH6_IDI,Estimated proportion of households with Internet access at home,% of households,ITU World Telecommunication Indicators Database,2022,Panama,PAN,,,,74.78099911,,ITU estimate.,2026-02-02
12047,xHH6_IDI,Estimated proportion of households with Internet access at home,% of households,ITU World Telecommunication Indicators Database,2022,Poland,POL,,,,93.33005416,Households with at least one person aged 16-74,Statistics Poland,2026-02-02
8820,HHA4213-%_HH-URBAN-,HH06 - Households with Internet access at home - %_HH - URBAN,% of households,ITU Households Database,2022,Poland,POL,Location,Urban,,93.37932392837091,,Statistics Poland,2026-07-05
8816,HHA4213-%_HH-NOCHILDREN-,HH06 - Households with Internet access at home - %_HH - NOCHILDREN,% of households,ITU Households Database,2022,Poland,POL,Family,No Children,,90.45676495342003,Households without children under 16,Statistics Poland,2026-07-05
8819,HHA4213-%_HH-RURAL-,HH06 - Households with Internet access at home - %_HH - RURAL,% of households,ITU Households Database,2022,Poland,POL,Location,Rural,,93.22927503315111,,Statistics Poland,2026-07-06
8810,HHA4213-%_HH-CHILDREN-,HH06 - Households with Internet access at home - %_HH - CHILDREN,% of households,ITU Households Database,2022,Poland,POL,Family,Children,,99.9206055018229,Households with children under 16,Statistics Poland,2025-07-04
8812,HHA4213-%_HH-CHILDREN-URBAN,HH06 - Households with Internet access at home - %_HH - CHILDREN - URBAN,% of households,ITU Households Database,2022,Portugal,PRT,Location,Children,Urban,99.25885206641117,,Instituto Nacional de Estatistica,2026-07-05
8811,HHA4213-%_HH-CHILDREN-RURAL,HH06 - Households with Internet access at home - %_HH - CHILDREN - RURAL,% of households,ITU Households Database,2022,Portugal,PRT,Location,Children,Rural,99.49418289821303,,Instituto Nacional de Estatistica,2026-07-06
8810,HHA4213-%_HH-CHILDREN-,HH06 - Households with Internet access at home - %_HH - CHILDREN,% of households,ITU Households Database,2022,Portugal,PRT,Family,Children,,99.37269423954308,,Instituto Nacional de Estatistica,2026-07-06
8817,HHA4213-%_HH-NOCHILDREN-RURAL,HH06 - Households with Internet access at home - %_HH - NOCHILDREN - RURAL,% of households,ITU Households Database,2022,Portugal,PRT,Location,No Children,Rural,81.49371822470276,,Instituto Nacional de Estatistica,2026-07-05
8816,HHA4213-%_HH-NOCHILDREN-,HH06 - Households with Internet access at home - %_HH - NOCHILDREN,% of households,ITU Households Database,2022,Portugal,PRT,Family,No Children,,86.16213133590324,,Instituto Nacional de Estatistica,2026-07-05
8818,HHA4213-%_HH-NOCHILDREN-URBAN,HH06 - Households with Internet access at home - %_HH - NOCHILDREN - URBAN,% of households,ITU Households Database,2022,Portugal,PRT,Location,No Children,Urban,91.7436171378902,,Instituto Nacional de Estatistica,2025-07-04
8820,HHA4213-%_HH-URBAN-,HH06 - Households with Internet access at home - %_HH - URBAN,% of households,ITU Households Database,2022,Portugal,PRT,Location,Urban,,93.00032978498405,,Instituto Nacional de Estatistica,2026-07-05
8819,HHA4213-%_HH-RURAL-,HH06 - Households with Internet access at home - %_HH - RURAL,% of households,ITU Households Database,2022,Portugal,PRT,Location,Rural,,83.94157977830218,,Instituto Nacional de Estatistica,2026-07-06
12047,xHH6_IDI,Estimated proportion of households with Internet access at home,% of households,ITU World Telecommunication Indicators Database,2022,Portugal,PRT,,,,88.15037474,Households with at least one individual aged 16 to 74 years old,Instituto Nacional de Estatistica,2026-02-02
12047,xHH6_IDI,Estimated proportion of households with Internet access at home,% of households,ITU World Telecommunication Indicators Database,2022,Paraguay,PRY,,,,50.44866355,Includes fixed and mobile networks,Instituto Nacional de Estadistica,2026-02-02
8811,HHA4213-%_HH-CHILDREN-RURAL,HH06 - Households with Internet access at home - %_HH - CHILDREN - RURAL,% of households,ITU Households Database,2022,Paraguay,PRY,Location,Children,Rural,16.607079749626543,,Instituto Nacional de Estadística (INE),2026-07-06
8816,HHA4213-%_HH-NOCHILDREN-,HH06 - Households with Internet access at home - %_HH - NOCHILDREN,% of households,ITU Households Database,2022,Paraguay,PRY,Family,No Children,,55.739174649187916,,Instituto Nacional de Estadística (INE),2026-07-05
8810,HHA4213-%_HH-CHILDREN-,HH06 - Households with Internet access at home - %_HH - CHILDREN,% of households,ITU Households Database,2022,Paraguay,PRY,Family,Children,,46.53716223515269,,Instituto Nacional de Estadística (INE),2026-07-06
8818,HHA4213-%_HH-NOCHILDREN-URBAN,HH06 - Households with Internet access at home - %_HH - NOCHILDREN - URBAN,% of households,ITU Households Database,2022,Paraguay,PRY,Location,No Children,Urban,72.01657703707647,,Instituto Nacional de Estadística (INE),2026-07-05
8820,HHA4213-%_HH-URBAN-,HH06 - Households with Internet access at home - %_HH - URBAN,% of households,ITU Households Database,2022,Paraguay,PRY,Location,Urban,,68.89873011637953,,Instituto Nacional de Estadística (INE),2026-07-05
8817,HHA4213-%_HH-NOCHILDREN-RURAL,HH06 - Households with Internet access at home - %_HH - NOCHILDREN - RURAL,% of households,ITU Households Database,2022,Paraguay,PRY,Location,No Children,Rural,24.34017494907304,,Instituto Nacional de Estadística (INE),2026-07-05
8819,HHA4213-%_HH-RURAL-,HH06 - Households with Internet access at home - %_HH - RURAL,% of households,ITU Households Database,2022,Paraguay,PRY,Location,Rural,,19.60545109887484,,Instituto Nacional de Estadística (INE),2026-07-06
8812,HHA4213-%_HH-CHILDREN-URBAN,HH06 - Households with Internet access at home - %_HH - CHILDREN - URBAN,% of households,ITU Households Database,2022,Paraguay,PRY,Location,Children,Urban,66.37438245260081,,Instituto Nacional de Estadística (INE),2026-07-05
8810,HHA4213-%_HH-CHILDREN-,HH06 - Households with Internet access at home - %_HH - CHILDREN,% of households,ITU Households Database,2022,Peru,PER,Family,Children,,58.94982673737649,,Instituto Nacional de Estadistica e Informatica,2026-07-07
8812,HHA4213-%_HH-CHILDREN-URBAN,HH06 - Households with Internet access at home - %_HH - CHILDREN - URBAN,% of households,ITU Households Database,2022,Peru,PER,Location,Children,Urban,67.78903524086809,,Instituto Nacional de Estadistica e Informatica,2026-07-07
8819,HHA4213-%_HH-RURAL-,HH06 - Households with Internet access at home - %_HH - RURAL,% of households,ITU Households Database,2022,Peru,PER,Location,Rural,,20.136608126497663,,Instituto Nacional de Estadistica e Informatica,2026-07-06
8818,HHA4213-%_HH-NOCHILDREN-URBAN,HH06 - Households with Internet access at home - %_HH - NOCHILDREN - URBAN,% of households,ITU Households Database,2022,Peru,PER,Location,No Children,Urban,61.576796515615506,,Instituto Nacional de Estadistica e Informatica,2026-07-07
8816,HHA4213-%_HH-NOCHILDREN-,HH06 - Households with Internet access at home - %_HH - NOCHILDREN,% of households,ITU Households Database,2022,Peru,PER,Family,No Children,,51.70647268902706,,Instituto Nacional de Estadistica e Informatica,2026-07-07
8817,HHA4213-%_HH-NOCHILDREN-RURAL,HH06 - Households with Internet access at home - %_HH - NOCHILDREN - RURAL,% of households,ITU Households Database,2022,Peru,PER,Location,No Children,Rural,16.484244196388243,,Instituto Nacional de Estadistica e Informatica,2026-07-07
8811,HHA4213-%_HH-CHILDREN-RURAL,HH06 - Households with Internet access at home - %_HH - CHILDREN - RURAL,% of households,ITU Households Database,2022,Peru,PER,Location,Children,Rural,24.335495366332932,,Instituto Nacional de Estadistica e Informatica,2026-07-07
8820,HHA4213-%_HH-URBAN-,HH06 - Households with Internet access at home - %_HH - URBAN,% of households,ITU Households Database,2022,Peru,PER,Location,Urban,,64.61068182768442,,Instituto Nacional de Estadistica e Informatica,2026-07-05
12047,xHH6_IDI,Estimated proportion of households with Internet access at home,% of households,ITU World Telecommunication Indicators Database,2022,Peru,PER,,,,55.20843464,,Instituto Nacional de Estadistica e Informatica,2026-02-02
12047,xHH6_IDI,Estimated proportion of households with Internet access at home,% of households,ITU World Telecommunication Indicators Database,2022,Puerto Rico,PRI,,,,83.07243171,"Source: U.S. Census Bureau, 2022 American Community Survey 1-Year Estimate - Table S2801: Types of computers and Internet Subscriptions#",Puerto Rico Institute of Statistics,2026-02-02
12047,xHH6_IDI,Estimated proportion of households with Internet access at home,% of households,ITU World Telecommunication Indicators Database,2022,Qatar,QAT,,,,95.98229783,,ITU estimate.,2026-02-02
12047,xHH6_IDI,Estimated proportion of households with Internet access at home,% of households,ITU World Telecommunication Indicators Database,2022,Romania,ROU,,,,89.40687764,,National Institute of Statistics,2026-02-02
8819,HHA4213-%_HH-RURAL-,HH06 - Households with Internet access at home - %_HH - RURAL,% of households,ITU Households Database,2022,Romania,ROU,Location,Rural,,83.11042655451557,,National Institute of Statistics,2026-07-06
8811,HHA4213-%_HH-CHILDREN-RURAL,HH06 - Households with Internet access at home - %_HH - CHILDREN - RURAL,% of households,ITU Households Database,2022,Romania,ROU,Location,Children,Rural,95.22566142140757,,National Institute of Statistics,2026-07-06
8818,HHA4213-%_HH-NOCHILDREN-URBAN,HH06 - Households with Internet access at home - %_HH - NOCHILDREN - URBAN,% of households,ITU Households Database,2022,Romania,ROU,Location,No Children,Urban,92.02613764876656,,National Institute of Statistics,2026-07-05
8816,HHA4213-%_HH-NOCHILDREN-,HH06 - Households with Internet access at home - %_HH - NOCHILDREN,% of households,ITU Households Database,2022,Romania,ROU,Family,No Children,,86.13019609097705,,National Institute of Statistics,2026-07-05
8812,HHA4213-%_HH-CHILDREN-URBAN,HH06 - Households with Internet access at home - %_HH - CHILDREN - URBAN,% of households,ITU Households Database,2022,Romania,ROU,Location,Children,Urban,98.76967737514562,,National Institute of Statistics,2026-07-05
8817,HHA4213-%_HH-NOCHILDREN-RURAL,HH06 - Households with Internet access at home - %_HH - NOCHILDREN - RURAL,% of households,ITU Households Database,2022,Romania,ROU,Location,No Children,Rural,77.75739779091356,,National Institute of Statistics,2026-07-04
8810,HHA4213-%_HH-CHILDREN-,HH06 - Households with Internet access at home - %_HH - CHILDREN,% of households,ITU Households Database,2022,Romania,ROU,Family,Children,,97.22570850151597,,National Institute of Statistics,2026-07-06
8820,HHA4213-%_HH-URBAN-,HH06 - Households with Internet access at home - %_HH - URBAN,% of households,ITU Households Database,2022,Romania,ROU,Location,Urban,,93.96331209617921,,National Institute of Statistics,2026-07-05
12047,xHH6_IDI,Estimated proportion of households with Internet access at home,% of households,ITU World Telecommunication Indicators Database,2022,Rwanda,RWA,,,,39.26002687,,ITU estimate.,2026-02-02
12047,xHH6_IDI,Estimated proportion of households with Internet access at home,% of households,ITU World Telecommunication Indicators Database,2022,Russian Federation,RUS,,,,86.57093635,,Federal State Statistics Service of the Russian Federation,2026-02-02
8819,HHA4213-%_HH-RURAL-,HH06 - Households with Internet access at home - %_HH - RURAL,% of households,ITU Households Database,2022,Russian Federation,RUS,Location,Rural,,81.16066705723745,,Federal State Statistics Service of the Russian Federation,2026-07-06
8820,HHA4213-%_HH-URBAN-,HH06 - Households with Internet access at home - %_HH - URBAN,% of households,ITU Households Database,2022,Russian Federation,RUS,Location,Urban,,88.33098434570213,,Federal State Statistics Service of the Russian Federation,2026-07-05
12047,xHH6_IDI,Estimated proportion of households with Internet access at home,% of households,ITU World Telecommunication Indicators Database,2022,Sweden,SWE,,,,92.7226941,,Statistics Sweden,2026-02-02
12047,xHH6_IDI,Estimated proportion of households with Internet access at home,% of households,ITU World Telecommunication Indicators Database,2022,Saint Kitts and Nevis,KNA,,,,77.19188576,,ITU estimate.,2026-02-02
12047,xHH6_IDI,Estimated proportion of households with Internet access at home,% of households,ITU World Telecommunication Indicators Database,2022,Senegal,SEN,,,,62.22899077,,ITU estimate.,2026-02-02
12047,xHH6_IDI,Estimated proportion of households with Internet access at home,% of households,ITU World Telecommunication Indicators Database,2022,Seychelles,SYC,,,,67.76034736,,National Bureau of Statistics (NBS),2026-01-15
12047,xHH6_IDI,Estimated proportion of households with Internet access at home,% of households,ITU World Telecommunication Indicators Database,2022,Solomon Islands,SLB,,,,39.87380856,,ITU estimate.,2026-02-02
12047,xHH6_IDI,Estimated proportion of households with Internet access at home,% of households,ITU World Telecommunication Indicators Database,2022,El Salvador,SLV,,,,30.37824338,,ITU estimate.,2026-02-02
12047,xHH6_IDI,Estimated proportion of households with Internet access at home,% of households,ITU World Telecommunication Indicators Database,2022,San Marino,SMR,,,,97.32793758,,ITU estimate.,2026-02-02
12047,xHH6_IDI,Estimated proportion of households with Internet access at home,% of households,ITU World Telecommunication Indicators Database,2022,Singapore,SGP,,,,98.67683015,,Infocomm Media Development Authority,2026-02-02
8810,HHA4213-%_HH-CHILDREN-,HH06 - Households with Internet access at home - %_HH - CHILDREN,% of households,ITU Households Database,2022,Singapore,SGP,Family,Children,,100,,Infocomm Media Development Authority,2025-07-04
8816,HHA4213-%_HH-NOCHILDREN-,HH06 - Households with Internet access at home - %_HH - NOCHILDREN,% of households,ITU Households Database,2022,Singapore,SGP,Family,No Children,,98.14088605449281,,Infocomm Media Development Authority,2026-07-05
12047,xHH6_IDI,Estimated proportion of households with Internet access at home,% of households,ITU World Telecommunication Indicators Database,2022,Sierra Leone,SLE,,,,35.77811157,,ITU estimate.,2026-02-02
12047,xHH6_IDI,Estimated proportion of households with Internet access at home,% of households,ITU World Telecommunication Indicators Database,2022,Sao Tome and Principe,STP,,,,50.52092774,,ITU estimate.,2026-02-02
12047,xHH6_IDI,Estimated proportion of households with Internet access at home,% of households,ITU World Telecommunication Indicators Database,2022,Switzerland,CHE,,,,97.01182157,,ITU estimate.,2026-02-02
12047,xHH6_IDI,Estimated proportion of households with Internet access at home,% of households,ITU World Telecommunication Indicators Database,2022,Suriname,SUR,,,,79.97849183,,ITU estimate.,2026-02-02
12047,xHH6_IDI,Estimated proportion of households with Internet access at home,% of households,ITU World Telecommunication Indicators Database,2022,Slovenia,SVN,,,,92.5949092,,Statistical Office of the Republic of Slovenia,2026-02-02
8816,HHA4213-%_HH-NOCHILDREN-,HH06 - Households with Internet access at home - %_HH - NOCHILDREN,% of households,ITU Households Database,2022,Slovenia,SVN,Family,No Children,,90.16582148523784,,Statistical Office of the Republic of Slovenia,2026-07-05
8810,HHA4213-%_HH-CHILDREN-,HH06 - Households with Internet access at home - %_HH - CHILDREN,% of households,ITU Households Database,2022,Slovenia,SVN,Family,Children,,99.73529785342309,,Statistical Office of the Republic of Slovenia,2026-07-06
12047,xHH6_IDI,Estimated proportion of households with Internet access at home,% of households,ITU World Telecommunication Indicators Database,2022,Eswatini,SWZ,,,,62.7,,MICS 2022,2024-12-18
12047,xHH6_IDI,Estimated proportion of households with Internet access at home,% of households,ITU World Telecommunication Indicators Database,2022,Chad,TCD,,,,24.73192368,,ITU estimate.,2026-02-02
12047,xHH6_IDI,Estimated proportion of households with Internet access at home,% of households,ITU World Telecommunication Indicators Database,2022,Czech Republic,CZE,,,,85.36504546,,Czech Statistical Office,2026-02-02
8816,HHA4213-%_HH-NOCHILDREN-,HH06 - Households with Internet access at home - %_HH - NOCHILDREN,% of households,ITU Households Database,2022,Czech Republic,CZE,Family,No Children,,80.37476377458466,,Czech Statistical Office,2026-07-06
8810,HHA4213-%_HH-CHILDREN-,HH06 - Households with Internet access at home - %_HH - CHILDREN,% of households,ITU Households Database,2022,Czech Republic,CZE,Family,Children,,99.66152313053426,,Czech Statistical Office,2026-07-06
8811,HHA4213-%_HH-CHILDREN-RURAL,HH06 - Households with Internet access at home - %_HH - CHILDREN - RURAL,% of households,ITU Households Database,2022,Czech Republic,CZE,Location,Children,Rural,99.754044252866,,Czech Statistical Office,2025-07-04
8812,HHA4213-%_HH-CHILDREN-URBAN,HH06 - Households with Internet access at home - %_HH - CHILDREN - URBAN,% of households,ITU Households Database,2022,Czech Republic,CZE,Location,Children,Urban,99.61025181267496,,Czech Statistical Office,2026-07-05
8817,HHA4213-%_HH-NOCHILDREN-RURAL,HH06 - Households with Internet access at home - %_HH - NOCHILDREN - RURAL,% of households,ITU Households Database,2022,Czech Republic,CZE,Location,No Children,Rural,78.39414974510247,,Czech Statistical Office,2026-07-05
8819,HHA4213-%_HH-RURAL-,HH06 - Households with Internet access at home - %_HH - RURAL,% of households,ITU Households Database,2022,Czech Republic,CZE,Location,Rural,,83.9103404619481,,Czech Statistical Office,2025-07-04
8818,HHA4213-%_HH-NOCHILDREN-URBAN,HH06 - Households with Internet access at home - %_HH - NOCHILDREN - URBAN,% of households,ITU Households Database,2022,Czech Republic,CZE,Location,No Children,Urban,81.47675932982509,,Czech Statistical Office,2026-07-05
8820,HHA4213-%_HH-URBAN-,HH06 - Households with Internet access at home - %_HH - URBAN,% of households,ITU Households Database,2022,Czech Republic,CZE,Location,Urban,,86.17356377221755,,Czech Statistical Office,2026-07-05
12047,xHH6_IDI,Estimated proportion of households with Internet access at home,% of households,ITU World Telecommunication Indicators Database,2022,Togo,TGO,,,,36.01906693,,ITU estimate.,2026-02-02
12047,xHH6_IDI,Estimated proportion of households with Internet access at home,% of households,ITU World Telecommunication Indicators Database,2022,Thailand,THA,,,,90.41214947,,National Statistical Office,2026-02-02
8820,HHA4213-%_HH-URBAN-,HH06 - Households with Internet access at home - %_HH - URBAN,% of households,ITU Households Database,2022,Thailand,THA,Location,Urban,,93.86438549127544,,National Statistical Office,2026-07-05
8816,HHA4213-%_HH-NOCHILDREN-,HH06 - Households with Internet access at home - %_HH - NOCHILDREN,% of households,ITU Households Database,2022,Thailand,THA,Family,No Children,,87.74198060345685,,National Statistical Office,2026-07-07
8810,HHA4213-%_HH-CHILDREN-,HH06 - Households with Internet access at home - %_HH - CHILDREN,% of households,ITU Households Database,2022,Thailand,THA,Family,Children,,98.22476938305287,,National Statistical Office,2026-07-07
8812,HHA4213-%_HH-CHILDREN-URBAN,HH06 - Households with Internet access at home - %_HH - CHILDREN - URBAN,% of households,ITU Households Database,2022,Thailand,THA,Location,Children,Urban,98.87089883039894,,National Statistical Office,2026-07-07
8819,HHA4213-%_HH-RURAL-,HH06 - Households with Internet access at home - %_HH - RURAL,% of households,ITU Households Database,2022,Thailand,THA,Location,Rural,,87.1853269255049,,National Statistical Office,2025-07-04
8811,HHA4213-%_HH-CHILDREN-RURAL,HH06 - Households with Internet access at home - %_HH - CHILDREN - RURAL,% of households,ITU Households Database,2022,Thailand,THA,Location,Children,Rural,97.83907569611038,,National Statistical Office,2026-07-07
8817,HHA4213-%_HH-NOCHILDREN-RURAL,HH06 - Households with Internet access at home - %_HH - NOCHILDREN - RURAL,% of households,ITU Households Database,2022,Thailand,THA,Location,No Children,Rural,82.43010579287741,,National Statistical Office,2026-07-07
8818,HHA4213-%_HH-NOCHILDREN-URBAN,HH06 - Households with Internet access at home - %_HH - NOCHILDREN - URBAN,% of households,ITU Households Database,2022,Thailand,THA,Location,No Children,Urban,92.63563689751831,,National Statistical Office,2026-07-07
12047,xHH6_IDI,Estimated proportion of households with Internet access at home,% of households,ITU World Telecommunication Indicators Database,2022,Tonga,TON,,,,36.18386256,,ITU estimate.,2026-02-02
12047,xHH6_IDI,Estimated proportion of households with Internet access at home,% of households,ITU World Telecommunication Indicators Database,2022,Trinidad and Tobago,TTO,,,,83.5,,MICS 2022,2024-12-18
12047,xHH6_IDI,Estimated proportion of households with Internet access at home,% of households,ITU World Telecommunication Indicators Database,2022,Tunisia,TUN,,,,58.97211493,,Institut National de la Statistique,2026-02-02
12047,xHH6_IDI,Estimated proportion of households with Internet access at home,% of households,ITU World Telecommunication Indicators Database,2022,Türkiye,TUR,,,,94.14581818,,Turkish Statistical Institute,2026-02-02
12047,xHH6_IDI,Estimated proportion of households with Internet access at home,% of households,ITU World Telecommunication Indicators Database,2022,Tanzania,TZA,,,,40.99806643,,ITU estimate.,2026-02-02
12047,xHH6_IDI,Estimated proportion of households with Internet access at home,% of households,ITU World Telecommunication Indicators Database,2022,United Arab Emirates,ARE,,,,100,,Telecommunications Regulatory Authority,2025-07-07
12047,xHH6_IDI,Estimated proportion of households with Internet access at home,% of households,ITU World Telecommunication Indicators Database,2022,Uganda,UGA,,,,30.43724577,,ITU estimate.,2026-02-02
12047,xHH6_IDI,Estimated proportion of households with Internet access at home,% of households,ITU World Telecommunication Indicators Database,2022,Ukraine,UKR,,,,83.98628833,,ITU estimate.,2026-02-02
12047,xHH6_IDI,Estimated proportion of households with Internet access at home,% of households,ITU World Telecommunication Indicators Database,2022,Uruguay,URY,,,,91.14418412,,Instituto Nacional de Estadistica,2026-02-02
8816,HHA4213-%_HH-NOCHILDREN-,HH06 - Households with Internet access at home - %_HH - NOCHILDREN,% of households,ITU Households Database,2022,Uruguay,URY,Family,No Children,,74.81381400371643,,Instituto Nacional de Estadistica,2026-07-07
8812,HHA4213-%_HH-CHILDREN-URBAN,HH06 - Households with Internet access at home - %_HH - CHILDREN - URBAN,% of households,ITU Households Database,2022,Uruguay,URY,Location,Children,Urban,78.53761989685256,,Instituto Nacional de Estadistica,2026-07-07
8818,HHA4213-%_HH-NOCHILDREN-URBAN,HH06 - Households with Internet access at home - %_HH - NOCHILDREN - URBAN,% of households,ITU Households Database,2022,Uruguay,URY,Location,No Children,Urban,75.71176245511829,,Instituto Nacional de Estadistica,2026-07-07
8810,HHA4213-%_HH-CHILDREN-,HH06 - Households with Internet access at home - %_HH - CHILDREN,% of households,ITU Households Database,2022,Uruguay,URY,Family,Children,,77.85781161371449,,Instituto Nacional de Estadistica,2026-07-07
8817,HHA4213-%_HH-NOCHILDREN-RURAL,HH06 - Households with Internet access at home - %_HH - NOCHILDREN - RURAL,% of households,ITU Households Database,2022,Uruguay,URY,Location,No Children,Rural,59.691032567423896,,Instituto Nacional de Estadistica,2026-07-07
8811,HHA4213-%_HH-CHILDREN-RURAL,HH06 - Households with Internet access at home - %_HH - CHILDREN - RURAL,% of households,ITU Households Database,2022,Uruguay,URY,Location,Children,Rural,66.12453724886652,,Instituto Nacional de Estadistica,2026-07-07
8820,HHA4213-%_HH-URBAN-,HH06 - Households with Internet access at home - %_HH - URBAN,% of households,ITU Households Database,2022,Uruguay,URY,Location,Urban,,76.69615924818683,,Instituto Nacional de Estadistica,2026-07-05
8819,HHA4213-%_HH-RURAL-,HH06 - Households with Internet access at home - %_HH - RURAL,% of households,ITU Households Database,2022,Uruguay,URY,Location,Rural,,61.89647796948524,,Instituto Nacional de Estadistica,2026-07-06
12047,xHH6_IDI,Estimated proportion of households with Internet access at home,% of households,ITU World Telecommunication Indicators Database,2022,United States,USA,,,,92.66271405,,ITU estimate.,2026-02-02
12047,xHH6_IDI,Estimated proportion of households with Internet access at home,% of households,ITU World Telecommunication Indicators Database,2022,Uzbekistan,UZB,,,,95.53000216,,State Committee of the Republic of Uzbekistan on Statistics,2026-02-02
8811,HHA4213-%_HH-CHILDREN-RURAL,HH06 - Households with Internet access at home - %_HH - CHILDREN - RURAL,% of households,ITU Households Database,2022,Uzbekistan,UZB,Location,Children,Rural,99.71993791841368,,Statistics Agency under the President of the Republic of Uzbekistan,2026-07-06
8810,HHA4213-%_HH-CHILDREN-,HH06 - Households with Internet access at home - %_HH - CHILDREN,% of households,ITU Households Database,2022,Uzbekistan,UZB,Family,Children,,97.87759120127376,,Statistics Agency under the President of the Republic of Uzbekistan,2026-07-06
8816,HHA4213-%_HH-NOCHILDREN-,HH06 - Households with Internet access at home - %_HH - NOCHILDREN,% of households,ITU Households Database,2022,Uzbekistan,UZB,Family,No Children,,88.70568787889916,,Statistics Agency under the President of the Republic of Uzbekistan,2026-07-05
8819,HHA4213-%_HH-RURAL-,HH06 - Households with Internet access at home - %_HH - RURAL,% of households,ITU Households Database,2022,Uzbekistan,UZB,Location,Rural,,95.19479028807764,,Statistics Agency under the President of the Republic of Uzbekistan,2026-07-06
8817,HHA4213-%_HH-NOCHILDREN-RURAL,HH06 - Households with Internet access at home - %_HH - NOCHILDREN - RURAL,% of households,ITU Households Database,2022,Uzbekistan,UZB,Location,No Children,Rural,78.79424337617452,,Statistics Agency under the President of the Republic of Uzbekistan,2026-07-05
8820,HHA4213-%_HH-URBAN-,HH06 - Households with Internet access at home - %_HH - URBAN,% of households,ITU Households Database,2022,Uzbekistan,UZB,Location,Urban,,95.8201467710915,,Statistics Agency under the President of the Republic of Uzbekistan,2026-07-05
8818,HHA4213-%_HH-NOCHILDREN-URBAN,HH06 - Households with Internet access at home - %_HH - NOCHILDREN - URBAN,% of households,ITU Households Database,2022,Uzbekistan,UZB,Location,No Children,Urban,95.08773067933838,,Statistics Agency under the President of the Republic of Uzbekistan,2026-07-05
8812,HHA4213-%_HH-CHILDREN-URBAN,HH06 - Households with Internet access at home - %_HH - CHILDREN - URBAN,% of households,ITU Households Database,2022,Uzbekistan,UZB,Location,Children,Urban,96.1196133575691,,Statistics Agency under the President of the Republic of Uzbekistan,2025-07-04
12047,xHH6_IDI,Estimated proportion of households with Internet access at home,% of households,ITU World Telecommunication Indicators Database,2022,Saint Vincent and the Grenadines,VCT,,,,78.75125115,,ITU estimate.,2026-02-02
12047,xHH6_IDI,Estimated proportion of households with Internet access at home,% of households,ITU World Telecommunication Indicators Database,2022,Venezuela,VEN,,,,61.0711461,,ITU estimate.,2026-02-02
12047,xHH6_IDI,Estimated proportion of households with Internet access at home,% of households,ITU World Telecommunication Indicators Database,2022,Viet Nam,VNM,,,,85.49999885,,Ministry of Information and Communications,2026-02-02
12047,xHH6_IDI,Estimated proportion of households with Internet access at home,% of households,ITU World Telecommunication Indicators Database,2022,Vanuatu,VUT,,,,53.21655346,,ITU estimate.,2026-02-02
12047,xHH6_IDI,Estimated proportion of households with Internet access at home,% of households,ITU World Telecommunication Indicators Database,2022,Serbia,SRB,,,,83.23540151,,Statistical Office of the Republic of Serbia,2026-02-02
8817,HHA4213-%_HH-NOCHILDREN-RURAL,HH06 - Households with Internet access at home - %_HH - NOCHILDREN - RURAL,% of households,ITU Households Database,2022,Serbia,SRB,Location,No Children,Rural,98.4368855682265,,Statistical Office of the Republic of Serbia,2025-07-04
8820,HHA4213-%_HH-URBAN-,HH06 - Households with Internet access at home - %_HH - URBAN,% of households,ITU Households Database,2022,Serbia,SRB,Location,Urban,,87.63552172013243,,Statistical Office of the Republic of Serbia,2026-07-05
8819,HHA4213-%_HH-RURAL-,HH06 - Households with Internet access at home - %_HH - RURAL,% of households,ITU Households Database,2022,Serbia,SRB,Location,Rural,,75.83185921490549,,Statistical Office of the Republic of Serbia,2026-07-06
8816,HHA4213-%_HH-NOCHILDREN-,HH06 - Households with Internet access at home - %_HH - NOCHILDREN,% of households,ITU Households Database,2022,Serbia,SRB,Family,No Children,,98.46406687055801,,Statistical Office of the Republic of Serbia,2026-07-07
8818,HHA4213-%_HH-NOCHILDREN-URBAN,HH06 - Households with Internet access at home - %_HH - NOCHILDREN - URBAN,% of households,ITU Households Database,2022,Serbia,SRB,Location,No Children,Urban,98.48207919681215,,Statistical Office of the Republic of Serbia,2026-07-07
8811,HHA4213-%_HH-CHILDREN-RURAL,HH06 - Households with Internet access at home - %_HH - CHILDREN - RURAL,% of households,ITU Households Database,2022,Serbia,SRB,Location,Children,Rural,69.23662832758087,,Statistical Office of the Republic of Serbia,2026-07-07
8812,HHA4213-%_HH-CHILDREN-URBAN,HH06 - Households with Internet access at home - %_HH - CHILDREN - URBAN,% of households,ITU Households Database,2022,Serbia,SRB,Location,Children,Urban,84.88023690595382,,Statistical Office of the Republic of Serbia,2026-07-07
8810,HHA4213-%_HH-CHILDREN-,HH06 - Households with Internet access at home - %_HH - CHILDREN,% of households,ITU Households Database,2022,Serbia,SRB,Family,Children,,79.15664624395204,,Statistical Office of the Republic of Serbia,2026-07-07
12047,xHH6_IDI,Estimated proportion of households with Internet access at home,% of households,ITU World Telecommunication Indicators Database,2022,Dem. Rep. of the Congo,COD,,,,20.86949315,,ITU estimate.,2026-02-02
12047,xHH6_IDI,Estimated proportion of households with Internet access at home,% of households,ITU World Telecommunication Indicators Database,2022,Zambia,ZMB,,,,18.56642455,,ITU estimate.,2026-02-02
12047,xHH6_IDI,Estimated proportion of households with Internet access at home,% of households,ITU World Telecommunication Indicators Database,2022,Zimbabwe,ZWE,,,,60.4805887,,ITU estimate.,2026-02-02
12047,xHH6_IDI,Estimated proportion of households with Internet access at home,% of households,ITU World Telecommunication Indicators Database,2022,Moldova,MDA,,,,67.51828332,"Based on the estimation of the indicators was used the number of population with usual residence. Starting with 2019, the data are not comparable to the previous period, as the HBS methodology was modified.",National Bureau of Statistics of the Republic of Moldova,2026-02-02
8810,HHA4213-%_HH-CHILDREN-,HH06 - Households with Internet access at home - %_HH - CHILDREN,% of households,ITU Households Database,2022,Moldova,MDA,Family,Children,,91.61097432289834,,National Bureau of Statistics of the Republic of Moldova,2026-07-06
8818,HHA4213-%_HH-NOCHILDREN-URBAN,HH06 - Households with Internet access at home - %_HH - NOCHILDREN - URBAN,% of households,ITU Households Database,2022,Moldova,MDA,Location,No Children,Urban,71.46928987225604,,National Bureau of Statistics of the Republic of Moldova,2026-07-05
8819,HHA4213-%_HH-RURAL-,HH06 - Households with Internet access at home - %_HH - RURAL,% of households,ITU Households Database,2022,Moldova,MDA,Location,Rural,,60.36118813614014,,National Bureau of Statistics of the Republic of Moldova,2026-07-06
8811,HHA4213-%_HH-CHILDREN-RURAL,HH06 - Households with Internet access at home - %_HH - CHILDREN - RURAL,% of households,ITU Households Database,2022,Moldova,MDA,Location,Children,Rural,87.55690128907906,,National Bureau of Statistics of the Republic of Moldova,2026-07-06
8817,HHA4213-%_HH-NOCHILDREN-RURAL,HH06 - Households with Internet access at home - %_HH - NOCHILDREN - RURAL,% of households,ITU Households Database,2022,Moldova,MDA,Location,No Children,Rural,53.5602392237364,,National Bureau of Statistics of the Republic of Moldova,2025-07-04
8816,HHA4213-%_HH-NOCHILDREN-,HH06 - Households with Internet access at home - %_HH - NOCHILDREN,% of households,ITU Households Database,2022,Moldova,MDA,Family,No Children,,59.61148677323526,,National Bureau of Statistics of the Republic of Moldova,2026-07-05
8820,HHA4213-%_HH-URBAN-,HH06 - Households with Internet access at home - %_HH - URBAN,% of households,ITU Households Database,2022,Moldova,MDA,Location,Urban,,79.35425080159007,,National Bureau of Statistics of the Republic of Moldova,2026-07-05
8812,HHA4213-%_HH-CHILDREN-URBAN,HH06 - Households with Internet access at home - %_HH - CHILDREN - URBAN,% of households,ITU Households Database,2022,Moldova,MDA,Location,Children,Urban,95.7391425389755,,National Bureau of Statistics of the Republic of Moldova,2025-07-04
12047,xHH6_IDI,Estimated proportion of households with Internet access at home,% of households,ITU World Telecommunication Indicators Database,2022,Bosnia and Herzegovina,BIH,,,,75.94965484,,Agency for Statistics of Bosnia and Herzegovina,2026-02-02
12047,xHH6_IDI,Estimated proportion of households with Internet access at home,% of households,ITU World Telecommunication Indicators Database,2022,Georgia,GEO,,,,88.37575397,,National Statistics Office of Georgia,2026-02-02
8816,HHA4213-%_HH-NOCHILDREN-,HH06 - Households with Internet access at home - %_HH - NOCHILDREN,% of households,ITU Households Database,2022,Georgia,GEO,Family,No Children,,82.2036999258684,,National Statistics Office of Georgia,2026-07-07
8819,HHA4213-%_HH-RURAL-,HH06 - Households with Internet access at home - %_HH - RURAL,% of households,ITU Households Database,2022,Georgia,GEO,Location,Rural,,82.35374733747526,,National Statistics Office of Georgia,2026-07-06
8817,HHA4213-%_HH-NOCHILDREN-RURAL,HH06 - Households with Internet access at home - %_HH - NOCHILDREN - RURAL,% of households,ITU Households Database,2022,Georgia,GEO,Location,No Children,Rural,73.19902170539437,,National Statistics Office of Georgia,2026-07-07
8820,HHA4213-%_HH-URBAN-,HH06 - Households with Internet access at home - %_HH - URBAN,% of households,ITU Households Database,2022,Georgia,GEO,Location,Urban,,92.7736876075003,,National Statistics Office of Georgia,2026-07-05
8818,HHA4213-%_HH-NOCHILDREN-URBAN,HH06 - Households with Internet access at home - %_HH - NOCHILDREN - URBAN,% of households,ITU Households Database,2022,Georgia,GEO,Location,No Children,Urban,88.81892703721125,,National Statistics Office of Georgia,2026-07-07
8810,HHA4213-%_HH-CHILDREN-,HH06 - Households with Internet access at home - %_HH - CHILDREN,% of households,ITU Households Database,2022,Kazakhstan,KAZ,Family,Children,,99.34431054884115,,"Committee on Statistics, Ministry of National Economy of the Republic of Kazakhstan",2026-07-07
8819,HHA4213-%_HH-RURAL-,HH06 - Households with Internet access at home - %_HH - RURAL,% of households,ITU Households Database,2022,Kazakhstan,KAZ,Location,Rural,,95.88505511158986,,"Committee on Statistics, Ministry of National Economy of the Republic of Kazakhstan",2026-07-06
8818,HHA4213-%_HH-NOCHILDREN-URBAN,HH06 - Households with Internet access at home - %_HH - NOCHILDREN - URBAN,% of households,ITU Households Database,2022,Kazakhstan,KAZ,Location,No Children,Urban,93.65247262247838,,"Committee on Statistics, Ministry of National Economy of the Republic of Kazakhstan",2026-07-07
8812,HHA4213-%_HH-CHILDREN-URBAN,HH06 - Households with Internet access at home - %_HH - CHILDREN - URBAN,% of households,ITU Households Database,2022,Kazakhstan,KAZ,Location,Children,Urban,99.63613825584522,,"Committee on Statistics, Ministry of National Economy of the Republic of Kazakhstan",2026-07-07
8817,HHA4213-%_HH-NOCHILDREN-RURAL,HH06 - Households with Internet access at home - %_HH - NOCHILDREN - RURAL,% of households,ITU Households Database,2022,Kazakhstan,KAZ,Location,No Children,Rural,93.28868303281234,,"Committee on Statistics, Ministry of National Economy of the Republic of Kazakhstan",2026-07-07
8820,HHA4213-%_HH-URBAN-,HH06 - Households with Internet access at home - %_HH - URBAN,% of households,ITU Households Database,2022,Kazakhstan,KAZ,Location,Urban,,96.30037197807975,,"Committee on Statistics, Ministry of National Economy of the Republic of Kazakhstan",2026-07-05
8811,HHA4213-%_HH-CHILDREN-RURAL,HH06 - Households with Internet access at home - %_HH - CHILDREN - RURAL,% of households,ITU Households Database,2022,Kazakhstan,KAZ,Location,Children,Rural,98.73643632210167,,"Committee on Statistics, Ministry of National Economy of the Republic of Kazakhstan",2026-07-07
8816,HHA4213-%_HH-NOCHILDREN-,HH06 - Households with Internet access at home - %_HH - NOCHILDREN,% of households,ITU Households Database,2022,Kazakhstan,KAZ,Family,No Children,,93.54514178278738,,"Committee on Statistics, Ministry of National Economy of the Republic of Kazakhstan",2026-07-07
12047,xHH6_IDI,Estimated proportion of households with Internet access at home,% of households,ITU World Telecommunication Indicators Database,2022,Kazakhstan,KAZ,,,,96.17232128,,"Committee on Statistics, Ministry of National Economy of the Republic of Kazakhstan",2026-02-02
12047,xHH6_IDI,Estimated proportion of households with Internet access at home,% of households,ITU World Telecommunication Indicators Database,2022,Tajikistan,TJK,,,,39.01325415,,ITU estimate.,2026-02-02
12047,xHH6_IDI,Estimated proportion of households with Internet access at home,% of households,ITU World Telecommunication Indicators Database,2022,Turkmenistan,TKM,,,,72.12767449,,ITU estimate.,2026-02-02
12047,xHH6_IDI,Estimated proportion of households with Internet access at home,% of households,ITU World Telecommunication Indicators Database,2022,Kyrgyzstan,KGZ,,,,79.89877671,,ITU estimate.,2026-02-02
12047,xHH6_IDI,Estimated proportion of households with Internet access at home,% of households,ITU World Telecommunication Indicators Database,2022,Slovakia,SVK,,,,90.6535375,Do you or anyone in your household have access to the internet at home?,Statistical Office of the Slovak Republic,2026-02-02
12047,xHH6_IDI,Estimated proportion of households with Internet access at home,% of households,ITU World Telecommunication Indicators Database,2022,North Macedonia,MKD,,,,79.16969008,,ITU estimate.,2026-02-02
12047,xHH6_IDI,Estimated proportion of households with Internet access at home,% of households,ITU World Telecommunication Indicators Database,2022,"Taiwan, Province of China",TWN,,,,89.70000385,,National Communications Commission,2026-02-02
12047,xHH6_IDI,Estimated proportion of households with Internet access at home,% of households,ITU World Telecommunication Indicators Database,2022,Palestine,PSE,,,,92.30192285,,Palestinian Central Bureau of Statistics,2026-02-02
12047,xHH6_IDI,Estimated proportion of households with Internet access at home,% of households,ITU World Telecommunication Indicators Database,2022,Montenegro,MNE,,,,80.95639262,,Statistical Office of Montenegro - MONSTAT,2026-02-02
8820,HHA4213-%_HH-URBAN-,HH06 - Households with Internet access at home - %_HH - URBAN,% of households,ITU Households Database,2022,Montenegro,MNE,Location,Urban,,85.58004797899787,,Statistical Office of Montenegro - MONSTAT,2026-07-05
8819,HHA4213-%_HH-RURAL-,HH06 - Households with Internet access at home - %_HH - RURAL,% of households,ITU Households Database,2022,Montenegro,MNE,Location,Rural,,71.58995048597102,,Statistical Office of Montenegro - MONSTAT,2026-07-06
12047,xHH6_IDI,Estimated proportion of households with Internet access at home,% of households,ITU World Telecommunication Indicators Database,2021,Afghanistan,AFG,,,,24.28890269,,ITU estimate.,2026-02-02
12047,xHH6_IDI,Estimated proportion of households with Internet access at home,% of households,ITU World Telecommunication Indicators Database,2021,South Africa,ZAF,,,,77.47082716,,Statistics South Africa,2026-02-02
8817,HHA4213-%_HH-NOCHILDREN-RURAL,HH06 - Households with Internet access at home - %_HH - NOCHILDREN - RURAL,% of households,ITU Households Database,2021,South Africa,ZAF,Location,No Children,Rural,56.88924408212909,,Statistics South Africa,2026-07-07
8810,HHA4213-%_HH-CHILDREN-,HH06 - Households with Internet access at home - %_HH - CHILDREN,% of households,ITU Households Database,2021,South Africa,ZAF,Family,Children,,80.00950518213136,,Statistics South Africa,2026-07-07
8818,HHA4213-%_HH-NOCHILDREN-URBAN,HH06 - Households with Internet access at home - %_HH - NOCHILDREN - URBAN,% of households,ITU Households Database,2021,South Africa,ZAF,Location,No Children,Urban,81.597779892599,,Statistics South Africa,2025-07-04
8811,HHA4213-%_HH-CHILDREN-RURAL,HH06 - Households with Internet access at home - %_HH - CHILDREN - RURAL,% of households,ITU Households Database,2021,South Africa,ZAF,Location,Children,Rural,66.67157359018935,,Statistics South Africa,2026-07-07
8819,HHA4213-%_HH-RURAL-,HH06 - Households with Internet access at home - %_HH - RURAL,% of households,ITU Households Database,2021,South Africa,ZAF,Location,Rural,,62.34891381355787,,Statistics South Africa,2026-07-06
8816,HHA4213-%_HH-NOCHILDREN-,HH06 - Households with Internet access at home - %_HH - NOCHILDREN,% of households,ITU Households Database,2021,South Africa,ZAF,Family,No Children,,75.04408011451282,,Statistics South Africa,2026-07-07
8812,HHA4213-%_HH-CHILDREN-URBAN,HH06 - Households with Internet access at home - %_HH - CHILDREN - URBAN,% of households,ITU Households Database,2021,South Africa,ZAF,Location,Children,Urban,87.20600788082814,,Statistics South Africa,2026-07-07
8820,HHA4213-%_HH-URBAN-,HH06 - Households with Internet access at home - %_HH - URBAN,% of households,ITU Households Database,2021,South Africa,ZAF,Location,Urban,,84.16637765522728,,Statistics South Africa,2026-07-05
12047,xHH6_IDI,Estimated proportion of households with Internet access at home,% of households,ITU World Telecommunication Indicators Database,2021,Angola,AGO,,,,42.58500359,,ITU estimate.,2026-02-02
12047,xHH6_IDI,Estimated proportion of households with Internet access at home,% of households,ITU World Telecommunication Indicators Database,2021,Albania,ALB,,,,88.26106491,,Institute of Statistics,2026-02-02
8810,HHA4213-%_HH-CHILDREN-,HH06 - Households with Internet access at home - %_HH - CHILDREN,% of households,ITU Households Database,2021,Albania,ALB,Family,Children,,94.74547672071697,,INSTAT (Institute of Statistics),2026-07-07
8816,HHA4213-%_HH-NOCHILDREN-,HH06 - Households with Internet access at home - %_HH - NOCHILDREN,% of households,ITU Households Database,2021,Albania,ALB,Family,No Children,,84.58208138737385,,INSTAT (Institute of Statistics),2026-07-07
12047,xHH6_IDI,Estimated proportion of households with Internet access at home,% of households,ITU World Telecommunication Indicators Database,2021,Algeria,DZA,,,,87.91771745,,ITU estimate.,2026-02-02
12047,xHH6_IDI,Estimated proportion of households with Internet access at home,% of households,ITU World Telecommunication Indicators Database,2021,Andorra,AND,,,,95.91836698,,ITU estimate.,2026-02-02
12047,xHH6_IDI,Estimated proportion of households with Internet access at home,% of households,ITU World Telecommunication Indicators Database,2021,Argentina,ARG,,,,90.41007838,,Instituto Nacional de Estadistica y Censos,2026-02-02
8816,HHA4213-%_HH-NOCHILDREN-,HH06 - Households with Internet access at home - %_HH - NOCHILDREN,% of households,ITU Households Database,2021,Argentina,ARG,Family,No Children,,87.53390578690711,,INDEC - Instituto Nacional de Estadística y Censo,2026-07-05
8810,HHA4213-%_HH-CHILDREN-,HH06 - Households with Internet access at home - %_HH - CHILDREN,% of households,ITU Households Database,2021,Argentina,ARG,Family,Children,,94.57546769680178,,INDEC - Instituto Nacional de Estadística y Censo,2026-07-06
8816,HHA4213-%_HH-NOCHILDREN-,HH06 - Households with Internet access at home - %_HH - NOCHILDREN,% of households,ITU Households Database,2021,Armenia,ARM,Family,No Children,,85.47585682177254,,Statistical Committee of RA,2026-07-07
8811,HHA4213-%_HH-CHILDREN-RURAL,HH06 - Households with Internet access at home - %_HH - CHILDREN - RURAL,% of households,ITU Households Database,2021,Armenia,ARM,Location,Children,Rural,98.05558324196816,,Statistical Committee of RA,2026-07-07
8817,HHA4213-%_HH-NOCHILDREN-RURAL,HH06 - Households with Internet access at home - %_HH - NOCHILDREN - RURAL,% of households,ITU Households Database,2021,Armenia,ARM,Location,No Children,Rural,83.62233739213265,,Statistical Committee of RA,2026-07-07
8819,HHA4213-%_HH-RURAL-,HH06 - Households with Internet access at home - %_HH - RURAL,% of households,ITU Households Database,2021,Armenia,ARM,Location,Rural,,89.82915843653002,,Statistical Committee of RA,2026-07-06
8810,HHA4213-%_HH-CHILDREN-,HH06 - Households with Internet access at home - %_HH - CHILDREN,% of households,ITU Households Database,2021,Armenia,ARM,Family,Children,,98.3315342457195,,Statistical Committee of RA,2025-07-04
8820,HHA4213-%_HH-URBAN-,HH06 - Households with Internet access at home - %_HH - URBAN,% of households,ITU Households Database,2021,Armenia,ARM,Location,Urban,,90.22412870681748,,Statistical Committee of RA,2026-07-05
8818,HHA4213-%_HH-NOCHILDREN-URBAN,HH06 - Households with Internet access at home - %_HH - NOCHILDREN - URBAN,% of households,ITU Households Database,2021,Armenia,ARM,Location,No Children,Urban,86.30749029234043,,Statistical Committee of RA,2026-07-07
8812,HHA4213-%_HH-CHILDREN-URBAN,HH06 - Households with Internet access at home - %_HH - CHILDREN - URBAN,% of households,ITU Households Database,2021,Armenia,ARM,Location,Children,Urban,98.5296309767281,,Statistical Committee of RA,2025-07-04
12047,xHH6_IDI,Estimated proportion of households with Internet access at home,% of households,ITU World Telecommunication Indicators Database,2021,Armenia,ARM,,,,90.08647786,,The Statistical Committee of the Republic of Armenia,2026-02-02
12047,xHH6_IDI,Estimated proportion of households with Internet access at home,% of households,ITU World Telecommunication Indicators Database,2021,Saudi Arabia,SAU,,,,99.84999271,,"The Communications, Space and Technology Commission (CST)",2026-02-02
12047,xHH6_IDI,Estimated proportion of households with Internet access at home,% of households,ITU World Telecommunication Indicators Database,2021,Antigua and Barbuda,ATG,,,,83.56726812,,ITU estimate.,2026-02-02
12047,xHH6_IDI,Estimated proportion of households with Internet access at home,% of households,ITU World Telecommunication Indicators Database,2021,Australia,AUS,,,,97.18094714,,ITU estimate.,2026-02-02
12047,xHH6_IDI,Estimated proportion of households with Internet access at home,% of households,ITU World Telecommunication Indicators Database,2021,Austria,AUT,,,,95.00058646,Austrian households with at least one household member between the age of 16 and 74.,Statistik Austria,2026-02-02
12047,xHH6_IDI,Estimated proportion of households with Internet access at home,% of households,ITU World Telecommunication Indicators Database,2021,Azerbaijan,AZE,,,,81.37475957,,State Statistical Committee of the Republic of Azerbaijan,2026-02-02
8819,HHA4213-%_HH-RURAL-,HH06 - Households with Internet access at home - %_HH - RURAL,% of households,ITU Households Database,2021,Azerbaijan,AZE,Location,Rural,,85.46785896780787,,State Statistical Committee,2026-07-06
8820,HHA4213-%_HH-URBAN-,HH06 - Households with Internet access at home - %_HH - URBAN,% of households,ITU Households Database,2021,Azerbaijan,AZE,Location,Urban,,87.35636764456504,,State Statistical Committee,2026-07-05
8811,HHA4213-%_HH-CHILDREN-RURAL,HH06 - Households with Internet access at home - %_HH - CHILDREN - RURAL,% of households,ITU Households Database,2021,Brazil,BRA,Location,Children,Rural,79.43216372500989,,NIC.br,2026-07-06
8818,HHA4213-%_HH-NOCHILDREN-URBAN,HH06 - Households with Internet access at home - %_HH - NOCHILDREN - URBAN,% of households,ITU Households Database,2021,Brazil,BRA,Location,No Children,Urban,78.14367847697412,,NIC.br,2026-07-05
8812,HHA4213-%_HH-CHILDREN-URBAN,HH06 - Households with Internet access at home - %_HH - CHILDREN - URBAN,% of households,ITU Households Database,2021,Brazil,BRA,Location,Children,Urban,90.62320783067118,,NIC.br,2026-07-05
8817,HHA4213-%_HH-NOCHILDREN-RURAL,HH06 - Households with Internet access at home - %_HH - NOCHILDREN - RURAL,% of households,ITU Households Database,2021,Brazil,BRA,Location,No Children,Rural,63.10631044971258,,NIC.br,2026-07-05
8820,HHA4213-%_HH-URBAN-,HH06 - Households with Internet access at home - %_HH - URBAN,% of households,ITU Households Database,2021,Brazil,BRA,Location,Urban,,83.17978719019521,,NIC.br,2026-07-05
8816,HHA4213-%_HH-NOCHILDREN-,HH06 - Households with Internet access at home - %_HH - NOCHILDREN,% of households,ITU Households Database,2021,Brazil,BRA,Family,No Children,,76.33005812227714,,NIC.br,2026-07-05
8810,HHA4213-%_HH-CHILDREN-,HH06 - Households with Internet access at home - %_HH - CHILDREN,% of households,ITU Households Database,2021,Brazil,BRA,Family,Children,,89.00216920731928,,NIC.br,2026-07-06
8819,HHA4213-%_HH-RURAL-,HH06 - Households with Internet access at home - %_HH - RURAL,% of households,ITU Households Database,2021,Brazil,BRA,Location,Rural,,70.53827448348588,,NIC.br,2026-07-06
12047,xHH6_IDI,Estimated proportion of households with Internet access at home,% of households,ITU World Telecommunication Indicators Database,2021,Brazil,BRA,,,,81.52937791,,,2026-02-02
12047,xHH6_IDI,Estimated proportion of households with Internet access at home,% of households,ITU World Telecommunication Indicators Database,2021,Bahamas,BHS,,,,86.97435648,,ITU estimate.,2026-02-02
12047,xHH6_IDI,Estimated proportion of households with Internet access at home,% of households,ITU World Telecommunication Indicators Database,2021,Belgium,BEL,,,,92.29986905,,Statbel (Directorate General Statistics - Statistics Belgium),2026-02-02
8810,HHA4213-%_HH-CHILDREN-,HH06 - Households with Internet access at home - %_HH - CHILDREN,% of households,ITU Households Database,2021,Belgium,BEL,Family,Children,,98.43028424922319,,Statistics Belgium (Statbel),2026-07-06
8817,HHA4213-%_HH-NOCHILDREN-RURAL,HH06 - Households with Internet access at home - %_HH - NOCHILDREN - RURAL,% of households,ITU Households Database,2021,Belgium,BEL,Location,No Children,Rural,89.97190960573609,,Statistics Belgium (Statbel),2026-07-05
8819,HHA4213-%_HH-RURAL-,HH06 - Households with Internet access at home - %_HH - RURAL,% of households,ITU Households Database,2021,Belgium,BEL,Location,Rural,,92.81545120771806,,Statistics Belgium (Statbel),2026-07-06
8812,HHA4213-%_HH-CHILDREN-URBAN,HH06 - Households with Internet access at home - %_HH - CHILDREN - URBAN,% of households,ITU Households Database,2021,Belgium,BEL,Location,Children,Urban,98.17620925282762,,Statistics Belgium (Statbel),2026-07-07
8811,HHA4213-%_HH-CHILDREN-RURAL,HH06 - Households with Internet access at home - %_HH - CHILDREN - RURAL,% of households,ITU Households Database,2021,Belgium,BEL,Location,Children,Rural,99.76655755558488,,Statistics Belgium (Statbel),2026-07-06
8820,HHA4213-%_HH-URBAN-,HH06 - Households with Internet access at home - %_HH - URBAN,% of households,ITU Households Database,2021,Belgium,BEL,Location,Urban,,92.21875562601835,,Statistics Belgium (Statbel),2026-07-05
8818,HHA4213-%_HH-NOCHILDREN-URBAN,HH06 - Households with Internet access at home - %_HH - NOCHILDREN - URBAN,% of households,ITU Households Database,2021,Belgium,BEL,Location,No Children,Urban,90.33490968684671,,Statistics Belgium (Statbel),2026-07-05
8816,HHA4213-%_HH-NOCHILDREN-,HH06 - Households with Internet access at home - %_HH - NOCHILDREN,% of households,ITU Households Database,2021,Belgium,BEL,Family,No Children,,90.28839413480632,,Statistics Belgium (Statbel),2026-07-05
12047,xHH6_IDI,Estimated proportion of households with Internet access at home,% of households,ITU World Telecommunication Indicators Database,2021,Benin,BEN,,,,30.30360671,,ITU estimate.,2026-02-02
12047,xHH6_IDI,Estimated proportion of households with Internet access at home,% of households,ITU World Telecommunication Indicators Database,2021,Burkina Faso,BFA,,,,11.12825371,,ITU estimate.,2026-02-02
12047,xHH6_IDI,Estimated proportion of households with Internet access at home,% of households,ITU World Telecommunication Indicators Database,2021,Bangladesh,BGD,,,,38.07636816,,Bangladesh Bureau of Statistics (BBS),2026-02-02
8819,HHA4213-%_HH-RURAL-,HH06 - Households with Internet access at home - %_HH - RURAL,% of households,ITU Households Database,2021,Bangladesh,BGD,Location,Rural,,29.687583389805166,,Bangladesh Bureau of Statistics (BBS),2026-07-06
8820,HHA4213-%_HH-URBAN-,HH06 - Households with Internet access at home - %_HH - URBAN,% of households,ITU Households Database,2021,Bangladesh,BGD,Location,Urban,,63.362437011119574,,Bangladesh Bureau of Statistics (BBS),2026-07-05
8816,HHA4213-%_HH-NOCHILDREN-,HH06 - Households with Internet access at home - %_HH - NOCHILDREN,% of households,ITU Households Database,2021,Bangladesh,BGD,Family,No Children,,36.74461502798585,,Bangladesh Bureau of Statistics (BBS),2026-07-07
8811,HHA4213-%_HH-CHILDREN-RURAL,HH06 - Households with Internet access at home - %_HH - CHILDREN - RURAL,% of households,ITU Households Database,2021,Bangladesh,BGD,Location,Children,Rural,30.779660552805073,,Bangladesh Bureau of Statistics (BBS),2026-07-07
8812,HHA4213-%_HH-CHILDREN-URBAN,HH06 - Households with Internet access at home - %_HH - CHILDREN - URBAN,% of households,ITU Households Database,2021,Bangladesh,BGD,Location,Children,Urban,63.15111682619896,,Bangladesh Bureau of Statistics (BBS),2026-07-07
8817,HHA4213-%_HH-NOCHILDREN-RURAL,HH06 - Households with Internet access at home - %_HH - NOCHILDREN - RURAL,% of households,ITU Households Database,2021,Bangladesh,BGD,Location,No Children,Rural,27.40806769666585,,Bangladesh Bureau of Statistics (BBS),2026-07-07
8818,HHA4213-%_HH-NOCHILDREN-URBAN,HH06 - Households with Internet access at home - %_HH - NOCHILDREN - URBAN,% of households,ITU Households Database,2021,Bangladesh,BGD,Location,No Children,Urban,63.777804450273464,,Bangladesh Bureau of Statistics (BBS),2026-07-07
8810,HHA4213-%_HH-CHILDREN-,HH06 - Households with Internet access at home - %_HH - CHILDREN,% of households,ITU Households Database,2021,Bangladesh,BGD,Family,Children,,38.72408673041929,,Bangladesh Bureau of Statistics (BBS),2026-07-07
12047,xHH6_IDI,Estimated proportion of households with Internet access at home,% of households,ITU World Telecommunication Indicators Database,2021,Bahrain,BHR,,,,100,Estimated based on 2021 residential survey,Information and E-Government Authority,2025-07-07
12047,xHH6_IDI,Estimated proportion of households with Internet access at home,% of households,ITU World Telecommunication Indicators Database,2021,Belarus,BLR,,,,87.20577516,,National Statistical Committee of the Republic of Belarus (Belstat),2026-02-02
8812,HHA4213-%_HH-CHILDREN-URBAN,HH06 - Households with Internet access at home - %_HH - CHILDREN - URBAN,% of households,ITU Households Database,2021,Belarus,BLR,Location,Children,Urban,99.80859609505892,,National Statistical Committee of the Republic of Belarus,2026-07-06
8817,HHA4213-%_HH-NOCHILDREN-RURAL,HH06 - Households with Internet access at home - %_HH - NOCHILDREN - RURAL,% of households,ITU Households Database,2021,Belarus,BLR,Location,No Children,Rural,73.66909137929724,,National Statistical Committee of the Republic of Belarus,2026-07-05
8811,HHA4213-%_HH-CHILDREN-RURAL,HH06 - Households with Internet access at home - %_HH - CHILDREN - RURAL,% of households,ITU Households Database,2021,Belarus,BLR,Location,Children,Rural,99.36716952186143,,National Statistical Committee of the Republic of Belarus,2026-07-06
8816,HHA4213-%_HH-NOCHILDREN-,HH06 - Households with Internet access at home - %_HH - NOCHILDREN,% of households,ITU Households Database,2021,Belarus,BLR,Family,No Children,,83.32191393165954,,National Statistical Committee of the Republic of Belarus,2026-07-05
8810,HHA4213-%_HH-CHILDREN-,HH06 - Households with Internet access at home - %_HH - CHILDREN,% of households,ITU Households Database,2021,Belarus,BLR,Family,Children,,99.72437623863001,,National Statistical Committee of the Republic of Belarus,2026-07-06
8818,HHA4213-%_HH-NOCHILDREN-URBAN,HH06 - Households with Internet access at home - %_HH - NOCHILDREN - URBAN,% of households,ITU Households Database,2021,Belarus,BLR,Location,No Children,Urban,86.51762447427919,,National Statistical Committee of the Republic of Belarus,2026-07-05
8820,HHA4213-%_HH-URBAN-,HH06 - Households with Internet access at home - %_HH - URBAN,% of households,ITU Households Database,2021,Belarus,BLR,Location,Urban,,89.84659492705663,,National Statistical Committee of the Republic of Belarus,2026-07-05
8819,HHA4213-%_HH-RURAL-,HH06 - Households with Internet access at home - %_HH - RURAL,% of households,ITU Households Database,2021,Belarus,BLR,Location,Rural,,78.60926589449171,,National Statistical Committee of the Republic of Belarus,2026-07-06
8817,HHA4213-%_HH-NOCHILDREN-RURAL,HH06 - Households with Internet access at home - %_HH - NOCHILDREN - RURAL,% of households,ITU Households Database,2021,Belize,BLZ,Location,No Children,Rural,54.54389806654951,,Statistical Institute of Belize,2026-07-07
8810,HHA4213-%_HH-CHILDREN-,HH06 - Households with Internet access at home - %_HH - CHILDREN,% of households,ITU Households Database,2021,Belize,BLZ,Family,Children,,70.0359761519861,,Statistical Institute of Belize,2025-07-04
8818,HHA4213-%_HH-NOCHILDREN-URBAN,HH06 - Households with Internet access at home - %_HH - NOCHILDREN - URBAN,% of households,ITU Households Database,2021,Belize,BLZ,Location,No Children,Urban,75.61558038099191,,Statistical Institute of Belize,2026-07-07
8819,HHA4213-%_HH-RURAL-,HH06 - Households with Internet access at home - %_HH - RURAL,% of households,ITU Households Database,2021,Belize,BLZ,Location,Rural,,58.49688455339882,,Statistical Institute of Belize,2026-07-06
8816,HHA4213-%_HH-NOCHILDREN-,HH06 - Households with Internet access at home - %_HH - NOCHILDREN,% of households,ITU Households Database,2021,Belize,BLZ,Family,No Children,,66.23757540333115,,Statistical Institute of Belize,2026-07-07
8812,HHA4213-%_HH-CHILDREN-URBAN,HH06 - Households with Internet access at home - %_HH - CHILDREN - URBAN,% of households,ITU Households Database,2021,Belize,BLZ,Location,Children,Urban,81.92551363650968,,Statistical Institute of Belize,2026-07-07
8811,HHA4213-%_HH-CHILDREN-RURAL,HH06 - Households with Internet access at home - %_HH - CHILDREN - RURAL,% of households,ITU Households Database,2021,Belize,BLZ,Location,Children,Rural,61.01115688073485,,Statistical Institute of Belize,2026-07-07
8820,HHA4213-%_HH-URBAN-,HH06 - Households with Internet access at home - %_HH - URBAN,% of households,ITU Households Database,2021,Belize,BLZ,Location,Urban,,78.70161250677567,,Statistical Institute of Belize,2026-07-05
12047,xHH6_IDI,Estimated proportion of households with Internet access at home,% of households,ITU World Telecommunication Indicators Database,2021,Belize,BLZ,,,,68.33331129,,Statistical Institute of Belize,2026-02-02
12047,xHH6_IDI,Estimated proportion of households with Internet access at home,% of households,ITU World Telecommunication Indicators Database,2021,Bolivia (Plurinational State of),BOL,,,,56.89460946,,Instituto Nacional de EstadÃ­stica,2026-02-02
8818,HHA4213-%_HH-NOCHILDREN-URBAN,HH06 - Households with Internet access at home - %_HH - NOCHILDREN - URBAN,% of households,ITU Households Database,2021,Bolivia (Plurinational State of),BOL,Location,No Children,Urban,68.02321542145665,,Instituto Nacional de Estadística,2026-07-05
8820,HHA4213-%_HH-URBAN-,HH06 - Households with Internet access at home - %_HH - URBAN,% of households,ITU Households Database,2021,Bolivia (Plurinational State of),BOL,Location,Urban,,71.13673586050786,,Instituto Nacional de Estadística,2026-07-05
8812,HHA4213-%_HH-CHILDREN-URBAN,HH06 - Households with Internet access at home - %_HH - CHILDREN - URBAN,% of households,ITU Households Database,2021,Bolivia (Plurinational State of),BOL,Location,Children,Urban,73.93755419829114,,Instituto Nacional de Estadística,2026-07-05
8816,HHA4213-%_HH-NOCHILDREN-,HH06 - Households with Internet access at home - %_HH - NOCHILDREN,% of households,ITU Households Database,2021,Bolivia (Plurinational State of),BOL,Family,No Children,,51.03581533849244,,Instituto Nacional de Estadística,2026-07-05
8817,HHA4213-%_HH-NOCHILDREN-RURAL,HH06 - Households with Internet access at home - %_HH - NOCHILDREN - RURAL,% of households,ITU Households Database,2021,Bolivia (Plurinational State of),BOL,Location,No Children,Rural,16.751899025201954,,Instituto Nacional de Estadística,2026-07-05
8819,HHA4213-%_HH-RURAL-,HH06 - Households with Internet access at home - %_HH - RURAL,% of households,ITU Households Database,2021,Bolivia (Plurinational State of),BOL,Location,Rural,,24.970384436589157,,Instituto Nacional de Estadística,2026-07-06
8810,HHA4213-%_HH-CHILDREN-,HH06 - Households with Internet access at home - %_HH - CHILDREN,% of households,ITU Households Database,2021,Bolivia (Plurinational State of),BOL,Family,Children,,62.51759087617871,,Instituto Nacional de Estadística,2026-07-06
8811,HHA4213-%_HH-CHILDREN-RURAL,HH06 - Households with Internet access at home - %_HH - CHILDREN - RURAL,% of households,ITU Households Database,2021,Bolivia (Plurinational State of),BOL,Location,Children,Rural,34.089369071246864,,Instituto Nacional de Estadística,2026-07-06
12047,xHH6_IDI,Estimated proportion of households with Internet access at home,% of households,ITU World Telecommunication Indicators Database,2021,Botswana,BWA,,,,74.08563617,,ITU estimate.,2026-02-02
12047,xHH6_IDI,Estimated proportion of households with Internet access at home,% of households,ITU World Telecommunication Indicators Database,2021,Barbados,BRB,,,,80.90627819,,ITU estimate.,2026-02-02
12047,xHH6_IDI,Estimated proportion of households with Internet access at home,% of households,ITU World Telecommunication Indicators Database,2021,Myanmar,MMR,,,,54.38338855,,ITU estimate.,2026-02-02
12047,xHH6_IDI,Estimated proportion of households with Internet access at home,% of households,ITU World Telecommunication Indicators Database,2021,Brunei Darussalam,BRN,,,,89.64777235,,ITU estimate.,2026-02-02
12047,xHH6_IDI,Estimated proportion of households with Internet access at home,% of households,ITU World Telecommunication Indicators Database,2021,Bhutan,BTN,,,,94.32144741,,Ministry of Information and Communication,2026-02-02
8816,HHA4213-%_HH-NOCHILDREN-,HH06 - Households with Internet access at home - %_HH - NOCHILDREN,% of households,ITU Households Database,2021,Bhutan,BTN,Family,No Children,,90.08944432324617,,MINISTRY OF INFORMATION AND COMMUNICATIONS,2026-07-05
8817,HHA4213-%_HH-NOCHILDREN-RURAL,HH06 - Households with Internet access at home - %_HH - NOCHILDREN - RURAL,% of households,ITU Households Database,2021,Bhutan,BTN,Location,No Children,Rural,85.76779903074005,,MINISTRY OF INFORMATION AND COMMUNICATIONS,2026-07-05
8811,HHA4213-%_HH-CHILDREN-RURAL,HH06 - Households with Internet access at home - %_HH - CHILDREN - RURAL,% of households,ITU Households Database,2021,Bhutan,BTN,Location,Children,Rural,94.57329241501904,,MINISTRY OF INFORMATION AND COMMUNICATIONS,2026-07-06
8820,HHA4213-%_HH-URBAN-,HH06 - Households with Internet access at home - %_HH - URBAN,% of households,ITU Households Database,2021,Bhutan,BTN,Location,Urban,,99.36194106036889,,MINISTRY OF INFORMATION AND COMMUNICATIONS,2026-07-05
8810,HHA4213-%_HH-CHILDREN-,HH06 - Households with Internet access at home - %_HH - CHILDREN,% of households,ITU Households Database,2021,Bhutan,BTN,Family,Children,,97.1229923355443,,MINISTRY OF INFORMATION AND COMMUNICATIONS,2025-07-04
8812,HHA4213-%_HH-CHILDREN-URBAN,HH06 - Households with Internet access at home - %_HH - CHILDREN - URBAN,% of households,ITU Households Database,2021,Bhutan,BTN,Location,Children,Urban,99.75073706781023,,MINISTRY OF INFORMATION AND COMMUNICATIONS,2026-07-05
8819,HHA4213-%_HH-RURAL-,HH06 - Households with Internet access at home - %_HH - RURAL,% of households,ITU Households Database,2021,Bhutan,BTN,Location,Rural,,91.42686847170789,,MINISTRY OF INFORMATION AND COMMUNICATIONS,2026-07-06
8818,HHA4213-%_HH-NOCHILDREN-URBAN,HH06 - Households with Internet access at home - %_HH - NOCHILDREN - URBAN,% of households,ITU Households Database,2021,Bhutan,BTN,Location,No Children,Urban,98.6906481524626,,MINISTRY OF INFORMATION AND COMMUNICATIONS,2025-07-04
8816,HHA4213-%_HH-NOCHILDREN-,HH06 - Households with Internet access at home - %_HH - NOCHILDREN,% of households,ITU Households Database,2021,Bulgaria,BGR,Family,No Children,,81.14281655216469,Households without children under 16,National Statistical Institute,2026-07-05
8820,HHA4213-%_HH-URBAN-,HH06 - Households with Internet access at home - %_HH - URBAN,% of households,ITU Households Database,2021,Bulgaria,BGR,Location,Urban,,87.41231335972097,,National Statistical Institute,2026-07-05
8811,HHA4213-%_HH-CHILDREN-RURAL,HH06 - Households with Internet access at home - %_HH - CHILDREN - RURAL,% of households,ITU Households Database,2021,Bulgaria,BGR,Location,Children,Rural,93.72301560943208,Households with children under 16,National Statistical Institute,2026-07-07
8818,HHA4213-%_HH-NOCHILDREN-URBAN,HH06 - Households with Internet access at home - %_HH - NOCHILDREN - URBAN,% of households,ITU Households Database,2021,Bulgaria,BGR,Location,No Children,Urban,85.45891884371287,Households without children under 16,National Statistical Institute,2026-07-07
8819,HHA4213-%_HH-RURAL-,HH06 - Households with Internet access at home - %_HH - RURAL,% of households,ITU Households Database,2021,Bulgaria,BGR,Location,Rural,,71.52113355165794,,National Statistical Institute,2026-07-06
8817,HHA4213-%_HH-NOCHILDREN-RURAL,HH06 - Households with Internet access at home - %_HH - NOCHILDREN - RURAL,% of households,ITU Households Database,2021,Bulgaria,BGR,Location,No Children,Rural,67.97386021090614,Households without children under 16,National Statistical Institute,2026-07-05
8810,HHA4213-%_HH-CHILDREN-,HH06 - Households with Internet access at home - %_HH - CHILDREN,% of households,ITU Households Database,2021,Bulgaria,BGR,Family,Children,,97.33869818907046,Households with children under 16,National Statistical Institute,2026-07-07
8812,HHA4213-%_HH-CHILDREN-URBAN,HH06 - Households with Internet access at home - %_HH - CHILDREN - URBAN,% of households,ITU Households Database,2021,Bulgaria,BGR,Location,Children,Urban,98.40410115890862,Households with children under 16,National Statistical Institute,2026-07-05
12047,xHH6_IDI,Estimated proportion of households with Internet access at home,% of households,ITU World Telecommunication Indicators Database,2021,Bulgaria,BGR,,,,83.534827,,National Statistical Institute,2026-02-02
12047,xHH6_IDI,Estimated proportion of households with Internet access at home,% of households,ITU World Telecommunication Indicators Database,2021,Canada,CAN,,,,92.52272974,,ITU estimate.,2026-02-02
12047,xHH6_IDI,Estimated proportion of households with Internet access at home,% of households,ITU World Telecommunication Indicators Database,2021,Cambodia,KHM,,,,61.01670341,,ITU estimate.,2026-02-02
12047,xHH6_IDI,Estimated proportion of households with Internet access at home,% of households,ITU World Telecommunication Indicators Database,2021,Chile,CHL,,,,93.79611161,,ITU estimate.,2026-02-02
12047,xHH6_IDI,Estimated proportion of households with Internet access at home,% of households,ITU World Telecommunication Indicators Database,2021,China,CHN,,,,81.235648,,ITU estimate.,2026-02-02
12047,xHH6_IDI,Estimated proportion of households with Internet access at home,% of households,ITU World Telecommunication Indicators Database,2021,Colombia,COL,,,,60.54722553,Data are based on population projection from the 2018 census.,Departamento Administrativo Nacional de Estadistica (DANE),2026-02-02
8819,HHA4213-%_HH-RURAL-,HH06 - Households with Internet access at home - %_HH - RURAL,% of households,ITU Households Database,2021,Colombia,COL,Location,Rural,,28.75412743936016,,Departamento Administrativo Nacional de Estadística - DANE,2026-07-06
8820,HHA4213-%_HH-URBAN-,HH06 - Households with Internet access at home - %_HH - URBAN,% of households,ITU Households Database,2021,Colombia,COL,Location,Urban,,69.98842258741341,,Departamento Administrativo Nacional de Estadística - DANE,2026-07-05
12047,xHH6_IDI,Estimated proportion of households with Internet access at home,% of households,ITU World Telecommunication Indicators Database,2021,Sri Lanka,LKA,,,,61.72860795,,Department of Census and Statistics,2026-02-02
12047,xHH6_IDI,Estimated proportion of households with Internet access at home,% of households,ITU World Telecommunication Indicators Database,2021,Cameroon,CMR,,,,38.61968128,,ITU estimate.,2026-02-02
12047,xHH6_IDI,Estimated proportion of households with Internet access at home,% of households,ITU World Telecommunication Indicators Database,2021,Congo (Rep. of the),COG,,,,38.47499392,,ITU estimate.,2026-02-02
12047,xHH6_IDI,Estimated proportion of households with Internet access at home,% of households,ITU World Telecommunication Indicators Database,2021,Comoros,COM,,,,39.96418698,,ITU estimate.,2026-02-02
12047,xHH6_IDI,Estimated proportion of households with Internet access at home,% of households,ITU World Telecommunication Indicators Database,2021,Cabo Verde,CPV,,,,69.77152829,,ITU estimate.,2026-02-02
12047,xHH6_IDI,Estimated proportion of households with Internet access at home,% of households,ITU World Telecommunication Indicators Database,2021,Côte d'Ivoire,CIV,,,,61.38205156,,ITU estimate.,2026-02-02
12047,xHH6_IDI,Estimated proportion of households with Internet access at home,% of households,ITU World Telecommunication Indicators Database,2021,Costa Rica,CRI,,,,81.31069505,,Instituto Nacional de Estadisticas y Censos,2026-02-02
8818,HHA4213-%_HH-NOCHILDREN-URBAN,HH06 - Households with Internet access at home - %_HH - NOCHILDREN - URBAN,% of households,ITU Households Database,2021,Costa Rica,CRI,Location,No Children,Urban,91.3494374217969,,Instituto Nacional de Estadística y Censos,2025-07-04
8819,HHA4213-%_HH-RURAL-,HH06 - Households with Internet access at home - %_HH - RURAL,% of households,ITU Households Database,2021,Costa Rica,CRI,Location,Rural,,70.59945842215593,,Instituto Nacional de Estadística y Censos,2026-07-06
8820,HHA4213-%_HH-URBAN-,HH06 - Households with Internet access at home - %_HH - URBAN,% of households,ITU Households Database,2021,Costa Rica,CRI,Location,Urban,,85.34184758904067,,Instituto Nacional de Estadística y Censos,2026-07-05
8812,HHA4213-%_HH-CHILDREN-URBAN,HH06 - Households with Internet access at home - %_HH - CHILDREN - URBAN,% of households,ITU Households Database,2021,Costa Rica,CRI,Location,Children,Urban,82.18335666115281,,Instituto Nacional de Estadística y Censos,2026-07-05
8817,HHA4213-%_HH-NOCHILDREN-RURAL,HH06 - Households with Internet access at home - %_HH - NOCHILDREN - RURAL,% of households,ITU Households Database,2021,Costa Rica,CRI,Location,No Children,Rural,79.47400885385679,,Instituto Nacional de Estadística y Censos,2026-07-05
8811,HHA4213-%_HH-CHILDREN-RURAL,HH06 - Households with Internet access at home - %_HH - CHILDREN - RURAL,% of households,ITU Households Database,2021,Costa Rica,CRI,Location,Children,Rural,64.53481648929225,,Instituto Nacional de Estadística y Censos,2026-07-06
8810,HHA4213-%_HH-CHILDREN-,HH06 - Households with Internet access at home - %_HH - CHILDREN,% of households,ITU Households Database,2021,Costa Rica,CRI,Family,Children,,77.69448479426022,,Instituto Nacional de Estadística y Censos,2026-07-06
8816,HHA4213-%_HH-NOCHILDREN-,HH06 - Households with Internet access at home - %_HH - NOCHILDREN,% of households,ITU Households Database,2021,Costa Rica,CRI,Family,No Children,,87.70154799592208,,Instituto Nacional de Estadística y Censos,2026-07-06
12047,xHH6_IDI,Estimated proportion of households with Internet access at home,% of households,ITU World Telecommunication Indicators Database,2021,Cuba,CUB,,,,31.68130403,,ITU estimate.,2026-02-02
12047,xHH6_IDI,Estimated proportion of households with Internet access at home,% of households,ITU World Telecommunication Indicators Database,2021,Vatican,VAT,,,,81.47964236,,ITU estimate.,2026-02-02
12047,xHH6_IDI,Estimated proportion of households with Internet access at home,% of households,ITU World Telecommunication Indicators Database,2021,Cyprus,CYP,,,,93.40914775,,Statistical Service of Cyprus,2026-02-02
8812,HHA4213-%_HH-CHILDREN-URBAN,HH06 - Households with Internet access at home - %_HH - CHILDREN - URBAN,% of households,ITU Households Database,2021,Cyprus,CYP,Location,Children,Urban,99.1348101896443,,Statistical Service of Cyprus,2025-07-04
8810,HHA4213-%_HH-CHILDREN-,HH06 - Households with Internet access at home - %_HH - CHILDREN,% of households,ITU Households Database,2021,Cyprus,CYP,Family,Children,,99.24826204783787,,Statistical Service of Cyprus,2026-07-07
8816,HHA4213-%_HH-NOCHILDREN-,HH06 - Households with Internet access at home - %_HH - NOCHILDREN,% of households,ITU Households Database,2021,Cyprus,CYP,Family,No Children,,91.22550466231782,,Statistical Service of Cyprus,2026-07-07
8819,HHA4213-%_HH-RURAL-,HH06 - Households with Internet access at home - %_HH - RURAL,% of households,ITU Households Database,2021,Cyprus,CYP,Location,Rural,,91.73646943197302,,Statistical Service of Cyprus,2026-07-06
8818,HHA4213-%_HH-NOCHILDREN-URBAN,HH06 - Households with Internet access at home - %_HH - NOCHILDREN - URBAN,% of households,ITU Households Database,2021,Cyprus,CYP,Location,No Children,Urban,92.206406571855,,Statistical Service of Cyprus,2025-07-04
8811,HHA4213-%_HH-CHILDREN-RURAL,HH06 - Households with Internet access at home - %_HH - CHILDREN - RURAL,% of households,ITU Households Database,2021,Cyprus,CYP,Location,Children,Rural,99.52944994320949,,Statistical Service of Cyprus,2026-07-07
8817,HHA4213-%_HH-NOCHILDREN-RURAL,HH06 - Households with Internet access at home - %_HH - NOCHILDREN - RURAL,% of households,ITU Households Database,2021,Cyprus,CYP,Location,No Children,Rural,88.77433075962827,,Statistical Service of Cyprus,2026-07-07
8820,HHA4213-%_HH-URBAN-,HH06 - Households with Internet access at home - %_HH - URBAN,% of households,ITU Households Database,2021,Cyprus,CYP,Location,Urban,,94.08267525318847,,Statistical Service of Cyprus,2026-07-05
8810,HHA4213-%_HH-CHILDREN-,HH06 - Households with Internet access at home - %_HH - CHILDREN,% of households,ITU Households Database,2021,Germany,DEU,Family,Children,,98.58133744305604,acc. to EU definition: children = persons < 16 years,Statistisches Bundesamt (Destatis),2026-07-06
8820,HHA4213-%_HH-URBAN-,HH06 - Households with Internet access at home - %_HH - URBAN,% of households,ITU Households Database,2021,Germany,DEU,Location,Urban,,92.7406870769694,EU classification DEG_URBA = 1 (Cities - densely populated area); RURAL can not be filled by us: DEG_URBA has 2 more codes (2=internediate density areas and 3=thinly populated areas),Statistisches Bundesamt (Destatis),2025-07-04
8818,HHA4213-%_HH-NOCHILDREN-URBAN,HH06 - Households with Internet access at home - %_HH - NOCHILDREN - URBAN,% of households,ITU Households Database,2021,Germany,DEU,Location,No Children,Urban,91.16879405089685,EU classification DEG_URBA = 1 (Cities - densely populated area); RURAL can not be filled by us: DEG_URBA has 2 more codes (2=internediate density areas and 3=thinly populated areas),Statistisches Bundesamt (Destatis),2026-07-05
8816,HHA4213-%_HH-NOCHILDREN-,HH06 - Households with Internet access at home - %_HH - NOCHILDREN,% of households,ITU Households Database,2021,Germany,DEU,Family,No Children,,90.03137019240773,acc. to EU definition: children = persons < 16 years,Statistisches Bundesamt (Destatis),2026-07-05
8812,HHA4213-%_HH-CHILDREN-URBAN,HH06 - Households with Internet access at home - %_HH - CHILDREN - URBAN,% of households,ITU Households Database,2021,Germany,DEU,Location,Children,Urban,99.31619209216774,EU classification DEG_URBA = 1 (Cities - densely populated area); RURAL can not be filled by us: DEG_URBA has 2 more codes (2=internediate density areas and 3=thinly populated areas),Statistisches Bundesamt (Destatis),2026-07-06
12047,xHH6_IDI,Estimated proportion of households with Internet access at home,% of households,ITU World Telecommunication Indicators Database,2021,Germany,DEU,,,,91.875046,,Federal Statistical Office,2026-02-02
12047,xHH6_IDI,Estimated proportion of households with Internet access at home,% of households,ITU World Telecommunication Indicators Database,2021,Djibouti,DJI,,,,65.52641114,,ITU estimate.,2026-02-02
12047,xHH6_IDI,Estimated proportion of households with Internet access at home,% of households,ITU World Telecommunication Indicators Database,2021,Dominica,DMA,,,,74.46867114,,ITU estimate.,2026-02-02
12047,xHH6_IDI,Estimated proportion of households with Internet access at home,% of households,ITU World Telecommunication Indicators Database,2021,Denmark,DNK,,,,96.13698711,Number of households with individuals from 16-74 year old,Statistics Denmark,2026-02-02
8810,HHA4213-%_HH-CHILDREN-,HH06 - Households with Internet access at home - %_HH - CHILDREN,% of households,ITU Households Database,2021,Denmark,DNK,Family,Children,,98.9001943487915,,Statistics Denmark,2025-07-04
8812,HHA4213-%_HH-CHILDREN-URBAN,HH06 - Households with Internet access at home - %_HH - CHILDREN - URBAN,% of households,ITU Households Database,2021,Denmark,DNK,Location,Children,Urban,99.73111943360483,,Statistics Denmark,2026-07-07
8820,HHA4213-%_HH-URBAN-,HH06 - Households with Internet access at home - %_HH - URBAN,% of households,ITU Households Database,2021,Denmark,DNK,Location,Urban,,96.99357239306693,,Statistics Denmark,2026-07-05
8816,HHA4213-%_HH-NOCHILDREN-,HH06 - Households with Internet access at home - %_HH - NOCHILDREN,% of households,ITU Households Database,2021,Denmark,DNK,Family,No Children,,95.30009288875546,,Statistics Denmark,2026-07-07
8819,HHA4213-%_HH-RURAL-,HH06 - Households with Internet access at home - %_HH - RURAL,% of households,ITU Households Database,2021,Denmark,DNK,Location,Rural,,95.52804171509128,,Statistics Denmark,2026-07-06
8817,HHA4213-%_HH-NOCHILDREN-RURAL,HH06 - Households with Internet access at home - %_HH - NOCHILDREN - RURAL,% of households,ITU Households Database,2021,Denmark,DNK,Location,No Children,Rural,94.52656127323779,,Statistics Denmark,2026-07-07
8818,HHA4213-%_HH-NOCHILDREN-URBAN,HH06 - Households with Internet access at home - %_HH - NOCHILDREN - URBAN,% of households,ITU Households Database,2021,Denmark,DNK,Location,No Children,Urban,96.31152933909418,,Statistics Denmark,2026-07-07
8811,HHA4213-%_HH-CHILDREN-RURAL,HH06 - Households with Internet access at home - %_HH - CHILDREN - RURAL,% of households,ITU Households Database,2021,Denmark,DNK,Location,Children,Rural,98.4394117447928,,Statistics Denmark,2025-07-04
8820,HHA4213-%_HH-URBAN-,HH06 - Households with Internet access at home - %_HH - URBAN,% of households,ITU Households Database,2021,Dominican Rep.,DOM,Location,Urban,,49.220437724166096,,National Bureau of Statistics.,2026-07-05
8812,HHA4213-%_HH-CHILDREN-URBAN,HH06 - Households with Internet access at home - %_HH - CHILDREN - URBAN,% of households,ITU Households Database,2021,Dominican Rep.,DOM,Location,Children,Urban,53.32672735173315,,National Bureau of Statistics.,2026-07-05
8810,HHA4213-%_HH-CHILDREN-,HH06 - Households with Internet access at home - %_HH - CHILDREN,% of households,ITU Households Database,2021,Dominican Rep.,DOM,Family,Children,,50.42316118166267,,National Bureau of Statistics.,2026-07-06
8816,HHA4213-%_HH-NOCHILDREN-,HH06 - Households with Internet access at home - %_HH - NOCHILDREN,% of households,ITU Households Database,2021,Dominican Rep.,DOM,Family,No Children,,42.796407425504974,,National Bureau of Statistics.,2026-07-05
8818,HHA4213-%_HH-NOCHILDREN-URBAN,HH06 - Households with Internet access at home - %_HH - NOCHILDREN - URBAN,% of households,ITU Households Database,2021,Dominican Rep.,DOM,Location,No Children,Urban,46.060451085085866,,National Bureau of Statistics.,2026-07-05
8819,HHA4213-%_HH-RURAL-,HH06 - Households with Internet access at home - %_HH - RURAL,% of households,ITU Households Database,2021,Dominican Rep.,DOM,Location,Rural,,30.578639158968134,,National Bureau of Statistics.,2026-07-06
8817,HHA4213-%_HH-NOCHILDREN-RURAL,HH06 - Households with Internet access at home - %_HH - NOCHILDREN - RURAL,% of households,ITU Households Database,2021,Dominican Rep.,DOM,Location,No Children,Rural,26.584996282917757,,National Bureau of Statistics.,2026-07-05
8811,HHA4213-%_HH-CHILDREN-RURAL,HH06 - Households with Internet access at home - %_HH - CHILDREN - RURAL,% of households,ITU Households Database,2021,Dominican Rep.,DOM,Location,Children,Rural,35.83012882062344,,National Bureau of Statistics.,2026-07-06
12047,xHH6_IDI,Estimated proportion of households with Internet access at home,% of households,ITU World Telecommunication Indicators Database,2021,Dominican Rep.,DOM,,,,46.10945418,,Oficina Nacional de Estadistica,2026-02-02
12047,xHH6_IDI,Estimated proportion of households with Internet access at home,% of households,ITU World Telecommunication Indicators Database,2021,Spain,ESP,,,,95.91836698,HHs with at least one member aged 16 to 74,Instituto Nacional de Estadistica,2026-02-02
8816,HHA4213-%_HH-NOCHILDREN-,HH06 - Households with Internet access at home - %_HH - NOCHILDREN,% of households,ITU Households Database,2021,Spain,ESP,Family,No Children,,94.49825802755272,,Instituto Nacional de Estadística (INE),2026-07-06
8812,HHA4213-%_HH-CHILDREN-URBAN,HH06 - Households with Internet access at home - %_HH - CHILDREN - URBAN,% of households,ITU Households Database,2021,Spain,ESP,Location,Children,Urban,99.79287247895408,,Instituto Nacional de Estadística (INE),2026-07-05
8819,HHA4213-%_HH-RURAL-,HH06 - Households with Internet access at home - %_HH - RURAL,% of households,ITU Households Database,2021,Spain,ESP,Location,Rural,,94.97791095146941,,Instituto Nacional de Estadística (INE),2026-07-06
8818,HHA4213-%_HH-NOCHILDREN-URBAN,HH06 - Households with Internet access at home - %_HH - NOCHILDREN - URBAN,% of households,ITU Households Database,2021,Spain,ESP,Location,No Children,Urban,95.66137421264975,,Instituto Nacional de Estadística (INE),2026-07-05
8810,HHA4213-%_HH-CHILDREN-,HH06 - Households with Internet access at home - %_HH - CHILDREN,% of households,ITU Households Database,2021,Spain,ESP,Family,Children,,99.78385814222685,,Instituto Nacional de Estadística (INE),2026-07-06
8817,HHA4213-%_HH-NOCHILDREN-RURAL,HH06 - Households with Internet access at home - %_HH - NOCHILDREN - RURAL,% of households,ITU Households Database,2021,Spain,ESP,Location,No Children,Rural,93.06382727260048,,Instituto Nacional de Estadística (INE),2026-07-05
8820,HHA4213-%_HH-URBAN-,HH06 - Households with Internet access at home - %_HH - URBAN,% of households,ITU Households Database,2021,Spain,ESP,Location,Urban,,96.71355201727384,,Instituto Nacional de Estadística (INE),2026-07-05
8811,HHA4213-%_HH-CHILDREN-RURAL,HH06 - Households with Internet access at home - %_HH - CHILDREN - RURAL,% of households,ITU Households Database,2021,Spain,ESP,Location,Children,Rural,99.77429345989087,,Instituto Nacional de Estadística (INE),2026-07-06
12047,xHH6_IDI,Estimated proportion of households with Internet access at home,% of households,ITU World Telecommunication Indicators Database,2021,Egypt,EGY,,,,73.11769968,,ITU estimate.,2026-02-02
12047,xHH6_IDI,Estimated proportion of households with Internet access at home,% of households,ITU World Telecommunication Indicators Database,2021,Ecuador,ECU,,,,56.70710303,,ITU estimate.,2026-02-02
12047,xHH6_IDI,Estimated proportion of households with Internet access at home,% of households,ITU World Telecommunication Indicators Database,2021,Estonia,EST,,,,91.80701754,,Statistical Office of Estonia,2026-02-02
12047,xHH6_IDI,Estimated proportion of households with Internet access at home,% of households,ITU World Telecommunication Indicators Database,2021,Ethiopia,ETH,,,,17.40828339,,ITU estimate.,2026-02-02
12047,xHH6_IDI,Estimated proportion of households with Internet access at home,% of households,ITU World Telecommunication Indicators Database,2021,France,FRA,,,,87.23365748,,Institut National de la Statistique et des Etudes Economiques,2026-02-02
8811,HHA4213-%_HH-CHILDREN-RURAL,HH06 - Households with Internet access at home - %_HH - CHILDREN - RURAL,% of households,ITU Households Database,2021,France,FRA,Location,Children,Rural,98.6709960589833,,Insee,2025-07-04
8819,HHA4213-%_HH-RURAL-,HH06 - Households with Internet access at home - %_HH - RURAL,% of households,ITU Households Database,2021,France,FRA,Location,Rural,,84.89465890507091,,Insee,2026-07-06
8812,HHA4213-%_HH-CHILDREN-URBAN,HH06 - Households with Internet access at home - %_HH - CHILDREN - URBAN,% of households,ITU Households Database,2021,France,FRA,Location,Children,Urban,98.94452350841509,,Insee,2026-07-05
8817,HHA4213-%_HH-NOCHILDREN-RURAL,HH06 - Households with Internet access at home - %_HH - NOCHILDREN - RURAL,% of households,ITU Households Database,2021,France,FRA,Location,No Children,Rural,80.3428623368419,,Insee,2025-07-04
8816,HHA4213-%_HH-NOCHILDREN-,HH06 - Households with Internet access at home - %_HH - NOCHILDREN,% of households,ITU Households Database,2021,France,FRA,Family,No Children,,83.67533556680259,,Insee,2026-07-05
8818,HHA4213-%_HH-NOCHILDREN-URBAN,HH06 - Households with Internet access at home - %_HH - NOCHILDREN - URBAN,% of households,ITU Households Database,2021,France,FRA,Location,No Children,Urban,84.56365809922295,,Insee,2026-07-05
8820,HHA4213-%_HH-URBAN-,HH06 - Households with Internet access at home - %_HH - URBAN,% of households,ITU Households Database,2021,France,FRA,Location,Urban,,87.8723114026132,,Insee,2025-07-04
8810,HHA4213-%_HH-CHILDREN-,HH06 - Households with Internet access at home - %_HH - CHILDREN,% of households,ITU Households Database,2021,France,FRA,Family,Children,,98.88225714631422,,Insee,2026-07-06
12047,xHH6_IDI,Estimated proportion of households with Internet access at home,% of households,ITU World Telecommunication Indicators Database,2021,Fiji,FJI,,,,76.3,,MICS 2021,2024-12-18
12047,xHH6_IDI,Estimated proportion of households with Internet access at home,% of households,ITU World Telecommunication Indicators Database,2021,Finland,FIN,,,,91.68129305,,Statistics Finland,2026-02-02
12047,xHH6_IDI,Estimated proportion of households with Internet access at home,% of households,ITU World Telecommunication Indicators Database,2021,United Kingdom,GBR,,,,96.28072329,,ITU estimate.,2026-02-02
12047,xHH6_IDI,Estimated proportion of households with Internet access at home,% of households,ITU World Telecommunication Indicators Database,2021,Gabon,GAB,,,,68.29939884,,ITU estimate.,2026-02-02
12047,xHH6_IDI,Estimated proportion of households with Internet access at home,% of households,ITU World Telecommunication Indicators Database,2021,Ghana,GHA,,,,56.23660961,,ITU estimate.,2026-02-02
12047,xHH6_IDI,Estimated proportion of households with Internet access at home,% of households,ITU World Telecommunication Indicators Database,2021,Gambia,GMB,,,,40.29250117,,ITU estimate.,2026-02-02
12047,xHH6_IDI,Estimated proportion of households with Internet access at home,% of households,ITU World Telecommunication Indicators Database,2021,Guinea-Bissau,GNB,,,,16.37954727,,ITU estimate.,2026-02-02
12047,xHH6_IDI,Estimated proportion of households with Internet access at home,% of households,ITU World Telecommunication Indicators Database,2021,Equatorial Guinea,GNQ,,,,51.89108001,,ITU estimate.,2026-02-02
12047,xHH6_IDI,Estimated proportion of households with Internet access at home,% of households,ITU World Telecommunication Indicators Database,2021,Greece,GRC,,,,85.07057326,,Hellenic Statistical Authority,2026-02-02
12047,xHH6_IDI,Estimated proportion of households with Internet access at home,% of households,ITU World Telecommunication Indicators Database,2021,Grenada,GRD,,,,66.33105667,,ITU estimate.,2026-02-02
12047,xHH6_IDI,Estimated proportion of households with Internet access at home,% of households,ITU World Telecommunication Indicators Database,2021,Guatemala,GTM,,,,30.00224641,,Instituto Nacional de Estadistica,2026-02-02
12047,xHH6_IDI,Estimated proportion of households with Internet access at home,% of households,ITU World Telecommunication Indicators Database,2021,Guinea,GIN,,,,31.16311543,,ITU estimate.,2026-02-02
12047,xHH6_IDI,Estimated proportion of households with Internet access at home,% of households,ITU World Telecommunication Indicators Database,2021,Guyana,GUY,,,,54.46483727,,ITU estimate.,2026-02-02
12047,xHH6_IDI,Estimated proportion of households with Internet access at home,% of households,ITU World Telecommunication Indicators Database,2021,"Hong Kong, China",HKG,,,,94.43265974,,Census and Statistics Department,2026-02-02
8810,HHA4213-%_HH-CHILDREN-,HH06 - Households with Internet access at home - %_HH - CHILDREN,% of households,ITU Households Database,2021,"Hong Kong, China",HKG,Family,Children,,100,,Census and Statistics Department,2025-07-04
8816,HHA4213-%_HH-NOCHILDREN-,HH06 - Households with Internet access at home - %_HH - NOCHILDREN,% of households,ITU Households Database,2021,"Hong Kong, China",HKG,Family,No Children,,93.06893995552261,,Census and Statistics Department,2026-07-07
12047,xHH6_IDI,Estimated proportion of households with Internet access at home,% of households,ITU World Telecommunication Indicators Database,2021,Honduras,HND,,,,45.64102077,,ITU estimate.,2026-02-02
12047,xHH6_IDI,Estimated proportion of households with Internet access at home,% of households,ITU World Telecommunication Indicators Database,2021,Hungary,HUN,,,,90.78090333,,Hungarian Central Statistical Office,2026-02-02
8817,HHA4213-%_HH-NOCHILDREN-RURAL,HH06 - Households with Internet access at home - %_HH - NOCHILDREN - RURAL,% of households,ITU Households Database,2021,Hungary,HUN,Location,No Children,Rural,80.39364233950886,,Hungarian Central Statistical Office ,2026-07-05
8818,HHA4213-%_HH-NOCHILDREN-URBAN,HH06 - Households with Internet access at home - %_HH - NOCHILDREN - URBAN,% of households,ITU Households Database,2021,Hungary,HUN,Location,No Children,Urban,90.99052232443093,,Hungarian Central Statistical Office ,2026-07-07
8812,HHA4213-%_HH-CHILDREN-URBAN,HH06 - Households with Internet access at home - %_HH - CHILDREN - URBAN,% of households,ITU Households Database,2021,Hungary,HUN,Location,Children,Urban,98.95209003760819,,Hungarian Central Statistical Office ,2026-07-05
8820,HHA4213-%_HH-URBAN-,HH06 - Households with Internet access at home - %_HH - URBAN,% of households,ITU Households Database,2021,Hungary,HUN,Location,Urban,,92.98258677483798,,Hungarian Central Statistical Office ,2026-07-05
8819,HHA4213-%_HH-RURAL-,HH06 - Households with Internet access at home - %_HH - RURAL,% of households,ITU Households Database,2021,Hungary,HUN,Location,Rural,,85.50818908725356,,Hungarian Central Statistical Office ,2026-07-06
8816,HHA4213-%_HH-NOCHILDREN-,HH06 - Households with Internet access at home - %_HH - NOCHILDREN,% of households,ITU Households Database,2021,Hungary,HUN,Family,No Children,,87.94425311946488,,Hungarian Central Statistical Office ,2026-07-05
8811,HHA4213-%_HH-CHILDREN-RURAL,HH06 - Households with Internet access at home - %_HH - CHILDREN - RURAL,% of households,ITU Households Database,2021,Hungary,HUN,Location,Children,Rural,98.95450521741463,,Hungarian Central Statistical Office ,2026-07-06
8810,HHA4213-%_HH-CHILDREN-,HH06 - Households with Internet access at home - %_HH - CHILDREN,% of households,ITU Households Database,2021,Hungary,HUN,Family,Children,,98.95285082507624,,Hungarian Central Statistical Office ,2026-07-06
12047,xHH6_IDI,Estimated proportion of households with Internet access at home,% of households,ITU World Telecommunication Indicators Database,2021,Netherlands,NLD,,,,95.99009901,,Statistics Netherlands,2026-02-02
12047,xHH6_IDI,Estimated proportion of households with Internet access at home,% of households,ITU World Telecommunication Indicators Database,2021,Croatia,HRV,,,,86.3173613,,Croatian Bureau of Statistics,2026-02-02
8820,HHA4213-%_HH-URBAN-,HH06 - Households with Internet access at home - %_HH - URBAN,% of households,ITU Households Database,2021,Croatia,HRV,Location,Urban,,88.87267148639444,,Croatian Bureau of Statistics,2026-07-05
8819,HHA4213-%_HH-RURAL-,HH06 - Households with Internet access at home - %_HH - RURAL,% of households,ITU Households Database,2021,Croatia,HRV,Location,Rural,,82.20003705822825,,Croatian Bureau of Statistics,2026-07-06
12047,xHH6_IDI,Estimated proportion of households with Internet access at home,% of households,ITU World Telecommunication Indicators Database,2021,Italy,ITA,,,,81.47964236,,Italian National Institute of Statistics,2026-02-02
12047,xHH6_IDI,Estimated proportion of households with Internet access at home,% of households,ITU World Telecommunication Indicators Database,2021,Indonesia,IDN,,,,82.07401747,,BPS-Statistics Indonesia,2026-02-02
8818,HHA4213-%_HH-NOCHILDREN-URBAN,HH06 - Households with Internet access at home - %_HH - NOCHILDREN - URBAN,% of households,ITU Households Database,2021,Indonesia,IDN,Location,No Children,Urban,78.46438933269229,,BPS-Statistics Indonesia,2026-07-05
8811,HHA4213-%_HH-CHILDREN-RURAL,HH06 - Households with Internet access at home - %_HH - CHILDREN - RURAL,% of households,ITU Households Database,2021,Indonesia,IDN,Location,Children,Rural,85.72316014434628,,BPS-Statistics Indonesia,2026-07-06
8812,HHA4213-%_HH-CHILDREN-URBAN,HH06 - Households with Internet access at home - %_HH - CHILDREN - URBAN,% of households,ITU Households Database,2021,Indonesia,IDN,Location,Children,Urban,96.79857863588882,,BPS-Statistics Indonesia,2026-07-05
8819,HHA4213-%_HH-RURAL-,HH06 - Households with Internet access at home - %_HH - RURAL,% of households,ITU Households Database,2021,Indonesia,IDN,Location,Rural,,73.57206134327879,,BPS-Statistics Indonesia,2026-07-06
8810,HHA4213-%_HH-CHILDREN-,HH06 - Households with Internet access at home - %_HH - CHILDREN,% of households,ITU Households Database,2021,Indonesia,IDN,Family,Children,,91.8566397451712,,BPS-Statistics Indonesia,2025-07-04
8817,HHA4213-%_HH-NOCHILDREN-RURAL,HH06 - Households with Internet access at home - %_HH - NOCHILDREN - RURAL,% of households,ITU Households Database,2021,Indonesia,IDN,Location,No Children,Rural,56.619734390992946,,BPS-Statistics Indonesia,2026-07-05
8816,HHA4213-%_HH-NOCHILDREN-,HH06 - Households with Internet access at home - %_HH - NOCHILDREN,% of households,ITU Households Database,2021,Indonesia,IDN,Family,No Children,,69.44456546932827,,BPS-Statistics Indonesia,2026-07-05
8820,HHA4213-%_HH-URBAN-,HH06 - Households with Internet access at home - %_HH - URBAN,% of households,ITU Households Database,2021,Indonesia,IDN,Location,Urban,,88.53167288602958,,BPS-Statistics Indonesia,2026-07-05
12047,xHH6_IDI,Estimated proportion of households with Internet access at home,% of households,ITU World Telecommunication Indicators Database,2021,Ireland,IRL,,,,91.1130608,,ITU estimate.,2026-02-02
12047,xHH6_IDI,Estimated proportion of households with Internet access at home,% of households,ITU World Telecommunication Indicators Database,2021,Iran (Islamic Republic of),IRN,,,,79.47219736,,Statistical Centre of Iran,2026-02-02
8816,HHA4213-%_HH-NOCHILDREN-,HH06 - Households with Internet access at home - %_HH - NOCHILDREN,% of households,ITU Households Database,2021,Iran (Islamic Republic of),IRN,Family,No Children,,66.40766307767943,,Statistical Centre of Iran,2026-07-05
8812,HHA4213-%_HH-CHILDREN-URBAN,HH06 - Households with Internet access at home - %_HH - CHILDREN - URBAN,% of households,ITU Households Database,2021,Iran (Islamic Republic of),IRN,Location,Children,Urban,96.13085849845591,,Statistical Centre of Iran,2026-07-05
8810,HHA4213-%_HH-CHILDREN-,HH06 - Households with Internet access at home - %_HH - CHILDREN,% of households,ITU Households Database,2021,Iran (Islamic Republic of),IRN,Family,Children,,93.76440109901964,,Statistical Centre of Iran,2026-07-06
8817,HHA4213-%_HH-NOCHILDREN-RURAL,HH06 - Households with Internet access at home - %_HH - NOCHILDREN - RURAL,% of households,ITU Households Database,2021,Iran (Islamic Republic of),IRN,Location,No Children,Rural,50.85006113476298,,Statistical Centre of Iran,2026-07-05
8819,HHA4213-%_HH-RURAL-,HH06 - Households with Internet access at home - %_HH - RURAL,% of households,ITU Households Database,2021,Iran (Islamic Republic of),IRN,Location,Rural,,69.17049266417372,,Statistical Centre of Iran,2026-07-06
8820,HHA4213-%_HH-URBAN-,HH06 - Households with Internet access at home - %_HH - URBAN,% of households,ITU Households Database,2021,Iran (Islamic Republic of),IRN,Location,Urban,,82.5467051323111,,Statistical Centre of Iran,2025-07-04
8818,HHA4213-%_HH-NOCHILDREN-URBAN,HH06 - Households with Internet access at home - %_HH - NOCHILDREN - URBAN,% of households,ITU Households Database,2021,Iran (Islamic Republic of),IRN,Location,No Children,Urban,70.64792796278418,,Statistical Centre of Iran,2026-07-05
8811,HHA4213-%_HH-CHILDREN-RURAL,HH06 - Households with Internet access at home - %_HH - CHILDREN - RURAL,% of households,ITU Households Database,2021,Iran (Islamic Republic of),IRN,Location,Children,Rural,86.54977000838151,,Statistical Centre of Iran,2026-07-06
12047,xHH6_IDI,Estimated proportion of households with Internet access at home,% of households,ITU World Telecommunication Indicators Database,2021,Iraq,IRQ,,,,79.78217123,,ITU estimate.,2026-02-02
12047,xHH6_IDI,Estimated proportion of households with Internet access at home,% of households,ITU World Telecommunication Indicators Database,2021,Iceland,ISL,,,,98.36372343,,Statistics Iceland,2026-02-02
12047,xHH6_IDI,Estimated proportion of households with Internet access at home,% of households,ITU World Telecommunication Indicators Database,2021,Israel,ISR,,,,82.95540689,Data from the Social survey 2021,Central Bureau of Statistics,2026-02-02
8818,HHA4213-%_HH-NOCHILDREN-URBAN,HH06 - Households with Internet access at home - %_HH - NOCHILDREN - URBAN,% of households,ITU Households Database,2021,Israel,ISR,Location,No Children,Urban,81.22050512653986,does not have children under 18,CENTRAL BUREAU OF STATISTICS,2026-07-07
8812,HHA4213-%_HH-CHILDREN-URBAN,HH06 - Households with Internet access at home - %_HH - CHILDREN - URBAN,% of households,ITU Households Database,2021,Israel,ISR,Location,Children,Urban,83.83246967547694,has children under 18,CENTRAL BUREAU OF STATISTICS,2026-07-07
8816,HHA4213-%_HH-NOCHILDREN-,HH06 - Households with Internet access at home - %_HH - NOCHILDREN,% of households,ITU Households Database,2021,Israel,ISR,Family,No Children,,81.69711526054598,does not have children under 18,CENTRAL BUREAU OF STATISTICS,2026-07-07
8819,HHA4213-%_HH-RURAL-,HH06 - Households with Internet access at home - %_HH - RURAL,% of households,ITU Households Database,2021,Israel,ISR,Location,Rural,,90.90433752556521,,CENTRAL BUREAU OF STATISTICS,2026-07-06
8811,HHA4213-%_HH-CHILDREN-RURAL,HH06 - Households with Internet access at home - %_HH - CHILDREN - RURAL,% of households,ITU Households Database,2021,Israel,ISR,Location,Children,Rural,94.35672307583374,has children under 18,CENTRAL BUREAU OF STATISTICS,2026-07-07
8820,HHA4213-%_HH-URBAN-,HH06 - Households with Internet access at home - %_HH - URBAN,% of households,ITU Households Database,2021,Israel,ISR,Location,Urban,,82.30822031861373,,CENTRAL BUREAU OF STATISTICS,2026-07-05
8810,HHA4213-%_HH-CHILDREN-,HH06 - Households with Internet access at home - %_HH - CHILDREN,% of households,ITU Households Database,2021,Israel,ISR,Family,Children,,84.69645094777856,has children under 18,CENTRAL BUREAU OF STATISTICS,2026-07-07
8817,HHA4213-%_HH-NOCHILDREN-RURAL,HH06 - Households with Internet access at home - %_HH - NOCHILDREN - RURAL,% of households,ITU Households Database,2021,Israel,ISR,Location,No Children,Rural,87.99348417524499,does not have children under 18,CENTRAL BUREAU OF STATISTICS,2026-07-07
8819,HHA4213-%_HH-RURAL-,HH06 - Households with Internet access at home - %_HH - RURAL,% of households,ITU Households Database,2021,Japan,JPN,Location,Rural,,86.53822704548226,Number of households*Survey result(%),Ministry of Internal Affairs and Communications,2026-07-06
8811,HHA4213-%_HH-CHILDREN-RURAL,HH06 - Households with Internet access at home - %_HH - CHILDREN - RURAL,% of households,ITU Households Database,2021,Japan,JPN,Location,Children,Rural,97.63914723136358,Number of households*Survey result(%),Ministry of Internal Affairs and Communications,2026-07-07
8817,HHA4213-%_HH-NOCHILDREN-RURAL,HH06 - Households with Internet access at home - %_HH - NOCHILDREN - RURAL,% of households,ITU Households Database,2021,Japan,JPN,Location,No Children,Rural,83.53282975014527,Number of households*Survey result(%),Ministry of Internal Affairs and Communications,2026-07-07
8818,HHA4213-%_HH-NOCHILDREN-URBAN,HH06 - Households with Internet access at home - %_HH - NOCHILDREN - URBAN,% of households,ITU Households Database,2021,Japan,JPN,Location,No Children,Urban,88.05944555587311,Number of households*Survey result(%),Ministry of Internal Affairs and Communications,2026-07-07
8816,HHA4213-%_HH-NOCHILDREN-,HH06 - Households with Internet access at home - %_HH - NOCHILDREN,% of households,ITU Households Database,2021,Japan,JPN,Family,No Children,,85.36134841837912,Number of households*Survey result(%),Ministry of Internal Affairs and Communications,2026-07-07
8810,HHA4213-%_HH-CHILDREN-,HH06 - Households with Internet access at home - %_HH - CHILDREN,% of households,ITU Households Database,2021,Japan,JPN,Family,Children,,98.14876033057851,Number of households*Survey result(%),Ministry of Internal Affairs and Communications,2026-07-07
8812,HHA4213-%_HH-CHILDREN-URBAN,HH06 - Households with Internet access at home - %_HH - CHILDREN - URBAN,% of households,ITU Households Database,2021,Japan,JPN,Location,Children,Urban,98.84562707884955,Number of households*Survey result(%),Ministry of Internal Affairs and Communications,2026-07-07
8820,HHA4213-%_HH-URBAN-,HH06 - Households with Internet access at home - %_HH - URBAN,% of households,ITU Households Database,2021,Japan,JPN,Location,Urban,,90.4940947494139,Number of households*Survey result(%),Ministry of Internal Affairs and Communications,2025-07-04
12047,xHH6_IDI,Estimated proportion of households with Internet access at home,% of households,ITU World Telecommunication Indicators Database,2021,Japan,JPN,,,,88.15376286,,Ministry of Internal Affairs and Communications,2026-02-02
12047,xHH6_IDI,Estimated proportion of households with Internet access at home,% of households,ITU World Telecommunication Indicators Database,2021,Jamaica,JAM,,,,75.37580105,,Statistical Institute of Jamaica,2026-02-02
8817,HHA4213-%_HH-NOCHILDREN-RURAL,HH06 - Households with Internet access at home - %_HH - NOCHILDREN - RURAL,% of households,ITU Households Database,2021,Jamaica,JAM,Location,No Children,Rural,56.45276462047462,,Statistical Institute of Jamaica,2026-07-07
8810,HHA4213-%_HH-CHILDREN-,HH06 - Households with Internet access at home - %_HH - CHILDREN,% of households,ITU Households Database,2021,Jamaica,JAM,Family,Children,,89.33873626210155,,Statistical Institute of Jamaica,2026-07-07
8819,HHA4213-%_HH-RURAL-,HH06 - Households with Internet access at home - %_HH - RURAL,% of households,ITU Households Database,2021,Jamaica,JAM,Location,Rural,,67.12513484358145,,Statistical Institute of Jamaica,2026-07-06
8812,HHA4213-%_HH-CHILDREN-URBAN,HH06 - Households with Internet access at home - %_HH - CHILDREN - URBAN,% of households,ITU Households Database,2021,Jamaica,JAM,Location,Children,Urban,94.16884197890182,,Statistical Institute of Jamaica,2026-07-07
8818,HHA4213-%_HH-NOCHILDREN-URBAN,HH06 - Households with Internet access at home - %_HH - NOCHILDREN - URBAN,% of households,ITU Households Database,2021,Jamaica,JAM,Location,No Children,Urban,75.62763183294997,,Statistical Institute of Jamaica,2026-07-07
8811,HHA4213-%_HH-CHILDREN-RURAL,HH06 - Households with Internet access at home - %_HH - CHILDREN - RURAL,% of households,ITU Households Database,2021,Jamaica,JAM,Location,Children,Rural,83.99107271598824,,Statistical Institute of Jamaica,2026-07-07
8820,HHA4213-%_HH-URBAN-,HH06 - Households with Internet access at home - %_HH - URBAN,% of households,ITU Households Database,2021,Jamaica,JAM,Location,Urban,,82.41775446415332,,Statistical Institute of Jamaica,2026-07-05
8816,HHA4213-%_HH-NOCHILDREN-,HH06 - Households with Internet access at home - %_HH - NOCHILDREN,% of households,ITU Households Database,2021,Jamaica,JAM,Family,No Children,,66.96078607161428,,Statistical Institute of Jamaica,2026-07-07
12047,xHH6_IDI,Estimated proportion of households with Internet access at home,% of households,ITU World Telecommunication Indicators Database,2021,Jordan,JOR,,,,90.09999923,,Ministry of Communications and Information Technology,2026-02-02
12047,xHH6_IDI,Estimated proportion of households with Internet access at home,% of households,ITU World Telecommunication Indicators Database,2021,Kiribati,KIR,,,,57.5486229,,ITU estimate.,2026-02-02
12047,xHH6_IDI,Estimated proportion of households with Internet access at home,% of households,ITU World Telecommunication Indicators Database,2021,Korea (Rep. of),KOR,,,,99.9324505,,Ministry of Science and ICT,2026-02-02
8810,HHA4213-%_HH-CHILDREN-,HH06 - Households with Internet access at home - %_HH - CHILDREN,% of households,ITU Households Database,2021,Korea (Rep. of),KOR,Family,Children,,99.9999999999985,,Ministriy of Sceience and ICT(MSIT),2025-07-04
8819,HHA4213-%_HH-RURAL-,HH06 - Households with Internet access at home - %_HH - RURAL,% of households,ITU Households Database,2021,Korea (Rep. of),KOR,Location,Rural,,99.91415268448418,,Ministriy of Sceience and ICT(MSIT),2026-07-06
8811,HHA4213-%_HH-CHILDREN-RURAL,HH06 - Households with Internet access at home - %_HH - CHILDREN - RURAL,% of households,ITU Households Database,2021,Korea (Rep. of),KOR,Location,Children,Rural,99.99999999999949,,Ministriy of Sceience and ICT(MSIT),2026-07-06
8817,HHA4213-%_HH-NOCHILDREN-RURAL,HH06 - Households with Internet access at home - %_HH - NOCHILDREN - RURAL,% of households,ITU Households Database,2021,Korea (Rep. of),KOR,Location,No Children,Rural,99.89915049921959,,Ministriy of Sceience and ICT(MSIT),2026-07-05
8820,HHA4213-%_HH-URBAN-,HH06 - Households with Internet access at home - %_HH - URBAN,% of households,ITU Households Database,2021,Korea (Rep. of),KOR,Location,Urban,,99.93891974975777,,Ministriy of Sceience and ICT(MSIT),2026-07-05
8818,HHA4213-%_HH-NOCHILDREN-URBAN,HH06 - Households with Internet access at home - %_HH - NOCHILDREN - URBAN,% of households,ITU Households Database,2021,Korea (Rep. of),KOR,Location,No Children,Urban,99.92673587896876,,Ministriy of Sceience and ICT(MSIT),2026-07-05
8812,HHA4213-%_HH-CHILDREN-URBAN,HH06 - Households with Internet access at home - %_HH - CHILDREN - URBAN,% of households,ITU Households Database,2021,Korea (Rep. of),KOR,Location,Children,Urban,99.99999999999683,,Ministriy of Sceience and ICT(MSIT),2026-07-05
8816,HHA4213-%_HH-NOCHILDREN-,HH06 - Households with Internet access at home - %_HH - NOCHILDREN,% of households,ITU Households Database,2021,Korea (Rep. of),KOR,Family,No Children,,99.91941876944979,,Ministriy of Sceience and ICT(MSIT),2026-07-05
8816,HHA4213-%_HH-NOCHILDREN-,HH06 - Households with Internet access at home - %_HH - NOCHILDREN,% of households,ITU Households Database,2021,Kuwait,KWT,Family,No Children,,99.01691000000001,,Communication and Information Technology Regulatory Authority,2026-07-07
8810,HHA4213-%_HH-CHILDREN-,HH06 - Households with Internet access at home - %_HH - CHILDREN,% of households,ITU Households Database,2021,Kuwait,KWT,Family,Children,,99.51159951159956,,Communication and Information Technology Regulatory Authority,2026-07-07
12047,xHH6_IDI,Estimated proportion of households with Internet access at home,% of households,ITU World Telecommunication Indicators Database,2021,Kuwait,KWT,,,,99.39545588,,Communication and Information Technology Regulatory Authority,2026-02-02
12047,xHH6_IDI,Estimated proportion of households with Internet access at home,% of households,ITU World Telecommunication Indicators Database,2021,Lao P.D.R.,LAO,,,,72,,Laos Statistical Information Service - Statistical Yearbook 2021,2024-12-18
12047,xHH6_IDI,Estimated proportion of households with Internet access at home,% of households,ITU World Telecommunication Indicators Database,2021,Lebanon,LBN,,,,75.69798936,,ITU estimate.,2026-02-02
12047,xHH6_IDI,Estimated proportion of households with Internet access at home,% of households,ITU World Telecommunication Indicators Database,2021,Liberia,LBR,,,,21.05932522,,ITU estimate.,2026-02-02
12047,xHH6_IDI,Estimated proportion of households with Internet access at home,% of households,ITU World Telecommunication Indicators Database,2021,Saint Lucia,LCA,,,,78.20927115,,ITU estimate.,2026-02-02
12047,xHH6_IDI,Estimated proportion of households with Internet access at home,% of households,ITU World Telecommunication Indicators Database,2021,Liechtenstein,LIE,,,,90.46696209,,ITU estimate.,2026-02-02
12047,xHH6_IDI,Estimated proportion of households with Internet access at home,% of households,ITU World Telecommunication Indicators Database,2021,Lithuania,LTU,,,,86.55311722,Households in which at least one of the members is between 16 and 74,State Data Agency (Statistics Lithuania),2026-02-02
8812,HHA4213-%_HH-CHILDREN-URBAN,HH06 - Households with Internet access at home - %_HH - CHILDREN - URBAN,% of households,ITU Households Database,2021,Lithuania,LTU,Location,Children,Urban,99.17392723793273,,Statistics Lithuania,2026-07-07
8811,HHA4213-%_HH-CHILDREN-RURAL,HH06 - Households with Internet access at home - %_HH - CHILDREN - RURAL,% of households,ITU Households Database,2021,Lithuania,LTU,Location,Children,Rural,98.47943919226148,,Statistics Lithuania,2026-07-07
8818,HHA4213-%_HH-NOCHILDREN-URBAN,HH06 - Households with Internet access at home - %_HH - NOCHILDREN - URBAN,% of households,ITU Households Database,2021,Lithuania,LTU,Location,No Children,Urban,84.9016152410808,,Statistics Lithuania,2025-07-04
8817,HHA4213-%_HH-NOCHILDREN-RURAL,HH06 - Households with Internet access at home - %_HH - NOCHILDREN - RURAL,% of households,ITU Households Database,2021,Lithuania,LTU,Location,No Children,Rural,77.76387310058908,,Statistics Lithuania,2026-07-07
8816,HHA4213-%_HH-NOCHILDREN-,HH06 - Households with Internet access at home - %_HH - NOCHILDREN,% of households,ITU Households Database,2021,Lithuania,LTU,Family,No Children,,82.62824067311827,,Statistics Lithuania,2026-07-07
8819,HHA4213-%_HH-RURAL-,HH06 - Households with Internet access at home - %_HH - RURAL,% of households,ITU Households Database,2021,Lithuania,LTU,Location,Rural,,82.3803069906526,,Statistics Lithuania,2025-07-04
8810,HHA4213-%_HH-CHILDREN-,HH06 - Households with Internet access at home - %_HH - CHILDREN,% of households,ITU Households Database,2021,Lithuania,LTU,Family,Children,,98.97324441473751,,Statistics Lithuania,2026-07-07
8820,HHA4213-%_HH-URBAN-,HH06 - Households with Internet access at home - %_HH - URBAN,% of households,ITU Households Database,2021,Lithuania,LTU,Location,Urban,,88.44028708029224,,Statistics Lithuania,2026-07-05
8816,HHA4213-%_HH-NOCHILDREN-,HH06 - Households with Internet access at home - %_HH - NOCHILDREN,% of households,ITU Households Database,2021,Luxembourg,LUX,Family,No Children,,98.80966840762784,,STATEC,2026-07-07
8819,HHA4213-%_HH-RURAL-,HH06 - Households with Internet access at home - %_HH - RURAL,% of households,ITU Households Database,2021,Luxembourg,LUX,Location,Rural,,98.9543029250189,,STATEC,2025-07-04
8817,HHA4213-%_HH-NOCHILDREN-RURAL,HH06 - Households with Internet access at home - %_HH - NOCHILDREN - RURAL,% of households,ITU Households Database,2021,Luxembourg,LUX,Location,No Children,Rural,98.46639976177084,,STATEC,2026-07-07
8812,HHA4213-%_HH-CHILDREN-URBAN,HH06 - Households with Internet access at home - %_HH - CHILDREN - URBAN,% of households,ITU Households Database,2021,Luxembourg,LUX,Location,Children,Urban,100,,STATEC,2025-07-04
8811,HHA4213-%_HH-CHILDREN-RURAL,HH06 - Households with Internet access at home - %_HH - CHILDREN - RURAL,% of households,ITU Households Database,2021,Luxembourg,LUX,Location,Children,Rural,100,,STATEC,2025-07-04
8820,HHA4213-%_HH-URBAN-,HH06 - Households with Internet access at home - %_HH - URBAN,% of households,ITU Households Database,2021,Luxembourg,LUX,Location,Urban,,99.30985642608515,,STATEC,2026-07-05
8810,HHA4213-%_HH-CHILDREN-,HH06 - Households with Internet access at home - %_HH - CHILDREN,% of households,ITU Households Database,2021,Luxembourg,LUX,Family,Children,,100,,STATEC,2025-07-04
8818,HHA4213-%_HH-NOCHILDREN-URBAN,HH06 - Households with Internet access at home - %_HH - NOCHILDREN - URBAN,% of households,ITU Households Database,2021,Luxembourg,LUX,Location,No Children,Urban,99.00877041472354,,STATEC,2026-07-07
12047,xHH6_IDI,Estimated proportion of households with Internet access at home,% of households,ITU World Telecommunication Indicators Database,2021,Luxembourg,LUX,,,,99.17760397,,Service Central de la Statistique et des Etudes Economiques (STATEC),2026-02-02
12047,xHH6_IDI,Estimated proportion of households with Internet access at home,% of households,ITU World Telecommunication Indicators Database,2021,Latvia,LVA,,,,91.14797247,,Central Statistical Bureau of Latvia,2026-02-02
8819,HHA4213-%_HH-RURAL-,HH06 - Households with Internet access at home - %_HH - RURAL,% of households,ITU Households Database,2021,Latvia,LVA,Location,Rural,,89.15768918449069,,Central Statistical Bureau of Latvia,2026-07-06
8810,HHA4213-%_HH-CHILDREN-,HH06 - Households with Internet access at home - %_HH - CHILDREN,% of households,ITU Households Database,2021,Latvia,LVA,Family,Children,,98.62811065829558,,Central Statistical Bureau of Latvia,2026-07-07
8816,HHA4213-%_HH-NOCHILDREN-,HH06 - Households with Internet access at home - %_HH - NOCHILDREN,% of households,ITU Households Database,2021,Latvia,LVA,Family,No Children,,89.20849141867227,,Central Statistical Bureau of Latvia,2026-07-07
8820,HHA4213-%_HH-URBAN-,HH06 - Households with Internet access at home - %_HH - URBAN,% of households,ITU Households Database,2021,Latvia,LVA,Location,Urban,,92.18545451314387,,Central Statistical Bureau of Latvia,2026-07-05
8810,HHA4213-%_HH-CHILDREN-,HH06 - Households with Internet access at home - %_HH - CHILDREN,% of households,ITU Households Database,2021,"Macao, China",MAC,Family,Children,,93.42723004694837,,Statistics and Census Service,2026-07-06
8816,HHA4213-%_HH-NOCHILDREN-,HH06 - Households with Internet access at home - %_HH - NOCHILDREN,% of households,ITU Households Database,2021,"Macao, China",MAC,Family,No Children,,88.32853025936599,,Statistics and Census Service,2026-07-06
12047,xHH6_IDI,Estimated proportion of households with Internet access at home,% of households,ITU World Telecommunication Indicators Database,2021,"Macao, China",MAC,,,,89.93586581,,Statistics and Census Service,2026-02-02
12047,xHH6_IDI,Estimated proportion of households with Internet access at home,% of households,ITU World Telecommunication Indicators Database,2021,Mauritius,MUS,,,,73.75,NSO estimate.,Statistics Mauritius,2025-12-05
12047,xHH6_IDI,Estimated proportion of households with Internet access at home,% of households,ITU World Telecommunication Indicators Database,2021,Monaco,MCO,,,,96.91789398,,ITU estimate.,2026-02-02
12047,xHH6_IDI,Estimated proportion of households with Internet access at home,% of households,ITU World Telecommunication Indicators Database,2021,Madagascar,MDG,,,,17.07834275,,ITU estimate.,2026-02-02
12047,xHH6_IDI,Estimated proportion of households with Internet access at home,% of households,ITU World Telecommunication Indicators Database,2021,Mexico,MEX,,,,66.44011638,,Instituto Nacional de Estadística y Geografía (INEGI),2026-02-02
8817,HHA4213-%_HH-NOCHILDREN-RURAL,HH06 - Households with Internet access at home - %_HH - NOCHILDREN - RURAL,% of households,ITU Households Database,2021,Mexico,MEX,Location,No Children,Rural,32.674073163365534,,Instituto Nacional de Estadística y Geografía (INEGI),2026-07-07
8816,HHA4213-%_HH-NOCHILDREN-,HH06 - Households with Internet access at home - %_HH - NOCHILDREN,% of households,ITU Households Database,2021,Mexico,MEX,Family,No Children,,63.16547022074277,,Instituto Nacional de Estadística y Geografía (INEGI),2026-07-07
8819,HHA4213-%_HH-RURAL-,HH06 - Households with Internet access at home - %_HH - RURAL,% of households,ITU Households Database,2021,Mexico,MEX,Location,Rural,,40.33546881358338,,Instituto Nacional de Estadística y Geografía (INEGI),2026-07-06
8820,HHA4213-%_HH-URBAN-,HH06 - Households with Internet access at home - %_HH - URBAN,% of households,ITU Households Database,2021,Mexico,MEX,Location,Urban,,74.22551845247993,,Instituto Nacional de Estadística y Geografía (INEGI),2026-07-05
8812,HHA4213-%_HH-CHILDREN-URBAN,HH06 - Households with Internet access at home - %_HH - CHILDREN - URBAN,% of households,ITU Households Database,2021,Mexico,MEX,Location,Children,Urban,78.68607779989834,,Instituto Nacional de Estadística y Geografía (INEGI),2026-07-07
8818,HHA4213-%_HH-NOCHILDREN-URBAN,HH06 - Households with Internet access at home - %_HH - NOCHILDREN - URBAN,% of households,ITU Households Database,2021,Mexico,MEX,Location,No Children,Urban,70.63800129221282,,Instituto Nacional de Estadística y Geografía (INEGI),2026-07-07
8811,HHA4213-%_HH-CHILDREN-RURAL,HH06 - Households with Internet access at home - %_HH - CHILDREN - RURAL,% of households,ITU Households Database,2021,Mexico,MEX,Location,Children,Rural,46.74285539641062,,Instituto Nacional de Estadística y Geografía (INEGI),2026-07-07
8810,HHA4213-%_HH-CHILDREN-,HH06 - Households with Internet access at home - %_HH - CHILDREN,% of households,ITU Households Database,2021,Mexico,MEX,Family,Children,,70.15571985234277,,Instituto Nacional de Estadística y Geografía (INEGI),2026-07-07
8820,HHA4213-%_HH-URBAN-,HH06 - Households with Internet access at home - %_HH - URBAN,% of households,ITU Households Database,2021,Malaysia,MYS,Location,Urban,,96.94550060379828,,"Department of Statistics, Malaysia",2026-07-05
8819,HHA4213-%_HH-RURAL-,HH06 - Households with Internet access at home - %_HH - RURAL,% of households,ITU Households Database,2021,Malaysia,MYS,Location,Rural,,89.15119974328185,,"Department of Statistics, Malaysia",2026-07-06
12047,xHH6_IDI,Estimated proportion of households with Internet access at home,% of households,ITU World Telecommunication Indicators Database,2021,Malaysia,MYS,,,,94.94864386,,Department of Statistics,2026-02-02
12047,xHH6_IDI,Estimated proportion of households with Internet access at home,% of households,ITU World Telecommunication Indicators Database,2021,Maldives,MDV,,,,92.08378872,,ITU estimate.,2026-02-02
12047,xHH6_IDI,Estimated proportion of households with Internet access at home,% of households,ITU World Telecommunication Indicators Database,2021,Mali,MLI,,,,42.11687769,,ITU estimate.,2026-02-02
12047,xHH6_IDI,Estimated proportion of households with Internet access at home,% of households,ITU World Telecommunication Indicators Database,2021,Malta,MLT,,,,90.5420225,Only households with at least one individual between the ages of 16 and 74 are considered.,National Statistics Office,2026-02-02
8817,HHA4213-%_HH-NOCHILDREN-RURAL,HH06 - Households with Internet access at home - %_HH - NOCHILDREN - RURAL,% of households,ITU Households Database,2021,Malta,MLT,Location,No Children,Rural,95.98827875368363,,National Statistics Office,2026-07-05
8818,HHA4213-%_HH-NOCHILDREN-URBAN,HH06 - Households with Internet access at home - %_HH - NOCHILDREN - URBAN,% of households,ITU Households Database,2021,Malta,MLT,Location,No Children,Urban,87.88322038429287,,National Statistics Office,2026-07-05
8810,HHA4213-%_HH-CHILDREN-,HH06 - Households with Internet access at home - %_HH - CHILDREN,% of households,ITU Households Database,2021,Malta,MLT,Family,Children,,98.80600681752387,,National Statistics Office,2026-07-06
8811,HHA4213-%_HH-CHILDREN-RURAL,HH06 - Households with Internet access at home - %_HH - CHILDREN - RURAL,% of households,ITU Households Database,2021,Malta,MLT,Location,Children,Rural,96.08753589414984,,National Statistics Office,2026-07-06
8820,HHA4213-%_HH-URBAN-,HH06 - Households with Internet access at home - %_HH - URBAN,% of households,ITU Households Database,2021,Malta,MLT,Location,Urban,,90.4164617323343,,National Statistics Office,2025-07-04
8819,HHA4213-%_HH-RURAL-,HH06 - Households with Internet access at home - %_HH - RURAL,% of households,ITU Households Database,2021,Malta,MLT,Location,Rural,,96.02911877835042,,National Statistics Office,2026-07-06
8812,HHA4213-%_HH-CHILDREN-URBAN,HH06 - Households with Internet access at home - %_HH - CHILDREN - URBAN,% of households,ITU Households Database,2021,Malta,MLT,Location,Children,Urban,98.91749683407984,,National Statistics Office,2026-07-05
8816,HHA4213-%_HH-NOCHILDREN-,HH06 - Households with Internet access at home - %_HH - NOCHILDREN,% of households,ITU Households Database,2021,Malta,MLT,Family,No Children,,88.02247190078631,,National Statistics Office,2026-07-05
12047,xHH6_IDI,Estimated proportion of households with Internet access at home,% of households,ITU World Telecommunication Indicators Database,2021,Mongolia,MNG,,,,80.03042933,,National Statistical Office of Mongolia,2026-02-02
12047,xHH6_IDI,Estimated proportion of households with Internet access at home,% of households,ITU World Telecommunication Indicators Database,2021,Mozambique,MOZ,,,,8.882682986,,ITU estimate.,2026-02-02
12047,xHH6_IDI,Estimated proportion of households with Internet access at home,% of households,ITU World Telecommunication Indicators Database,2021,Morocco,MAR,,,,86.21103141,,Agence Nationale de Réglementation des Télécommunications,2026-02-02
8819,HHA4213-%_HH-RURAL-,HH06 - Households with Internet access at home - %_HH - RURAL,% of households,ITU Households Database,2021,Morocco,MAR,Location,Rural,,75.0637438932161,,Agence Nationale de Réglementation des Télécommunications (ANRT),2025-07-04
8820,HHA4213-%_HH-URBAN-,HH06 - Households with Internet access at home - %_HH - URBAN,% of households,ITU Households Database,2021,Morocco,MAR,Location,Urban,,91.14222139377274,,Agence Nationale de Réglementation des Télécommunications (ANRT),2026-07-05
12047,xHH6_IDI,Estimated proportion of households with Internet access at home,% of households,ITU World Telecommunication Indicators Database,2021,Marshall Islands,MHL,,,,67.17065002,,ITU estimate.,2026-02-02
12047,xHH6_IDI,Estimated proportion of households with Internet access at home,% of households,ITU World Telecommunication Indicators Database,2021,Mauritania,MRT,,,,51.19281764,,ITU estimate.,2026-02-02
12047,xHH6_IDI,Estimated proportion of households with Internet access at home,% of households,ITU World Telecommunication Indicators Database,2021,Malawi,MWI,,,,14.68171664,,ITU estimate.,2026-02-02
12047,xHH6_IDI,Estimated proportion of households with Internet access at home,% of households,ITU World Telecommunication Indicators Database,2021,Nicaragua,NIC,,,,41.36171849,,ITU estimate.,2026-02-02
12047,xHH6_IDI,Estimated proportion of households with Internet access at home,% of households,ITU World Telecommunication Indicators Database,2021,Niger,NER,,,,41.93599784,,ITU estimate.,2024-12-18
12047,xHH6_IDI,Estimated proportion of households with Internet access at home,% of households,ITU World Telecommunication Indicators Database,2021,Nigeria,NGA,,,,34.6,,MICS 2021,2024-12-18
12047,xHH6_IDI,Estimated proportion of households with Internet access at home,% of households,ITU World Telecommunication Indicators Database,2021,Namibia,NAM,,,,67.22095016,,ITU estimate.,2026-02-02
12047,xHH6_IDI,Estimated proportion of households with Internet access at home,% of households,ITU World Telecommunication Indicators Database,2021,Norway,NOR,,,,98.99998773,,Statistics Norway,2026-02-02
8810,HHA4213-%_HH-CHILDREN-,HH06 - Households with Internet access at home - %_HH - CHILDREN,% of households,ITU Households Database,2021,Norway,NOR,Family,Children,,99.00000000000001,,Statistics Norway,2026-07-06
8816,HHA4213-%_HH-NOCHILDREN-,HH06 - Households with Internet access at home - %_HH - NOCHILDREN,% of households,ITU Households Database,2021,Norway,NOR,Family,No Children,,99,,Statistics Norway,2025-07-04
8820,HHA4213-%_HH-URBAN-,HH06 - Households with Internet access at home - %_HH - URBAN,% of households,ITU Households Database,2021,Nepal (Republic of),NPL,Location,Urban,,45.70115218923105,Number of households with Internet access at home,Central Bureau of Statistics,2026-07-05
8819,HHA4213-%_HH-RURAL-,HH06 - Households with Internet access at home - %_HH - RURAL,% of households,ITU Households Database,2021,Nepal (Republic of),NPL,Location,Rural,,21.477150157675027,Number of households with Internet access at home,Central Bureau of Statistics,2026-07-06
12047,xHH6_IDI,Estimated proportion of households with Internet access at home,% of households,ITU World Telecommunication Indicators Database,2021,Nepal (Republic of),NPL,,,,37.7506384,Number of households with Internet access at home,National Statistics Office,2026-07-08
12047,xHH6_IDI,Estimated proportion of households with Internet access at home,% of households,ITU World Telecommunication Indicators Database,2021,New Zealand,NZL,,,,95.9877334,,ITU estimate.,2026-02-02
12047,xHH6_IDI,Estimated proportion of households with Internet access at home,% of households,ITU World Telecommunication Indicators Database,2021,Oman,OMN,,,,95.58050013,,ITU estimate.,2026-02-02
12047,xHH6_IDI,Estimated proportion of households with Internet access at home,% of households,ITU World Telecommunication Indicators Database,2021,Pakistan,PAK,,,,,,,2026-01-23
12047,xHH6_IDI,Estimated proportion of households with Internet access at home,% of households,ITU World Telecommunication Indicators Database,2021,Philippines,PHL,,,,69.04023319,,ITU estimate.,2026-02-02
12047,xHH6_IDI,Estimated proportion of households with Internet access at home,% of households,ITU World Telecommunication Indicators Database,2021,Papua New Guinea,PNG,,,,31.60863154,,ITU estimate.,2026-02-02
12047,xHH6_IDI,Estimated proportion of households with Internet access at home,% of households,ITU World Telecommunication Indicators Database,2021,Panama,PAN,,,,72.96129581,,ITU estimate.,2026-02-02
12047,xHH6_IDI,Estimated proportion of households with Internet access at home,% of households,ITU World Telecommunication Indicators Database,2021,Poland,POL,,,,92.4198134,Households with at least one person aged 16-74,Statistics Poland,2026-02-02
8819,HHA4213-%_HH-RURAL-,HH06 - Households with Internet access at home - %_HH - RURAL,% of households,ITU Households Database,2021,Poland,POL,Location,Rural,,91.76926908121031,Households with at least one person aged 16-74,Statistics Poland,2026-07-06
8820,HHA4213-%_HH-URBAN-,HH06 - Households with Internet access at home - %_HH - URBAN,% of households,ITU Households Database,2021,Poland,POL,Location,Urban,,92.73784530861292,Households with at least one person aged 16-74,Statistics Poland,2026-07-05
8816,HHA4213-%_HH-NOCHILDREN-,HH06 - Households with Internet access at home - %_HH - NOCHILDREN,% of households,ITU Households Database,2021,Poland,POL,Family,No Children,,88.84465461520972,Households without children under 16,Statistics Poland,2026-07-05
8810,HHA4213-%_HH-CHILDREN-,HH06 - Households with Internet access at home - %_HH - CHILDREN,% of households,ITU Households Database,2021,Poland,POL,Family,Children,,99.68247486729555,Households with children under 16,Statistics Poland,2026-07-06
8818,HHA4213-%_HH-NOCHILDREN-URBAN,HH06 - Households with Internet access at home - %_HH - NOCHILDREN - URBAN,% of households,ITU Households Database,2021,Portugal,PRT,Location,No Children,Urban,89.34921635976045,,Statistics Portugal,2026-07-05
8817,HHA4213-%_HH-NOCHILDREN-RURAL,HH06 - Households with Internet access at home - %_HH - NOCHILDREN - RURAL,% of households,ITU Households Database,2021,Portugal,PRT,Location,No Children,Rural,77.5638087269481,,Statistics Portugal,2025-07-04
8811,HHA4213-%_HH-CHILDREN-RURAL,HH06 - Households with Internet access at home - %_HH - CHILDREN - RURAL,% of households,ITU Households Database,2021,Portugal,PRT,Location,Children,Rural,96.61078854220938,,Statistics Portugal,2026-07-06
8820,HHA4213-%_HH-URBAN-,HH06 - Households with Internet access at home - %_HH - URBAN,% of households,ITU Households Database,2021,Portugal,PRT,Location,Urban,,90.87105543494857,,Statistics Portugal,2026-07-05
8812,HHA4213-%_HH-CHILDREN-URBAN,HH06 - Households with Internet access at home - %_HH - CHILDREN - URBAN,% of households,ITU Households Database,2021,Portugal,PRT,Location,Children,Urban,98.96811443086838,,Statistics Portugal,2026-07-05
8819,HHA4213-%_HH-RURAL-,HH06 - Households with Internet access at home - %_HH - RURAL,% of households,ITU Households Database,2021,Portugal,PRT,Location,Rural,,80.55557195970428,,Statistics Portugal,2026-07-06
8816,HHA4213-%_HH-NOCHILDREN-,HH06 - Households with Internet access at home - %_HH - NOCHILDREN,% of households,ITU Households Database,2021,Portugal,PRT,Family,No Children,,85.3134313626032,,Statistics Portugal,2025-07-04
8810,HHA4213-%_HH-CHILDREN-,HH06 - Households with Internet access at home - %_HH - CHILDREN,% of households,ITU Households Database,2021,Portugal,PRT,Family,Children,,98.16544466614604,,Statistics Portugal,2026-07-06
12047,xHH6_IDI,Estimated proportion of households with Internet access at home,% of households,ITU World Telecommunication Indicators Database,2021,Portugal,PRT,,,,87.34178677,Households with at least one individual aged#16 to 74 years old,Instituto Nacional de Estatistica,2026-02-02
12047,xHH6_IDI,Estimated proportion of households with Internet access at home,% of households,ITU World Telecommunication Indicators Database,2021,Paraguay,PRY,,,,45.38201685,Includes fixed and mobile networks,Instituto Nacional de Estadistica,2026-02-02
12047,xHH6_IDI,Estimated proportion of households with Internet access at home,% of households,ITU World Telecommunication Indicators Database,2021,Peru,PER,,,,48.65152087,,Instituto Nacional de Estadistica e Informatica,2026-02-02
8817,HHA4213-%_HH-NOCHILDREN-RURAL,HH06 - Households with Internet access at home - %_HH - NOCHILDREN - RURAL,% of households,ITU Households Database,2021,Peru,PER,Location,No Children,Rural,12.358827783236094,,Instituto Nacional de Estadística e Informática - INEI,2026-07-07
8820,HHA4213-%_HH-URBAN-,HH06 - Households with Internet access at home - %_HH - URBAN,% of households,ITU Households Database,2021,Peru,PER,Location,Urban,,57.225352588386315,,Instituto Nacional de Estadística e Informática - INEI,2026-07-05
8818,HHA4213-%_HH-NOCHILDREN-URBAN,HH06 - Households with Internet access at home - %_HH - NOCHILDREN - URBAN,% of households,ITU Households Database,2021,Peru,PER,Location,No Children,Urban,54.750519046503356,,Instituto Nacional de Estadística e Informática - INEI,2026-07-07
8812,HHA4213-%_HH-CHILDREN-URBAN,HH06 - Households with Internet access at home - %_HH - CHILDREN - URBAN,% of households,ITU Households Database,2021,Peru,PER,Location,Children,Urban,59.86138120380245,,Instituto Nacional de Estadística e Informática - INEI,2026-07-07
8816,HHA4213-%_HH-NOCHILDREN-,HH06 - Households with Internet access at home - %_HH - NOCHILDREN,% of households,ITU Households Database,2021,Peru,PER,Family,No Children,,45.44409530126697,,Instituto Nacional de Estadística e Informática - INEI,2026-07-07
8810,HHA4213-%_HH-CHILDREN-,HH06 - Households with Internet access at home - %_HH - CHILDREN,% of households,ITU Households Database,2021,Peru,PER,Family,Children,,52.096867258860215,,Instituto Nacional de Estadística e Informática - INEI,2026-07-07
8811,HHA4213-%_HH-CHILDREN-RURAL,HH06 - Households with Internet access at home - %_HH - CHILDREN - RURAL,% of households,ITU Households Database,2021,Peru,PER,Location,Children,Rural,23.39247041603305,,Instituto Nacional de Estadística e Informática - INEI,2026-07-07
8819,HHA4213-%_HH-RURAL-,HH06 - Households with Internet access at home - %_HH - RURAL,% of households,ITU Households Database,2021,Peru,PER,Location,Rural,,17.59397479954881,,Instituto Nacional de Estadística e Informática - INEI,2026-07-06
12047,xHH6_IDI,Estimated proportion of households with Internet access at home,% of households,ITU World Telecommunication Indicators Database,2021,Puerto Rico,PRI,,,,77.59716702,"Source: U.S. Census Bureau, 2021 American Community Survey 1-Year Estimate - Table S2801: Types of computers and Internet Subscriptions#https://data.census.gov/table?t=Computer+and+Internet+Use&g=040XX00US72&tid=ACSST1Y2021.S2801",Puerto Rico Institute of Statistics,2026-02-02
12047,xHH6_IDI,Estimated proportion of households with Internet access at home,% of households,ITU World Telecommunication Indicators Database,2021,Qatar,QAT,,,,97.75085163,,ITU estimate.,2026-02-02
12047,xHH6_IDI,Estimated proportion of households with Internet access at home,% of households,ITU World Telecommunication Indicators Database,2021,Romania,ROU,,,,88.7443143,Number of households with at least one member aged 16-74,National Institute of Statistics,2026-02-02
8818,HHA4213-%_HH-NOCHILDREN-URBAN,HH06 - Households with Internet access at home - %_HH - NOCHILDREN - URBAN,% of households,ITU Households Database,2021,Romania,ROU,Location,No Children,Urban,89.1770026814353,Number of households which does not have children under 16,National Institute of Statistics,2025-07-04
8820,HHA4213-%_HH-URBAN-,HH06 - Households with Internet access at home - %_HH - URBAN,% of households,ITU Households Database,2021,Romania,ROU,Location,Urban,,92.55671836443936,Number of households with at least one member aged 16-74,National Institute of Statistics,2026-07-05
8819,HHA4213-%_HH-RURAL-,HH06 - Households with Internet access at home - %_HH - RURAL,% of households,ITU Households Database,2021,Romania,ROU,Location,Rural,,83.59438222824834,Number of households with at least one member aged 16-74,National Institute of Statistics,2026-07-06
8812,HHA4213-%_HH-CHILDREN-URBAN,HH06 - Households with Internet access at home - %_HH - CHILDREN - URBAN,% of households,ITU Households Database,2021,Romania,ROU,Location,Children,Urban,99.64099740599958,Number of households which have children under 16,National Institute of Statistics,2026-07-05
8810,HHA4213-%_HH-CHILDREN-,HH06 - Households with Internet access at home - %_HH - CHILDREN,% of households,ITU Households Database,2021,Romania,ROU,Family,Children,,98.59543526820653,Number of households which have children under 16,National Institute of Statistics,2026-07-06
8817,HHA4213-%_HH-NOCHILDREN-RURAL,HH06 - Households with Internet access at home - %_HH - NOCHILDREN - RURAL,% of households,ITU Households Database,2021,Romania,ROU,Location,No Children,Rural,77.06903807324424,Number of households which does not have children under 16,National Institute of Statistics,2026-07-05
8811,HHA4213-%_HH-CHILDREN-RURAL,HH06 - Households with Internet access at home - %_HH - CHILDREN - RURAL,% of households,ITU Households Database,2021,Romania,ROU,Location,Children,Rural,97.18898830571628,Number of households which have children under 16,National Institute of Statistics,2026-07-06
8816,HHA4213-%_HH-NOCHILDREN-,HH06 - Households with Internet access at home - %_HH - NOCHILDREN,% of households,ITU Households Database,2021,Romania,ROU,Family,No Children,,84.03236234267388,Number of households which does not have children under 16,National Institute of Statistics,2026-07-05
12047,xHH6_IDI,Estimated proportion of households with Internet access at home,% of households,ITU World Telecommunication Indicators Database,2021,Rwanda,RWA,,,,28.7584099,,ITU estimate.,2026-02-02
12047,xHH6_IDI,Estimated proportion of households with Internet access at home,% of households,ITU World Telecommunication Indicators Database,2021,Russian Federation,RUS,,,,83.99658093,,Federal State Statistics Service of the Russian Federation,2026-02-02
8819,HHA4213-%_HH-RURAL-,HH06 - Households with Internet access at home - %_HH - RURAL,% of households,ITU Households Database,2021,Russian Federation,RUS,Location,Rural,,77.9524579066166,,Federal State Statistics Service,2025-07-04
8820,HHA4213-%_HH-URBAN-,HH06 - Households with Internet access at home - %_HH - URBAN,% of households,ITU Households Database,2021,Russian Federation,RUS,Location,Urban,,85.96283316182182,,Federal State Statistics Service,2026-07-05
12047,xHH6_IDI,Estimated proportion of households with Internet access at home,% of households,ITU World Telecommunication Indicators Database,2021,Sweden,SWE,,,,90.72945988,,Statistics Sweden,2026-02-02
12047,xHH6_IDI,Estimated proportion of households with Internet access at home,% of households,ITU World Telecommunication Indicators Database,2021,Saint Kitts and Nevis,KNA,,,,72.59312154,,ITU estimate.,2026-02-02
12047,xHH6_IDI,Estimated proportion of households with Internet access at home,% of households,ITU World Telecommunication Indicators Database,2021,Senegal,SEN,,,,58.07692062,,ITU estimate.,2026-02-02
12047,xHH6_IDI,Estimated proportion of households with Internet access at home,% of households,ITU World Telecommunication Indicators Database,2021,Seychelles,SYC,,,,60.6017078,,ITU estimate.,2026-02-02
12047,xHH6_IDI,Estimated proportion of households with Internet access at home,% of households,ITU World Telecommunication Indicators Database,2021,Solomon Islands,SLB,,,,29.01282273,,ITU estimate.,2026-02-02
12047,xHH6_IDI,Estimated proportion of households with Internet access at home,% of households,ITU World Telecommunication Indicators Database,2021,El Salvador,SLV,,,,31.23638995,,ITU estimate.,2026-02-02
12047,xHH6_IDI,Estimated proportion of households with Internet access at home,% of households,ITU World Telecommunication Indicators Database,2021,Samoa,WSM,,,,84.61316119,,Samoa Bureau of Statistics,2026-01-15
8820,HHA4213-%_HH-URBAN-,HH06 - Households with Internet access at home - %_HH - URBAN,% of households,ITU Households Database,2021,Samoa,WSM,Location,Urban,,93.48196051735874,,Samoa Bureau of Statistics,2026-01-12
8819,HHA4213-%_HH-RURAL-,HH06 - Households with Internet access at home - %_HH - RURAL,% of households,ITU Households Database,2021,Samoa,WSM,Location,Rural,,82.55017616088041,,Samoa Bureau of Statistics,2026-01-12
12047,xHH6_IDI,Estimated proportion of households with Internet access at home,% of households,ITU World Telecommunication Indicators Database,2021,San Marino,SMR,,,,88.04820924,,ITU estimate.,2026-02-02
12047,xHH6_IDI,Estimated proportion of households with Internet access at home,% of households,ITU World Telecommunication Indicators Database,2021,Singapore,SGP,,,,99.32403279,,Infocomm Media Development Authority,2026-02-02
8816,HHA4213-%_HH-NOCHILDREN-,HH06 - Households with Internet access at home - %_HH - NOCHILDREN,% of households,ITU Households Database,2021,Singapore,SGP,Family,No Children,,99.02684839849181,,Infocomm Media Development Authority (IMDA),2026-07-05
8810,HHA4213-%_HH-CHILDREN-,HH06 - Households with Internet access at home - %_HH - CHILDREN,% of households,ITU Households Database,2021,Singapore,SGP,Family,Children,,100,,Infocomm Media Development Authority (IMDA),2025-07-04
12047,xHH6_IDI,Estimated proportion of households with Internet access at home,% of households,ITU World Telecommunication Indicators Database,2021,Sao Tome and Principe,STP,,,,41.81970288,,ITU estimate.,2026-02-02
12047,xHH6_IDI,Estimated proportion of households with Internet access at home,% of households,ITU World Telecommunication Indicators Database,2021,Switzerland,CHE,,,,96.17608971,Break in time series: change of the positionning of the question in the 2021 questionnaire and questions for plausibility checks,Swiss Federal Statistical Office,2026-02-02
8816,HHA4213-%_HH-NOCHILDREN-,HH06 - Households with Internet access at home - %_HH - NOCHILDREN,% of households,ITU Households Database,2021,Switzerland,CHE,Family,No Children,,95.2298157476823,Break in time series: change of the positionning of the question in the 2021 questionnaire and questions for plausibility checks,Office fédéral de la statistique,2025-07-04
8812,HHA4213-%_HH-CHILDREN-URBAN,HH06 - Households with Internet access at home - %_HH - CHILDREN - URBAN,% of households,ITU Households Database,2021,Switzerland,CHE,Location,Children,Urban,99.84914101352695,Break in time series: change of the positionning of the question in the 2021 questionnaire and questions for plausibility checks,Office fédéral de la statistique,2026-07-07
8819,HHA4213-%_HH-RURAL-,HH06 - Households with Internet access at home - %_HH - RURAL,% of households,ITU Households Database,2021,Switzerland,CHE,Location,Rural,,94.91371911497394,Break in time series: change of the positionning of the question in the 2021 questionnaire and questions for plausibility checks,Office fédéral de la statistique,2026-07-06
8817,HHA4213-%_HH-NOCHILDREN-RURAL,HH06 - Households with Internet access at home - %_HH - NOCHILDREN - RURAL,% of households,ITU Households Database,2021,Switzerland,CHE,Location,No Children,Rural,93.5076428333216,Break in time series: change of the positionning of the question in the 2021 questionnaire and questions for plausibility checks,Office fédéral de la statistique,2025-07-04
8811,HHA4213-%_HH-CHILDREN-RURAL,HH06 - Households with Internet access at home - %_HH - CHILDREN - RURAL,% of households,ITU Households Database,2021,Switzerland,CHE,Location,Children,Rural,99.68772455451797,Break in time series: change of the positionning of the question in the 2021 questionnaire and questions for plausibility checks,Office fédéral de la statistique,2026-07-07
8810,HHA4213-%_HH-CHILDREN-,HH06 - Households with Internet access at home - %_HH - CHILDREN,% of households,ITU Households Database,2021,Switzerland,CHE,Family,Children,,99.80354210940826,Break in time series: change of the positionning of the question in the 2021 questionnaire and questions for plausibility checks,Office fédéral de la statistique,2026-07-07
8818,HHA4213-%_HH-NOCHILDREN-URBAN,HH06 - Households with Internet access at home - %_HH - NOCHILDREN - URBAN,% of households,ITU Households Database,2021,Switzerland,CHE,Location,No Children,Urban,95.80450129465909,Break in time series: change of the positionning of the question in the 2021 questionnaire and questions for plausibility checks,Office fédéral de la statistique,2026-07-07
8820,HHA4213-%_HH-URBAN-,HH06 - Households with Internet access at home - %_HH - URBAN,% of households,ITU Households Database,2021,Switzerland,CHE,Location,Urban,,96.61247520972564,Break in time series: change of the positionning of the question in the 2021 questionnaire and questions for plausibility checks,Office fédéral de la statistique,2026-07-05
12047,xHH6_IDI,Estimated proportion of households with Internet access at home,% of households,ITU World Telecommunication Indicators Database,2021,Suriname,SUR,,,,73.96494656,,ITU estimate.,2026-02-02
12047,xHH6_IDI,Estimated proportion of households with Internet access at home,% of households,ITU World Telecommunication Indicators Database,2021,Slovenia,SVN,,,,93.04206836,"Households, with at least one member aged 16 to 74 years.",Statistical Office of the Republic of Slovenia,2026-02-02
8816,HHA4213-%_HH-NOCHILDREN-,HH06 - Households with Internet access at home - %_HH - NOCHILDREN,% of households,ITU Households Database,2021,Slovenia,SVN,Family,No Children,,91.26675282188464,"Households, with at least one member aged 16 to 74 years.",Statistical Office of the Republic of Slovenia ,2026-07-06
8810,HHA4213-%_HH-CHILDREN-,HH06 - Households with Internet access at home - %_HH - CHILDREN,% of households,ITU Households Database,2021,Slovenia,SVN,Family,Children,,98.26453135966311,"Households, with at least one member aged 16 to 74 years.",Statistical Office of the Republic of Slovenia ,2026-07-06
12047,xHH6_IDI,Estimated proportion of households with Internet access at home,% of households,ITU World Telecommunication Indicators Database,2021,Eswatini,SWZ,,,,58.23811277,,ITU estimate.,2026-02-02
12047,xHH6_IDI,Estimated proportion of households with Internet access at home,% of households,ITU World Telecommunication Indicators Database,2021,Czech Republic,CZE,,,,83.00309977,,Czech Statistical Office,2026-02-02
8819,HHA4213-%_HH-RURAL-,HH06 - Households with Internet access at home - %_HH - RURAL,% of households,ITU Households Database,2021,Czech Republic,CZE,Location,Rural,,80.43934953445549,,Czech Statistical Office,2026-07-06
8817,HHA4213-%_HH-NOCHILDREN-RURAL,HH06 - Households with Internet access at home - %_HH - NOCHILDREN - RURAL,% of households,ITU Households Database,2021,Czech Republic,CZE,Location,No Children,Rural,73.68003258070974,,Czech Statistical Office,2026-07-05
8818,HHA4213-%_HH-NOCHILDREN-URBAN,HH06 - Households with Internet access at home - %_HH - NOCHILDREN - URBAN,% of households,ITU Households Database,2021,Czech Republic,CZE,Location,No Children,Urban,79.1553715605773,,Czech Statistical Office,2025-07-04
8810,HHA4213-%_HH-CHILDREN-,HH06 - Households with Internet access at home - %_HH - CHILDREN,% of households,ITU Households Database,2021,Czech Republic,CZE,Family,Children,,99.30830081447749,,Czech Statistical Office,2026-07-06
8816,HHA4213-%_HH-NOCHILDREN-,HH06 - Households with Internet access at home - %_HH - NOCHILDREN,% of households,ITU Households Database,2021,Czech Republic,CZE,Family,No Children,,77.2583055582046,,Czech Statistical Office,2025-07-04
8812,HHA4213-%_HH-CHILDREN-URBAN,HH06 - Households with Internet access at home - %_HH - CHILDREN - URBAN,% of households,ITU Households Database,2021,Czech Republic,CZE,Location,Children,Urban,99.47520679178356,,Czech Statistical Office,2026-07-05
8820,HHA4213-%_HH-URBAN-,HH06 - Households with Internet access at home - %_HH - URBAN,% of households,ITU Households Database,2021,Czech Republic,CZE,Location,Urban,,84.38031500692045,,Czech Statistical Office,2026-07-05
8811,HHA4213-%_HH-CHILDREN-RURAL,HH06 - Households with Internet access at home - %_HH - CHILDREN - RURAL,% of households,ITU Households Database,2021,Czech Republic,CZE,Location,Children,Rural,99.00869701257974,,Czech Statistical Office,2026-07-06
12047,xHH6_IDI,Estimated proportion of households with Internet access at home,% of households,ITU World Telecommunication Indicators Database,2021,Togo,TGO,,,,43.17478683,,ITU estimate.,2026-02-02
12047,xHH6_IDI,Estimated proportion of households with Internet access at home,% of households,ITU World Telecommunication Indicators Database,2021,Thailand,THA,,,,88.69131539,,National Statistical Office,2026-02-02
8812,HHA4213-%_HH-CHILDREN-URBAN,HH06 - Households with Internet access at home - %_HH - CHILDREN - URBAN,% of households,ITU Households Database,2021,Thailand,THA,Location,Children,Urban,98.34698591919889,,,2026-07-07
8818,HHA4213-%_HH-NOCHILDREN-URBAN,HH06 - Households with Internet access at home - %_HH - NOCHILDREN - URBAN,% of households,ITU Households Database,2021,Thailand,THA,Location,No Children,Urban,90.31646086143145,,,2026-07-07
8817,HHA4213-%_HH-NOCHILDREN-RURAL,HH06 - Households with Internet access at home - %_HH - NOCHILDREN - RURAL,% of households,ITU Households Database,2021,Thailand,THA,Location,No Children,Rural,79.78826377814453,,,2026-07-07
8816,HHA4213-%_HH-NOCHILDREN-,HH06 - Households with Internet access at home - %_HH - NOCHILDREN,% of households,ITU Households Database,2021,Thailand,THA,Family,No Children,,85.0693337935013,,,2025-07-04
8810,HHA4213-%_HH-CHILDREN-,HH06 - Households with Internet access at home - %_HH - CHILDREN,% of households,ITU Households Database,2021,Thailand,THA,Family,Children,,97.20498043737963,,,2026-07-07
8820,HHA4213-%_HH-URBAN-,HH06 - Households with Internet access at home - %_HH - URBAN,% of households,ITU Households Database,2021,Thailand,THA,Location,Urban,,92.283833000601,,,2025-07-04
8811,HHA4213-%_HH-CHILDREN-RURAL,HH06 - Households with Internet access at home - %_HH - CHILDREN - RURAL,% of households,ITU Households Database,2021,Thailand,THA,Location,Children,Rural,96.49712529310503,,,2026-07-07
8819,HHA4213-%_HH-RURAL-,HH06 - Households with Internet access at home - %_HH - RURAL,% of households,ITU Households Database,2021,Thailand,THA,Location,Rural,,85.5552622498132,,,2025-07-04
12047,xHH6_IDI,Estimated proportion of households with Internet access at home,% of households,ITU World Telecommunication Indicators Database,2021,Tonga,TON,,,,33.8,"Private household residence only, not including visitors",Tonga Statistics Department ,2024-12-18
12047,xHH6_IDI,Estimated proportion of households with Internet access at home,% of households,ITU World Telecommunication Indicators Database,2021,Trinidad and Tobago,TTO,,,,80.6,,Telecommunications Authority of Trinidad and Tobago,2024-12-18
12047,xHH6_IDI,Estimated proportion of households with Internet access at home,% of households,ITU World Telecommunication Indicators Database,2021,Tunisia,TUN,,,,60.23648665,,ITU estimate.,2026-02-02
12047,xHH6_IDI,Estimated proportion of households with Internet access at home,% of households,ITU World Telecommunication Indicators Database,2021,Türkiye,TUR,,,,91.97529941,,Turkish Statistical Institute,2026-02-02
12047,xHH6_IDI,Estimated proportion of households with Internet access at home,% of households,ITU World Telecommunication Indicators Database,2021,Tuvalu,TUV,,,,54.63516881,,ITU estimate.,2026-02-02
12047,xHH6_IDI,Estimated proportion of households with Internet access at home,% of households,ITU World Telecommunication Indicators Database,2021,United Arab Emirates,ARE,,,,99.89999866,,Telecommunications Regulatory Authority,2026-02-02
12047,xHH6_IDI,Estimated proportion of households with Internet access at home,% of households,ITU World Telecommunication Indicators Database,2021,Uganda,UGA,,,,21.72415876,,ITU estimate.,2026-02-02
12047,xHH6_IDI,Estimated proportion of households with Internet access at home,% of households,ITU World Telecommunication Indicators Database,2021,Ukraine,UKR,,,,82.67547877,,State Statistics Service of Ukraine,2026-02-02
8812,HHA4213-%_HH-CHILDREN-URBAN,HH06 - Households with Internet access at home - %_HH - CHILDREN - URBAN,% of households,ITU Households Database,2021,Ukraine,UKR,Location,Children,Urban,99.19927856019034,,State Statistics Service of Ukraine,2026-07-05
8819,HHA4213-%_HH-RURAL-,HH06 - Households with Internet access at home - %_HH - RURAL,% of households,ITU Households Database,2021,Ukraine,UKR,Location,Rural,,72.79448746229733,,State Statistics Service of Ukraine,2026-07-06
8816,HHA4213-%_HH-NOCHILDREN-,HH06 - Households with Internet access at home - %_HH - NOCHILDREN,% of households,ITU Households Database,2021,Ukraine,UKR,Family,No Children,,72.77632316368349,,State Statistics Service of Ukraine,2026-07-05
8810,HHA4213-%_HH-CHILDREN-,HH06 - Households with Internet access at home - %_HH - CHILDREN,% of households,ITU Households Database,2021,Ukraine,UKR,Family,Children,,98.99232525323129,,State Statistics Service of Ukraine,2026-07-06
8820,HHA4213-%_HH-URBAN-,HH06 - Households with Internet access at home - %_HH - URBAN,% of households,ITU Households Database,2021,Ukraine,UKR,Location,Urban,,87.37953363524885,,State Statistics Service of Ukraine,2026-07-05
8811,HHA4213-%_HH-CHILDREN-RURAL,HH06 - Households with Internet access at home - %_HH - CHILDREN - RURAL,% of households,ITU Households Database,2021,Ukraine,UKR,Location,Children,Rural,98.49713487833411,,State Statistics Service of Ukraine,2026-07-06
12047,xHH6_IDI,Estimated proportion of households with Internet access at home,% of households,ITU World Telecommunication Indicators Database,2021,Uruguay,URY,,,,83.20094923,,ITU estimate.,2026-02-02
12047,xHH6_IDI,Estimated proportion of households with Internet access at home,% of households,ITU World Telecommunication Indicators Database,2021,United States,USA,,,,94.35238626,,ITU estimate.,2026-02-02
12047,xHH6_IDI,Estimated proportion of households with Internet access at home,% of households,ITU World Telecommunication Indicators Database,2021,Uzbekistan,UZB,,,,95.04999772,,State Committee of the Republic of Uzbekistan on Statistics,2026-02-02
8819,HHA4213-%_HH-RURAL-,HH06 - Households with Internet access at home - %_HH - RURAL,% of households,ITU Households Database,2021,Uzbekistan,UZB,Location,Rural,,93.52674190552958,,The State Committee of the Republic of Uzbekistan on Statistics,2026-07-06
8811,HHA4213-%_HH-CHILDREN-RURAL,HH06 - Households with Internet access at home - %_HH - CHILDREN - RURAL,% of households,ITU Households Database,2021,Uzbekistan,UZB,Location,Children,Rural,94.07001531774095,,The State Committee of the Republic of Uzbekistan on Statistics,2026-07-06
8820,HHA4213-%_HH-URBAN-,HH06 - Households with Internet access at home - %_HH - URBAN,% of households,ITU Households Database,2021,Uzbekistan,UZB,Location,Urban,,96.38001154850143,,The State Committee of the Republic of Uzbekistan on Statistics,2026-07-05
8818,HHA4213-%_HH-NOCHILDREN-URBAN,HH06 - Households with Internet access at home - %_HH - NOCHILDREN - URBAN,% of households,ITU Households Database,2021,Uzbekistan,UZB,Location,No Children,Urban,94.30017464966518,,The State Committee of the Republic of Uzbekistan on Statistics,2026-07-05
8817,HHA4213-%_HH-NOCHILDREN-RURAL,HH06 - Households with Internet access at home - %_HH - NOCHILDREN - RURAL,% of households,ITU Households Database,2021,Uzbekistan,UZB,Location,No Children,Rural,91.90696687356157,,The State Committee of the Republic of Uzbekistan on Statistics,2026-07-05
8810,HHA4213-%_HH-CHILDREN-,HH06 - Households with Internet access at home - %_HH - CHILDREN,% of households,ITU Households Database,2021,Uzbekistan,UZB,Family,Children,,95.74933865354276,,The State Committee of the Republic of Uzbekistan on Statistics,2026-07-06
8812,HHA4213-%_HH-CHILDREN-URBAN,HH06 - Households with Internet access at home - %_HH - CHILDREN - URBAN,% of households,ITU Households Database,2021,Uzbekistan,UZB,Location,Children,Urban,97.36998624293214,,The State Committee of the Republic of Uzbekistan on Statistics,2026-07-05
8816,HHA4213-%_HH-NOCHILDREN-,HH06 - Households with Internet access at home - %_HH - NOCHILDREN,% of households,ITU Households Database,2021,Uzbekistan,UZB,Family,No Children,,93.33147634164662,,The State Committee of the Republic of Uzbekistan on Statistics,2026-07-05
12047,xHH6_IDI,Estimated proportion of households with Internet access at home,% of households,ITU World Telecommunication Indicators Database,2021,Saint Vincent and the Grenadines,VCT,,,,70.02693593,,ITU estimate.,2026-02-02
12047,xHH6_IDI,Estimated proportion of households with Internet access at home,% of households,ITU World Telecommunication Indicators Database,2021,Viet Nam,VNM,,,,80.98999948,,Ministry of Information and Communications,2026-02-02
12047,xHH6_IDI,Estimated proportion of households with Internet access at home,% of households,ITU World Telecommunication Indicators Database,2021,Vanuatu,VUT,,,,59.09071858,,ITU estimate.,2026-02-02
12047,xHH6_IDI,Estimated proportion of households with Internet access at home,% of households,ITU World Telecommunication Indicators Database,2021,Yemen,YEM,,,,29.63605417,,ITU estimate.,2026-02-02
12047,xHH6_IDI,Estimated proportion of households with Internet access at home,% of households,ITU World Telecommunication Indicators Database,2021,Serbia,SRB,,,,81.50771645,,Statistical Office of the Republic of Serbia,2026-02-02
8812,HHA4213-%_HH-CHILDREN-URBAN,HH06 - Households with Internet access at home - %_HH - CHILDREN - URBAN,% of households,ITU Households Database,2021,Serbia,SRB,Location,Children,Urban,96.81091403413392,,Statistical office of the Republic of Serbia,2026-07-07
8811,HHA4213-%_HH-CHILDREN-RURAL,HH06 - Households with Internet access at home - %_HH - CHILDREN - RURAL,% of households,ITU Households Database,2021,Serbia,SRB,Location,Children,Rural,92.65621774267836,,Statistical office of the Republic of Serbia,2026-07-07
8820,HHA4213-%_HH-URBAN-,HH06 - Households with Internet access at home - %_HH - URBAN,% of households,ITU Households Database,2021,Serbia,SRB,Location,Urban,,85.62656529503603,,Statistical office of the Republic of Serbia,2026-07-05
8810,HHA4213-%_HH-CHILDREN-,HH06 - Households with Internet access at home - %_HH - CHILDREN,% of households,ITU Households Database,2021,Serbia,SRB,Family,Children,,95.12919019778879,,Statistical office of the Republic of Serbia,2026-07-07
8817,HHA4213-%_HH-NOCHILDREN-RURAL,HH06 - Households with Internet access at home - %_HH - NOCHILDREN - RURAL,% of households,ITU Households Database,2021,Serbia,SRB,Location,No Children,Rural,68.14158300935198,,Statistical office of the Republic of Serbia,2026-07-07
8818,HHA4213-%_HH-NOCHILDREN-URBAN,HH06 - Households with Internet access at home - %_HH - NOCHILDREN - URBAN,% of households,ITU Households Database,2021,Serbia,SRB,Location,No Children,Urban,82.13962077707045,,Statistical office of the Republic of Serbia,2026-07-07
8819,HHA4213-%_HH-RURAL-,HH06 - Households with Internet access at home - %_HH - RURAL,% of households,ITU Households Database,2021,Serbia,SRB,Location,Rural,,74.69509327772388,,Statistical office of the Republic of Serbia,2026-07-06
8816,HHA4213-%_HH-NOCHILDREN-,HH06 - Households with Internet access at home - %_HH - NOCHILDREN,% of households,ITU Households Database,2021,Serbia,SRB,Family,No Children,,76.99509868648039,,Statistical office of the Republic of Serbia,2026-07-07
12047,xHH6_IDI,Estimated proportion of households with Internet access at home,% of households,ITU World Telecommunication Indicators Database,2021,Dem. Rep. of the Congo,COD,,,,11.92549891,,ITU estimate.,2026-02-02
12047,xHH6_IDI,Estimated proportion of households with Internet access at home,% of households,ITU World Telecommunication Indicators Database,2021,Zambia,ZMB,,,,18.34591807,,ITU estimate.,2026-02-02
12047,xHH6_IDI,Estimated proportion of households with Internet access at home,% of households,ITU World Telecommunication Indicators Database,2021,Zimbabwe,ZWE,,,,55.61298955,,ITU estimate.,2026-02-02
12047,xHH6_IDI,Estimated proportion of households with Internet access at home,% of households,ITU World Telecommunication Indicators Database,2021,Moldova,MDA,,,,66.75020295,"Based on the estimation of the indicators was used the number of population with usual residence. Starting with 2019, the data are not comparable to the previous period, as the HBS methodology was modified.",National Bureau of Statistics of the Republic of Moldova,2026-02-02
8810,HHA4213-%_HH-CHILDREN-,HH06 - Households with Internet access at home - %_HH - CHILDREN,% of households,ITU Households Database,2021,Moldova,MDA,Family,Children,,89.42346486615101,,National Bureau of Statistics of the Republic of Moldova,2026-07-06
8819,HHA4213-%_HH-RURAL-,HH06 - Households with Internet access at home - %_HH - RURAL,% of households,ITU Households Database,2021,Moldova,MDA,Location,Rural,,57.955078818965674,,National Bureau of Statistics of the Republic of Moldova,2026-07-06
8816,HHA4213-%_HH-NOCHILDREN-,HH06 - Households with Internet access at home - %_HH - NOCHILDREN,% of households,ITU Households Database,2021,Moldova,MDA,Family,No Children,,58.9419655793229,,National Bureau of Statistics of the Republic of Moldova,2025-07-04
8812,HHA4213-%_HH-CHILDREN-URBAN,HH06 - Households with Internet access at home - %_HH - CHILDREN - URBAN,% of households,ITU Households Database,2021,Moldova,MDA,Location,Children,Urban,95.36731179935117,,National Bureau of Statistics of the Republic of Moldova,2026-07-05
8817,HHA4213-%_HH-NOCHILDREN-RURAL,HH06 - Households with Internet access at home - %_HH - NOCHILDREN - RURAL,% of households,ITU Households Database,2021,Moldova,MDA,Location,No Children,Rural,50.27832468568016,,National Bureau of Statistics of the Republic of Moldova,2026-07-05
8818,HHA4213-%_HH-NOCHILDREN-URBAN,HH06 - Households with Internet access at home - %_HH - NOCHILDREN - URBAN,% of households,ITU Households Database,2021,Moldova,MDA,Location,No Children,Urban,73.59964707461943,,National Bureau of Statistics of the Republic of Moldova,2026-07-05
8820,HHA4213-%_HH-URBAN-,HH06 - Households with Internet access at home - %_HH - URBAN,% of households,ITU Households Database,2021,Moldova,MDA,Location,Urban,,80.17249266404097,,National Bureau of Statistics of the Republic of Moldova,2026-07-05
8811,HHA4213-%_HH-CHILDREN-RURAL,HH06 - Households with Internet access at home - %_HH - CHILDREN - RURAL,% of households,ITU Households Database,2021,Moldova,MDA,Location,Children,Rural,84.22264031395672,,National Bureau of Statistics of the Republic of Moldova,2026-07-06
8819,HHA4213-%_HH-RURAL-,HH06 - Households with Internet access at home - %_HH - RURAL,% of households,ITU Households Database,2021,Bosnia and Herzegovina,BIH,Location,Rural,,73.76432433292305,,Agency for statistics of Bosnia and Herzegovina,2026-07-06
8812,HHA4213-%_HH-CHILDREN-URBAN,HH06 - Households with Internet access at home - %_HH - CHILDREN - URBAN,% of households,ITU Households Database,2021,Bosnia and Herzegovina,BIH,Location,Children,Urban,97.63271098496608,,Agency for statistics of Bosnia and Herzegovina,2026-07-05
8811,HHA4213-%_HH-CHILDREN-RURAL,HH06 - Households with Internet access at home - %_HH - CHILDREN - RURAL,% of households,ITU Households Database,2021,Bosnia and Herzegovina,BIH,Location,Children,Rural,94.92736898792164,,Agency for statistics of Bosnia and Herzegovina,2026-07-06
8820,HHA4213-%_HH-URBAN-,HH06 - Households with Internet access at home - %_HH - URBAN,% of households,ITU Households Database,2021,Bosnia and Herzegovina,BIH,Location,Urban,,77.75128273880027,,Agency for statistics of Bosnia and Herzegovina,2026-07-05
8817,HHA4213-%_HH-NOCHILDREN-RURAL,HH06 - Households with Internet access at home - %_HH - NOCHILDREN - RURAL,% of households,ITU Households Database,2021,Bosnia and Herzegovina,BIH,Location,No Children,Rural,65.3570237830629,,Agency for statistics of Bosnia and Herzegovina,2025-07-04
8816,HHA4213-%_HH-NOCHILDREN-,HH06 - Households with Internet access at home - %_HH - NOCHILDREN,% of households,ITU Households Database,2021,Bosnia and Herzegovina,BIH,Family,No Children,,67.13457962281844,,Agency for statistics of Bosnia and Herzegovina,2026-07-05
8818,HHA4213-%_HH-NOCHILDREN-URBAN,HH06 - Households with Internet access at home - %_HH - NOCHILDREN - URBAN,% of households,ITU Households Database,2021,Bosnia and Herzegovina,BIH,Location,No Children,Urban,69.49195634391327,,Agency for statistics of Bosnia and Herzegovina,2026-07-05
8810,HHA4213-%_HH-CHILDREN-,HH06 - Households with Internet access at home - %_HH - CHILDREN,% of households,ITU Households Database,2021,Bosnia and Herzegovina,BIH,Family,Children,,96.12009635237439,,Agency for statistics of Bosnia and Herzegovina,2026-07-06
12047,xHH6_IDI,Estimated proportion of households with Internet access at home,% of households,ITU World Telecommunication Indicators Database,2021,Bosnia and Herzegovina,BIH,,,,75.49090122,,Agency for Statistics of Bosnia and Herzegovina,2026-02-02
12047,xHH6_IDI,Estimated proportion of households with Internet access at home,% of households,ITU World Telecommunication Indicators Database,2021,Georgia,GEO,,,,86.11506316,,National Statistics Office of Georgia,2026-02-02
8812,HHA4213-%_HH-CHILDREN-URBAN,HH06 - Households with Internet access at home - %_HH - CHILDREN - URBAN,% of households,ITU Households Database,2021,Georgia,GEO,Location,Children,Urban,99.74343858570973,,National Statistics Office of Georgia - Geostat,2026-07-07
8811,HHA4213-%_HH-CHILDREN-RURAL,HH06 - Households with Internet access at home - %_HH - CHILDREN - RURAL,% of households,ITU Households Database,2021,Georgia,GEO,Location,Children,Rural,99.85446358589921,,National Statistics Office of Georgia - Geostat,2026-07-07
8816,HHA4213-%_HH-NOCHILDREN-,HH06 - Households with Internet access at home - %_HH - NOCHILDREN,% of households,ITU Households Database,2021,Georgia,GEO,Family,No Children,,79.99872721628832,,National Statistics Office of Georgia - Geostat,2026-07-07
8810,HHA4213-%_HH-CHILDREN-,HH06 - Households with Internet access at home - %_HH - CHILDREN,% of households,ITU Households Database,2021,Georgia,GEO,Family,Children,,99.78804176197217,,National Statistics Office of Georgia - Geostat,2026-07-07
8818,HHA4213-%_HH-NOCHILDREN-URBAN,HH06 - Households with Internet access at home - %_HH - NOCHILDREN - URBAN,% of households,ITU Households Database,2021,Georgia,GEO,Location,No Children,Urban,87.5042447543716,,National Statistics Office of Georgia - Geostat,2025-07-04
8820,HHA4213-%_HH-URBAN-,HH06 - Households with Internet access at home - %_HH - URBAN,% of households,ITU Households Database,2021,Georgia,GEO,Location,Urban,,91.42007102786512,,National Statistics Office of Georgia - Geostat,2026-07-05
8819,HHA4213-%_HH-RURAL-,HH06 - Households with Internet access at home - %_HH - RURAL,% of households,ITU Households Database,2021,Georgia,GEO,Location,Rural,,78.85087384065194,,National Statistics Office of Georgia - Geostat,2026-07-06
8817,HHA4213-%_HH-NOCHILDREN-RURAL,HH06 - Households with Internet access at home - %_HH - NOCHILDREN - RURAL,% of households,ITU Households Database,2021,Georgia,GEO,Location,No Children,Rural,70.09649760329152,,National Statistics Office of Georgia - Geostat,2026-07-07
8812,HHA4213-%_HH-CHILDREN-URBAN,HH06 - Households with Internet access at home - %_HH - CHILDREN - URBAN,% of households,ITU Households Database,2021,Kazakhstan,KAZ,Location,Children,Urban,99.256905321107,,Agency for Strategic planning and reforms of the Republic of Kazakhstan Bureau of National statistics,2025-07-04
8818,HHA4213-%_HH-NOCHILDREN-URBAN,HH06 - Households with Internet access at home - %_HH - NOCHILDREN - URBAN,% of households,ITU Households Database,2021,Kazakhstan,KAZ,Location,No Children,Urban,92.2093484305518,,Agency for Strategic planning and reforms of the Republic of Kazakhstan Bureau of National statistics,2025-07-04
8817,HHA4213-%_HH-NOCHILDREN-RURAL,HH06 - Households with Internet access at home - %_HH - NOCHILDREN - RURAL,% of households,ITU Households Database,2021,Kazakhstan,KAZ,Location,No Children,Rural,90.38588690348281,,Agency for Strategic planning and reforms of the Republic of Kazakhstan Bureau of National statistics,2026-07-07
8816,HHA4213-%_HH-NOCHILDREN-,HH06 - Households with Internet access at home - %_HH - NOCHILDREN,% of households,ITU Households Database,2021,Kazakhstan,KAZ,Family,No Children,,91.68386498260122,,Agency for Strategic planning and reforms of the Republic of Kazakhstan Bureau of National statistics,2026-07-07
8820,HHA4213-%_HH-URBAN-,HH06 - Households with Internet access at home - %_HH - URBAN,% of households,ITU Households Database,2021,Kazakhstan,KAZ,Location,Urban,,94.65110958465641,,Agency for Strategic planning and reforms of the Republic of Kazakhstan Bureau of National statistics,2026-07-05
8810,HHA4213-%_HH-CHILDREN-,HH06 - Households with Internet access at home - %_HH - CHILDREN,% of households,ITU Households Database,2021,Kazakhstan,KAZ,Family,Children,,99.11754667737402,,Agency for Strategic planning and reforms of the Republic of Kazakhstan Bureau of National statistics,2026-07-07
8819,HHA4213-%_HH-RURAL-,HH06 - Households with Internet access at home - %_HH - RURAL,% of households,ITU Households Database,2021,Kazakhstan,KAZ,Location,Rural,,94.02043342007248,,Agency for Strategic planning and reforms of the Republic of Kazakhstan Bureau of National statistics,2026-07-06
8811,HHA4213-%_HH-CHILDREN-RURAL,HH06 - Households with Internet access at home - %_HH - CHILDREN - RURAL,% of households,ITU Households Database,2021,Kazakhstan,KAZ,Location,Children,Rural,98.87385616316463,,Agency for Strategic planning and reforms of the Republic of Kazakhstan Bureau of National statistics,2026-07-07
12047,xHH6_IDI,Estimated proportion of households with Internet access at home,% of households,ITU World Telecommunication Indicators Database,2021,Kazakhstan,KAZ,,,,94.45160164,,"Committee on Statistics, Ministry of National Economy of the Republic of Kazakhstan",2026-02-02
12047,xHH6_IDI,Estimated proportion of households with Internet access at home,% of households,ITU World Telecommunication Indicators Database,2021,Tajikistan,TJK,,,,39.44679291,,ITU estimate.,2026-02-02
12047,xHH6_IDI,Estimated proportion of households with Internet access at home,% of households,ITU World Telecommunication Indicators Database,2021,Slovakia,SVK,,,,89.95820328,Do you or anyone in your household have access to the internet at home?##,Statistical Office of the Slovak Republic,2026-02-02
8811,HHA4213-%_HH-CHILDREN-RURAL,HH06 - Households with Internet access at home - %_HH - CHILDREN - RURAL,% of households,ITU Households Database,2021,Slovakia,SVK,Location,Children,Rural,95.24553384328283,,Statistical Office of the Slovak Republic,2026-07-07
8820,HHA4213-%_HH-URBAN-,HH06 - Households with Internet access at home - %_HH - URBAN,% of households,ITU Households Database,2021,Slovakia,SVK,Location,Urban,,91.58490171018433,,Statistical Office of the Slovak Republic,2026-07-05
8818,HHA4213-%_HH-NOCHILDREN-URBAN,HH06 - Households with Internet access at home - %_HH - NOCHILDREN - URBAN,% of households,ITU Households Database,2021,Slovakia,SVK,Location,No Children,Urban,88.98499285754923,,Statistical Office of the Slovak Republic,2026-07-07
8812,HHA4213-%_HH-CHILDREN-URBAN,HH06 - Households with Internet access at home - %_HH - CHILDREN - URBAN,% of households,ITU Households Database,2021,Slovakia,SVK,Location,Children,Urban,98.58016943325755,,Statistical Office of the Slovak Republic,2026-07-07
8817,HHA4213-%_HH-NOCHILDREN-RURAL,HH06 - Households with Internet access at home - %_HH - NOCHILDREN - RURAL,% of households,ITU Households Database,2021,Slovakia,SVK,Location,No Children,Rural,83.57611292050674,,Statistical Office of the Slovak Republic,2026-07-07
8810,HHA4213-%_HH-CHILDREN-,HH06 - Households with Internet access at home - %_HH - CHILDREN,% of households,ITU Households Database,2021,Slovakia,SVK,Family,Children,,97.17362529309432,,Statistical Office of the Slovak Republic,2026-07-07
8819,HHA4213-%_HH-RURAL-,HH06 - Households with Internet access at home - %_HH - RURAL,% of households,ITU Households Database,2021,Slovakia,SVK,Location,Rural,,87.28832252325968,,Statistical Office of the Slovak Republic,2026-07-06
8816,HHA4213-%_HH-NOCHILDREN-,HH06 - Households with Internet access at home - %_HH - NOCHILDREN,% of households,ITU Households Database,2021,Slovakia,SVK,Family,No Children,,87.07439962697029,,Statistical Office of the Slovak Republic,2026-07-07
12047,xHH6_IDI,Estimated proportion of households with Internet access at home,% of households,ITU World Telecommunication Indicators Database,2021,North Macedonia,MKD,,,,74.04256694,,ITU estimate.,2026-02-02
12047,xHH6_IDI,Estimated proportion of households with Internet access at home,% of households,ITU World Telecommunication Indicators Database,2021,"Taiwan, Province of China",TWN,,,,89.29910613,,ITU estimate.,2026-02-02
12047,xHH6_IDI,Estimated proportion of households with Internet access at home,% of households,ITU World Telecommunication Indicators Database,2021,Palestine,PSE,,,,87.84571557,,ITU estimate.,2026-02-02
12047,xHH6_IDI,Estimated proportion of households with Internet access at home,% of households,ITU World Telecommunication Indicators Database,2021,Montenegro,MNE,,,,80.75884627,,Statistical Office of Montenegro - MONSTAT,2026-02-02
8820,HHA4213-%_HH-URBAN-,HH06 - Households with Internet access at home - %_HH - URBAN,% of households,ITU Households Database,2021,Montenegro,MNE,Location,Urban,,84.38599905925098,,Statistical Office of Montenegro,2026-07-05
8819,HHA4213-%_HH-RURAL-,HH06 - Households with Internet access at home - %_HH - RURAL,% of households,ITU Households Database,2021,Montenegro,MNE,Location,Rural,,70.78538934974578,,Statistical Office of Montenegro,2026-07-06
12047,xHH6_IDI,Estimated proportion of households with Internet access at home,% of households,ITU World Telecommunication Indicators Database,2020,South Africa,ZAF,,,,74.13646378,,Statistics South Africa,2026-01-15
12047,xHH6_IDI,Estimated proportion of households with Internet access at home,% of households,ITU World Telecommunication Indicators Database,2020,Angola,AGO,,,,35.39081305,,ITU estimate.,2024-03-18
12047,xHH6_IDI,Estimated proportion of households with Internet access at home,% of households,ITU World Telecommunication Indicators Database,2020,Albania,ALB,,,,83.27987513,,Institute of Statistics,2026-02-02
8810,HHA4213-%_HH-CHILDREN-,HH06 - Households with Internet access at home - %_HH - CHILDREN,% of households,ITU Households Database,2020,Albania,ALB,Family,Children,,91.67298629543362,,INSTAT (Institute of Statistics),2026-07-07
8816,HHA4213-%_HH-NOCHILDREN-,HH06 - Households with Internet access at home - %_HH - NOCHILDREN,% of households,ITU Households Database,2020,Albania,ALB,Family,No Children,,78.05732510912247,,INSTAT (Institute of Statistics),2026-07-07
12047,xHH6_IDI,Estimated proportion of households with Internet access at home,% of households,ITU World Telecommunication Indicators Database,2020,Algeria,DZA,,,,73.16147531,,ITU estimate.,2024-03-18
12047,xHH6_IDI,Estimated proportion of households with Internet access at home,% of households,ITU World Telecommunication Indicators Database,2020,Andorra,AND,,,,99.28246207,,ITU estimate.,2024-03-18
12047,xHH6_IDI,Estimated proportion of households with Internet access at home,% of households,ITU World Telecommunication Indicators Database,2020,Argentina,ARG,,,,90.01000021,,Instituto Nacional de Estadistica y Censos,2026-02-02
12047,xHH6_IDI,Estimated proportion of households with Internet access at home,% of households,ITU World Telecommunication Indicators Database,2020,Armenia,ARM,,,,87.21168341,,Statistical Committee of RA,2026-02-02
8818,HHA4213-%_HH-NOCHILDREN-URBAN,HH06 - Households with Internet access at home - %_HH - NOCHILDREN - URBAN,% of households,ITU Households Database,2020,Armenia,ARM,Location,No Children,Urban,82.3961658641316,,Statistical Committee of RA,2025-01-08
8811,HHA4213-%_HH-CHILDREN-RURAL,HH06 - Households with Internet access at home - %_HH - CHILDREN - RURAL,% of households,ITU Households Database,2020,Armenia,ARM,Location,Children,Rural,97.63776824034335,,Statistical Committee of RA,2026-07-07
8816,HHA4213-%_HH-NOCHILDREN-,HH06 - Households with Internet access at home - %_HH - NOCHILDREN,% of households,ITU Households Database,2020,Armenia,ARM,Family,No Children,,81.28453038674033,,Statistical Committee of RA,2026-07-07
8810,HHA4213-%_HH-CHILDREN-,HH06 - Households with Internet access at home - %_HH - CHILDREN,% of households,ITU Households Database,2020,Armenia,ARM,Family,Children,,97.99433570924711,,Statistical Committee of RA,2026-07-07
8812,HHA4213-%_HH-CHILDREN-URBAN,HH06 - Households with Internet access at home - %_HH - CHILDREN - URBAN,% of households,ITU Households Database,2020,Armenia,ARM,Location,Children,Urban,98.24094797646681,,Statistical Committee of RA,2026-07-07
8819,HHA4213-%_HH-RURAL-,HH06 - Households with Internet access at home - %_HH - RURAL,% of households,ITU Households Database,2020,Armenia,ARM,Location,Rural,,86.68021588258617,,Statistical Committee of RA,2026-07-06
8817,HHA4213-%_HH-NOCHILDREN-RURAL,HH06 - Households with Internet access at home - %_HH - NOCHILDREN - RURAL,% of households,ITU Households Database,2020,Armenia,ARM,Location,No Children,Rural,78.87096478188258,,Statistical Committee of RA,2026-07-07
8820,HHA4213-%_HH-URBAN-,HH06 - Households with Internet access at home - %_HH - URBAN,% of households,ITU Households Database,2020,Armenia,ARM,Location,Urban,,87.49598746560685,,Statistical Committee of RA,2026-07-05
12047,xHH6_IDI,Estimated proportion of households with Internet access at home,% of households,ITU World Telecommunication Indicators Database,2020,Saudi Arabia,SAU,,,,99.49999331,,Communications & IT Commission,2026-02-02
12047,xHH6_IDI,Estimated proportion of households with Internet access at home,% of households,ITU World Telecommunication Indicators Database,2020,Antigua and Barbuda,ATG,,,,83.03663929,,ITU estimate.,2024-03-18
12047,xHH6_IDI,Estimated proportion of households with Internet access at home,% of households,ITU World Telecommunication Indicators Database,2020,Australia,AUS,,,,97.15011993,,ITU estimate.,2024-03-18
12047,xHH6_IDI,Estimated proportion of households with Internet access at home,% of households,ITU World Telecommunication Indicators Database,2020,Austria,AUT,,,,90.40076082,,Statistik Austria,2026-02-02
12047,xHH6_IDI,Estimated proportion of households with Internet access at home,% of households,ITU World Telecommunication Indicators Database,2020,Azerbaijan,AZE,,,,84.8,,State Statistical Committee of the Republic of Azerbaijan,2025-01-09
8819,HHA4213-%_HH-RURAL-,HH06 - Households with Internet access at home - %_HH - RURAL,% of households,ITU Households Database,2020,Azerbaijan,AZE,Location,Rural,,90.12458881578948,,State Statistical Committee,2026-07-06
8820,HHA4213-%_HH-URBAN-,HH06 - Households with Internet access at home - %_HH - URBAN,% of households,ITU Households Database,2020,Azerbaijan,AZE,Location,Urban,,80.39993204213388,,State Statistical Committee,2026-07-05
8812,HHA4213-%_HH-CHILDREN-URBAN,HH06 - Households with Internet access at home - %_HH - CHILDREN - URBAN,% of households,ITU Households Database,2020,Brazil,BRA,Location,Children,Urban,93.06864991008396,,NIC.br,2026-07-06
8816,HHA4213-%_HH-NOCHILDREN-,HH06 - Households with Internet access at home - %_HH - NOCHILDREN,% of households,ITU Households Database,2020,Brazil,BRA,Family,No Children,,79.15198003189975,,NIC.br,2026-07-05
8811,HHA4213-%_HH-CHILDREN-RURAL,HH06 - Households with Internet access at home - %_HH - CHILDREN - RURAL,% of households,ITU Households Database,2020,Brazil,BRA,Location,Children,Rural,75.80515465022842,,NIC.br,2026-07-06
8817,HHA4213-%_HH-NOCHILDREN-RURAL,HH06 - Households with Internet access at home - %_HH - NOCHILDREN - RURAL,% of households,ITU Households Database,2020,Brazil,BRA,Location,No Children,Rural,58.068749065151636,,NIC.br,2026-07-05
8819,HHA4213-%_HH-RURAL-,HH06 - Households with Internet access at home - %_HH - RURAL,% of households,ITU Households Database,2020,Brazil,BRA,Location,Rural,,64.82141066618827,,NIC.br,2026-07-06
8820,HHA4213-%_HH-URBAN-,HH06 - Households with Internet access at home - %_HH - URBAN,% of households,ITU Households Database,2020,Brazil,BRA,Location,Urban,,85.87644290299899,,NIC.br,2026-07-05
8810,HHA4213-%_HH-CHILDREN-,HH06 - Households with Internet access at home - %_HH - CHILDREN,% of households,ITU Households Database,2020,Brazil,BRA,Family,Children,,90.6496804971891,,NIC.br,2025-01-08
8818,HHA4213-%_HH-NOCHILDREN-URBAN,HH06 - Households with Internet access at home - %_HH - NOCHILDREN - URBAN,% of households,ITU Households Database,2020,Brazil,BRA,Location,No Children,Urban,82.09225193690911,,NIC.br,2026-07-05
12047,xHH6_IDI,Estimated proportion of households with Internet access at home,% of households,ITU World Telecommunication Indicators Database,2020,Brazil,BRA,,,,83.16906749,,NIC.br,2026-02-02
12047,xHH6_IDI,Estimated proportion of households with Internet access at home,% of households,ITU World Telecommunication Indicators Database,2020,Bahamas,BHS,,,,86.63293336,,ITU estimate.,2024-03-18
12047,xHH6_IDI,Estimated proportion of households with Internet access at home,% of households,ITU World Telecommunication Indicators Database,2020,Burundi,BDI,,,,17.93404041,,Institut National de la Statistique du Burundi ,2024-03-18
12047,xHH6_IDI,Estimated proportion of households with Internet access at home,% of households,ITU World Telecommunication Indicators Database,2020,Belgium,BEL,,,,90.86099655,,Statbel (Directorate General Statistics - Statistics Belgium),2026-02-02
8817,HHA4213-%_HH-NOCHILDREN-RURAL,HH06 - Households with Internet access at home - %_HH - NOCHILDREN - RURAL,% of households,ITU Households Database,2020,Belgium,BEL,Location,No Children,Rural,87.2039596651698,,Statistics Belgium (Statbel),2025-01-08
8816,HHA4213-%_HH-NOCHILDREN-,HH06 - Households with Internet access at home - %_HH - NOCHILDREN,% of households,ITU Households Database,2020,Belgium,BEL,Family,No Children,,88.38972640150025,,Statistics Belgium (Statbel),2026-07-05
8819,HHA4213-%_HH-RURAL-,HH06 - Households with Internet access at home - %_HH - RURAL,% of households,ITU Households Database,2020,Belgium,BEL,Location,Rural,,90.52972538043225,,Statistics Belgium (Statbel),2026-07-06
8811,HHA4213-%_HH-CHILDREN-RURAL,HH06 - Households with Internet access at home - %_HH - CHILDREN - RURAL,% of households,ITU Households Database,2020,Belgium,BEL,Location,Children,Rural,99.37161511897797,,Statistics Belgium (Statbel),2026-07-06
8810,HHA4213-%_HH-CHILDREN-,HH06 - Households with Internet access at home - %_HH - CHILDREN,% of households,ITU Households Database,2020,Belgium,BEL,Family,Children,,97.91785513083826,,Statistics Belgium (Statbel),2026-07-06
8820,HHA4213-%_HH-URBAN-,HH06 - Households with Internet access at home - %_HH - URBAN,% of households,ITU Households Database,2020,Belgium,BEL,Location,Urban,,90.91216051972107,,Statistics Belgium (Statbel),2026-07-05
8818,HHA4213-%_HH-NOCHILDREN-URBAN,HH06 - Households with Internet access at home - %_HH - NOCHILDREN - URBAN,% of households,ITU Households Database,2020,Belgium,BEL,Location,No Children,Urban,88.56897506291139,,Statistics Belgium (Statbel),2026-07-05
8812,HHA4213-%_HH-CHILDREN-URBAN,HH06 - Households with Internet access at home - %_HH - CHILDREN - URBAN,% of households,ITU Households Database,2020,Belgium,BEL,Location,Children,Urban,97.67914098263125,,Statistics Belgium (Statbel),2026-07-05
12047,xHH6_IDI,Estimated proportion of households with Internet access at home,% of households,ITU World Telecommunication Indicators Database,2020,Benin,BEN,,,,41.06815531,,ITU estimate.,2024-03-18
12047,xHH6_IDI,Estimated proportion of households with Internet access at home,% of households,ITU World Telecommunication Indicators Database,2020,Burkina Faso,BFA,,,,9.725244744,,ITU estimate.,2024-03-18
12047,xHH6_IDI,Estimated proportion of households with Internet access at home,% of households,ITU World Telecommunication Indicators Database,2020,Bangladesh,BGD,,,,37.83743441,,ITU estimate.,2024-03-18
12047,xHH6_IDI,Estimated proportion of households with Internet access at home,% of households,ITU World Telecommunication Indicators Database,2020,Bahrain,BHR,,,,99.53939906,Estimated based on 2020 residential survey,Information and E-Government Authority,2026-02-02
12047,xHH6_IDI,Estimated proportion of households with Internet access at home,% of households,ITU World Telecommunication Indicators Database,2020,Belarus,BLR,,,,76.98680595,Access via fixed communications network,National Statistical Committee of the Republic of Belarus (Belstat),2026-02-02
8819,HHA4213-%_HH-RURAL-,HH06 - Households with Internet access at home - %_HH - RURAL,% of households,ITU Households Database,2020,Belarus,BLR,Location,Rural,,62.08145243378153,,Национальный статистический комитет Республики Беларусь,2026-07-06
8811,HHA4213-%_HH-CHILDREN-RURAL,HH06 - Households with Internet access at home - %_HH - CHILDREN - RURAL,% of households,ITU Households Database,2020,Belarus,BLR,Location,Children,Rural,92.77819680351251,,Национальный статистический комитет Республики Беларусь,2026-07-06
8817,HHA4213-%_HH-NOCHILDREN-RURAL,HH06 - Households with Internet access at home - %_HH - NOCHILDREN - RURAL,% of households,ITU Households Database,2020,Belarus,BLR,Location,No Children,Rural,52.92024959570225,,Национальный статистический комитет Республики Беларусь,2026-07-05
8820,HHA4213-%_HH-URBAN-,HH06 - Households with Internet access at home - %_HH - URBAN,% of households,ITU Households Database,2020,Belarus,BLR,Location,Urban,,82.66888827273327,,Национальный статистический комитет Республики Беларусь,2026-07-05
8812,HHA4213-%_HH-CHILDREN-URBAN,HH06 - Households with Internet access at home - %_HH - CHILDREN - URBAN,% of households,ITU Households Database,2020,Belarus,BLR,Location,Children,Urban,97.83081541030298,,Национальный статистический комитет Республики Беларусь,2026-07-05
8818,HHA4213-%_HH-NOCHILDREN-URBAN,HH06 - Households with Internet access at home - %_HH - NOCHILDREN - URBAN,% of households,ITU Households Database,2020,Belarus,BLR,Location,No Children,Urban,75.77189315723518,,Национальный статистический комитет Республики Беларусь,2026-07-05
8810,HHA4213-%_HH-CHILDREN-,HH06 - Households with Internet access at home - %_HH - CHILDREN,% of households,ITU Households Database,2020,Belarus,BLR,Family,Children,,96.72482094845437,,Национальный статистический комитет Республики Беларусь,2026-07-06
8816,HHA4213-%_HH-NOCHILDREN-,HH06 - Households with Internet access at home - %_HH - NOCHILDREN,% of households,ITU Households Database,2020,Belarus,BLR,Family,No Children,,68.9324192337296,,Национальный статистический комитет Республики Беларусь,2025-01-08
12047,xHH6_IDI,Estimated proportion of households with Internet access at home,% of households,ITU World Telecommunication Indicators Database,2020,Belize,BLZ,,,,62.689849,,ITU estimate.,2024-03-18
12047,xHH6_IDI,Estimated proportion of households with Internet access at home,% of households,ITU World Telecommunication Indicators Database,2020,Bolivia (Plurinational State of),BOL,,,,55.17786702,,Instituto Nacional de EstadÃ­stica,2026-02-02
8812,HHA4213-%_HH-CHILDREN-URBAN,HH06 - Households with Internet access at home - %_HH - CHILDREN - URBAN,% of households,ITU Households Database,2020,Bolivia (Plurinational State of),BOL,Location,Children,Urban,73.48645055713396,,Instituto Nacional de Estadística,2026-07-05
8817,HHA4213-%_HH-NOCHILDREN-RURAL,HH06 - Households with Internet access at home - %_HH - NOCHILDREN - RURAL,% of households,ITU Households Database,2020,Bolivia (Plurinational State of),BOL,Location,No Children,Rural,14.100157614661994,,Instituto Nacional de Estadística,2026-07-05
8810,HHA4213-%_HH-CHILDREN-,HH06 - Households with Internet access at home - %_HH - CHILDREN,% of households,ITU Households Database,2020,Bolivia (Plurinational State of),BOL,Family,Children,,61.30903658237262,,Instituto Nacional de Estadística,2026-07-06
8819,HHA4213-%_HH-RURAL-,HH06 - Households with Internet access at home - %_HH - RURAL,% of households,ITU Households Database,2020,Bolivia (Plurinational State of),BOL,Location,Rural,,21.39840240618834,,Instituto Nacional de Estadística,2026-07-06
8811,HHA4213-%_HH-CHILDREN-RURAL,HH06 - Households with Internet access at home - %_HH - CHILDREN - RURAL,% of households,ITU Households Database,2020,Bolivia (Plurinational State of),BOL,Location,Children,Rural,30.557432693606856,,Instituto Nacional de Estadística,2026-07-06
8820,HHA4213-%_HH-URBAN-,HH06 - Households with Internet access at home - %_HH - URBAN,% of households,ITU Households Database,2020,Bolivia (Plurinational State of),BOL,Location,Urban,,70.45400350230611,,Instituto Nacional de Estadística,2026-07-05
8816,HHA4213-%_HH-NOCHILDREN-,HH06 - Households with Internet access at home - %_HH - NOCHILDREN,% of households,ITU Households Database,2020,Bolivia (Plurinational State of),BOL,Family,No Children,,49.361294497588446,,Instituto Nacional de Estadística,2026-07-05
8818,HHA4213-%_HH-NOCHILDREN-URBAN,HH06 - Households with Internet access at home - %_HH - NOCHILDREN - URBAN,% of households,ITU Households Database,2020,Bolivia (Plurinational State of),BOL,Location,No Children,Urban,67.34233472892774,,Instituto Nacional de Estadística,2026-07-05
12047,xHH6_IDI,Estimated proportion of households with Internet access at home,% of households,ITU World Telecommunication Indicators Database,2020,Botswana,BWA,,,,69.23058095,,ITU estimate.,2024-03-18
12047,xHH6_IDI,Estimated proportion of households with Internet access at home,% of households,ITU World Telecommunication Indicators Database,2020,Barbados,BRB,,,,76.62679183,,ITU estimate.,2024-03-18
12047,xHH6_IDI,Estimated proportion of households with Internet access at home,% of households,ITU World Telecommunication Indicators Database,2020,Brunei Darussalam,BRN,,,,84.67240931,,ITU estimate.,2024-03-18
12047,xHH6_IDI,Estimated proportion of households with Internet access at home,% of households,ITU World Telecommunication Indicators Database,2020,Bhutan,BTN,,,,78.09923578,,ITU estimate.,2024-03-18
12047,xHH6_IDI,Estimated proportion of households with Internet access at home,% of households,ITU World Telecommunication Indicators Database,2020,Bulgaria,BGR,,,,78.85020735,,National Statistical Institute,2026-02-02
8810,HHA4213-%_HH-CHILDREN-,HH06 - Households with Internet access at home - %_HH - CHILDREN,% of households,ITU Households Database,2020,Bulgaria,BGR,Family,Children,,96.09180702494609,Households with children under 16,National Statistical Institute,2026-07-06
8812,HHA4213-%_HH-CHILDREN-URBAN,HH06 - Households with Internet access at home - %_HH - CHILDREN - URBAN,% of households,ITU Households Database,2020,Bulgaria,BGR,Location,Children,Urban,98.2203191382598,Households with children under 16,National Statistical Institute,2025-01-08
8811,HHA4213-%_HH-CHILDREN-RURAL,HH06 - Households with Internet access at home - %_HH - CHILDREN - RURAL,% of households,ITU Households Database,2020,Bulgaria,BGR,Location,Children,Rural,88.39364572368818,Households with children under 16,National Statistical Institute,2026-07-06
8818,HHA4213-%_HH-NOCHILDREN-URBAN,HH06 - Households with Internet access at home - %_HH - NOCHILDREN - URBAN,% of households,ITU Households Database,2020,Bulgaria,BGR,Location,No Children,Urban,80.95409855994828,Households without children under 16,National Statistical Institute,2026-07-05
8816,HHA4213-%_HH-NOCHILDREN-,HH06 - Households with Internet access at home - %_HH - NOCHILDREN,% of households,ITU Households Database,2020,Bulgaria,BGR,Family,No Children,,75.54737599889154,Households without children under 16,National Statistical Institute,2026-07-05
8820,HHA4213-%_HH-URBAN-,HH06 - Households with Internet access at home - %_HH - URBAN,% of households,ITU Households Database,2020,Bulgaria,BGR,Location,Urban,,83.82787805764829,,National Statistical Institute,2026-07-05
8817,HHA4213-%_HH-NOCHILDREN-RURAL,HH06 - Households with Internet access at home - %_HH - NOCHILDREN - RURAL,% of households,ITU Households Database,2020,Bulgaria,BGR,Location,No Children,Rural,59.19039564805328,Households without children under 16,National Statistical Institute,2026-07-04
8819,HHA4213-%_HH-RURAL-,HH06 - Households with Internet access at home - %_HH - RURAL,% of households,ITU Households Database,2020,Bulgaria,BGR,Location,Rural,,63.369938633309786,,National Statistical Institute,2026-07-06
12047,xHH6_IDI,Estimated proportion of households with Internet access at home,% of households,ITU World Telecommunication Indicators Database,2020,Canada,CAN,,,,94.2,,Statistics Canada,2024-03-18
12047,xHH6_IDI,Estimated proportion of households with Internet access at home,% of households,ITU World Telecommunication Indicators Database,2020,Cambodia,KHM,,,,54.27831513,,ITU estimate.,2024-03-18
12047,xHH6_IDI,Estimated proportion of households with Internet access at home,% of households,ITU World Telecommunication Indicators Database,2020,Chile,CHL,,,,89.75783439,,ITU estimate.,2024-03-18
12047,xHH6_IDI,Estimated proportion of households with Internet access at home,% of households,ITU World Telecommunication Indicators Database,2020,China,CHN,,,,78.57499395,,ITU estimate.,2024-03-18
12047,xHH6_IDI,Estimated proportion of households with Internet access at home,% of households,ITU World Telecommunication Indicators Database,2020,Colombia,COL,,,,56.52677103,Data are based on population projection from the 2018 census.,Departamento Administrativo Nacional de Estadistica (DANE),2026-02-02
12047,xHH6_IDI,Estimated proportion of households with Internet access at home,% of households,ITU World Telecommunication Indicators Database,2020,Sri Lanka,LKA,,,,52.8,,Department of Census and Statistics,2025-01-09
12047,xHH6_IDI,Estimated proportion of households with Internet access at home,% of households,ITU World Telecommunication Indicators Database,2020,Cameroon,CMR,,,,33.43654732,,ITU estimate.,2026-02-02
12047,xHH6_IDI,Estimated proportion of households with Internet access at home,% of households,ITU World Telecommunication Indicators Database,2020,Cabo Verde,CPV,,,,68.43441297,,ITU estimate.,2026-02-02
12047,xHH6_IDI,Estimated proportion of households with Internet access at home,% of households,ITU World Telecommunication Indicators Database,2020,Côte d'Ivoire,CIV,,,,51.20422005,,ITU estimate.,2024-03-18
12047,xHH6_IDI,Estimated proportion of households with Internet access at home,% of households,ITU World Telecommunication Indicators Database,2020,Costa Rica,CRI,,,,84.69301365,Considered at the housing level based on the National Household Survey,Instituto Nacional de Estadisticas y Censos,2026-02-02
8816,HHA4213-%_HH-NOCHILDREN-,HH06 - Households with Internet access at home - %_HH - NOCHILDREN,% of households,ITU Households Database,2020,Costa Rica,CRI,Family,No Children,,91.71317762309536,,Instituto Nacional de Estadística y Censos,2026-07-05
8819,HHA4213-%_HH-RURAL-,HH06 - Households with Internet access at home - %_HH - RURAL,% of households,ITU Households Database,2020,Costa Rica,CRI,Location,Rural,,78.71134091126704,,Instituto Nacional de Estadística y Censos,2026-07-06
8820,HHA4213-%_HH-URBAN-,HH06 - Households with Internet access at home - %_HH - URBAN,% of households,ITU Households Database,2020,Costa Rica,CRI,Location,Urban,,86.98867747560465,,Instituto Nacional de Estadística y Censos,2026-07-05
8818,HHA4213-%_HH-NOCHILDREN-URBAN,HH06 - Households with Internet access at home - %_HH - NOCHILDREN - URBAN,% of households,ITU Households Database,2020,Costa Rica,CRI,Location,No Children,Urban,93.22078333101085,,Instituto Nacional de Estadística y Censos,2026-07-05
8817,HHA4213-%_HH-NOCHILDREN-RURAL,HH06 - Households with Internet access at home - %_HH - NOCHILDREN - RURAL,% of households,ITU Households Database,2020,Costa Rica,CRI,Location,No Children,Rural,88.32627635753929,,Instituto Nacional de Estadística y Censos,2026-07-05
8812,HHA4213-%_HH-CHILDREN-URBAN,HH06 - Households with Internet access at home - %_HH - CHILDREN - URBAN,% of households,ITU Households Database,2020,Costa Rica,CRI,Location,Children,Urban,83.32156665452939,,Instituto Nacional de Estadística y Censos,2026-07-06
8810,HHA4213-%_HH-CHILDREN-,HH06 - Households with Internet access at home - %_HH - CHILDREN,% of households,ITU Households Database,2020,Costa Rica,CRI,Family,Children,,80.26351882292039,,Instituto Nacional de Estadística y Censos,2026-07-06
8811,HHA4213-%_HH-CHILDREN-RURAL,HH06 - Households with Internet access at home - %_HH - CHILDREN - RURAL,% of households,ITU Households Database,2020,Costa Rica,CRI,Location,Children,Rural,71.46808646712715,,Instituto Nacional de Estadística y Censos,2026-07-06
12047,xHH6_IDI,Estimated proportion of households with Internet access at home,% of households,ITU World Telecommunication Indicators Database,2020,Cuba,CUB,,,,33.30908983,,Oficina Nacional de Estadisticas e Informacion,2026-02-02
12047,xHH6_IDI,Estimated proportion of households with Internet access at home,% of households,ITU World Telecommunication Indicators Database,2020,Vatican,VAT,,,,79.04779806,,ITU estimate.,2024-03-18
12047,xHH6_IDI,Estimated proportion of households with Internet access at home,% of households,ITU World Telecommunication Indicators Database,2020,Cyprus,CYP,,,,92.7761468,,Statistical Service of Cyprus,2026-02-02
8812,HHA4213-%_HH-CHILDREN-URBAN,HH06 - Households with Internet access at home - %_HH - CHILDREN - URBAN,% of households,ITU Households Database,2020,Cyprus,CYP,Location,Children,Urban,99.21197700892799,,Statistical Service of Cyprus,2026-07-07
8818,HHA4213-%_HH-NOCHILDREN-URBAN,HH06 - Households with Internet access at home - %_HH - NOCHILDREN - URBAN,% of households,ITU Households Database,2020,Cyprus,CYP,Location,No Children,Urban,92.06260897161026,,Statistical Service of Cyprus,2026-07-07
8820,HHA4213-%_HH-URBAN-,HH06 - Households with Internet access at home - %_HH - URBAN,% of households,ITU Households Database,2020,Cyprus,CYP,Location,Urban,,94.07985981032714,,Statistical Service of Cyprus,2026-07-05
8819,HHA4213-%_HH-RURAL-,HH06 - Households with Internet access at home - %_HH - RURAL,% of households,ITU Households Database,2020,Cyprus,CYP,Location,Rural,,89.62642818636373,,Statistical Service of Cyprus,2026-07-06
8810,HHA4213-%_HH-CHILDREN-,HH06 - Households with Internet access at home - %_HH - CHILDREN,% of households,ITU Households Database,2020,Cyprus,CYP,Family,Children,,99.48137565793982,,Statistical Service of Cyprus,2026-07-07
8816,HHA4213-%_HH-NOCHILDREN-,HH06 - Households with Internet access at home - %_HH - NOCHILDREN,% of households,ITU Households Database,2020,Cyprus,CYP,Family,No Children,,89.85822126641692,,Statistical Service of Cyprus,2026-07-07
8811,HHA4213-%_HH-CHILDREN-RURAL,HH06 - Households with Internet access at home - %_HH - CHILDREN - RURAL,% of households,ITU Households Database,2020,Cyprus,CYP,Location,Children,Rural,100,,Statistical Service of Cyprus,2025-01-08
8817,HHA4213-%_HH-NOCHILDREN-RURAL,HH06 - Households with Internet access at home - %_HH - NOCHILDREN - RURAL,% of households,ITU Households Database,2020,Cyprus,CYP,Location,No Children,Rural,83.94072438798467,,Statistical Service of Cyprus,2026-07-07
8816,HHA4213-%_HH-NOCHILDREN-,HH06 - Households with Internet access at home - %_HH - NOCHILDREN,% of households,ITU Households Database,2020,Germany,DEU,Family,No Children,,90.33516036021489,,Statistisches Bundesamt (Destatis),2026-07-05
8810,HHA4213-%_HH-CHILDREN-,HH06 - Households with Internet access at home - %_HH - CHILDREN,% of households,ITU Households Database,2020,Germany,DEU,Family,Children,,99.73352175655995,,Statistisches Bundesamt (Destatis),2026-07-06
12047,xHH6_IDI,Estimated proportion of households with Internet access at home,% of households,ITU World Telecommunication Indicators Database,2020,Germany,DEU,,,,92.07629398,,Federal Statistical Office,2026-02-02
12047,xHH6_IDI,Estimated proportion of households with Internet access at home,% of households,ITU World Telecommunication Indicators Database,2020,Djibouti,DJI,,,,63.46492588,,ITU estimate.,2026-02-02
12047,xHH6_IDI,Estimated proportion of households with Internet access at home,% of households,ITU World Telecommunication Indicators Database,2020,Dominica,DMA,,,,76.21040454,,ITU estimate.,2024-03-18
12047,xHH6_IDI,Estimated proportion of households with Internet access at home,% of households,ITU World Telecommunication Indicators Database,2020,Denmark,DNK,,,,92.53785329,Number of households with individuals from 16-74 year old,Statistics Denmark,2026-02-02
8816,HHA4213-%_HH-NOCHILDREN-,HH06 - Households with Internet access at home - %_HH - NOCHILDREN,% of households,ITU Households Database,2020,Denmark,DNK,Family,No Children,,90.90104646776744,,Statistics Denmark,2026-07-07
8818,HHA4213-%_HH-NOCHILDREN-URBAN,HH06 - Households with Internet access at home - %_HH - NOCHILDREN - URBAN,% of households,ITU Households Database,2020,Denmark,DNK,Location,No Children,Urban,93.38919191330493,,Statistics Denmark,2026-07-07
8820,HHA4213-%_HH-URBAN-,HH06 - Households with Internet access at home - %_HH - URBAN,% of households,ITU Households Database,2020,Denmark,DNK,Location,Urban,,94.52209648740623,,Statistics Denmark,2026-07-05
8811,HHA4213-%_HH-CHILDREN-RURAL,HH06 - Households with Internet access at home - %_HH - CHILDREN - RURAL,% of households,ITU Households Database,2020,Denmark,DNK,Location,Children,Rural,98.0161395038564,,Statistics Denmark,2025-01-08
8810,HHA4213-%_HH-CHILDREN-,HH06 - Households with Internet access at home - %_HH - CHILDREN,% of households,ITU Households Database,2020,Denmark,DNK,Family,Children,,98.29889728848451,,Statistics Denmark,2026-07-07
8812,HHA4213-%_HH-CHILDREN-URBAN,HH06 - Households with Internet access at home - %_HH - CHILDREN - URBAN,% of households,ITU Households Database,2020,Denmark,DNK,Location,Children,Urban,98.85206087397131,,Statistics Denmark,2026-07-07
8819,HHA4213-%_HH-RURAL-,HH06 - Households with Internet access at home - %_HH - RURAL,% of households,ITU Households Database,2020,Denmark,DNK,Location,Rural,,91.41820014403264,,Statistics Denmark,2026-07-06
8817,HHA4213-%_HH-NOCHILDREN-RURAL,HH06 - Households with Internet access at home - %_HH - NOCHILDREN - RURAL,% of households,ITU Households Database,2020,Denmark,DNK,Location,No Children,Rural,89.45748943832858,,Statistics Denmark,2026-07-07
12047,xHH6_IDI,Estimated proportion of households with Internet access at home,% of households,ITU World Telecommunication Indicators Database,2020,Dominican Rep.,DOM,,,,40.66160185,,ITU estimate.,2024-03-18
12047,xHH6_IDI,Estimated proportion of households with Internet access at home,% of households,ITU World Telecommunication Indicators Database,2020,Spain,ESP,,,,95.37748818,Households with at least one member aged 16 to 74,Instituto Nacional de Estadistica,2026-02-02
8816,HHA4213-%_HH-NOCHILDREN-,HH06 - Households with Internet access at home - %_HH - NOCHILDREN,% of households,ITU Households Database,2020,Spain,ESP,Family,No Children,,93.69072946212094,,Instituto Nacional de Estadística (INE),2026-07-05
8817,HHA4213-%_HH-NOCHILDREN-RURAL,HH06 - Households with Internet access at home - %_HH - NOCHILDREN - RURAL,% of households,ITU Households Database,2020,Spain,ESP,Location,No Children,Rural,91.6033108289961,,Instituto Nacional de Estadística (INE),2025-01-08
8820,HHA4213-%_HH-URBAN-,HH06 - Households with Internet access at home - %_HH - URBAN,% of households,ITU Households Database,2020,Spain,ESP,Location,Urban,,96.58458881182462,,Instituto Nacional de Estadística (INE),2026-07-05
8811,HHA4213-%_HH-CHILDREN-RURAL,HH06 - Households with Internet access at home - %_HH - CHILDREN - RURAL,% of households,ITU Households Database,2020,Spain,ESP,Location,Children,Rural,99.64885529931723,,Instituto Nacional de Estadística (INE),2026-07-06
8812,HHA4213-%_HH-CHILDREN-URBAN,HH06 - Households with Internet access at home - %_HH - CHILDREN - URBAN,% of households,ITU Households Database,2020,Spain,ESP,Location,Children,Urban,99.92334532825414,,Instituto Nacional de Estadística (INE),2026-07-05
8819,HHA4213-%_HH-RURAL-,HH06 - Households with Internet access at home - %_HH - RURAL,% of households,ITU Households Database,2020,Spain,ESP,Location,Rural,,93.91427613027409,,Instituto Nacional de Estadística (INE),2026-07-06
8810,HHA4213-%_HH-CHILDREN-,HH06 - Households with Internet access at home - %_HH - CHILDREN,% of households,ITU Households Database,2020,Spain,ESP,Family,Children,,99.79437645571745,,Instituto Nacional de Estadística (INE),2026-07-06
8818,HHA4213-%_HH-NOCHILDREN-URBAN,HH06 - Households with Internet access at home - %_HH - NOCHILDREN - URBAN,% of households,ITU Households Database,2020,Spain,ESP,Location,No Children,Urban,95.36610447436516,,Instituto Nacional de Estadística (INE),2026-07-05
8817,HHA4213-%_HH-NOCHILDREN-RURAL,HH06 - Households with Internet access at home - %_HH - NOCHILDREN - RURAL,% of households,ITU Households Database,2020,Egypt,EGY,Location,No Children,Rural,50.23924538196554,,Ministry of Communications and Information Technology,2026-07-05
8812,HHA4213-%_HH-CHILDREN-URBAN,HH06 - Households with Internet access at home - %_HH - CHILDREN - URBAN,% of households,ITU Households Database,2020,Egypt,EGY,Location,Children,Urban,93.16921719075401,,Ministry of Communications and Information Technology,2026-07-05
8819,HHA4213-%_HH-RURAL-,HH06 - Households with Internet access at home - %_HH - RURAL,% of households,ITU Households Database,2020,Egypt,EGY,Location,Rural,,62.41019665074599,,Ministry of Communications and Information Technology,2026-07-06
8810,HHA4213-%_HH-CHILDREN-,HH06 - Households with Internet access at home - %_HH - CHILDREN,% of households,ITU Households Database,2020,Egypt,EGY,Family,Children,,79.02488284435655,,Ministry of Communications and Information Technology,2026-07-06
8818,HHA4213-%_HH-NOCHILDREN-URBAN,HH06 - Households with Internet access at home - %_HH - NOCHILDREN - URBAN,% of households,ITU Households Database,2020,Egypt,EGY,Location,No Children,Urban,78.21128572781171,,Ministry of Communications and Information Technology,2026-07-05
8811,HHA4213-%_HH-CHILDREN-RURAL,HH06 - Households with Internet access at home - %_HH - CHILDREN - RURAL,% of households,ITU Households Database,2020,Egypt,EGY,Location,Children,Rural,69.5313581914819,,Ministry of Communications and Information Technology,2025-01-08
8820,HHA4213-%_HH-URBAN-,HH06 - Households with Internet access at home - %_HH - URBAN,% of households,ITU Households Database,2020,Egypt,EGY,Location,Urban,,85.92853322786279,,Ministry of Communications and Information Technology,2026-07-05
8816,HHA4213-%_HH-NOCHILDREN-,HH06 - Households with Internet access at home - %_HH - NOCHILDREN,% of households,ITU Households Database,2020,Egypt,EGY,Family,No Children,,64.73926452594321,,Ministry of Communications and Information Technology,2026-07-05
12047,xHH6_IDI,Estimated proportion of households with Internet access at home,% of households,ITU World Telecommunication Indicators Database,2020,Egypt,EGY,,,,73.01153117,,Ministry of Communications and Information Technology,2026-02-02
12047,xHH6_IDI,Estimated proportion of households with Internet access at home,% of households,ITU World Telecommunication Indicators Database,2020,Ecuador,ECU,,,,53.20949717,,Instituto Nacional de Estadistica y Censos,2026-02-02
8817,HHA4213-%_HH-NOCHILDREN-RURAL,HH06 - Households with Internet access at home - %_HH - NOCHILDREN - RURAL,% of households,ITU Households Database,2020,Ecuador,ECU,Location,No Children,Rural,23.21086719760448,,Instituto Nacional de Estadísticas y Censos - INEC,2026-07-05
8816,HHA4213-%_HH-NOCHILDREN-,HH06 - Households with Internet access at home - %_HH - NOCHILDREN,% of households,ITU Households Database,2020,Ecuador,ECU,Family,No Children,,46.08489314341461,,Instituto Nacional de Estadísticas y Censos - INEC,2026-07-05
8811,HHA4213-%_HH-CHILDREN-RURAL,HH06 - Households with Internet access at home - %_HH - CHILDREN - RURAL,% of households,ITU Households Database,2020,Ecuador,ECU,Location,Children,Rural,46.02899285801243,,Instituto Nacional de Estadísticas y Censos - INEC,2026-07-06
8812,HHA4213-%_HH-CHILDREN-URBAN,HH06 - Households with Internet access at home - %_HH - CHILDREN - URBAN,% of households,ITU Households Database,2020,Ecuador,ECU,Location,Children,Urban,67.35530549868567,,Instituto Nacional de Estadísticas y Censos - INEC,2026-07-05
8810,HHA4213-%_HH-CHILDREN-,HH06 - Households with Internet access at home - %_HH - CHILDREN,% of households,ITU Households Database,2020,Ecuador,ECU,Family,Children,,60.52358338958964,,Instituto Nacional de Estadísticas y Censos - INEC,2026-07-06
8820,HHA4213-%_HH-URBAN-,HH06 - Households with Internet access at home - %_HH - URBAN,% of households,ITU Households Database,2020,Ecuador,ECU,Location,Urban,,61.699271002067476,,Instituto Nacional de Estadísticas y Censos - INEC,2026-07-05
8818,HHA4213-%_HH-NOCHILDREN-URBAN,HH06 - Households with Internet access at home - %_HH - NOCHILDREN - URBAN,% of households,ITU Households Database,2020,Ecuador,ECU,Location,No Children,Urban,56.28490614743765,,Instituto Nacional de Estadísticas y Censos - INEC,2026-07-05
8819,HHA4213-%_HH-RURAL-,HH06 - Households with Internet access at home - %_HH - RURAL,% of households,ITU Households Database,2020,Ecuador,ECU,Location,Rural,,34.6869395513295,,Instituto Nacional de Estadísticas y Censos - INEC,2025-01-08
12047,xHH6_IDI,Estimated proportion of households with Internet access at home,% of households,ITU World Telecommunication Indicators Database,2020,Estonia,EST,,,,90,,Statistical Office of Estonia,2025-01-09
12047,xHH6_IDI,Estimated proportion of households with Internet access at home,% of households,ITU World Telecommunication Indicators Database,2020,Ethiopia,ETH,,,,16.06964208,,ITU estimate.,2024-03-18
12047,xHH6_IDI,Estimated proportion of households with Internet access at home,% of households,ITU World Telecommunication Indicators Database,2020,France,FRA,,,,85.6067256,,ITU estimate.,2024-03-18
12047,xHH6_IDI,Estimated proportion of households with Internet access at home,% of households,ITU World Telecommunication Indicators Database,2020,Fiji,FJI,,,,78.150728,,ITU estimate.,2024-03-18
12047,xHH6_IDI,Estimated proportion of households with Internet access at home,% of households,ITU World Telecommunication Indicators Database,2020,Finland,FIN,,,,89.45399595,,Statistics Finland,2026-02-02
12047,xHH6_IDI,Estimated proportion of households with Internet access at home,% of households,ITU World Telecommunication Indicators Database,2020,United Kingdom,GBR,,,,95.24432725,,Office for National Statistics,2026-02-02
8816,HHA4213-%_HH-NOCHILDREN-,HH06 - Households with Internet access at home - %_HH - NOCHILDREN,% of households,ITU Households Database,2020,United Kingdom,GBR,Family,No Children,,93.612666988564,,Office for National Statistics,2025-01-08
8810,HHA4213-%_HH-CHILDREN-,HH06 - Households with Internet access at home - %_HH - CHILDREN,% of households,ITU Households Database,2020,United Kingdom,GBR,Family,Children,,99.90008350566188,,Office for National Statistics,2026-07-07
12047,xHH6_IDI,Estimated proportion of households with Internet access at home,% of households,ITU World Telecommunication Indicators Database,2020,Gabon,GAB,,,,74.03504482,,ITU estimate.,2024-03-18
12047,xHH6_IDI,Estimated proportion of households with Internet access at home,% of households,ITU World Telecommunication Indicators Database,2020,Ghana,GHA,,,,47.58242266,,ITU estimate.,2024-03-18
12047,xHH6_IDI,Estimated proportion of households with Internet access at home,% of households,ITU World Telecommunication Indicators Database,2020,Gambia,GMB,,,,42.38709074,,ITU estimate.,2024-03-18
12047,xHH6_IDI,Estimated proportion of households with Internet access at home,% of households,ITU World Telecommunication Indicators Database,2020,Guinea-Bissau,GNB,,,,18.21125538,,ITU estimate.,2024-03-18
12047,xHH6_IDI,Estimated proportion of households with Internet access at home,% of households,ITU World Telecommunication Indicators Database,2020,Equatorial Guinea,GNQ,,,,42.41144963,,ITU estimate.,2024-03-18
12047,xHH6_IDI,Estimated proportion of households with Internet access at home,% of households,ITU World Telecommunication Indicators Database,2020,Greece,GRC,,,,80.38166755,,Hellenic Statistical Authority,2026-02-02
12047,xHH6_IDI,Estimated proportion of households with Internet access at home,% of households,ITU World Telecommunication Indicators Database,2020,Grenada,GRD,,,,60.92364542,,ITU estimate.,2026-02-02
12047,xHH6_IDI,Estimated proportion of households with Internet access at home,% of households,ITU World Telecommunication Indicators Database,2020,Guatemala,GTM,,,,26.11274281,,ITU estimate.,2024-03-18
12047,xHH6_IDI,Estimated proportion of households with Internet access at home,% of households,ITU World Telecommunication Indicators Database,2020,Guinea,GIN,,,,16.03600266,,ITU estimate.,2024-03-18
12047,xHH6_IDI,Estimated proportion of households with Internet access at home,% of households,ITU World Telecommunication Indicators Database,2020,Guyana,GUY,,,,62.00747773,,ITU estimate.,2024-03-18
12047,xHH6_IDI,Estimated proportion of households with Internet access at home,% of households,ITU World Telecommunication Indicators Database,2020,"Hong Kong, China",HKG,,,,93.91333608,,Census and Statistics Department,2026-02-02
8816,HHA4213-%_HH-NOCHILDREN-,HH06 - Households with Internet access at home - %_HH - NOCHILDREN,% of households,ITU Households Database,2020,"Hong Kong, China",HKG,Family,No Children,,92.24335691072453,,Census and Statistics Department,2026-07-07
8810,HHA4213-%_HH-CHILDREN-,HH06 - Households with Internet access at home - %_HH - CHILDREN,% of households,ITU Households Database,2020,"Hong Kong, China",HKG,Family,Children,,99.9141336081058,,Census and Statistics Department,2025-01-08
12047,xHH6_IDI,Estimated proportion of households with Internet access at home,% of households,ITU World Telecommunication Indicators Database,2020,Honduras,HND,,,,33.9855365,,ITU estimate.,2024-03-18
12047,xHH6_IDI,Estimated proportion of households with Internet access at home,% of households,ITU World Telecommunication Indicators Database,2020,Hungary,HUN,,,,87.63084244,,Hungarian Central Statistical Office,2026-02-02
8817,HHA4213-%_HH-NOCHILDREN-RURAL,HH06 - Households with Internet access at home - %_HH - NOCHILDREN - RURAL,% of households,ITU Households Database,2020,Hungary,HUN,Location,No Children,Rural,76.78025963527368,,Hungarian Central Statistical Office ,2026-07-05
8811,HHA4213-%_HH-CHILDREN-RURAL,HH06 - Households with Internet access at home - %_HH - CHILDREN - RURAL,% of households,ITU Households Database,2020,Hungary,HUN,Location,Children,Rural,96.68989927680308,,Hungarian Central Statistical Office ,2026-07-07
8818,HHA4213-%_HH-NOCHILDREN-URBAN,HH06 - Households with Internet access at home - %_HH - NOCHILDREN - URBAN,% of households,ITU Households Database,2020,Hungary,HUN,Location,No Children,Urban,87.08731188082665,,Hungarian Central Statistical Office ,2026-07-05
8810,HHA4213-%_HH-CHILDREN-,HH06 - Households with Internet access at home - %_HH - CHILDREN,% of households,ITU Households Database,2020,Hungary,HUN,Family,Children,,98.02523576895949,,Hungarian Central Statistical Office ,2026-07-06
8820,HHA4213-%_HH-URBAN-,HH06 - Households with Internet access at home - %_HH - URBAN,% of households,ITU Households Database,2020,Hungary,HUN,Location,Urban,,90.11526646475959,,Hungarian Central Statistical Office ,2026-07-05
8819,HHA4213-%_HH-RURAL-,HH06 - Households with Internet access at home - %_HH - RURAL,% of households,ITU Households Database,2020,Hungary,HUN,Location,Rural,,81.76883695849533,,Hungarian Central Statistical Office ,2026-07-06
8812,HHA4213-%_HH-CHILDREN-URBAN,HH06 - Households with Internet access at home - %_HH - CHILDREN - URBAN,% of households,ITU Households Database,2020,Hungary,HUN,Location,Children,Urban,98.56263766539999,,Hungarian Central Statistical Office ,2026-07-05
8816,HHA4213-%_HH-NOCHILDREN-,HH06 - Households with Internet access at home - %_HH - NOCHILDREN,% of households,ITU Households Database,2020,Hungary,HUN,Family,No Children,,83.98054333346788,,Hungarian Central Statistical Office ,2026-07-05
12047,xHH6_IDI,Estimated proportion of households with Internet access at home,% of households,ITU World Telecommunication Indicators Database,2020,Netherlands,NLD,,,,93.75,,Statistics Netherlands,2025-01-09
12047,xHH6_IDI,Estimated proportion of households with Internet access at home,% of households,ITU World Telecommunication Indicators Database,2020,Croatia,HRV,,,,84.99896561,,Croatian Bureau of Statistics,2026-02-02
8820,HHA4213-%_HH-URBAN-,HH06 - Households with Internet access at home - %_HH - URBAN,% of households,ITU Households Database,2020,Croatia,HRV,Location,Urban,,88.05629074462283,,Croatian Bureau of Statistics,2026-07-05
8819,HHA4213-%_HH-RURAL-,HH06 - Households with Internet access at home - %_HH - RURAL,% of households,ITU Households Database,2020,Croatia,HRV,Location,Rural,,80.02194987365587,,Croatian Bureau of Statistics,2026-07-06
8819,HHA4213-%_HH-RURAL-,HH06 - Households with Internet access at home - %_HH - RURAL,% of households,ITU Households Database,2020,Italy,ITA,Location,Rural,,74.45879182519829,,National Institute of Statistics,2026-07-06
8811,HHA4213-%_HH-CHILDREN-RURAL,HH06 - Households with Internet access at home - %_HH - CHILDREN - RURAL,% of households,ITU Households Database,2020,Italy,ITA,Location,Children,Rural,97.36235006634523,,National Institute of Statistics,2026-07-06
8817,HHA4213-%_HH-NOCHILDREN-RURAL,HH06 - Households with Internet access at home - %_HH - NOCHILDREN - RURAL,% of households,ITU Households Database,2020,Italy,ITA,Location,No Children,Rural,69.36037875839004,,National Institute of Statistics,2026-07-05
8818,HHA4213-%_HH-NOCHILDREN-URBAN,HH06 - Households with Internet access at home - %_HH - NOCHILDREN - URBAN,% of households,ITU Households Database,2020,Italy,ITA,Location,No Children,Urban,75.33047688447726,,National Institute of Statistics,2026-07-05
8816,HHA4213-%_HH-NOCHILDREN-,HH06 - Households with Internet access at home - %_HH - NOCHILDREN,% of households,ITU Households Database,2020,Italy,ITA,Family,No Children,,74.33181361089221,,National Institute of Statistics,2026-07-05
8812,HHA4213-%_HH-CHILDREN-URBAN,HH06 - Households with Internet access at home - %_HH - CHILDREN - URBAN,% of households,ITU Households Database,2020,Italy,ITA,Location,Children,Urban,97.50683194664815,,National Institute of Statistics,2026-07-05
8820,HHA4213-%_HH-URBAN-,HH06 - Households with Internet access at home - %_HH - URBAN,% of households,ITU Households Database,2020,Italy,ITA,Location,Urban,,79.94054813098751,,National Institute of Statistics,2026-07-05
8810,HHA4213-%_HH-CHILDREN-,HH06 - Households with Internet access at home - %_HH - CHILDREN,% of households,ITU Households Database,2020,Italy,ITA,Family,Children,,97.48579780729085,,National Institute of Statistics,2026-07-06
12047,xHH6_IDI,Estimated proportion of households with Internet access at home,% of households,ITU World Telecommunication Indicators Database,2020,Italy,ITA,,,,79.04779806,,Italian National Institute of Statistics,2026-02-02
12047,xHH6_IDI,Estimated proportion of households with Internet access at home,% of households,ITU World Telecommunication Indicators Database,2020,Indonesia,IDN,,,,78.17634138,,BPS-Statistics Indonesia,2026-02-02
8818,HHA4213-%_HH-NOCHILDREN-URBAN,HH06 - Households with Internet access at home - %_HH - NOCHILDREN - URBAN,% of households,ITU Households Database,2020,Indonesia,IDN,Location,No Children,Urban,77.86785392149376,,BPS-Statistics Indonesia,2026-07-05
8816,HHA4213-%_HH-NOCHILDREN-,HH06 - Households with Internet access at home - %_HH - NOCHILDREN,% of households,ITU Households Database,2020,Indonesia,IDN,Family,No Children,,67.80206323309486,,BPS-Statistics Indonesia,2026-07-05
8811,HHA4213-%_HH-CHILDREN-RURAL,HH06 - Households with Internet access at home - %_HH - CHILDREN - RURAL,% of households,ITU Households Database,2020,Indonesia,IDN,Location,Children,Rural,75.54784134780593,,BPS-Statistics Indonesia,2026-07-06
8820,HHA4213-%_HH-URBAN-,HH06 - Households with Internet access at home - %_HH - URBAN,% of households,ITU Households Database,2020,Indonesia,IDN,Location,Urban,,86.80715273321132,,BPS-Statistics Indonesia,2026-07-05
8819,HHA4213-%_HH-RURAL-,HH06 - Households with Internet access at home - %_HH - RURAL,% of households,ITU Households Database,2020,Indonesia,IDN,Location,Rural,,67.1863048427094,,BPS-Statistics Indonesia,2025-01-08
8810,HHA4213-%_HH-CHILDREN-,HH06 - Households with Internet access at home - %_HH - CHILDREN,% of households,ITU Households Database,2020,Indonesia,IDN,Family,Children,,85.20971150787857,,BPS-Statistics Indonesia,2026-07-06
8812,HHA4213-%_HH-CHILDREN-URBAN,HH06 - Households with Internet access at home - %_HH - CHILDREN - URBAN,% of households,ITU Households Database,2020,Indonesia,IDN,Location,Children,Urban,93.33560887040167,,BPS-Statistics Indonesia,2026-07-05
8817,HHA4213-%_HH-NOCHILDREN-RURAL,HH06 - Households with Internet access at home - %_HH - NOCHILDREN - RURAL,% of households,ITU Households Database,2020,Indonesia,IDN,Location,No Children,Rural,53.606215755021616,,BPS-Statistics Indonesia,2026-07-05
12047,xHH6_IDI,Estimated proportion of households with Internet access at home,% of households,ITU World Telecommunication Indicators Database,2020,Ireland,IRL,,,,91.9998674,,Central Statistics Office,2026-02-02
12047,xHH6_IDI,Estimated proportion of households with Internet access at home,% of households,ITU World Telecommunication Indicators Database,2020,Iran (Islamic Republic of),IRN,,,,78.96202502,,Statistical Centre of Iran (SCI),2026-02-02
12047,xHH6_IDI,Estimated proportion of households with Internet access at home,% of households,ITU World Telecommunication Indicators Database,2020,Iraq,IRQ,,,,71.74793676,,ITU estimate.,2024-03-18
12047,xHH6_IDI,Estimated proportion of households with Internet access at home,% of households,ITU World Telecommunication Indicators Database,2020,Iceland,ISL,,,,98.48452917,,Statistics Iceland,2026-02-02
12047,xHH6_IDI,Estimated proportion of households with Internet access at home,% of households,ITU World Telecommunication Indicators Database,2020,Israel,ISR,,,,76.20869069,,CENTRAL BUREAU OF STATISTICS,2026-02-02
8819,HHA4213-%_HH-RURAL-,HH06 - Households with Internet access at home - %_HH - RURAL,% of households,ITU Households Database,2020,Israel,ISR,Location,Rural,,88.37157151832436,,CENTRAL BUREAU OF STATISTICS,2026-07-06
8818,HHA4213-%_HH-NOCHILDREN-URBAN,HH06 - Households with Internet access at home - %_HH - NOCHILDREN - URBAN,% of households,ITU Households Database,2020,Israel,ISR,Location,No Children,Urban,75.30685971160483,,CENTRAL BUREAU OF STATISTICS,2026-07-07
8817,HHA4213-%_HH-NOCHILDREN-RURAL,HH06 - Households with Internet access at home - %_HH - NOCHILDREN - RURAL,% of households,ITU Households Database,2020,Israel,ISR,Location,No Children,Rural,87.07951904860319,,CENTRAL BUREAU OF STATISTICS,2026-07-07
8820,HHA4213-%_HH-URBAN-,HH06 - Households with Internet access at home - %_HH - URBAN,% of households,ITU Households Database,2020,Israel,ISR,Location,Urban,,75.3024692800507,,CENTRAL BUREAU OF STATISTICS,2025-01-08
8812,HHA4213-%_HH-CHILDREN-URBAN,HH06 - Households with Internet access at home - %_HH - CHILDREN - URBAN,% of households,ITU Households Database,2020,Israel,ISR,Location,Children,Urban,75.29551686371612,Desktop+Laptop (portable) computer toghter.we cann't separate,CENTRAL BUREAU OF STATISTICS,2026-07-07
8816,HHA4213-%_HH-NOCHILDREN-,HH06 - Households with Internet access at home - %_HH - NOCHILDREN,% of households,ITU Households Database,2020,Israel,ISR,Family,No Children,,76.05932826907876,,CENTRAL BUREAU OF STATISTICS,2026-07-07
8811,HHA4213-%_HH-CHILDREN-RURAL,HH06 - Households with Internet access at home - %_HH - CHILDREN - RURAL,% of households,ITU Households Database,2020,Israel,ISR,Location,Children,Rural,90.02748378831036,,CENTRAL BUREAU OF STATISTICS,2026-07-07
8810,HHA4213-%_HH-CHILDREN-,HH06 - Households with Internet access at home - %_HH - CHILDREN,% of households,ITU Households Database,2020,Israel,ISR,Family,Children,,76.4417032009742,,CENTRAL BUREAU OF STATISTICS,2025-01-08
8819,HHA4213-%_HH-RURAL-,HH06 - Households with Internet access at home - %_HH - RURAL,% of households,ITU Households Database,2020,Japan,JPN,Location,Rural,,96.7225265871737,Estimated by the following method; (The number of households by which the age of householder is more than 20 years old)*(Survey result(%)),Ministry of Internal Affairs and Communications,2025-01-08
8820,HHA4213-%_HH-URBAN-,HH06 - Households with Internet access at home - %_HH - URBAN,% of households,ITU Households Database,2020,Japan,JPN,Location,Urban,,98.17145462836298,Estimated by the following method; (The number of households by which the age of householder is more than 20 years old)*(Survey result(%)),Ministry of Internal Affairs and Communications,2026-07-05
8811,HHA4213-%_HH-CHILDREN-RURAL,HH06 - Households with Internet access at home - %_HH - CHILDREN - RURAL,% of households,ITU Households Database,2020,Japan,JPN,Location,Children,Rural,99.96049512773241,Estimated by the following method; (The number of households by which the age of householder is more than 20 years old)*(Survey result(%)),Ministry of Internal Affairs and Communications,2026-07-07
8812,HHA4213-%_HH-CHILDREN-URBAN,HH06 - Households with Internet access at home - %_HH - CHILDREN - URBAN,% of households,ITU Households Database,2020,Japan,JPN,Location,Children,Urban,99.97908824759514,Estimated by the following method; (The number of households by which the age of householder is more than 20 years old)*(Survey result(%)),Ministry of Internal Affairs and Communications,2026-07-07
8810,HHA4213-%_HH-CHILDREN-,HH06 - Households with Internet access at home - %_HH - CHILDREN,% of households,ITU Households Database,2020,Japan,JPN,Family,Children,,99.96768199078937,Estimated by the following method; (The number of households by which the age of householder is more than 20 years old)*(Survey result(%)),Ministry of Internal Affairs and Communications,2026-07-07
8817,HHA4213-%_HH-NOCHILDREN-RURAL,HH06 - Households with Internet access at home - %_HH - NOCHILDREN - RURAL,% of households,ITU Households Database,2020,Japan,JPN,Location,No Children,Rural,95.67740558992959,Estimated by the following method; (The number of households by which the age of householder is more than 20 years old)*(Survey result(%)),Ministry of Internal Affairs and Communications,2026-07-07
8816,HHA4213-%_HH-NOCHILDREN-,HH06 - Households with Internet access at home - %_HH - NOCHILDREN,% of households,ITU Households Database,2020,Japan,JPN,Family,No Children,,96.51578247049257,Estimated by the following method; (The number of households by which the age of householder is more than 20 years old)*(Survey result(%)),Ministry of Internal Affairs and Communications,2026-07-07
8818,HHA4213-%_HH-NOCHILDREN-URBAN,HH06 - Households with Internet access at home - %_HH - NOCHILDREN - URBAN,% of households,ITU Households Database,2020,Japan,JPN,Location,No Children,Urban,97.66153487287147,Estimated by the following method; (The number of households by which the age of householder is more than 20 years old)*(Survey result(%)),Ministry of Internal Affairs and Communications,2026-07-07
12047,xHH6_IDI,Estimated proportion of households with Internet access at home,% of households,ITU World Telecommunication Indicators Database,2020,Japan,JPN,,,,97.32250755,,Ministry of Internal Affairs and Communications,2026-02-02
12047,xHH6_IDI,Estimated proportion of households with Internet access at home,% of households,ITU World Telecommunication Indicators Database,2020,Jamaica,JAM,,,,74.46858163,,ITU estimate.,2024-03-18
12047,xHH6_IDI,Estimated proportion of households with Internet access at home,% of households,ITU World Telecommunication Indicators Database,2020,Jordan,JOR,,,,82.15635708,,ITU estimate.,2024-03-18
12047,xHH6_IDI,Estimated proportion of households with Internet access at home,% of households,ITU World Telecommunication Indicators Database,2020,Kiribati,KIR,,,,58.79285348,,ITU estimate.,2024-03-18
12047,xHH6_IDI,Estimated proportion of households with Internet access at home,% of households,ITU World Telecommunication Indicators Database,2020,Korea (Rep. of),KOR,,,,99.74851272,,Ministry of Science and ICT,2026-02-02
8816,HHA4213-%_HH-NOCHILDREN-,HH06 - Households with Internet access at home - %_HH - NOCHILDREN,% of households,ITU Households Database,2020,Korea (Rep. of),KOR,Family,No Children,,99.70941335144462,,Ministriy of Sceience and ICT(MSIT),2026-07-05
8820,HHA4213-%_HH-URBAN-,HH06 - Households with Internet access at home - %_HH - URBAN,% of households,ITU Households Database,2020,Korea (Rep. of),KOR,Location,Urban,,99.7763438519753,,Ministriy of Sceience and ICT(MSIT),2025-01-08
8818,HHA4213-%_HH-NOCHILDREN-URBAN,HH06 - Households with Internet access at home - %_HH - NOCHILDREN - URBAN,% of households,ITU Households Database,2020,Korea (Rep. of),KOR,Location,No Children,Urban,99.74149912869918,,Ministriy of Sceience and ICT(MSIT),2026-07-05
8811,HHA4213-%_HH-CHILDREN-RURAL,HH06 - Households with Internet access at home - %_HH - CHILDREN - RURAL,% of households,ITU Households Database,2020,Korea (Rep. of),KOR,Location,Children,Rural,99.91288617519297,,Ministriy of Sceience and ICT(MSIT),2026-07-06
8812,HHA4213-%_HH-CHILDREN-URBAN,HH06 - Households with Internet access at home - %_HH - CHILDREN - URBAN,% of households,ITU Households Database,2020,Korea (Rep. of),KOR,Location,Children,Urban,99.9052525559674,,Ministriy of Sceience and ICT(MSIT),2025-01-08
8810,HHA4213-%_HH-CHILDREN-,HH06 - Households with Internet access at home - %_HH - CHILDREN,% of households,ITU Households Database,2020,Korea (Rep. of),KOR,Family,Children,,99.906239284852,,Ministriy of Sceience and ICT(MSIT),2025-01-08
8819,HHA4213-%_HH-RURAL-,HH06 - Households with Internet access at home - %_HH - RURAL,% of households,ITU Households Database,2020,Korea (Rep. of),KOR,Location,Rural,,99.62763312250493,,Ministriy of Sceience and ICT(MSIT),2026-07-06
8817,HHA4213-%_HH-NOCHILDREN-RURAL,HH06 - Households with Internet access at home - %_HH - NOCHILDREN - RURAL,% of households,ITU Households Database,2020,Korea (Rep. of),KOR,Location,No Children,Rural,99.58223081318475,,Ministriy of Sceience and ICT(MSIT),2026-07-04
8810,HHA4213-%_HH-CHILDREN-,HH06 - Households with Internet access at home - %_HH - CHILDREN,% of households,ITU Households Database,2020,Kuwait,KWT,Family,Children,,99.51159951159948,,Communication and Information Technology Regulatory Authority,2026-07-07
8816,HHA4213-%_HH-NOCHILDREN-,HH06 - Households with Internet access at home - %_HH - NOCHILDREN,% of households,ITU Households Database,2020,Kuwait,KWT,Family,No Children,,99.01691,,Communication and Information Technology Regulatory Authority,2025-01-08
12047,xHH6_IDI,Estimated proportion of households with Internet access at home,% of households,ITU World Telecommunication Indicators Database,2020,Kuwait,KWT,,,,99.39547194,,Communication and Information Technology Regulatory Authority,2026-02-02
12047,xHH6_IDI,Estimated proportion of households with Internet access at home,% of households,ITU World Telecommunication Indicators Database,2020,Lao P.D.R.,LAO,,,,71,,Laos Statistical Information Service - Statistical Yearbook 2021,2024-03-18
12047,xHH6_IDI,Estimated proportion of households with Internet access at home,% of households,ITU World Telecommunication Indicators Database,2020,Lebanon,LBN,,,,76.14297892,,ITU estimate.,2024-03-18
12047,xHH6_IDI,Estimated proportion of households with Internet access at home,% of households,ITU World Telecommunication Indicators Database,2020,Liberia,LBR,,,,12.89627516,,ITU estimate.,2026-02-02
12047,xHH6_IDI,Estimated proportion of households with Internet access at home,% of households,ITU World Telecommunication Indicators Database,2020,Saint Lucia,LCA,,,,80.71730574,,ITU estimate.,2024-03-18
12047,xHH6_IDI,Estimated proportion of households with Internet access at home,% of households,ITU World Telecommunication Indicators Database,2020,Liechtenstein,LIE,,,,91.4672183,,ITU estimate.,2024-03-18
12047,xHH6_IDI,Estimated proportion of households with Internet access at home,% of households,ITU World Telecommunication Indicators Database,2020,Lithuania,LTU,,,,82.13069553,Households in which at least one of the members is between 16 and 74,Statistics Lithuania,2026-02-02
8818,HHA4213-%_HH-NOCHILDREN-URBAN,HH06 - Households with Internet access at home - %_HH - NOCHILDREN - URBAN,% of households,ITU Households Database,2020,Lithuania,LTU,Location,No Children,Urban,78.97219577775549,,Statistics Lithuania,2026-07-07
8810,HHA4213-%_HH-CHILDREN-,HH06 - Households with Internet access at home - %_HH - CHILDREN,% of households,ITU Households Database,2020,Lithuania,LTU,Family,Children,,99.01864264229178,,Statistics Lithuania,2026-07-07
8812,HHA4213-%_HH-CHILDREN-URBAN,HH06 - Households with Internet access at home - %_HH - CHILDREN - URBAN,% of households,ITU Households Database,2020,Lithuania,LTU,Location,Children,Urban,98.87716682315538,,Statistics Lithuania,2026-07-07
8817,HHA4213-%_HH-NOCHILDREN-RURAL,HH06 - Households with Internet access at home - %_HH - NOCHILDREN - RURAL,% of households,ITU Households Database,2020,Lithuania,LTU,Location,No Children,Rural,71.68809095057283,,Statistics Lithuania,2026-07-07
8811,HHA4213-%_HH-CHILDREN-RURAL,HH06 - Households with Internet access at home - %_HH - CHILDREN - RURAL,% of households,ITU Households Database,2020,Lithuania,LTU,Location,Children,Rural,99.35908585012739,,Statistics Lithuania,2026-07-07
8820,HHA4213-%_HH-URBAN-,HH06 - Households with Internet access at home - %_HH - URBAN,% of households,ITU Households Database,2020,Lithuania,LTU,Location,Urban,,83.92380060250343,,Statistics Lithuania,2026-07-05
8816,HHA4213-%_HH-NOCHILDREN-,HH06 - Households with Internet access at home - %_HH - NOCHILDREN,% of households,ITU Households Database,2020,Lithuania,LTU,Family,No Children,,76.69228075811164,,Statistics Lithuania,2026-07-07
8819,HHA4213-%_HH-RURAL-,HH06 - Households with Internet access at home - %_HH - RURAL,% of households,ITU Households Database,2020,Lithuania,LTU,Location,Rural,,78.10704774062906,,Statistics Lithuania,2026-07-06
12047,xHH6_IDI,Estimated proportion of households with Internet access at home,% of households,ITU World Telecommunication Indicators Database,2020,Luxembourg,LUX,,,,93.57301741,,Service Central de la Statistique et des Etudes Economiques (STATEC),2026-02-02
12047,xHH6_IDI,Estimated proportion of households with Internet access at home,% of households,ITU World Telecommunication Indicators Database,2020,Latvia,LVA,,,,89.72749767,,Central Statistical Bureau of Latvia,2026-02-02
8820,HHA4213-%_HH-URBAN-,HH06 - Households with Internet access at home - %_HH - URBAN,% of households,ITU Households Database,2020,Latvia,LVA,Location,Urban,,90.76102170992681,,Central Statistical Bureau of Latvia,2026-07-05
8810,HHA4213-%_HH-CHILDREN-,HH06 - Households with Internet access at home - %_HH - CHILDREN,% of households,ITU Households Database,2020,Latvia,LVA,Family,Children,,98.74588405188527,,Central Statistical Bureau of Latvia,2026-07-07
8816,HHA4213-%_HH-NOCHILDREN-,HH06 - Households with Internet access at home - %_HH - NOCHILDREN,% of households,ITU Households Database,2020,Latvia,LVA,Family,No Children,,86.11023783488245,,Central Statistical Bureau of Latvia,2026-07-07
8819,HHA4213-%_HH-RURAL-,HH06 - Households with Internet access at home - %_HH - RURAL,% of households,ITU Households Database,2020,Latvia,LVA,Location,Rural,,87.20697934422023,,Central Statistical Bureau of Latvia,2026-07-06
12047,xHH6_IDI,Estimated proportion of households with Internet access at home,% of households,ITU World Telecommunication Indicators Database,2020,"Macao, China",MAC,,,,91.11213938,,ITU estimate.,2024-03-18
12047,xHH6_IDI,Estimated proportion of households with Internet access at home,% of households,ITU World Telecommunication Indicators Database,2020,Mauritius,MUS,,,,72.6422922,,Statistics Mauritius,2026-02-02
8816,HHA4213-%_HH-NOCHILDREN-,HH06 - Households with Internet access at home - %_HH - NOCHILDREN,% of households,ITU Households Database,2020,Mauritius,MUS,Family,No Children,,65.84391324533088,,Statistics Mauritius,2026-07-07
8810,HHA4213-%_HH-CHILDREN-,HH06 - Households with Internet access at home - %_HH - CHILDREN,% of households,ITU Households Database,2020,Mauritius,MUS,Family,Children,,88.06948269568969,,Statistics Mauritius,2026-07-07
12047,xHH6_IDI,Estimated proportion of households with Internet access at home,% of households,ITU World Telecommunication Indicators Database,2020,Monaco,MCO,,,,99.43334676,,ITU estimate.,2024-03-18
12047,xHH6_IDI,Estimated proportion of households with Internet access at home,% of households,ITU World Telecommunication Indicators Database,2020,Madagascar,MDG,,,,10.81957471,,ITU estimate.,2024-03-18
12047,xHH6_IDI,Estimated proportion of households with Internet access at home,% of households,ITU World Telecommunication Indicators Database,2020,Mexico,MEX,,,,59.93948781,,Instituto Nacional de Estadística y Geografía (INEGI),2026-02-02
8820,HHA4213-%_HH-URBAN-,HH06 - Households with Internet access at home - %_HH - URBAN,% of households,ITU Households Database,2020,Mexico,MEX,Location,Urban,,68.87213140514332,,Instituto Nacional de Estadística y Geografía (INEGI),2026-07-05
8810,HHA4213-%_HH-CHILDREN-,HH06 - Households with Internet access at home - %_HH - CHILDREN,% of households,ITU Households Database,2020,Mexico,MEX,Family,Children,,62.12565333817051,,Instituto Nacional de Estadística y Geografía (INEGI),2026-07-07
8818,HHA4213-%_HH-NOCHILDREN-URBAN,HH06 - Households with Internet access at home - %_HH - NOCHILDREN - URBAN,% of households,ITU Households Database,2020,Mexico,MEX,Location,No Children,Urban,66.12077415392122,,Instituto Nacional de Estadística y Geografía (INEGI),2026-07-07
8817,HHA4213-%_HH-NOCHILDREN-RURAL,HH06 - Households with Internet access at home - %_HH - NOCHILDREN - RURAL,% of households,ITU Households Database,2020,Mexico,MEX,Location,No Children,Rural,24.977494934000422,,Instituto Nacional de Estadística y Geografía (INEGI),2026-07-07
8819,HHA4213-%_HH-RURAL-,HH06 - Households with Internet access at home - %_HH - RURAL,% of households,ITU Households Database,2020,Mexico,MEX,Location,Rural,,31.361452767338953,,Instituto Nacional de Estadística y Geografía (INEGI),2026-07-06
8816,HHA4213-%_HH-NOCHILDREN-,HH06 - Households with Internet access at home - %_HH - NOCHILDREN,% of households,ITU Households Database,2020,Mexico,MEX,Family,No Children,,57.94505948074005,,Instituto Nacional de Estadística y Geografía (INEGI),2026-07-07
8812,HHA4213-%_HH-CHILDREN-URBAN,HH06 - Households with Internet access at home - %_HH - CHILDREN - URBAN,% of households,ITU Households Database,2020,Mexico,MEX,Location,Children,Urban,72.23477908753894,,Instituto Nacional de Estadística y Geografía (INEGI),2026-07-07
8811,HHA4213-%_HH-CHILDREN-RURAL,HH06 - Households with Internet access at home - %_HH - CHILDREN - RURAL,% of households,ITU Households Database,2020,Mexico,MEX,Location,Children,Rural,36.3038363923197,,Instituto Nacional de Estadística y Geografía (INEGI),2025-01-08
8820,HHA4213-%_HH-URBAN-,HH06 - Households with Internet access at home - %_HH - URBAN,% of households,ITU Households Database,2020,Malaysia,MYS,Location,Urban,,93.54948205529189,,"Department of Statistics, Malaysia",2026-07-05
8819,HHA4213-%_HH-RURAL-,HH06 - Households with Internet access at home - %_HH - RURAL,% of households,ITU Households Database,2020,Malaysia,MYS,Location,Rural,,83.92290076775468,,"Department of Statistics, Malaysia",2026-07-06
12047,xHH6_IDI,Estimated proportion of households with Internet access at home,% of households,ITU World Telecommunication Indicators Database,2020,Malaysia,MYS,,,,91.09308482,,Department of Statistics,2026-02-02
12047,xHH6_IDI,Estimated proportion of households with Internet access at home,% of households,ITU World Telecommunication Indicators Database,2020,Maldives,MDV,,,,81.04013341,,ITU estimate.,2024-03-18
12047,xHH6_IDI,Estimated proportion of households with Internet access at home,% of households,ITU World Telecommunication Indicators Database,2020,Mali,MLI,,,,39.8435827,,ITU estimate.,2024-03-18
12047,xHH6_IDI,Estimated proportion of households with Internet access at home,% of households,ITU World Telecommunication Indicators Database,2020,Malta,MLT,,,,90.3623821,Only households with at least one individual between the ages of 16 and 74 are considered.,National Statistics Office,2026-02-02
8820,HHA4213-%_HH-URBAN-,HH06 - Households with Internet access at home - %_HH - URBAN,% of households,ITU Households Database,2020,Malta,MLT,Location,Urban,,90.47993897811352,,National Statistics Office,2026-07-05
8810,HHA4213-%_HH-CHILDREN-,HH06 - Households with Internet access at home - %_HH - CHILDREN,% of households,ITU Households Database,2020,Malta,MLT,Family,Children,,97.9485991644089,,National Statistics Office,2025-01-08
8812,HHA4213-%_HH-CHILDREN-URBAN,HH06 - Households with Internet access at home - %_HH - CHILDREN - URBAN,% of households,ITU Households Database,2020,Malta,MLT,Location,Children,Urban,98.09235181528729,,National Statistics Office,2026-07-05
8816,HHA4213-%_HH-NOCHILDREN-,HH06 - Households with Internet access at home - %_HH - NOCHILDREN,% of households,ITU Households Database,2020,Malta,MLT,Family,No Children,,87.85061253357624,,National Statistics Office,2026-07-05
8818,HHA4213-%_HH-NOCHILDREN-URBAN,HH06 - Households with Internet access at home - %_HH - NOCHILDREN - URBAN,% of households,ITU Households Database,2020,Malta,MLT,Location,No Children,Urban,87.95187992647962,,National Statistics Office,2026-07-05
8811,HHA4213-%_HH-CHILDREN-RURAL,HH06 - Households with Internet access at home - %_HH - CHILDREN - RURAL,% of households,ITU Households Database,2020,Malta,MLT,Location,Children,Rural,88.3691582188051,,National Statistics Office,2025-01-08
8819,HHA4213-%_HH-RURAL-,HH06 - Households with Internet access at home - %_HH - RURAL,% of households,ITU Households Database,2020,Malta,MLT,Location,Rural,,83.56566963887447,,National Statistics Office,2026-07-06
8817,HHA4213-%_HH-NOCHILDREN-RURAL,HH06 - Households with Internet access at home - %_HH - NOCHILDREN - RURAL,% of households,ITU Households Database,2020,Malta,MLT,Location,No Children,Rural,82.23918961704322,,National Statistics Office,2026-07-05
12047,xHH6_IDI,Estimated proportion of households with Internet access at home,% of households,ITU World Telecommunication Indicators Database,2020,Mongolia,MNG,,,,77.59955144,,ITU estimate.,2024-03-18
12047,xHH6_IDI,Estimated proportion of households with Internet access at home,% of households,ITU World Telecommunication Indicators Database,2020,Mozambique,MOZ,,,,12.19224272,,ITU estimate.,2024-03-18
12047,xHH6_IDI,Estimated proportion of households with Internet access at home,% of households,ITU World Telecommunication Indicators Database,2020,Morocco,MAR,,,,84.52001443,,Agence Nationale de Réglementation des Télécommunications,2026-02-02
12047,xHH6_IDI,Estimated proportion of households with Internet access at home,% of households,ITU World Telecommunication Indicators Database,2020,Marshall Islands,MHL,,,,73.53253997,,ITU estimate.,2024-03-18
12047,xHH6_IDI,Estimated proportion of households with Internet access at home,% of households,ITU World Telecommunication Indicators Database,2020,Malawi,MWI,,,,12,,ITU estimate.,2024-03-18
12047,xHH6_IDI,Estimated proportion of households with Internet access at home,% of households,ITU World Telecommunication Indicators Database,2020,Nicaragua,NIC,,,,41.20047689,,ITU estimate.,2024-03-18
12047,xHH6_IDI,Estimated proportion of households with Internet access at home,% of households,ITU World Telecommunication Indicators Database,2020,Niger,NER,,,,34.39671583,,ITU estimate.,2024-03-18
12047,xHH6_IDI,Estimated proportion of households with Internet access at home,% of households,ITU World Telecommunication Indicators Database,2020,Nigeria,NGA,,,,34.12589363,,ITU estimate.,2024-03-18
12047,xHH6_IDI,Estimated proportion of households with Internet access at home,% of households,ITU World Telecommunication Indicators Database,2020,Namibia,NAM,,,,61.04692921,,ITU estimate.,2024-03-18
12047,xHH6_IDI,Estimated proportion of households with Internet access at home,% of households,ITU World Telecommunication Indicators Database,2020,Norway,NOR,,,,96.12251686,,Statistics Norway,2026-02-02
8810,HHA4213-%_HH-CHILDREN-,HH06 - Households with Internet access at home - %_HH - CHILDREN,% of households,ITU Households Database,2020,Norway,NOR,Family,Children,,99,,Statistics Norway,2025-01-08
8816,HHA4213-%_HH-NOCHILDREN-,HH06 - Households with Internet access at home - %_HH - NOCHILDREN,% of households,ITU Households Database,2020,Norway,NOR,Family,No Children,,95,,Statistics Norway,2025-01-08
12047,xHH6_IDI,Estimated proportion of households with Internet access at home,% of households,ITU World Telecommunication Indicators Database,2020,Nauru,NRU,,,,82.9390727,,ITU estimate.,2024-03-18
12047,xHH6_IDI,Estimated proportion of households with Internet access at home,% of households,ITU World Telecommunication Indicators Database,2020,New Zealand,NZL,,,,94.30972259,,ITU estimate.,2024-03-18
12047,xHH6_IDI,Estimated proportion of households with Internet access at home,% of households,ITU World Telecommunication Indicators Database,2020,Oman,OMN,,,,94.40521854,,"Ministry of Transport, Communications and Information Technology",2026-02-02
12047,xHH6_IDI,Estimated proportion of households with Internet access at home,% of households,ITU World Telecommunication Indicators Database,2020,Pakistan,PAK,,,,32.76956617,"Households with Internet Access through Wired, Wireless or Mobile Company Connections",Pakistan Bureau of Statistics,2026-02-02
8820,HHA4213-%_HH-URBAN-,HH06 - Households with Internet access at home - %_HH - URBAN,% of households,ITU Households Database,2020,Pakistan,PAK,Location,Urban,,47.75680156549473,,Pakistan Bureau of Statistics,2026-07-05
8819,HHA4213-%_HH-RURAL-,HH06 - Households with Internet access at home - %_HH - RURAL,% of households,ITU Households Database,2020,Pakistan,PAK,Location,Rural,,23.320325919810454,,Pakistan Bureau of Statistics,2026-07-06
12047,xHH6_IDI,Estimated proportion of households with Internet access at home,% of households,ITU World Telecommunication Indicators Database,2020,Papua New Guinea,PNG,,,,18.88434628,,ITU estimate.,2024-03-18
12047,xHH6_IDI,Estimated proportion of households with Internet access at home,% of households,ITU World Telecommunication Indicators Database,2020,Panama,PAN,,,,71.18587273,,ITU estimate.,2026-02-02
12047,xHH6_IDI,Estimated proportion of households with Internet access at home,% of households,ITU World Telecommunication Indicators Database,2020,Poland,POL,,,,90.38388072,Households with at least one person aged 16-74,Statistics Poland,2026-02-02
8816,HHA4213-%_HH-NOCHILDREN-,HH06 - Households with Internet access at home - %_HH - NOCHILDREN,% of households,ITU Households Database,2020,Poland,POL,Family,No Children,,85.94474881536881,Households without children under 16,Statistics Poland,2026-07-05
8810,HHA4213-%_HH-CHILDREN-,HH06 - Households with Internet access at home - %_HH - CHILDREN,% of households,ITU Households Database,2020,Poland,POL,Family,Children,,99.51166994896832,Households with children under 16,Statistics Poland,2026-07-06
8820,HHA4213-%_HH-URBAN-,HH06 - Households with Internet access at home - %_HH - URBAN,% of households,ITU Households Database,2020,Poland,POL,Location,Urban,,90.93734472218459,Households with at least one person aged 16-74,Statistics Poland,2026-07-05
8819,HHA4213-%_HH-RURAL-,HH06 - Households with Internet access at home - %_HH - RURAL,% of households,ITU Households Database,2020,Poland,POL,Location,Rural,,89.25685498743793,Households with at least one person aged 16-74,Statistics Poland,2026-07-06
8812,HHA4213-%_HH-CHILDREN-URBAN,HH06 - Households with Internet access at home - %_HH - CHILDREN - URBAN,% of households,ITU Households Database,2020,Portugal,PRT,Location,Children,Urban,98.15587942677398,"Due to the lack of definition for Urban/Rural breakdown, a standard used by our Census Unit was  considered (urban: places with 2000 or more inhabitants; rural: places with less than 2000 inhabitants)",Statistics Portugal,2026-07-05
8816,HHA4213-%_HH-NOCHILDREN-,HH06 - Households with Internet access at home - %_HH - NOCHILDREN,% of households,ITU Households Database,2020,Portugal,PRT,Family,No Children,,81.55297201781744,,Statistics Portugal,2026-07-05
8817,HHA4213-%_HH-NOCHILDREN-RURAL,HH06 - Households with Internet access at home - %_HH - NOCHILDREN - RURAL,% of households,ITU Households Database,2020,Portugal,PRT,Location,No Children,Rural,70.422069408187,"Due to the lack of definition for Urban/Rural breakdown, a standard used by our Census Unit was  considered (urban: places with 2000 or more inhabitants; rural: places with less than 2000 inhabitants)",Statistics Portugal,2025-01-08
8811,HHA4213-%_HH-CHILDREN-RURAL,HH06 - Households with Internet access at home - %_HH - CHILDREN - RURAL,% of households,ITU Households Database,2020,Portugal,PRT,Location,Children,Rural,97.49140591384169,"Due to the lack of definition for Urban/Rural breakdown, a standard used by our Census Unit was  considered (urban: places with 2000 or more inhabitants; rural: places with less than 2000 inhabitants)",Statistics Portugal,2026-07-06
8818,HHA4213-%_HH-NOCHILDREN-URBAN,HH06 - Households with Internet access at home - %_HH - NOCHILDREN - URBAN,% of households,ITU Households Database,2020,Portugal,PRT,Location,No Children,Urban,87.36763443822618,"Due to the lack of definition for Urban/Rural breakdown, a standard used by our Census Unit was  considered (urban: places with 2000 or more inhabitants; rural: places with less than 2000 inhabitants)",Statistics Portugal,2026-07-05
8810,HHA4213-%_HH-CHILDREN-,HH06 - Households with Internet access at home - %_HH - CHILDREN,% of households,ITU Households Database,2020,Portugal,PRT,Family,Children,,97.93554072497878,,Statistics Portugal,2026-07-06
8819,HHA4213-%_HH-RURAL-,HH06 - Households with Internet access at home - %_HH - RURAL,% of households,ITU Households Database,2020,Portugal,PRT,Location,Rural,,75.14739756474992,"Due to the lack of definition for Urban/Rural breakdown, a standard used by our Census Unit was  considered (urban: places with 2000 or more inhabitants; rural: places with less than 2000 inhabitants)",Statistics Portugal,2026-07-06
8820,HHA4213-%_HH-URBAN-,HH06 - Households with Internet access at home - %_HH - URBAN,% of households,ITU Households Database,2020,Portugal,PRT,Location,Urban,,89.33087755682293,"Due to the lack of definition for Urban/Rural breakdown, a standard used by our Census Unit was  considered (urban: places with 2000 or more inhabitants; rural: places with less than 2000 inhabitants)",Statistics Portugal,2026-07-05
12047,xHH6_IDI,Estimated proportion of households with Internet access at home,% of households,ITU World Telecommunication Indicators Database,2020,Portugal,PRT,,,,84.4927858,,Instituto Nacional de Estatistica,2026-02-02
12047,xHH6_IDI,Estimated proportion of households with Internet access at home,% of households,ITU World Telecommunication Indicators Database,2020,Paraguay,PRY,,,,36.53360808,Includes fixed and mobile networks,"Direccion General de Estadistica, Encuestas y Censos",2026-02-02
8812,HHA4213-%_HH-CHILDREN-URBAN,HH06 - Households with Internet access at home - %_HH - CHILDREN - URBAN,% of households,ITU Households Database,2020,Paraguay,PRY,Location,Children,Urban,46.83372030156274,,Instituto Nacional de Estadística (INE),2026-07-06
8818,HHA4213-%_HH-NOCHILDREN-URBAN,HH06 - Households with Internet access at home - %_HH - NOCHILDREN - URBAN,% of households,ITU Households Database,2020,Paraguay,PRY,Location,No Children,Urban,57.512472956863434,,Instituto Nacional de Estadística (INE),2026-07-05
8819,HHA4213-%_HH-RURAL-,HH06 - Households with Internet access at home - %_HH - RURAL,% of households,ITU Households Database,2020,Paraguay,PRY,Location,Rural,,11.82430924429764,,Instituto Nacional de Estadística (INE),2026-07-06
8820,HHA4213-%_HH-URBAN-,HH06 - Households with Internet access at home - %_HH - URBAN,% of households,ITU Households Database,2020,Paraguay,PRY,Location,Urban,,51.164008082323754,,Instituto Nacional de Estadística (INE),2026-07-05
8811,HHA4213-%_HH-CHILDREN-RURAL,HH06 - Households with Internet access at home - %_HH - CHILDREN - RURAL,% of households,ITU Households Database,2020,Paraguay,PRY,Location,Children,Rural,8.027358289907477,,Instituto Nacional de Estadística (INE),2026-07-06
8816,HHA4213-%_HH-NOCHILDREN-,HH06 - Households with Internet access at home - %_HH - NOCHILDREN,% of households,ITU Households Database,2020,Paraguay,PRY,Family,No Children,,44.441260027435455,,Instituto Nacional de Estadística (INE),2026-07-05
8817,HHA4213-%_HH-NOCHILDREN-RURAL,HH06 - Households with Internet access at home - %_HH - NOCHILDREN - RURAL,% of households,ITU Households Database,2020,Paraguay,PRY,Location,No Children,Rural,18.872378664933848,,Instituto Nacional de Estadística (INE),2026-07-05
8810,HHA4213-%_HH-CHILDREN-,HH06 - Households with Internet access at home - %_HH - CHILDREN,% of households,ITU Households Database,2020,Paraguay,PRY,Family,Children,,31.58530268272617,,Instituto Nacional de Estadística (INE),2026-07-06
8816,HHA4213-%_HH-NOCHILDREN-,HH06 - Households with Internet access at home - %_HH - NOCHILDREN,% of households,ITU Households Database,2020,Peru,PER,Family,No Children,,38.28686662039782,,Instituto Nacional de Estadística e Informática - INEI,2026-07-07
8818,HHA4213-%_HH-NOCHILDREN-URBAN,HH06 - Households with Internet access at home - %_HH - NOCHILDREN - URBAN,% of households,ITU Households Database,2020,Peru,PER,Location,No Children,Urban,46.39686207974154,,Instituto Nacional de Estadística e Informática - INEI,2026-07-07
8812,HHA4213-%_HH-CHILDREN-URBAN,HH06 - Households with Internet access at home - %_HH - CHILDREN - URBAN,% of households,ITU Households Database,2020,Peru,PER,Location,Children,Urban,47.35497410674817,,Instituto Nacional de Estadística e Informática - INEI,2026-07-07
8819,HHA4213-%_HH-RURAL-,HH06 - Households with Internet access at home - %_HH - RURAL,% of households,ITU Households Database,2020,Peru,PER,Location,Rural,,8.836874466591523,,Instituto Nacional de Estadística e Informática - INEI,2026-07-06
8820,HHA4213-%_HH-URBAN-,HH06 - Households with Internet access at home - %_HH - URBAN,% of households,ITU Households Database,2020,Peru,PER,Location,Urban,,46.874903740504,,Instituto Nacional de Estadística e Informática - INEI,2025-01-08
8817,HHA4213-%_HH-NOCHILDREN-RURAL,HH06 - Households with Internet access at home - %_HH - NOCHILDREN - RURAL,% of households,ITU Households Database,2020,Peru,PER,Location,No Children,Rural,7.354374558620112,,Instituto Nacional de Estadística e Informática - INEI,2026-07-07
8811,HHA4213-%_HH-CHILDREN-RURAL,HH06 - Households with Internet access at home - %_HH - CHILDREN - RURAL,% of households,ITU Households Database,2020,Peru,PER,Location,Children,Rural,10.218613529530906,,Instituto Nacional de Estadística e Informática - INEI,2026-07-07
8810,HHA4213-%_HH-CHILDREN-,HH06 - Households with Internet access at home - %_HH - CHILDREN,% of households,ITU Households Database,2020,Peru,PER,Family,Children,,39.174912939810916,,Instituto Nacional de Estadística e Informática - INEI,2026-07-07
12047,xHH6_IDI,Estimated proportion of households with Internet access at home,% of households,ITU World Telecommunication Indicators Database,2020,Peru,PER,,,,38.73349619,,Instituto Nacional de Estadistica e Informatica,2026-02-02
12047,xHH6_IDI,Estimated proportion of households with Internet access at home,% of households,ITU World Telecommunication Indicators Database,2020,Puerto Rico,PRI,,,,65.48062656,"Source: U.S. Census Bureau, 2020 American Community Survey 5-Year Estimates - Table S2801: Types of computers and Internet Subscriptions#https://data.census.gov/table?t=Computer+and+Internet+Use&g=040XX00US72&tid=ACSST5Y2020.S2801",Puerto Rico Institute of Statistics,2026-02-02
12047,xHH6_IDI,Estimated proportion of households with Internet access at home,% of households,ITU World Telecommunication Indicators Database,2020,Qatar,QAT,,,,95.01078837,,Ministry of Transport and Communications,2026-02-02
8812,HHA4213-%_HH-CHILDREN-URBAN,HH06 - Households with Internet access at home - %_HH - CHILDREN - URBAN,% of households,ITU Households Database,2020,Qatar,QAT,Location,Children,Urban,99.90874771583857,,Ministry of Transport and Communications,2026-07-05
8820,HHA4213-%_HH-URBAN-,HH06 - Households with Internet access at home - %_HH - URBAN,% of households,ITU Households Database,2020,Qatar,QAT,Location,Urban,,95.01078837278102,,Ministry of Transport and Communications,2026-07-05
8818,HHA4213-%_HH-NOCHILDREN-URBAN,HH06 - Households with Internet access at home - %_HH - NOCHILDREN - URBAN,% of households,ITU Households Database,2020,Qatar,QAT,Location,No Children,Urban,91.12139914759597,,Ministry of Transport and Communications,2026-07-05
8816,HHA4213-%_HH-NOCHILDREN-,HH06 - Households with Internet access at home - %_HH - NOCHILDREN,% of households,ITU Households Database,2020,Qatar,QAT,Family,No Children,,91.12139914759597,,Ministry of Transport and Communications,2026-07-05
8810,HHA4213-%_HH-CHILDREN-,HH06 - Households with Internet access at home - %_HH - CHILDREN,% of households,ITU Households Database,2020,Qatar,QAT,Family,Children,,99.90874771583857,,Ministry of Transport and Communications,2026-07-06
8810,HHA4213-%_HH-CHILDREN-,HH06 - Households with Internet access at home - %_HH - CHILDREN,% of households,ITU Households Database,2020,Romania,ROU,Family,Children,,96.25917318828746,Number of households which have children under 16,National Institute of Statistics,2026-07-06
8811,HHA4213-%_HH-CHILDREN-RURAL,HH06 - Households with Internet access at home - %_HH - CHILDREN - RURAL,% of households,ITU Households Database,2020,Romania,ROU,Location,Children,Rural,94.54000298056626,Number of households which have children under 16,National Institute of Statistics,2026-07-06
8820,HHA4213-%_HH-URBAN-,HH06 - Households with Internet access at home - %_HH - URBAN,% of households,ITU Households Database,2020,Romania,ROU,Location,Urban,,91.1269194606613,Number of households with at least one member aged 16-74,National Institute of Statistics,2025-01-08
8812,HHA4213-%_HH-CHILDREN-URBAN,HH06 - Households with Internet access at home - %_HH - CHILDREN - URBAN,% of households,ITU Households Database,2020,Romania,ROU,Location,Children,Urban,97.67602154686865,Number of households which have children under 16,National Institute of Statistics,2026-07-05
8816,HHA4213-%_HH-NOCHILDREN-,HH06 - Households with Internet access at home - %_HH - NOCHILDREN,% of households,ITU Households Database,2020,Romania,ROU,Family,No Children,,82.04193492293462,Number of households which does not have children under 16,National Institute of Statistics,2026-07-06
8817,HHA4213-%_HH-NOCHILDREN-RURAL,HH06 - Households with Internet access at home - %_HH - NOCHILDREN - RURAL,% of households,ITU Households Database,2020,Romania,ROU,Location,No Children,Rural,72.72627396875279,Number of households which does not have children under 16,National Institute of Statistics,2026-07-05
8818,HHA4213-%_HH-NOCHILDREN-URBAN,HH06 - Households with Internet access at home - %_HH - NOCHILDREN - URBAN,% of households,ITU Households Database,2020,Romania,ROU,Location,No Children,Urban,88.56880787155134,Number of households which does not have children under 16,National Institute of Statistics,2026-07-05
8819,HHA4213-%_HH-RURAL-,HH06 - Households with Internet access at home - %_HH - RURAL,% of households,ITU Households Database,2020,Romania,ROU,Location,Rural,,79.59359735698582,Number of households with at least one member aged 16-74,National Institute of Statistics,2026-07-06
12047,xHH6_IDI,Estimated proportion of households with Internet access at home,% of households,ITU World Telecommunication Indicators Database,2020,Romania,ROU,,,,86.23980516,Number of households with at least one member aged 16-74,National Institute of Statistics,2026-02-02
12047,xHH6_IDI,Estimated proportion of households with Internet access at home,% of households,ITU World Telecommunication Indicators Database,2020,Rwanda,RWA,,,,15.16026155,,ITU estimate.,2024-03-18
12047,xHH6_IDI,Estimated proportion of households with Internet access at home,% of households,ITU World Telecommunication Indicators Database,2020,Russian Federation,RUS,,,,80.04080566,,Federal State Statistics Service of the Russian Federation,2026-02-02
8819,HHA4213-%_HH-RURAL-,HH06 - Households with Internet access at home - %_HH - RURAL,% of households,ITU Households Database,2020,Russian Federation,RUS,Location,Rural,,71.57833304752086,,Federal State Statistics Service,2026-07-07
8820,HHA4213-%_HH-URBAN-,HH06 - Households with Internet access at home - %_HH - URBAN,% of households,ITU Households Database,2020,Russian Federation,RUS,Location,Urban,,82.79379002961893,,Federal State Statistics Service,2026-07-05
12047,xHH6_IDI,Estimated proportion of households with Internet access at home,% of households,ITU World Telecommunication Indicators Database,2020,Sweden,SWE,,,,93.94096844,,Statistics Sweden,2026-02-02
12047,xHH6_IDI,Estimated proportion of households with Internet access at home,% of households,ITU World Telecommunication Indicators Database,2020,Saint Kitts and Nevis,KNA,,,,83.25459141,,ITU estimate.,2024-03-18
12047,xHH6_IDI,Estimated proportion of households with Internet access at home,% of households,ITU World Telecommunication Indicators Database,2020,Sudan,SDN,,,,29.26771224,,ITU estimate.,2024-03-18
12047,xHH6_IDI,Estimated proportion of households with Internet access at home,% of households,ITU World Telecommunication Indicators Database,2020,Senegal,SEN,,,,53.81121588,,ITU estimate.,2024-03-18
12047,xHH6_IDI,Estimated proportion of households with Internet access at home,% of households,ITU World Telecommunication Indicators Database,2020,Seychelles,SYC,,,,77.06178008,,ITU estimate.,2024-03-18
12047,xHH6_IDI,Estimated proportion of households with Internet access at home,% of households,ITU World Telecommunication Indicators Database,2020,Solomon Islands,SLB,,,,21.11019522,,ITU estimate.,2026-02-02
12047,xHH6_IDI,Estimated proportion of households with Internet access at home,% of households,ITU World Telecommunication Indicators Database,2020,El Salvador,SLV,,,,27.61904814,,Direccion General de Estadistica y Censos,2026-02-02
8819,HHA4213-%_HH-RURAL-,HH06 - Households with Internet access at home - %_HH - RURAL,% of households,ITU Households Database,2020,El Salvador,SLV,Location,Rural,,4.058172283869386,,Dirección General de Estadística y Censos. (DIGESTYC),2026-07-06
8816,HHA4213-%_HH-NOCHILDREN-,HH06 - Households with Internet access at home - %_HH - NOCHILDREN,% of households,ITU Households Database,2020,El Salvador,SLV,Family,No Children,,27.586265407732704,,Dirección General de Estadística y Censos. (DIGESTYC),2026-07-05
8812,HHA4213-%_HH-CHILDREN-URBAN,HH06 - Households with Internet access at home - %_HH - CHILDREN - URBAN,% of households,ITU Households Database,2020,El Salvador,SLV,Location,Children,Urban,44.37472182947175,,Dirección General de Estadística y Censos. (DIGESTYC),2026-07-06
8818,HHA4213-%_HH-NOCHILDREN-URBAN,HH06 - Households with Internet access at home - %_HH - NOCHILDREN - URBAN,% of households,ITU Households Database,2020,El Salvador,SLV,Location,No Children,Urban,39.44358611100658,,Dirección General de Estadística y Censos. (DIGESTYC),2026-07-05
8820,HHA4213-%_HH-URBAN-,HH06 - Households with Internet access at home - %_HH - URBAN,% of households,ITU Households Database,2020,El Salvador,SLV,Location,Urban,,41.762558204995244,,Dirección General de Estadística y Censos. (DIGESTYC),2026-07-05
8817,HHA4213-%_HH-NOCHILDREN-RURAL,HH06 - Households with Internet access at home - %_HH - NOCHILDREN - RURAL,% of households,ITU Households Database,2020,El Salvador,SLV,Location,No Children,Rural,4.425874205211307,,Dirección General de Estadística y Censos. (DIGESTYC),2026-07-05
8810,HHA4213-%_HH-CHILDREN-,HH06 - Households with Internet access at home - %_HH - CHILDREN,% of households,ITU Households Database,2020,El Salvador,SLV,Family,Children,,27.651944018524976,,Dirección General de Estadística y Censos. (DIGESTYC),2026-07-06
8811,HHA4213-%_HH-CHILDREN-RURAL,HH06 - Households with Internet access at home - %_HH - CHILDREN - RURAL,% of households,ITU Households Database,2020,El Salvador,SLV,Location,Children,Rural,3.755151354611824,,Dirección General de Estadística y Censos. (DIGESTYC),2026-07-06
12047,xHH6_IDI,Estimated proportion of households with Internet access at home,% of households,ITU World Telecommunication Indicators Database,2020,Samoa,WSM,,,,73.3,,ITU estimate.,2024-03-18
12047,xHH6_IDI,Estimated proportion of households with Internet access at home,% of households,ITU World Telecommunication Indicators Database,2020,San Marino,SMR,,,,89.8528194,,ITU estimate.,2024-03-18
12047,xHH6_IDI,Estimated proportion of households with Internet access at home,% of households,ITU World Telecommunication Indicators Database,2020,Singapore,SGP,,,,98.4436591,,Infocomm Media Development Authority,2026-02-02
12047,xHH6_IDI,Estimated proportion of households with Internet access at home,% of households,ITU World Telecommunication Indicators Database,2020,Somalia,SOM,,,,11.9,Percentages refer to the sampled households - https://www.nbs.gov.so/somali-health-demographic-survey-2020/,Somalia National Bureau of Statistics,2024-03-18
12047,xHH6_IDI,Estimated proportion of households with Internet access at home,% of households,ITU World Telecommunication Indicators Database,2020,Sierra Leone,SLE,,,,21.16239318,,ITU estimate.,2024-03-18
12047,xHH6_IDI,Estimated proportion of households with Internet access at home,% of households,ITU World Telecommunication Indicators Database,2020,Sao Tome and Principe,STP,,,,34.61709092,,ITU estimate.,2026-02-02
12047,xHH6_IDI,Estimated proportion of households with Internet access at home,% of households,ITU World Telecommunication Indicators Database,2020,Switzerland,CHE,,,,93.83549306,,ITU estimate.,2024-03-18
12047,xHH6_IDI,Estimated proportion of households with Internet access at home,% of households,ITU World Telecommunication Indicators Database,2020,Suriname,SUR,,,,68.40355694,,ITU estimate.,2026-02-02
12047,xHH6_IDI,Estimated proportion of households with Internet access at home,% of households,ITU World Telecommunication Indicators Database,2020,Slovenia,SVN,,,,89.97491584,"Households, with at least one member aged 16 to 74 years.",Statistical Office of the Republic of Slovenia,2026-02-02
8810,HHA4213-%_HH-CHILDREN-,HH06 - Households with Internet access at home - %_HH - CHILDREN,% of households,ITU Households Database,2020,Slovenia,SVN,Family,Children,,98.84417485250404,"Households, with at least one member aged 16 to 74 years.",Statistical Office of the Republic of Slovenia ,2026-07-06
8816,HHA4213-%_HH-NOCHILDREN-,HH06 - Households with Internet access at home - %_HH - NOCHILDREN,% of households,ITU Households Database,2020,Slovenia,SVN,Family,No Children,,86.75160399948818,"Households, with at least one member aged 16 to 74 years.",Statistical Office of the Republic of Slovenia ,2026-07-05
12047,xHH6_IDI,Estimated proportion of households with Internet access at home,% of households,ITU World Telecommunication Indicators Database,2020,Eswatini,SWZ,,,,52.68123019,,ITU estimate.,2024-03-18
12047,xHH6_IDI,Estimated proportion of households with Internet access at home,% of households,ITU World Telecommunication Indicators Database,2020,Chad,TCD,,,,3.206347723,,ITU estimate.,2024-03-18
12047,xHH6_IDI,Estimated proportion of households with Internet access at home,% of households,ITU World Telecommunication Indicators Database,2020,Czech Republic,CZE,,,,81.67271413,,Czech Statistical Office,2026-02-02
8811,HHA4213-%_HH-CHILDREN-RURAL,HH06 - Households with Internet access at home - %_HH - CHILDREN - RURAL,% of households,ITU Households Database,2020,Czech Republic,CZE,Location,Children,Rural,98.08506460208041,,Czech Statistical Office,2026-07-06
8819,HHA4213-%_HH-RURAL-,HH06 - Households with Internet access at home - %_HH - RURAL,% of households,ITU Households Database,2020,Czech Republic,CZE,Location,Rural,,81.51113382594365,,Czech Statistical Office,2026-07-06
8816,HHA4213-%_HH-NOCHILDREN-,HH06 - Households with Internet access at home - %_HH - NOCHILDREN,% of households,ITU Households Database,2020,Czech Republic,CZE,Family,No Children,,75.58964025735311,,Czech Statistical Office,2026-07-05
8812,HHA4213-%_HH-CHILDREN-URBAN,HH06 - Households with Internet access at home - %_HH - CHILDREN - URBAN,% of households,ITU Households Database,2020,Czech Republic,CZE,Location,Children,Urban,98.77770131972396,,Czech Statistical Office,2026-07-05
8818,HHA4213-%_HH-NOCHILDREN-URBAN,HH06 - Households with Internet access at home - %_HH - NOCHILDREN - URBAN,% of households,ITU Households Database,2020,Czech Republic,CZE,Location,No Children,Urban,75.74487157840676,,Czech Statistical Office,2026-07-05
8817,HHA4213-%_HH-NOCHILDREN-RURAL,HH06 - Households with Internet access at home - %_HH - NOCHILDREN - RURAL,% of households,ITU Households Database,2020,Czech Republic,CZE,Location,No Children,Rural,75.30194205222969,,Czech Statistical Office,2026-07-05
8810,HHA4213-%_HH-CHILDREN-,HH06 - Households with Internet access at home - %_HH - CHILDREN,% of households,ITU Households Database,2020,Czech Republic,CZE,Family,Children,,98.52574922172548,,Czech Statistical Office,2026-07-06
8820,HHA4213-%_HH-URBAN-,HH06 - Households with Internet access at home - %_HH - URBAN,% of households,ITU Households Database,2020,Czech Republic,CZE,Location,Urban,,81.76128928691304,,Czech Statistical Office,2026-07-05
12047,xHH6_IDI,Estimated proportion of households with Internet access at home,% of households,ITU World Telecommunication Indicators Database,2020,Togo,TGO,,,,43.80092574,,ITU estimate.,2024-03-18
12047,xHH6_IDI,Estimated proportion of households with Internet access at home,% of households,ITU World Telecommunication Indicators Database,2020,Thailand,THA,,,,85.19978186,,National Statistical Office,2026-02-02
8812,HHA4213-%_HH-CHILDREN-URBAN,HH06 - Households with Internet access at home - %_HH - CHILDREN - URBAN,% of households,ITU Households Database,2020,Thailand,THA,Location,Children,Urban,97.08132833226604,,National Statistical Office of Thailand,2026-07-07
8818,HHA4213-%_HH-NOCHILDREN-URBAN,HH06 - Households with Internet access at home - %_HH - NOCHILDREN - URBAN,% of households,ITU Households Database,2020,Thailand,THA,Location,No Children,Urban,86.6467060430615,,National Statistical Office of Thailand,2025-01-08
8816,HHA4213-%_HH-NOCHILDREN-,HH06 - Households with Internet access at home - %_HH - NOCHILDREN,% of households,ITU Households Database,2020,Thailand,THA,Family,No Children,,80.35107699599747,,National Statistical Office of Thailand,2026-07-07
8819,HHA4213-%_HH-RURAL-,HH06 - Households with Internet access at home - %_HH - RURAL,% of households,ITU Households Database,2020,Thailand,THA,Location,Rural,,81.52615108919362,,National Statistical Office of Thailand,2026-07-06
8820,HHA4213-%_HH-URBAN-,HH06 - Households with Internet access at home - %_HH - URBAN,% of households,ITU Households Database,2020,Thailand,THA,Location,Urban,,89.37771878106665,,National Statistical Office of Thailand,2026-07-07
8810,HHA4213-%_HH-CHILDREN-,HH06 - Households with Internet access at home - %_HH - CHILDREN,% of households,ITU Households Database,2020,Thailand,THA,Family,Children,,95.53615158672353,,National Statistical Office of Thailand,2026-07-07
8817,HHA4213-%_HH-NOCHILDREN-RURAL,HH06 - Households with Internet access at home - %_HH - NOCHILDREN - RURAL,% of households,ITU Households Database,2020,Thailand,THA,Location,No Children,Rural,73.86466004624494,,National Statistical Office of Thailand,2026-07-07
8811,HHA4213-%_HH-CHILDREN-RURAL,HH06 - Households with Internet access at home - %_HH - CHILDREN - RURAL,% of households,ITU Households Database,2020,Thailand,THA,Location,Children,Rural,94.57493159478618,,National Statistical Office of Thailand,2026-07-07
12047,xHH6_IDI,Estimated proportion of households with Internet access at home,% of households,ITU World Telecommunication Indicators Database,2020,Trinidad and Tobago,TTO,,,,79.72293628,,ITU estimate.,2024-03-18
12047,xHH6_IDI,Estimated proportion of households with Internet access at home,% of households,ITU World Telecommunication Indicators Database,2020,Tunisia,TUN,,,,52.90286051,,ITU estimate.,2024-03-18
12047,xHH6_IDI,Estimated proportion of households with Internet access at home,% of households,ITU World Telecommunication Indicators Database,2020,Türkiye,TUR,,,,90.73163903,,Turkish Statistical Institute,2026-02-02
12047,xHH6_IDI,Estimated proportion of households with Internet access at home,% of households,ITU World Telecommunication Indicators Database,2020,Tuvalu,TUV,,,,62.6,,ITU estimate.,2024-03-18
12047,xHH6_IDI,Estimated proportion of households with Internet access at home,% of households,ITU World Telecommunication Indicators Database,2020,Tanzania,TZA,,,,29.74240098,,ITU estimate.,2024-03-18
12047,xHH6_IDI,Estimated proportion of households with Internet access at home,% of households,ITU World Telecommunication Indicators Database,2020,United Arab Emirates,ARE,,,,99.79997022,,Telecommunications Regulatory Authority,2026-02-02
12047,xHH6_IDI,Estimated proportion of households with Internet access at home,% of households,ITU World Telecommunication Indicators Database,2020,Uganda,UGA,,,,15.50531469,,ITU estimate.,2026-02-02
12047,xHH6_IDI,Estimated proportion of households with Internet access at home,% of households,ITU World Telecommunication Indicators Database,2020,Ukraine,UKR,,,,79.24946568,,State Statistics Service of Ukraine,2026-02-02
8811,HHA4213-%_HH-CHILDREN-RURAL,HH06 - Households with Internet access at home - %_HH - CHILDREN - RURAL,% of households,ITU Households Database,2020,Ukraine,UKR,Location,Children,Rural,96.87237266536098,,State Statistics Service of Ukraine,2026-07-06
8816,HHA4213-%_HH-NOCHILDREN-,HH06 - Households with Internet access at home - %_HH - NOCHILDREN,% of households,ITU Households Database,2020,Ukraine,UKR,Family,No Children,,67.32405980240299,,State Statistics Service of Ukraine,2026-07-06
8812,HHA4213-%_HH-CHILDREN-URBAN,HH06 - Households with Internet access at home - %_HH - CHILDREN - URBAN,% of households,ITU Households Database,2020,Ukraine,UKR,Location,Children,Urban,99.81005605133592,,State Statistics Service of Ukraine,2026-07-05
8810,HHA4213-%_HH-CHILDREN-,HH06 - Households with Internet access at home - %_HH - CHILDREN,% of households,ITU Households Database,2020,Ukraine,UKR,Family,Children,,98.9354845013952,,State Statistics Service of Ukraine,2025-01-08
8820,HHA4213-%_HH-URBAN-,HH06 - Households with Internet access at home - %_HH - URBAN,% of households,ITU Households Database,2020,Ukraine,UKR,Location,Urban,,85.56263188977383,,State Statistics Service of Ukraine,2026-07-05
8819,HHA4213-%_HH-RURAL-,HH06 - Households with Internet access at home - %_HH - RURAL,% of households,ITU Households Database,2020,Ukraine,UKR,Location,Rural,,66.04489620348562,,State Statistics Service of Ukraine,2026-07-06
12047,xHH6_IDI,Estimated proportion of households with Internet access at home,% of households,ITU World Telecommunication Indicators Database,2020,Uruguay,URY,,,,75.94996894,,ITU estimate.,2024-03-18
12047,xHH6_IDI,Estimated proportion of households with Internet access at home,% of households,ITU World Telecommunication Indicators Database,2020,United States,USA,,,,90.55359604,,ITU estimate.,2024-03-18
12047,xHH6_IDI,Estimated proportion of households with Internet access at home,% of households,ITU World Telecommunication Indicators Database,2020,Uzbekistan,UZB,,,,93.55255382,,State Committee of the Republic of Uzbekistan on Statistics,2026-02-02
8820,HHA4213-%_HH-URBAN-,HH06 - Households with Internet access at home - %_HH - URBAN,% of households,ITU Households Database,2020,Uzbekistan,UZB,Location,Urban,,94.66270592232722,,The State Committee of the Republic of Uzbekistan on Statistics,2026-07-05
8816,HHA4213-%_HH-NOCHILDREN-,HH06 - Households with Internet access at home - %_HH - NOCHILDREN,% of households,ITU Households Database,2020,Uzbekistan,UZB,Family,No Children,,91.23715744319456,,The State Committee of the Republic of Uzbekistan on Statistics,2026-07-05
8817,HHA4213-%_HH-NOCHILDREN-RURAL,HH06 - Households with Internet access at home - %_HH - NOCHILDREN - RURAL,% of households,ITU Households Database,2020,Uzbekistan,UZB,Location,No Children,Rural,90.1602780506671,,The State Committee of the Republic of Uzbekistan on Statistics,2025-01-08
8819,HHA4213-%_HH-RURAL-,HH06 - Households with Internet access at home - %_HH - RURAL,% of households,ITU Households Database,2020,Uzbekistan,UZB,Location,Rural,,92.28936959487879,,The State Committee of the Republic of Uzbekistan on Statistics,2026-07-06
8810,HHA4213-%_HH-CHILDREN-,HH06 - Households with Internet access at home - %_HH - CHILDREN,% of households,ITU Households Database,2020,Uzbekistan,UZB,Family,Children,,94.403877099442,,The State Committee of the Republic of Uzbekistan on Statistics,2025-01-08
8811,HHA4213-%_HH-CHILDREN-RURAL,HH06 - Households with Internet access at home - %_HH - CHILDREN - RURAL,% of households,ITU Households Database,2020,Uzbekistan,UZB,Location,Children,Rural,92.9200051167891,,The State Committee of the Republic of Uzbekistan on Statistics,2025-01-08
8812,HHA4213-%_HH-CHILDREN-URBAN,HH06 - Households with Internet access at home - %_HH - CHILDREN - URBAN,% of households,ITU Households Database,2020,Uzbekistan,UZB,Location,Children,Urban,95.85000280301911,,The State Committee of the Republic of Uzbekistan on Statistics,2026-07-05
8818,HHA4213-%_HH-NOCHILDREN-URBAN,HH06 - Households with Internet access at home - %_HH - NOCHILDREN - URBAN,% of households,ITU Households Database,2020,Uzbekistan,UZB,Location,No Children,Urban,91.94793620245193,,The State Committee of the Republic of Uzbekistan on Statistics,2026-07-05
12047,xHH6_IDI,Estimated proportion of households with Internet access at home,% of households,ITU World Telecommunication Indicators Database,2020,Saint Vincent and the Grenadines,VCT,,,,75.91728606,,ITU estimate.,2024-03-18
12047,xHH6_IDI,Estimated proportion of households with Internet access at home,% of households,ITU World Telecommunication Indicators Database,2020,Viet Nam,VNM,,,,76.44000053,,General Statistics Office of Vietnam,2026-02-02
8820,HHA4213-%_HH-URBAN-,HH06 - Households with Internet access at home - %_HH - URBAN,% of households,ITU Households Database,2020,Viet Nam,VNM,Location,Urban,,87.86,,Ministry of Information and Communications,2025-01-08
8819,HHA4213-%_HH-RURAL-,HH06 - Households with Internet access at home - %_HH - RURAL,% of households,ITU Households Database,2020,Viet Nam,VNM,Location,Rural,,69.77,,Ministry of Information and Communications,2025-01-08
12047,xHH6_IDI,Estimated proportion of households with Internet access at home,% of households,ITU World Telecommunication Indicators Database,2020,Vanuatu,VUT,,,,64.82359346,,ITU estimate.,2024-03-18
12047,xHH6_IDI,Estimated proportion of households with Internet access at home,% of households,ITU World Telecommunication Indicators Database,2020,Serbia,SRB,,,,80.95218011,,Statistical Office of the Republic of Serbia,2026-02-02
8816,HHA4213-%_HH-NOCHILDREN-,HH06 - Households with Internet access at home - %_HH - NOCHILDREN,% of households,ITU Households Database,2020,Serbia,SRB,Family,No Children,,75.3421804231566,,Statistical office of the Republic of Serbia,2025-01-08
8820,HHA4213-%_HH-URBAN-,HH06 - Households with Internet access at home - %_HH - URBAN,% of households,ITU Households Database,2020,Serbia,SRB,Location,Urban,,87.114903997065,,Statistical office of the Republic of Serbia,2025-01-08
8818,HHA4213-%_HH-NOCHILDREN-URBAN,HH06 - Households with Internet access at home - %_HH - NOCHILDREN - URBAN,% of households,ITU Households Database,2020,Serbia,SRB,Location,No Children,Urban,83.42014306866058,,Statistical office of the Republic of Serbia,2026-07-07
8811,HHA4213-%_HH-CHILDREN-RURAL,HH06 - Households with Internet access at home - %_HH - CHILDREN - RURAL,% of households,ITU Households Database,2020,Serbia,SRB,Location,Children,Rural,93.26618939243562,,Statistical office of the Republic of Serbia,2026-07-07
8810,HHA4213-%_HH-CHILDREN-,HH06 - Households with Internet access at home - %_HH - CHILDREN,% of households,ITU Households Database,2020,Serbia,SRB,Family,Children,,95.51682411603225,,Statistical office of the Republic of Serbia,2026-07-07
8812,HHA4213-%_HH-CHILDREN-URBAN,HH06 - Households with Internet access at home - %_HH - CHILDREN - URBAN,% of households,ITU Households Database,2020,Serbia,SRB,Location,Children,Urban,96.878600613791,,Statistical office of the Republic of Serbia,2025-01-08
8817,HHA4213-%_HH-NOCHILDREN-RURAL,HH06 - Households with Internet access at home - %_HH - NOCHILDREN - RURAL,% of households,ITU Households Database,2020,Serbia,SRB,Location,No Children,Rural,61.33943432821213,,Statistical office of the Republic of Serbia,2026-07-07
8819,HHA4213-%_HH-RURAL-,HH06 - Households with Internet access at home - %_HH - RURAL,% of households,ITU Households Database,2020,Serbia,SRB,Location,Rural,,70.41080314081994,,Statistical office of the Republic of Serbia,2026-07-06
12047,xHH6_IDI,Estimated proportion of households with Internet access at home,% of households,ITU World Telecommunication Indicators Database,2020,Dem. Rep. of the Congo,COD,,,,6.814613233,,ITU estimate.,2026-02-02
12047,xHH6_IDI,Estimated proportion of households with Internet access at home,% of households,ITU World Telecommunication Indicators Database,2020,Zambia,ZMB,,,,18.12803045,,ITU estimate.,2026-02-02
12047,xHH6_IDI,Estimated proportion of households with Internet access at home,% of households,ITU World Telecommunication Indicators Database,2020,Zimbabwe,ZWE,,,,50.08258213,,Zimbabwe National Statistics Agency (ZIMSTAT),2026-02-02
8820,HHA4213-%_HH-URBAN-,HH06 - Households with Internet access at home - %_HH - URBAN,% of households,ITU Households Database,2020,Zimbabwe,ZWE,Location,Urban,,73.98131750359184,,Zimbabwe National Statistics Agency (ZIMSTAT),2026-07-05
8819,HHA4213-%_HH-RURAL-,HH06 - Households with Internet access at home - %_HH - RURAL,% of households,ITU Households Database,2020,Zimbabwe,ZWE,Location,Rural,,35.57197075524652,,Zimbabwe National Statistics Agency (ZIMSTAT),2026-07-06
8817,HHA4213-%_HH-NOCHILDREN-RURAL,HH06 - Households with Internet access at home - %_HH - NOCHILDREN - RURAL,% of households,ITU Households Database,2020,Moldova,MDA,Location,No Children,Rural,48.6046931351828,"Based on the estimation of the indicators was used the number of population with usual residence. Starting with 2019, the data are not comparable to the previous period, as the HBS methodology was modified.",National Bureau of Statistics of the Republic of Moldova,2025-01-08
8819,HHA4213-%_HH-RURAL-,HH06 - Households with Internet access at home - %_HH - RURAL,% of households,ITU Households Database,2020,Moldova,MDA,Location,Rural,,56.28631025191687,"Based on the estimation of the indicators was used the number of population with usual residence. Starting with 2019, the data are not comparable to the previous period, as the HBS methodology was modified.",National Bureau of Statistics of the Republic of Moldova,2026-07-06
8811,HHA4213-%_HH-CHILDREN-RURAL,HH06 - Households with Internet access at home - %_HH - CHILDREN - RURAL,% of households,ITU Households Database,2020,Moldova,MDA,Location,Children,Rural,81.21239791719302,"Based on the estimation of the indicators was used the number of population with usual residence. Starting with 2019, the data are not comparable to the previous period, as the HBS methodology was modified.",National Bureau of Statistics of the Republic of Moldova,2026-07-06
8812,HHA4213-%_HH-CHILDREN-URBAN,HH06 - Households with Internet access at home - %_HH - CHILDREN - URBAN,% of households,ITU Households Database,2020,Moldova,MDA,Location,Children,Urban,96.36992380424518,"Based on the estimation of the indicators was used the number of population with usual residence. Starting with 2019, the data are not comparable to the previous period, as the HBS methodology was modified.",National Bureau of Statistics of the Republic of Moldova,2026-07-05
8810,HHA4213-%_HH-CHILDREN-,HH06 - Households with Internet access at home - %_HH - CHILDREN,% of households,ITU Households Database,2020,Moldova,MDA,Family,Children,,88.27609283558718,"Based on the estimation of the indicators was used the number of population with usual residence. Starting with 2019, the data are not comparable to the previous period, as the HBS methodology was modified.",National Bureau of Statistics of the Republic of Moldova,2026-07-06
8818,HHA4213-%_HH-NOCHILDREN-URBAN,HH06 - Households with Internet access at home - %_HH - NOCHILDREN - URBAN,% of households,ITU Households Database,2020,Moldova,MDA,Location,No Children,Urban,68.4356882830613,"Based on the estimation of the indicators was used the number of population with usual residence. Starting with 2019, the data are not comparable to the previous period, as the HBS methodology was modified.",National Bureau of Statistics of the Republic of Moldova,2025-01-08
8816,HHA4213-%_HH-NOCHILDREN-,HH06 - Households with Internet access at home - %_HH - NOCHILDREN,% of households,ITU Households Database,2020,Moldova,MDA,Family,No Children,,56.16580898358503,"Based on the estimation of the indicators was used the number of population with usual residence. Starting with 2019, the data are not comparable to the previous period, as the HBS methodology was modified.",National Bureau of Statistics of the Republic of Moldova,2026-07-05
8820,HHA4213-%_HH-URBAN-,HH06 - Households with Internet access at home - %_HH - URBAN,% of households,ITU Households Database,2020,Moldova,MDA,Location,Urban,,76.92315645307966,"Based on the estimation of the indicators was used the number of population with usual residence. Starting with 2019, the data are not comparable to the previous period, as the HBS methodology was modified.",National Bureau of Statistics of the Republic of Moldova,2026-07-05
12047,xHH6_IDI,Estimated proportion of households with Internet access at home,% of households,ITU World Telecommunication Indicators Database,2020,Moldova,MDA,,,,64.61482461,"Based on the estimation of the indicators was used the number of population with usual residence. Starting with 2019, the data are not comparable to the previous period, as the HBS methodology was modified.",National Bureau of Statistics of the Republic of Moldova,2026-02-02
12047,xHH6_IDI,Estimated proportion of households with Internet access at home,% of households,ITU World Telecommunication Indicators Database,2020,Bosnia and Herzegovina,BIH,,,,72.83554192,,Agency for Statistics of Bosnia and Herzegovina,2026-02-02
8818,HHA4213-%_HH-NOCHILDREN-URBAN,HH06 - Households with Internet access at home - %_HH - NOCHILDREN - URBAN,% of households,ITU Households Database,2020,Bosnia and Herzegovina,BIH,Location,No Children,Urban,68.53410937623046,,Agency for statistics of Bosnia and Herzegovina,2026-07-05
8811,HHA4213-%_HH-CHILDREN-RURAL,HH06 - Households with Internet access at home - %_HH - CHILDREN - RURAL,% of households,ITU Households Database,2020,Bosnia and Herzegovina,BIH,Location,Children,Rural,89.57730377402177,,Agency for statistics of Bosnia and Herzegovina,2026-07-06
8820,HHA4213-%_HH-URBAN-,HH06 - Households with Internet access at home - %_HH - URBAN,% of households,ITU Households Database,2020,Bosnia and Herzegovina,BIH,Location,Urban,,75.412932837918,,Agency for statistics of Bosnia and Herzegovina,2025-01-08
8816,HHA4213-%_HH-NOCHILDREN-,HH06 - Households with Internet access at home - %_HH - NOCHILDREN,% of households,ITU Households Database,2020,Bosnia and Herzegovina,BIH,Family,No Children,,65.52115392107211,,Agency for statistics of Bosnia and Herzegovina,2026-07-05
8819,HHA4213-%_HH-RURAL-,HH06 - Households with Internet access at home - %_HH - RURAL,% of households,ITU Households Database,2020,Bosnia and Herzegovina,BIH,Location,Rural,,70.7497188870031,,Agency for statistics of Bosnia and Herzegovina,2025-01-08
8812,HHA4213-%_HH-CHILDREN-URBAN,HH06 - Households with Internet access at home - %_HH - CHILDREN - URBAN,% of households,ITU Households Database,2020,Bosnia and Herzegovina,BIH,Location,Children,Urban,93.72225080508395,,Agency for statistics of Bosnia and Herzegovina,2026-07-05
8810,HHA4213-%_HH-CHILDREN-,HH06 - Households with Internet access at home - %_HH - CHILDREN,% of households,ITU Households Database,2020,Bosnia and Herzegovina,BIH,Family,Children,,91.3663916830478,,Agency for statistics of Bosnia and Herzegovina,2025-01-08
8817,HHA4213-%_HH-NOCHILDREN-RURAL,HH06 - Households with Internet access at home - %_HH - NOCHILDREN - RURAL,% of households,ITU Households Database,2020,Bosnia and Herzegovina,BIH,Location,No Children,Rural,63.02117675012623,,Agency for statistics of Bosnia and Herzegovina,2026-07-05
8812,HHA4213-%_HH-CHILDREN-URBAN,HH06 - Households with Internet access at home - %_HH - CHILDREN - URBAN,% of households,ITU Households Database,2020,Georgia,GEO,Location,Children,Urban,99.39686652454976,,National Statistics Office of Georgia - Geostat,2026-07-07
8817,HHA4213-%_HH-NOCHILDREN-RURAL,HH06 - Households with Internet access at home - %_HH - NOCHILDREN - RURAL,% of households,ITU Households Database,2020,Georgia,GEO,Location,No Children,Rural,63.91120170058924,,National Statistics Office of Georgia - Geostat,2026-07-07
8810,HHA4213-%_HH-CHILDREN-,HH06 - Households with Internet access at home - %_HH - CHILDREN,% of households,ITU Households Database,2020,Georgia,GEO,Family,Children,,99.19512680413926,,National Statistics Office of Georgia - Geostat,2026-07-07
8820,HHA4213-%_HH-URBAN-,HH06 - Households with Internet access at home - %_HH - URBAN,% of households,ITU Households Database,2020,Georgia,GEO,Location,Urban,,90.67737820857873,,National Statistics Office of Georgia - Geostat,2026-07-05
8818,HHA4213-%_HH-NOCHILDREN-URBAN,HH06 - Households with Internet access at home - %_HH - NOCHILDREN - URBAN,% of households,ITU Households Database,2020,Georgia,GEO,Location,No Children,Urban,86.54711264514187,,National Statistics Office of Georgia - Geostat,2026-07-07
8816,HHA4213-%_HH-NOCHILDREN-,HH06 - Households with Internet access at home - %_HH - NOCHILDREN,% of households,ITU Households Database,2020,Georgia,GEO,Family,No Children,,76.83872844879946,,National Statistics Office of Georgia - Geostat,2026-07-07
8819,HHA4213-%_HH-RURAL-,HH06 - Households with Internet access at home - %_HH - RURAL,% of households,ITU Households Database,2020,Georgia,GEO,Location,Rural,,74.48560324833763,,National Statistics Office of Georgia - Geostat,2026-07-06
8811,HHA4213-%_HH-CHILDREN-RURAL,HH06 - Households with Internet access at home - %_HH - CHILDREN - RURAL,% of households,ITU Households Database,2020,Georgia,GEO,Location,Children,Rural,98.9013208609525,,National Statistics Office of Georgia - Geostat,2025-01-08
12047,xHH6_IDI,Estimated proportion of households with Internet access at home,% of households,ITU World Telecommunication Indicators Database,2020,Georgia,GEO,,,,83.84337273,,National Statistics Office of Georgia,2026-02-02
12047,xHH6_IDI,Estimated proportion of households with Internet access at home,% of households,ITU World Telecommunication Indicators Database,2020,Kazakhstan,KAZ,,,,92.39570403,,"Committee on Statistics, Ministry of National Economy of the Republic of Kazakhstan",2026-02-02
8810,HHA4213-%_HH-CHILDREN-,HH06 - Households with Internet access at home - %_HH - CHILDREN,% of households,ITU Households Database,2020,Kazakhstan,KAZ,Family,Children,,98.84378737599536,,Agency for Strategic planning and reforms of the Republic of Kazakhstan Bureau of National statistics,2026-07-07
8812,HHA4213-%_HH-CHILDREN-URBAN,HH06 - Households with Internet access at home - %_HH - CHILDREN - URBAN,% of households,ITU Households Database,2020,Kazakhstan,KAZ,Location,Children,Urban,98.98777651434906,,Agency for Strategic planning and reforms of the Republic of Kazakhstan Bureau of National statistics,2026-07-07
8820,HHA4213-%_HH-URBAN-,HH06 - Households with Internet access at home - %_HH - URBAN,% of households,ITU Households Database,2020,Kazakhstan,KAZ,Location,Urban,,92.4450433639698,,Agency for Strategic planning and reforms of the Republic of Kazakhstan Bureau of National statistics,2025-01-08
8817,HHA4213-%_HH-NOCHILDREN-RURAL,HH06 - Households with Internet access at home - %_HH - NOCHILDREN - RURAL,% of households,ITU Households Database,2020,Kazakhstan,KAZ,Location,No Children,Rural,87.59933759517443,,Agency for Strategic planning and reforms of the Republic of Kazakhstan Bureau of National statistics,2026-07-07
8818,HHA4213-%_HH-NOCHILDREN-URBAN,HH06 - Households with Internet access at home - %_HH - NOCHILDREN - URBAN,% of households,ITU Households Database,2020,Kazakhstan,KAZ,Location,No Children,Urban,88.55372579677909,,Agency for Strategic planning and reforms of the Republic of Kazakhstan Bureau of National statistics,2026-07-07
8816,HHA4213-%_HH-NOCHILDREN-,HH06 - Households with Internet access at home - %_HH - NOCHILDREN,% of households,ITU Households Database,2020,Kazakhstan,KAZ,Family,No Children,,88.26529471045892,,Agency for Strategic planning and reforms of the Republic of Kazakhstan Bureau of National statistics,2026-07-07
8819,HHA4213-%_HH-RURAL-,HH06 - Households with Internet access at home - %_HH - RURAL,% of households,ITU Households Database,2020,Kazakhstan,KAZ,Location,Rural,,92.2916670345823,,Agency for Strategic planning and reforms of the Republic of Kazakhstan Bureau of National statistics,2025-01-08
8811,HHA4213-%_HH-CHILDREN-RURAL,HH06 - Households with Internet access at home - %_HH - CHILDREN - RURAL,% of households,ITU Households Database,2020,Kazakhstan,KAZ,Location,Children,Rural,98.57882186991613,,Agency for Strategic planning and reforms of the Republic of Kazakhstan Bureau of National statistics,2026-07-07
12047,xHH6_IDI,Estimated proportion of households with Internet access at home,% of households,ITU World Telecommunication Indicators Database,2020,Tajikistan,TJK,,,,24.69242683,,ITU estimate.,2024-03-18
12047,xHH6_IDI,Estimated proportion of households with Internet access at home,% of households,ITU World Telecommunication Indicators Database,2020,Turkmenistan,TKM,,,,50.7674731,,ITU estimate.,2024-03-18
12047,xHH6_IDI,Estimated proportion of households with Internet access at home,% of households,ITU World Telecommunication Indicators Database,2020,Kyrgyzstan,KGZ,,,,87.8,,"National Statistical Committee of the Kyrgyz Republic
National Statistical Committee of the Kyrgyz Republic",2024-03-18
12047,xHH6_IDI,Estimated proportion of households with Internet access at home,% of households,ITU World Telecommunication Indicators Database,2020,Slovakia,SVK,,,,85.77874679,,Statistical Office of the Slovak Republic,2026-02-02
8819,HHA4213-%_HH-RURAL-,HH06 - Households with Internet access at home - %_HH - RURAL,% of households,ITU Households Database,2020,Slovakia,SVK,Location,Rural,,84.44251796154494,,Statistical Office Of the Slovak Republic,2026-07-06
8820,HHA4213-%_HH-URBAN-,HH06 - Households with Internet access at home - %_HH - URBAN,% of households,ITU Households Database,2020,Slovakia,SVK,Location,Urban,,86.63737799278397,,Statistical Office Of the Slovak Republic,2026-07-05
12047,xHH6_IDI,Estimated proportion of households with Internet access at home,% of households,ITU World Telecommunication Indicators Database,2020,North Macedonia,MKD,,,,79.9168849,,State Statistical Office,2026-02-02
12047,xHH6_IDI,Estimated proportion of households with Internet access at home,% of households,ITU World Telecommunication Indicators Database,2020,Eritrea,ERI,,,,37.5948277,,ITU estimate.,2024-03-18
12047,xHH6_IDI,Estimated proportion of households with Internet access at home,% of households,ITU World Telecommunication Indicators Database,2020,"Taiwan, Province of China",TWN,,,,88.89999993,,National Communications Commission,2026-02-02
12047,xHH6_IDI,Estimated proportion of households with Internet access at home,% of households,ITU World Telecommunication Indicators Database,2020,Palestine,PSE,,,,83.5,,ITU estimate.,2024-03-18
12047,xHH6_IDI,Estimated proportion of households with Internet access at home,% of households,ITU World Telecommunication Indicators Database,2020,Montenegro,MNE,,,,80.26226583,,Statistical Office of Montenegro - MONSTAT,2026-02-02
8819,HHA4213-%_HH-RURAL-,HH06 - Households with Internet access at home - %_HH - RURAL,% of households,ITU Households Database,2020,Montenegro,MNE,Location,Rural,,70.85258821422174,,Statistical Office of Montenegro,2026-07-06
8820,HHA4213-%_HH-URBAN-,HH06 - Households with Internet access at home - %_HH - URBAN,% of households,ITU Households Database,2020,Montenegro,MNE,Location,Urban,,84.93945868945869,,Statistical Office of Montenegro,2026-07-05
12047,xHH6_IDI,Estimated proportion of households with Internet access at home,% of households,ITU World Telecommunication Indicators Database,2019,Afghanistan,AFG,,,,8.43811494417387,,ITU estimate,2021-11-29
12047,xHH6_IDI,Estimated proportion of households with Internet access at home,% of households,ITU World Telecommunication Indicators Database,2019,South Africa,ZAF,,,,63.2509803220105,,Statistics South Africa,2024-01-23
12047,xHH6_IDI,Estimated proportion of households with Internet access at home,% of households,ITU World Telecommunication Indicators Database,2019,Angola,AGO,,,,8.01644115736939,,ITU estimate,2021-11-29
12047,xHH6_IDI,Estimated proportion of households with Internet access at home,% of households,ITU World Telecommunication Indicators Database,2019,Albania,ALB,,,,82.1955743421529,,Institute of Statistics,2024-01-23
8816,HHA4213-%_HH-NOCHILDREN-,HH06 - Households with Internet access at home - %_HH - NOCHILDREN,% of households,ITU Households Database,2019,Albania,ALB,Family,No Children,,77.01267671069225,,INSTAT (Institute of Statistics),2026-07-05
8810,HHA4213-%_HH-CHILDREN-,HH06 - Households with Internet access at home - %_HH - CHILDREN,% of households,ITU Households Database,2019,Albania,ALB,Family,Children,,90.78334203942485,,INSTAT (Institute of Statistics),2026-07-06
12047,xHH6_IDI,Estimated proportion of households with Internet access at home,% of households,ITU World Telecommunication Indicators Database,2019,Andorra,AND,,,,94.4580893003338,,ITU estimate,2021-11-29
12047,xHH6_IDI,Estimated proportion of households with Internet access at home,% of households,ITU World Telecommunication Indicators Database,2019,Argentina,ARG,,,,82.8824694802621,,Instituto Nacional de Estadistica y Censos,2024-01-23
12047,xHH6_IDI,Estimated proportion of households with Internet access at home,% of households,ITU World Telecommunication Indicators Database,2019,Armenia,ARM,,,,76.3871997333651,,The Statistical Committee of the Republic of Armenia ,2024-01-23
8817,HHA4213-%_HH-NOCHILDREN-RURAL,HH06 - Households with Internet access at home - %_HH - NOCHILDREN - RURAL,% of households,ITU Households Database,2019,Armenia,ARM,Location,No Children,Rural,66.0392309849196,,Statistical Committee of RA,2024-07-08
8820,HHA4213-%_HH-URBAN-,HH06 - Households with Internet access at home - %_HH - URBAN,% of households,ITU Households Database,2019,Armenia,ARM,Location,Urban,,77.3630006114338,,Statistical Committee of RA,2024-07-08
8816,HHA4213-%_HH-NOCHILDREN-,HH06 - Households with Internet access at home - %_HH - NOCHILDREN,% of households,ITU Households Database,2019,Armenia,ARM,Family,No Children,,67.94947804638194,,Statistical Committee of RA,2026-07-05
8819,HHA4213-%_HH-RURAL-,HH06 - Households with Internet access at home - %_HH - RURAL,% of households,ITU Households Database,2019,Armenia,ARM,Location,Rural,,74.56307350509167,,Statistical Committee of RA,2026-07-06
8811,HHA4213-%_HH-CHILDREN-RURAL,HH06 - Households with Internet access at home - %_HH - CHILDREN - RURAL,% of households,ITU Households Database,2019,Armenia,ARM,Location,Children,Rural,86.62703924495095,,Statistical Committee of RA,2026-07-06
8818,HHA4213-%_HH-NOCHILDREN-URBAN,HH06 - Households with Internet access at home - %_HH - NOCHILDREN - URBAN,% of households,ITU Households Database,2019,Armenia,ARM,Location,No Children,Urban,68.8987026991007,,Statistical Committee of RA,2024-07-08
8810,HHA4213-%_HH-CHILDREN-,HH06 - Households with Internet access at home - %_HH - CHILDREN,% of households,ITU Households Database,2019,Armenia,ARM,Family,Children,,89.8766198896243,,Statistical Committee of RA,2024-07-08
8812,HHA4213-%_HH-CHILDREN-URBAN,HH06 - Households with Internet access at home - %_HH - CHILDREN - URBAN,% of households,ITU Households Database,2019,Armenia,ARM,Location,Children,Urban,91.82611936049851,,Statistical Committee of RA,2026-07-06
12047,xHH6_IDI,Estimated proportion of households with Internet access at home,% of households,ITU World Telecommunication Indicators Database,2019,Saudi Arabia,SAU,,,,99.182000106858,,Communications & IT Commission,2024-01-23
12047,xHH6_IDI,Estimated proportion of households with Internet access at home,% of households,ITU World Telecommunication Indicators Database,2019,Antigua and Barbuda,ATG,,,,84.5816904879788,,ITU estimate,2021-11-29
12047,xHH6_IDI,Estimated proportion of households with Internet access at home,% of households,ITU World Telecommunication Indicators Database,2019,Australia,AUS,,,,87.3777022005997,,ITU estimate,2021-11-29
12047,xHH6_IDI,Estimated proportion of households with Internet access at home,% of households,ITU World Telecommunication Indicators Database,2019,Austria,AUT,,,,89.9073443484948,,Statistik Austria,2024-01-23
12047,xHH6_IDI,Estimated proportion of households with Internet access at home,% of households,ITU World Telecommunication Indicators Database,2019,Azerbaijan,AZE,,,,79.1,,State Statistical Committee of the Republic of Azerbaijan,2024-01-23
8820,HHA4213-%_HH-URBAN-,HH06 - Households with Internet access at home - %_HH - URBAN,% of households,ITU Households Database,2019,Azerbaijan,AZE,Location,Urban,,82.69999999999999,,State Statistical Committee,2026-07-05
8819,HHA4213-%_HH-RURAL-,HH06 - Households with Internet access at home - %_HH - RURAL,% of households,ITU Households Database,2019,Azerbaijan,AZE,Location,Rural,,74.77777777777777,,State Statistical Committee,2026-07-06
8819,HHA4213-%_HH-RURAL-,HH06 - Households with Internet access at home - %_HH - RURAL,% of households,ITU Households Database,2019,Brazil,BRA,Location,Rural,,51.4483118596857,,NIC.br,2024-07-08
8817,HHA4213-%_HH-NOCHILDREN-RURAL,HH06 - Households with Internet access at home - %_HH - NOCHILDREN - RURAL,% of households,ITU Households Database,2019,Brazil,BRA,Location,No Children,Rural,44.03469774455846,,NIC.br,2026-07-04
8820,HHA4213-%_HH-URBAN-,HH06 - Households with Internet access at home - %_HH - URBAN,% of households,ITU Households Database,2019,Brazil,BRA,Location,Urban,,74.5046072228373,,NIC.br,2024-07-08
8811,HHA4213-%_HH-CHILDREN-RURAL,HH06 - Households with Internet access at home - %_HH - CHILDREN - RURAL,% of households,ITU Households Database,2019,Brazil,BRA,Location,Children,Rural,61.007802225585586,,NIC.br,2026-07-06
8812,HHA4213-%_HH-CHILDREN-URBAN,HH06 - Households with Internet access at home - %_HH - CHILDREN - URBAN,% of households,ITU Households Database,2019,Brazil,BRA,Location,Children,Urban,85.04139296910247,,NIC.br,2026-07-05
8816,HHA4213-%_HH-NOCHILDREN-,HH06 - Households with Internet access at home - %_HH - NOCHILDREN,% of households,ITU Households Database,2019,Brazil,BRA,Family,No Children,,64.78726050012652,,NIC.br,2026-07-05
8810,HHA4213-%_HH-CHILDREN-,HH06 - Households with Internet access at home - %_HH - CHILDREN,% of households,ITU Households Database,2019,Brazil,BRA,Family,Children,,81.45791492693232,,NIC.br,2026-07-06
8818,HHA4213-%_HH-NOCHILDREN-URBAN,HH06 - Households with Internet access at home - %_HH - NOCHILDREN - URBAN,% of households,ITU Households Database,2019,Brazil,BRA,Location,No Children,Urban,67.77988268283403,,NIC.br,2026-07-05
12047,xHH6_IDI,Estimated proportion of households with Internet access at home,% of households,ITU World Telecommunication Indicators Database,2019,Brazil,BRA,,,,71.3881710706827,,NIC.br,2024-01-23
12047,xHH6_IDI,Estimated proportion of households with Internet access at home,% of households,ITU World Telecommunication Indicators Database,2019,Bahamas,BHS,,,,91.2516780567279,,ITU estimate,2021-11-29
12047,xHH6_IDI,Estimated proportion of households with Internet access at home,% of households,ITU World Telecommunication Indicators Database,2019,Burundi,BDI,,,,3.49576802638641,,ITU estimate,2021-11-29
12047,xHH6_IDI,Estimated proportion of households with Internet access at home,% of households,ITU World Telecommunication Indicators Database,2019,Belgium,BEL,,,,89.7301484175579,,Statbel (Directorate General Statistics - Statistics Belgium),2024-01-23
8810,HHA4213-%_HH-CHILDREN-,HH06 - Households with Internet access at home - %_HH - CHILDREN,% of households,ITU Households Database,2019,Belgium,BEL,Family,Children,,98.48707100426127,,Statistics Belgium (Statbel),2026-07-06
8818,HHA4213-%_HH-NOCHILDREN-URBAN,HH06 - Households with Internet access at home - %_HH - NOCHILDREN - URBAN,% of households,ITU Households Database,2019,Belgium,BEL,Location,No Children,Urban,86.80763423494582,,Statistics Belgium (Statbel),2026-07-05
8820,HHA4213-%_HH-URBAN-,HH06 - Households with Internet access at home - %_HH - URBAN,% of households,ITU Households Database,2019,Belgium,BEL,Location,Urban,,89.70504850226301,,Statistics Belgium (Statbel),2026-07-05
8819,HHA4213-%_HH-RURAL-,HH06 - Households with Internet access at home - %_HH - RURAL,% of households,ITU Households Database,2019,Belgium,BEL,Location,Rural,,89.89251453355031,,Statistics Belgium (Statbel),2026-07-07
8811,HHA4213-%_HH-CHILDREN-RURAL,HH06 - Households with Internet access at home - %_HH - CHILDREN - RURAL,% of households,ITU Households Database,2019,Belgium,BEL,Location,Children,Rural,99.46725923497658,,Statistics Belgium (Statbel),2026-07-06
8812,HHA4213-%_HH-CHILDREN-URBAN,HH06 - Households with Internet access at home - %_HH - CHILDREN - URBAN,% of households,ITU Households Database,2019,Belgium,BEL,Location,Children,Urban,98.3200246820227,,Statistics Belgium (Statbel),2024-07-08
8817,HHA4213-%_HH-NOCHILDREN-RURAL,HH06 - Households with Internet access at home - %_HH - NOCHILDREN - RURAL,% of households,ITU Households Database,2019,Belgium,BEL,Location,No Children,Rural,86.21557031101753,,Statistics Belgium (Statbel),2026-07-05
8816,HHA4213-%_HH-NOCHILDREN-,HH06 - Households with Internet access at home - %_HH - NOCHILDREN,% of households,ITU Households Database,2019,Belgium,BEL,Family,No Children,,86.73074298387286,,Statistics Belgium (Statbel),2026-07-06
8816,HHA4213-%_HH-NOCHILDREN-,HH06 - Households with Internet access at home - %_HH - NOCHILDREN,% of households,ITU Households Database,2019,Burkina Faso,BFA,Family,No Children,,14.903010124673916,,Institut National de Statistique et de la Démographie (INSD),2026-07-05
8810,HHA4213-%_HH-CHILDREN-,HH06 - Households with Internet access at home - %_HH - CHILDREN,% of households,ITU Households Database,2019,Burkina Faso,BFA,Family,Children,,10.706765491410781,,Institut National de Statistique et de la Démographie (INSD),2026-07-05
8819,HHA4213-%_HH-RURAL-,HH06 - Households with Internet access at home - %_HH - RURAL,% of households,ITU Households Database,2019,Burkina Faso,BFA,Location,Rural,,6.70125206890594,,Institut National de Statistique et de la Démographie (INSD),2026-07-05
8818,HHA4213-%_HH-NOCHILDREN-URBAN,HH06 - Households with Internet access at home - %_HH - NOCHILDREN - URBAN,% of households,ITU Households Database,2019,Burkina Faso,BFA,Location,No Children,Urban,31.05118256134479,,Institut National de Statistique et de la Démographie (INSD),2026-07-05
8812,HHA4213-%_HH-CHILDREN-URBAN,HH06 - Households with Internet access at home - %_HH - CHILDREN - URBAN,% of households,ITU Households Database,2019,Burkina Faso,BFA,Location,Children,Urban,22.308048377131183,,Institut National de Statistique et de la Démographie (INSD),2026-07-04
8811,HHA4213-%_HH-CHILDREN-RURAL,HH06 - Households with Internet access at home - %_HH - CHILDREN - RURAL,% of households,ITU Households Database,2019,Burkina Faso,BFA,Location,Children,Rural,5.494591068667043,,Institut National de Statistique et de la Démographie (INSD),2026-07-05
8820,HHA4213-%_HH-URBAN-,HH06 - Households with Internet access at home - %_HH - URBAN,% of households,ITU Households Database,2019,Burkina Faso,BFA,Location,Urban,,26.820680839218213,,Institut National de Statistique et de la Démographie (INSD),2026-07-05
8817,HHA4213-%_HH-NOCHILDREN-RURAL,HH06 - Households with Internet access at home - %_HH - NOCHILDREN - RURAL,% of households,ITU Households Database,2019,Burkina Faso,BFA,Location,No Children,Rural,7.648038194576431,,Institut National de Statistique et de la Démographie (INSD),2026-07-05
12047,xHH6_IDI,Estimated proportion of households with Internet access at home,% of households,ITU World Telecommunication Indicators Database,2019,Burkina Faso,BFA,,,,3.39998693340122,,Institut National de la Statistique et de la Demographie,2024-01-23
12047,xHH6_IDI,Estimated proportion of households with Internet access at home,% of households,ITU World Telecommunication Indicators Database,2019,Bangladesh,BGD,,,,37.6,,Bangladesh Bureau of Statistics,2024-01-23
12047,xHH6_IDI,Estimated proportion of households with Internet access at home,% of households,ITU World Telecommunication Indicators Database,2019,Bahrain,BHR,,,,99.7013555787278,,Information and E-Government Authority,2024-01-23
12047,xHH6_IDI,Estimated proportion of households with Internet access at home,% of households,ITU World Telecommunication Indicators Database,2019,Belarus,BLR,,,,78.5911822254536,Access via fixed communications network,National Statistical Committee of the Republic of Belarus (Belstat),2024-01-23
8817,HHA4213-%_HH-NOCHILDREN-RURAL,HH06 - Households with Internet access at home - %_HH - NOCHILDREN - RURAL,% of households,ITU Households Database,2019,Belarus,BLR,Location,No Children,Rural,57.25827998991462,,Национальный статистический комитет Республики Беларусь,2026-07-04
8818,HHA4213-%_HH-NOCHILDREN-URBAN,HH06 - Households with Internet access at home - %_HH - NOCHILDREN - URBAN,% of households,ITU Households Database,2019,Belarus,BLR,Location,No Children,Urban,76.3966882202557,,Национальный статистический комитет Республики Беларусь,2024-07-08
8816,HHA4213-%_HH-NOCHILDREN-,HH06 - Households with Internet access at home - %_HH - NOCHILDREN,% of households,ITU Households Database,2019,Belarus,BLR,Family,No Children,,70.63953203169397,,Национальный статистический комитет Республики Беларусь,2026-07-05
8820,HHA4213-%_HH-URBAN-,HH06 - Households with Internet access at home - %_HH - URBAN,% of households,ITU Households Database,2019,Belarus,BLR,Location,Urban,,83.48142182718799,,Национальный статистический комитет Республики Беларусь,2026-07-05
8819,HHA4213-%_HH-RURAL-,HH06 - Households with Internet access at home - %_HH - RURAL,% of households,ITU Households Database,2019,Belarus,BLR,Location,Rural,,65.87491771662182,,Национальный статистический комитет Республики Беларусь,2026-07-06
8811,HHA4213-%_HH-CHILDREN-RURAL,HH06 - Households with Internet access at home - %_HH - CHILDREN - RURAL,% of households,ITU Households Database,2019,Belarus,BLR,Location,Children,Rural,94.27198954935737,,Национальный статистический комитет Республики Беларусь,2026-07-06
8812,HHA4213-%_HH-CHILDREN-URBAN,HH06 - Households with Internet access at home - %_HH - CHILDREN - URBAN,% of households,ITU Households Database,2019,Belarus,BLR,Location,Children,Urban,98.94180455006378,,Национальный статистический комитет Республики Беларусь,2026-07-05
8810,HHA4213-%_HH-CHILDREN-,HH06 - Households with Internet access at home - %_HH - CHILDREN,% of households,ITU Households Database,2019,Belarus,BLR,Family,Children,,97.90638926622339,,Национальный статистический комитет Республики Беларусь,2026-07-06
8820,HHA4213-%_HH-URBAN-,HH06 - Households with Internet access at home - %_HH - URBAN,% of households,ITU Households Database,2019,Belize,BLZ,Location,Urban,,66.85092817784742,,Statistical Institute of Belize,2026-07-05
8812,HHA4213-%_HH-CHILDREN-URBAN,HH06 - Households with Internet access at home - %_HH - CHILDREN - URBAN,% of households,ITU Households Database,2019,Belize,BLZ,Location,Children,Urban,68.02000862350351,,Statistical Institute of Belize,2026-07-05
8811,HHA4213-%_HH-CHILDREN-RURAL,HH06 - Households with Internet access at home - %_HH - CHILDREN - RURAL,% of households,ITU Households Database,2019,Belize,BLZ,Location,Children,Rural,48.973533351416556,,Statistical Institute of Belize,2026-07-06
8818,HHA4213-%_HH-NOCHILDREN-URBAN,HH06 - Households with Internet access at home - %_HH - NOCHILDREN - URBAN,% of households,ITU Households Database,2019,Belize,BLZ,Location,No Children,Urban,65.81711003981545,,Statistical Institute of Belize,2026-07-05
8810,HHA4213-%_HH-CHILDREN-,HH06 - Households with Internet access at home - %_HH - CHILDREN,% of households,ITU Households Database,2019,Belize,BLZ,Family,Children,,56.99464277449117,,Statistical Institute of Belize,2026-07-06
8817,HHA4213-%_HH-NOCHILDREN-RURAL,HH06 - Households with Internet access at home - %_HH - NOCHILDREN - RURAL,% of households,ITU Households Database,2019,Belize,BLZ,Location,No Children,Rural,49.026070087788696,,Statistical Institute of Belize,2026-07-05
8819,HHA4213-%_HH-RURAL-,HH06 - Households with Internet access at home - %_HH - RURAL,% of households,ITU Households Database,2019,Belize,BLZ,Location,Rural,,48.99516377331711,,Statistical Institute of Belize,2026-07-06
8816,HHA4213-%_HH-NOCHILDREN-,HH06 - Households with Internet access at home - %_HH - NOCHILDREN,% of households,ITU Households Database,2019,Belize,BLZ,Family,No Children,,58.09887823287161,,Statistical Institute of Belize,2026-07-05
12047,xHH6_IDI,Estimated proportion of households with Internet access at home,% of households,ITU World Telecommunication Indicators Database,2019,Belize,BLZ,,,,57.512464909708,,Statistical Institute of Belize,2024-01-23
12047,xHH6_IDI,Estimated proportion of households with Internet access at home,% of households,ITU World Telecommunication Indicators Database,2019,Bolivia (Plurinational State of),BOL,,,,22.9974982016543,,Instituto Nacional de Estadística,2024-01-23
8818,HHA4213-%_HH-NOCHILDREN-URBAN,HH06 - Households with Internet access at home - %_HH - NOCHILDREN - URBAN,% of households,ITU Households Database,2019,Bolivia (Plurinational State of),BOL,Location,No Children,Urban,35.17202852971406,,Statistic National Institute,2026-07-05
8811,HHA4213-%_HH-CHILDREN-RURAL,HH06 - Households with Internet access at home - %_HH - CHILDREN - RURAL,% of households,ITU Households Database,2019,Bolivia (Plurinational State of),BOL,Location,Children,Rural,0.5741585125201817,,Statistic National Institute,2026-07-06
8820,HHA4213-%_HH-URBAN-,HH06 - Households with Internet access at home - %_HH - URBAN,% of households,ITU Households Database,2019,Bolivia (Plurinational State of),BOL,Location,Urban,,32.841869183542826,,Statistic National Institute,2026-07-05
8819,HHA4213-%_HH-RURAL-,HH06 - Households with Internet access at home - %_HH - RURAL,% of households,ITU Households Database,2019,Bolivia (Plurinational State of),BOL,Location,Rural,,1.4265124148462298,,Statistic National Institute,2026-07-06
8810,HHA4213-%_HH-CHILDREN-,HH06 - Households with Internet access at home - %_HH - CHILDREN,% of households,ITU Households Database,2019,Bolivia (Plurinational State of),BOL,Family,Children,,21.839725106942524,,Statistic National Institute,2026-07-06
8812,HHA4213-%_HH-CHILDREN-URBAN,HH06 - Households with Internet access at home - %_HH - CHILDREN - URBAN,% of households,ITU Households Database,2019,Bolivia (Plurinational State of),BOL,Location,Children,Urban,30.819025772265796,,Statistic National Institute,2026-07-05
8816,HHA4213-%_HH-NOCHILDREN-,HH06 - Households with Internet access at home - %_HH - NOCHILDREN,% of households,ITU Households Database,2019,Bolivia (Plurinational State of),BOL,Family,No Children,,24.265683565688057,,Statistic National Institute,2026-07-05
8817,HHA4213-%_HH-NOCHILDREN-RURAL,HH06 - Households with Internet access at home - %_HH - NOCHILDREN - RURAL,% of households,ITU Households Database,2019,Bolivia (Plurinational State of),BOL,Location,No Children,Rural,2.262899413234489,,Statistic National Institute,2026-07-05
12047,xHH6_IDI,Estimated proportion of households with Internet access at home,% of households,ITU World Telecommunication Indicators Database,2019,Botswana,BWA,,,,63.4542562916394,,Statistics Botswana,2024-01-23
12047,xHH6_IDI,Estimated proportion of households with Internet access at home,% of households,ITU World Telecommunication Indicators Database,2019,Barbados,BRB,,,,85.1227359420276,,ITU estimate,2021-11-29
12047,xHH6_IDI,Estimated proportion of households with Internet access at home,% of households,ITU World Telecommunication Indicators Database,2019,Brunei Darussalam,BRN,,,,53.5887692632468,,Authority for Info-communications Technology Industry of Brunei Darussalam,2024-01-23
12047,xHH6_IDI,Estimated proportion of households with Internet access at home,% of households,ITU World Telecommunication Indicators Database,2019,Bhutan,BTN,,,,64.7,,ITU estimate,2022-06-29
12047,xHH6_IDI,Estimated proportion of households with Internet access at home,% of households,ITU World Telecommunication Indicators Database,2019,Bulgaria,BGR,,,,75.0746836895628,,National Statistical Institute,2024-01-23
8820,HHA4213-%_HH-URBAN-,HH06 - Households with Internet access at home - %_HH - URBAN,% of households,ITU Households Database,2019,Bulgaria,BGR,Location,Urban,,79.73946828556213,,National Statistical Institute,2026-07-05
8812,HHA4213-%_HH-CHILDREN-URBAN,HH06 - Households with Internet access at home - %_HH - CHILDREN - URBAN,% of households,ITU Households Database,2019,Bulgaria,BGR,Location,Children,Urban,93.54721027178773,Households with children under 16,National Statistical Institute,2026-07-05
8816,HHA4213-%_HH-NOCHILDREN-,HH06 - Households with Internet access at home - %_HH - NOCHILDREN,% of households,ITU Households Database,2019,Bulgaria,BGR,Family,No Children,,70.04683673581445,Households without children under 16,National Statistical Institute,2026-07-05
8818,HHA4213-%_HH-NOCHILDREN-URBAN,HH06 - Households with Internet access at home - %_HH - NOCHILDREN - URBAN,% of households,ITU Households Database,2019,Bulgaria,BGR,Location,No Children,Urban,75.2820930431292,Households without children under 16,National Statistical Institute,2024-07-08
8817,HHA4213-%_HH-NOCHILDREN-RURAL,HH06 - Households with Internet access at home - %_HH - NOCHILDREN - RURAL,% of households,ITU Households Database,2019,Bulgaria,BGR,Location,No Children,Rural,53.0405917659436,Households without children under 16,National Statistical Institute,2024-07-08
8811,HHA4213-%_HH-CHILDREN-RURAL,HH06 - Households with Internet access at home - %_HH - CHILDREN - RURAL,% of households,ITU Households Database,2019,Bulgaria,BGR,Location,Children,Rural,81.03365132613482,Households with children under 16,National Statistical Institute,2026-07-06
8810,HHA4213-%_HH-CHILDREN-,HH06 - Households with Internet access at home - %_HH - CHILDREN,% of households,ITU Households Database,2019,Bulgaria,BGR,Family,Children,,90.52591258920029,Households with children under 16,National Statistical Institute,2026-07-06
8819,HHA4213-%_HH-RURAL-,HH06 - Households with Internet access at home - %_HH - RURAL,% of households,ITU Households Database,2019,Bulgaria,BGR,Location,Rural,,60.04603265660198,,National Statistical Institute,2026-07-06
12047,xHH6_IDI,Estimated proportion of households with Internet access at home,% of households,ITU World Telecommunication Indicators Database,2019,Central African Rep.,CAF,,,,4.54327246580791,,ITU estimate,2021-11-29
12047,xHH6_IDI,Estimated proportion of households with Internet access at home,% of households,ITU World Telecommunication Indicators Database,2019,Canada,CAN,,,,90.9945557873029,National-level estimates include the 10 provinces only.,Statistics Canada,2024-01-23
12047,xHH6_IDI,Estimated proportion of households with Internet access at home,% of households,ITU World Telecommunication Indicators Database,2019,Cambodia,KHM,,,,50.0115562498077,,National Institute of Statistics,2024-01-23
12047,xHH6_IDI,Estimated proportion of households with Internet access at home,% of households,ITU World Telecommunication Indicators Database,2019,Chile,CHL,,,,89.9003216562705,,ITU estimate,2021-11-29
12047,xHH6_IDI,Estimated proportion of households with Internet access at home,% of households,ITU World Telecommunication Indicators Database,2019,China,CHN,,,,72.0564724315959,,ITU estimate,2021-11-29
12047,xHH6_IDI,Estimated proportion of households with Internet access at home,% of households,ITU World Telecommunication Indicators Database,2019,Colombia,COL,,,,52.1603201400613,"Los datos son expandidos con proyecciones de población, elaboradas con base en los resultados del censo 2005. La población objetivo de la encuesta corresponde a las personas de 5 años y más de edad.",Departamento Administrativo Nacional de Estadistica (DANE),2024-01-23
12047,xHH6_IDI,Estimated proportion of households with Internet access at home,% of households,ITU World Telecommunication Indicators Database,2019,Sri Lanka,LKA,,,,45.2,"##This estimate was calculated as a percentage to the total households.##This estimate was calculated by first six months dats of LFS, 2019.",Department of Census and Statistics,2024-01-23
12047,xHH6_IDI,Estimated proportion of households with Internet access at home,% of households,ITU World Telecommunication Indicators Database,2019,Congo (Rep. of the),COG,,,,4.54327246580791,,ITU estimate,2021-11-29
12047,xHH6_IDI,Estimated proportion of households with Internet access at home,% of households,ITU World Telecommunication Indicators Database,2019,Cabo Verde,CPV,,,,66.971863826046,,INSTITUTO NACIONAL DE ESTATISTICA,2024-01-23
8817,HHA4213-%_HH-NOCHILDREN-RURAL,HH06 - Households with Internet access at home - %_HH - NOCHILDREN - RURAL,% of households,ITU Households Database,2019,Cabo Verde,CPV,Location,No Children,Rural,42.92154524177765,,INSTITUTO NACIONAL DE ESTATISTICA,2026-07-05
8812,HHA4213-%_HH-CHILDREN-URBAN,HH06 - Households with Internet access at home - %_HH - CHILDREN - URBAN,% of households,ITU Households Database,2019,Cabo Verde,CPV,Location,Children,Urban,77.85675908289139,,INSTITUTO NACIONAL DE ESTATISTICA,2026-07-05
8811,HHA4213-%_HH-CHILDREN-RURAL,HH06 - Households with Internet access at home - %_HH - CHILDREN - RURAL,% of households,ITU Households Database,2019,Cabo Verde,CPV,Location,Children,Rural,58.04654880029445,,INSTITUTO NACIONAL DE ESTATISTICA,2026-07-06
8810,HHA4213-%_HH-CHILDREN-,HH06 - Households with Internet access at home - %_HH - CHILDREN,% of households,ITU Households Database,2019,Cabo Verde,CPV,Family,Children,,71.62262634886685,,INSTITUTO NACIONAL DE ESTATISTICA,2026-07-06
8820,HHA4213-%_HH-URBAN-,HH06 - Households with Internet access at home - %_HH - URBAN,% of households,ITU Households Database,2019,Cabo Verde,CPV,Location,Urban,,73.64358593697735,,INSTITUTO NACIONAL DE ESTATISTICA,2026-07-05
8818,HHA4213-%_HH-NOCHILDREN-URBAN,HH06 - Households with Internet access at home - %_HH - NOCHILDREN - URBAN,% of households,ITU Households Database,2019,Cabo Verde,CPV,Location,No Children,Urban,68.6978314095558,,INSTITUTO NACIONAL DE ESTATISTICA,2024-07-08
8816,HHA4213-%_HH-NOCHILDREN-,HH06 - Households with Internet access at home - %_HH - NOCHILDREN,% of households,ITU Households Database,2019,Cabo Verde,CPV,Family,No Children,,61.29379242197663,,INSTITUTO NACIONAL DE ESTATISTICA,2026-07-05
8819,HHA4213-%_HH-RURAL-,HH06 - Households with Internet access at home - %_HH - RURAL,% of households,ITU Households Database,2019,Cabo Verde,CPV,Location,Rural,,51.57616060958162,,INSTITUTO NACIONAL DE ESTATISTICA,2026-07-06
8820,HHA4213-%_HH-URBAN-,HH06 - Households with Internet access at home - %_HH - URBAN,% of households,ITU Households Database,2019,Côte d'Ivoire,CIV,Location,Urban,,24.73260153483943,,ARTCI,2026-07-05
8819,HHA4213-%_HH-RURAL-,HH06 - Households with Internet access at home - %_HH - RURAL,% of households,ITU Households Database,2019,Côte d'Ivoire,CIV,Location,Rural,,7.221837749645153,,ARTCI,2026-07-06
8812,HHA4213-%_HH-CHILDREN-URBAN,HH06 - Households with Internet access at home - %_HH - CHILDREN - URBAN,% of households,ITU Households Database,2019,Côte d'Ivoire,CIV,Location,Children,Urban,25.01160430038962,,ARTCI,2026-07-05
8818,HHA4213-%_HH-NOCHILDREN-URBAN,HH06 - Households with Internet access at home - %_HH - NOCHILDREN - URBAN,% of households,ITU Households Database,2019,Côte d'Ivoire,CIV,Location,No Children,Urban,24.206852756840334,,ARTCI,2026-07-05
8811,HHA4213-%_HH-CHILDREN-RURAL,HH06 - Households with Internet access at home - %_HH - CHILDREN - RURAL,% of households,ITU Households Database,2019,Côte d'Ivoire,CIV,Location,Children,Rural,6.372423511731867,,ARTCI,2026-07-07
8816,HHA4213-%_HH-NOCHILDREN-,HH06 - Households with Internet access at home - %_HH - NOCHILDREN,% of households,ITU Households Database,2019,Côte d'Ivoire,CIV,Family,No Children,,18.067705039022016,,ARTCI,2026-07-05
8817,HHA4213-%_HH-NOCHILDREN-RURAL,HH06 - Households with Internet access at home - %_HH - NOCHILDREN - RURAL,% of households,ITU Households Database,2019,Côte d'Ivoire,CIV,Location,No Children,Rural,9.239713888236004,,ARTCI,2026-07-05
8810,HHA4213-%_HH-CHILDREN-,HH06 - Households with Internet access at home - %_HH - CHILDREN,% of households,ITU Households Database,2019,Côte d'Ivoire,CIV,Family,Children,,16.304310826454877,,ARTCI,2026-07-06
12047,xHH6_IDI,Estimated proportion of households with Internet access at home,% of households,ITU World Telecommunication Indicators Database,2019,Côte d'Ivoire,CIV,,,,16.8757517458235,,ARTCI,2024-01-23
12047,xHH6_IDI,Estimated proportion of households with Internet access at home,% of households,ITU World Telecommunication Indicators Database,2019,Costa Rica,CRI,,,,86.3380859113867,It is considered at the housing level based on the National Household Survey,Instituto Nacional de Estadisticas y Censos ,2024-01-23
12047,xHH6_IDI,Estimated proportion of households with Internet access at home,% of households,ITU World Telecommunication Indicators Database,2019,Cuba,CUB,,,,32.3598096846456,,Oficina Nacional de Estadisticas e Informacion ,2024-01-23
12047,xHH6_IDI,Estimated proportion of households with Internet access at home,% of households,ITU World Telecommunication Indicators Database,2019,Vatican,VAT,,,,76.1483303086928,,ITU estimate,2021-11-29
12047,xHH6_IDI,Estimated proportion of households with Internet access at home,% of households,ITU World Telecommunication Indicators Database,2019,Cyprus,CYP,,,,89.6119705976011,,Statistical Service of Cyprus,2024-01-23
8818,HHA4213-%_HH-NOCHILDREN-URBAN,HH06 - Households with Internet access at home - %_HH - NOCHILDREN - URBAN,% of households,ITU Households Database,2019,Cyprus,CYP,Location,No Children,Urban,88.8586322974633,,STATISTICAL SERVICE OF CYPRUS,2024-07-08
8812,HHA4213-%_HH-CHILDREN-URBAN,HH06 - Households with Internet access at home - %_HH - CHILDREN - URBAN,% of households,ITU Households Database,2019,Cyprus,CYP,Location,Children,Urban,99.77596969783362,,STATISTICAL SERVICE OF CYPRUS,2026-07-05
8810,HHA4213-%_HH-CHILDREN-,HH06 - Households with Internet access at home - %_HH - CHILDREN,% of households,ITU Households Database,2019,Cyprus,CYP,Family,Children,,99.84246303404917,,STATISTICAL SERVICE OF CYPRUS,2026-07-06
8817,HHA4213-%_HH-NOCHILDREN-RURAL,HH06 - Households with Internet access at home - %_HH - NOCHILDREN - RURAL,% of households,ITU Households Database,2019,Cyprus,CYP,Location,No Children,Rural,75.58787255531566,,STATISTICAL SERVICE OF CYPRUS,2026-07-05
8819,HHA4213-%_HH-RURAL-,HH06 - Households with Internet access at home - %_HH - RURAL,% of households,ITU Households Database,2019,Cyprus,CYP,Location,Rural,,83.3581262514445,,STATISTICAL SERVICE OF CYPRUS,2024-07-08
8811,HHA4213-%_HH-CHILDREN-RURAL,HH06 - Households with Internet access at home - %_HH - CHILDREN - RURAL,% of households,ITU Households Database,2019,Cyprus,CYP,Location,Children,Rural,100,,STATISTICAL SERVICE OF CYPRUS,2024-07-08
8820,HHA4213-%_HH-URBAN-,HH06 - Households with Internet access at home - %_HH - URBAN,% of households,ITU Households Database,2019,Cyprus,CYP,Location,Urban,,91.99335824355718,,STATISTICAL SERVICE OF CYPRUS,2026-07-05
8816,HHA4213-%_HH-NOCHILDREN-,HH06 - Households with Internet access at home - %_HH - NOCHILDREN,% of households,ITU Households Database,2019,Cyprus,CYP,Family,No Children,,85.31635832167125,,STATISTICAL SERVICE OF CYPRUS,2026-07-05
8817,HHA4213-%_HH-NOCHILDREN-RURAL,HH06 - Households with Internet access at home - %_HH - NOCHILDREN - RURAL,% of households,ITU Households Database,2019,Germany,DEU,Location,No Children,Rural,88.10994441012971,,Statistisches Bundesamt (Destatis),2026-07-05
8818,HHA4213-%_HH-NOCHILDREN-URBAN,HH06 - Households with Internet access at home - %_HH - NOCHILDREN - URBAN,% of households,ITU Households Database,2019,Germany,DEU,Location,No Children,Urban,89.52291183294663,,Statistisches Bundesamt (Destatis),2026-07-05
8816,HHA4213-%_HH-NOCHILDREN-,HH06 - Households with Internet access at home - %_HH - NOCHILDREN,% of households,ITU Households Database,2019,Germany,DEU,Family,No Children,,88.82597885024414,Children under 16 years.,Statistisches Bundesamt (Destatis),2026-07-05
8811,HHA4213-%_HH-CHILDREN-RURAL,HH06 - Households with Internet access at home - %_HH - CHILDREN - RURAL,% of households,ITU Households Database,2019,Germany,DEU,Location,Children,Rural,99.64824120603015,,Statistisches Bundesamt (Destatis),2026-07-06
8820,HHA4213-%_HH-URBAN-,HH06 - Households with Internet access at home - %_HH - URBAN,% of households,ITU Households Database,2019,Germany,DEU,Location,Urban,,90.8891671884784,urban = densely populated area; rural= thinly populated area. - Basis: EU DEG_URBA classification. The third code of DEG_URBA is: intermediate density area (cannot be allocated here).,Statistisches Bundesamt (Destatis),2024-07-08
8810,HHA4213-%_HH-CHILDREN-,HH06 - Households with Internet access at home - %_HH - CHILDREN,% of households,ITU Households Database,2019,Germany,DEU,Family,Children,,99.66311817814311,Children under 16 years.,Statistisches Bundesamt (Destatis),2026-07-06
8812,HHA4213-%_HH-CHILDREN-URBAN,HH06 - Households with Internet access at home - %_HH - CHILDREN - URBAN,% of households,ITU Households Database,2019,Germany,DEU,Location,Children,Urban,99.54086317722681,,Statistisches Bundesamt (Destatis),2026-07-06
8819,HHA4213-%_HH-RURAL-,HH06 - Households with Internet access at home - %_HH - RURAL,% of households,ITU Households Database,2019,Germany,DEU,Location,Rural,,90.82211197732106,urban = densely populated area; rural= thinly populated area. - Basis: EU DEG_URBA classification. The third code of DEG_URBA is: intermediate density area (cannot be allocated here).,Statistisches Bundesamt (Destatis),2026-07-06
12047,xHH6_IDI,Estimated proportion of households with Internet access at home,% of households,ITU World Telecommunication Indicators Database,2019,Germany,DEU,,,,90.7970197539336,,Federal Statistical Office,2024-01-23
12047,xHH6_IDI,Estimated proportion of households with Internet access at home,% of households,ITU World Telecommunication Indicators Database,2019,Dominica,DMA,,,,72.7780762386935,,ITU estimate,2021-11-29
12047,xHH6_IDI,Estimated proportion of households with Internet access at home,% of households,ITU World Telecommunication Indicators Database,2019,Denmark,DNK,,,,95.4342968544971,Number of households with individuals from 16-74 year old,Statistics Denmark,2024-01-23
12047,xHH6_IDI,Estimated proportion of households with Internet access at home,% of households,ITU World Telecommunication Indicators Database,2019,Dominican Rep.,DOM,,,,33.6888677641294,The household expansion factor for questions related to the household questionnaire was applied.######Preliminary results,Oficina Nacional de Estadistica,2024-01-23
12047,xHH6_IDI,Estimated proportion of households with Internet access at home,% of households,ITU World Telecommunication Indicators Database,2019,Spain,ESP,,,,91.4376200810825,HHs with at least one member aged 16 to 74,Instituto Nacional de Estadistica,2024-01-23
8819,HHA4213-%_HH-RURAL-,HH06 - Households with Internet access at home - %_HH - RURAL,% of households,ITU Households Database,2019,Spain,ESP,Location,Rural,,89.02710361377963,,Instituto Nacional de Estadística (INE),2026-07-06
8811,HHA4213-%_HH-CHILDREN-RURAL,HH06 - Households with Internet access at home - %_HH - CHILDREN - RURAL,% of households,ITU Households Database,2019,Spain,ESP,Location,Children,Rural,98.51028010618658,,Instituto Nacional de Estadística (INE),2026-07-06
8810,HHA4213-%_HH-CHILDREN-,HH06 - Households with Internet access at home - %_HH - CHILDREN,% of households,ITU Households Database,2019,Spain,ESP,Family,Children,,99.00583899468722,,Instituto Nacional de Estadística (INE),2026-07-06
8820,HHA4213-%_HH-URBAN-,HH06 - Households with Internet access at home - %_HH - URBAN,% of households,ITU Households Database,2019,Spain,ESP,Location,Urban,,93.45923526729433,,Instituto Nacional de Estadística (INE),2026-07-05
8816,HHA4213-%_HH-NOCHILDREN-,HH06 - Households with Internet access at home - %_HH - NOCHILDREN,% of households,ITU Households Database,2019,Spain,ESP,Family,No Children,,88.48083767487874,,Instituto Nacional de Estadística (INE),2026-07-05
8818,HHA4213-%_HH-NOCHILDREN-URBAN,HH06 - Households with Internet access at home - %_HH - NOCHILDREN - URBAN,% of households,ITU Households Database,2019,Spain,ESP,Location,No Children,Urban,91.24927059669777,,Instituto Nacional de Estadística (INE),2026-07-05
8817,HHA4213-%_HH-NOCHILDREN-RURAL,HH06 - Households with Internet access at home - %_HH - NOCHILDREN - RURAL,% of households,ITU Households Database,2019,Spain,ESP,Location,No Children,Rural,85.05851963240805,,Instituto Nacional de Estadística (INE),2026-07-05
8812,HHA4213-%_HH-CHILDREN-URBAN,HH06 - Households with Internet access at home - %_HH - CHILDREN - URBAN,% of households,ITU Households Database,2019,Spain,ESP,Location,Children,Urban,99.46138626690721,,Instituto Nacional de Estadística (INE),2026-07-05
8810,HHA4213-%_HH-CHILDREN-,HH06 - Households with Internet access at home - %_HH - CHILDREN,% of households,ITU Households Database,2019,Egypt,EGY,Family,Children,,64.87354221580776,,Ministry of Communications and Information Technology,2026-07-06
8812,HHA4213-%_HH-CHILDREN-URBAN,HH06 - Households with Internet access at home - %_HH - CHILDREN - URBAN,% of households,ITU Households Database,2019,Egypt,EGY,Location,Children,Urban,76.48498709631157,,Ministry of Communications and Information Technology,2026-07-05
8811,HHA4213-%_HH-CHILDREN-RURAL,HH06 - Households with Internet access at home - %_HH - CHILDREN - RURAL,% of households,ITU Households Database,2019,Egypt,EGY,Location,Children,Rural,57.08006565276021,,Ministry of Communications and Information Technology,2026-07-07
8816,HHA4213-%_HH-NOCHILDREN-,HH06 - Households with Internet access at home - %_HH - NOCHILDREN,% of households,ITU Households Database,2019,Egypt,EGY,Family,No Children,,53.14611371858624,,Ministry of Communications and Information Technology,2026-07-05
8818,HHA4213-%_HH-NOCHILDREN-URBAN,HH06 - Households with Internet access at home - %_HH - NOCHILDREN - URBAN,% of households,ITU Households Database,2019,Egypt,EGY,Location,No Children,Urban,64.2056395883432,,Ministry of Communications and Information Technology,2024-07-08
8819,HHA4213-%_HH-RURAL-,HH06 - Households with Internet access at home - %_HH - RURAL,% of households,ITU Households Database,2019,Egypt,EGY,Location,Rural,,51.23412248637297,,Ministry of Communications and Information Technology,2026-07-06
8817,HHA4213-%_HH-NOCHILDREN-RURAL,HH06 - Households with Internet access at home - %_HH - NOCHILDREN - RURAL,% of households,ITU Households Database,2019,Egypt,EGY,Location,No Children,Rural,41.24267811439116,,Ministry of Communications and Information Technology,2026-07-05
8820,HHA4213-%_HH-URBAN-,HH06 - Households with Internet access at home - %_HH - URBAN,% of households,ITU Households Database,2019,Egypt,EGY,Location,Urban,,70.54092492461434,,Ministry of Communications and Information Technology,2026-07-05
12047,xHH6_IDI,Estimated proportion of households with Internet access at home,% of households,ITU World Telecommunication Indicators Database,2019,Egypt,EGY,,,,59.9370284274843,,Ministry of Communications and Information Technology,2024-01-23
12047,xHH6_IDI,Estimated proportion of households with Internet access at home,% of households,ITU World Telecommunication Indicators Database,2019,Ecuador,ECU,,,,45.5,,Instituto Nacional de Estadísticas y Censos - INEC,2024-01-23
12047,xHH6_IDI,Estimated proportion of households with Internet access at home,% of households,ITU World Telecommunication Indicators Database,2019,Estonia,EST,,,,90.3996275871947,,Statistical Office of Estonia,2024-01-23
12047,xHH6_IDI,Estimated proportion of households with Internet access at home,% of households,ITU World Telecommunication Indicators Database,2019,France,FRA,,,,84.0101364473843,,Institut National de la Statistique et des Etudes Economiques,2024-01-23
8819,HHA4213-%_HH-RURAL-,HH06 - Households with Internet access at home - %_HH - RURAL,% of households,ITU Households Database,2019,France,FRA,Location,Rural,,83.25623073401118,,Insee,2026-07-06
8812,HHA4213-%_HH-CHILDREN-URBAN,HH06 - Households with Internet access at home - %_HH - CHILDREN - URBAN,% of households,ITU Households Database,2019,France,FRA,Location,Children,Urban,96.94904991115231,,Insee,2026-07-05
8811,HHA4213-%_HH-CHILDREN-RURAL,HH06 - Households with Internet access at home - %_HH - CHILDREN - RURAL,% of households,ITU Households Database,2019,France,FRA,Location,Children,Rural,99.22076013102142,,Insee,2026-07-06
8818,HHA4213-%_HH-NOCHILDREN-URBAN,HH06 - Households with Internet access at home - %_HH - NOCHILDREN - URBAN,% of households,ITU Households Database,2019,France,FRA,Location,No Children,Urban,80.33960290526431,,Insee,2026-07-05
8817,HHA4213-%_HH-NOCHILDREN-RURAL,HH06 - Households with Internet access at home - %_HH - NOCHILDREN - RURAL,% of households,ITU Households Database,2019,France,FRA,Location,No Children,Rural,77.98628345994655,,Insee,2026-07-05
8810,HHA4213-%_HH-CHILDREN-,HH06 - Households with Internet access at home - %_HH - CHILDREN,% of households,ITU Households Database,2019,France,FRA,Family,Children,,97.46770660054077,,Insee,2026-07-06
8820,HHA4213-%_HH-URBAN-,HH06 - Households with Internet access at home - %_HH - URBAN,% of households,ITU Households Database,2019,France,FRA,Location,Urban,,84.2201136386092,,Insee,2024-07-08
8816,HHA4213-%_HH-NOCHILDREN-,HH06 - Households with Internet access at home - %_HH - NOCHILDREN,% of households,ITU Households Database,2019,France,FRA,Family,No Children,,79.83458575159193,,Insee,2026-07-05
12047,xHH6_IDI,Estimated proportion of households with Internet access at home,% of households,ITU World Telecommunication Indicators Database,2019,Finland,FIN,,,,89.0354918365091,,Statistics Finland,2024-01-23
12047,xHH6_IDI,Estimated proportion of households with Internet access at home,% of households,ITU World Telecommunication Indicators Database,2019,United Kingdom,GBR,,,,92.8925503942165,,Office for National Statistics,2024-01-23
12047,xHH6_IDI,Estimated proportion of households with Internet access at home,% of households,ITU World Telecommunication Indicators Database,2019,Gabon,GAB,,,,63.7554033814125,,ITU estimate,2021-11-29
12047,xHH6_IDI,Estimated proportion of households with Internet access at home,% of households,ITU World Telecommunication Indicators Database,2019,Ghana,GHA,,,,16.8,,National Communications Authority and Ghana Statistical Service - Household Survey on ICT in Ghana,2024-01-23
12047,xHH6_IDI,Estimated proportion of households with Internet access at home,% of households,ITU World Telecommunication Indicators Database,2019,Gambia,GMB,,,,63.863794188335,,ITU estimate,2021-11-29
12047,xHH6_IDI,Estimated proportion of households with Internet access at home,% of households,ITU World Telecommunication Indicators Database,2019,Guinea-Bissau,GNB,,,,12.5527439481358,,ITU estimate,2021-11-29
12047,xHH6_IDI,Estimated proportion of households with Internet access at home,% of households,ITU World Telecommunication Indicators Database,2019,Equatorial Guinea,GNQ,,,,24.2042847485148,,ITU estimate,2021-11-29
12047,xHH6_IDI,Estimated proportion of households with Internet access at home,% of households,ITU World Telecommunication Indicators Database,2019,Greece,GRC,,,,78.5402328017251,Current information,Hellenic Statistical Authority,2024-01-23
12047,xHH6_IDI,Estimated proportion of households with Internet access at home,% of households,ITU World Telecommunication Indicators Database,2019,Guatemala,GTM,,,,22.7274760631372,,Instituto Nacional de Estadistica,2024-01-23
8816,HHA4213-%_HH-NOCHILDREN-,HH06 - Households with Internet access at home - %_HH - NOCHILDREN,% of households,ITU Households Database,2019,Guatemala,GTM,Family,No Children,,28.41293941261977,,Instituto Nacional de Estadística -INE-,2026-07-05
8810,HHA4213-%_HH-CHILDREN-,HH06 - Households with Internet access at home - %_HH - CHILDREN,% of households,ITU Households Database,2019,Guatemala,GTM,Family,Children,,19.224027797372443,,Instituto Nacional de Estadística -INE-,2026-07-06
8817,HHA4213-%_HH-NOCHILDREN-RURAL,HH06 - Households with Internet access at home - %_HH - NOCHILDREN - RURAL,% of households,ITU Households Database,2019,Guatemala,GTM,Location,No Children,Rural,9.607046738909991,,Instituto Nacional de Estadística -INE-,2026-07-05
8811,HHA4213-%_HH-CHILDREN-RURAL,HH06 - Households with Internet access at home - %_HH - CHILDREN - RURAL,% of households,ITU Households Database,2019,Guatemala,GTM,Location,Children,Rural,8.346882045549183,,Instituto Nacional de Estadística -INE-,2026-07-06
8812,HHA4213-%_HH-CHILDREN-URBAN,HH06 - Households with Internet access at home - %_HH - CHILDREN - URBAN,% of households,ITU Households Database,2019,Guatemala,GTM,Location,Children,Urban,31.049513931146087,,Instituto Nacional de Estadística -INE-,2026-07-06
8820,HHA4213-%_HH-URBAN-,HH06 - Households with Internet access at home - %_HH - URBAN,% of households,ITU Households Database,2019,Guatemala,GTM,Location,Urban,,34.409695819597815,,Instituto Nacional de Estadística -INE-,2026-07-05
8819,HHA4213-%_HH-RURAL-,HH06 - Households with Internet access at home - %_HH - RURAL,% of households,ITU Households Database,2019,Guatemala,GTM,Location,Rural,,8.71371722223936,,Instituto Nacional de Estadística -INE-,2024-07-08
8818,HHA4213-%_HH-NOCHILDREN-URBAN,HH06 - Households with Internet access at home - %_HH - NOCHILDREN - URBAN,% of households,ITU Households Database,2019,Guatemala,GTM,Location,No Children,Urban,38.41130237885,,Instituto Nacional de Estadística -INE-,2024-07-08
12047,xHH6_IDI,Estimated proportion of households with Internet access at home,% of households,ITU World Telecommunication Indicators Database,2019,Guinea,GIN,,,,12.9999796617458,,Institut National de la Statistique,2024-01-23
12047,xHH6_IDI,Estimated proportion of households with Internet access at home,% of households,ITU World Telecommunication Indicators Database,2019,Guyana,GUY,,,,29.7415149010626,,ITU estimate,2021-11-29
12047,xHH6_IDI,Estimated proportion of households with Internet access at home,% of households,ITU World Telecommunication Indicators Database,2019,"Hong Kong, China",HKG,,,,94.1281612473854,,Census and Statistics Department,2024-01-23
8810,HHA4213-%_HH-CHILDREN-,HH06 - Households with Internet access at home - %_HH - CHILDREN,% of households,ITU Households Database,2019,"Hong Kong, China",HKG,Family,Children,,99.9639899171768,,Census and Statistics Department,2024-07-08
8816,HHA4213-%_HH-NOCHILDREN-,HH06 - Households with Internet access at home - %_HH - NOCHILDREN,% of households,ITU Households Database,2019,"Hong Kong, China",HKG,Family,No Children,,92.5654500747312,,Census and Statistics Department,2024-07-08
12047,xHH6_IDI,Estimated proportion of households with Internet access at home,% of households,ITU World Telecommunication Indicators Database,2019,Honduras,HND,,,,36.4684147375359,,ITU estimate,2021-11-29
12047,xHH6_IDI,Estimated proportion of households with Internet access at home,% of households,ITU World Telecommunication Indicators Database,2019,Hungary,HUN,,,,86.2009373431666,,Hungarian Central Statistical Office,2024-01-23
8820,HHA4213-%_HH-URBAN-,HH06 - Households with Internet access at home - %_HH - URBAN,% of households,ITU Households Database,2019,Hungary,HUN,Location,Urban,,88.25035335382395,,Hungarian Central Statistical Office ,2026-07-05
8818,HHA4213-%_HH-NOCHILDREN-URBAN,HH06 - Households with Internet access at home - %_HH - NOCHILDREN - URBAN,% of households,ITU Households Database,2019,Hungary,HUN,Location,No Children,Urban,84.90360864642689,,Hungarian Central Statistical Office ,2026-07-05
8810,HHA4213-%_HH-CHILDREN-,HH06 - Households with Internet access at home - %_HH - CHILDREN,% of households,ITU Households Database,2019,Hungary,HUN,Family,Children,,97.65908806051007,,Hungarian Central Statistical Office ,2026-07-06
8819,HHA4213-%_HH-RURAL-,HH06 - Households with Internet access at home - %_HH - RURAL,% of households,ITU Households Database,2019,Hungary,HUN,Location,Rural,,80.94755422298523,,Hungarian Central Statistical Office ,2026-07-06
8812,HHA4213-%_HH-CHILDREN-URBAN,HH06 - Households with Internet access at home - %_HH - CHILDREN - URBAN,% of households,ITU Households Database,2019,Hungary,HUN,Location,Children,Urban,98.29985757890174,,Hungarian Central Statistical Office ,2026-07-05
8817,HHA4213-%_HH-NOCHILDREN-RURAL,HH06 - Households with Internet access at home - %_HH - NOCHILDREN - RURAL,% of households,ITU Households Database,2019,Hungary,HUN,Location,No Children,Rural,74.59176928035606,,Hungarian Central Statistical Office ,2026-07-05
8816,HHA4213-%_HH-NOCHILDREN-,HH06 - Households with Internet access at home - %_HH - NOCHILDREN,% of households,ITU Households Database,2019,Hungary,HUN,Family,No Children,,82.13244570314654,,Hungarian Central Statistical Office ,2026-07-05
8811,HHA4213-%_HH-CHILDREN-RURAL,HH06 - Households with Internet access at home - %_HH - CHILDREN - RURAL,% of households,ITU Households Database,2019,Hungary,HUN,Location,Children,Rural,96.26012292595426,,Hungarian Central Statistical Office ,2026-07-06
12047,xHH6_IDI,Estimated proportion of households with Internet access at home,% of households,ITU World Telecommunication Indicators Database,2019,Netherlands,NLD,,,,96.2025316455696,,Statistics Netherlands,2024-01-23
12047,xHH6_IDI,Estimated proportion of households with Internet access at home,% of households,ITU World Telecommunication Indicators Database,2019,Croatia,HRV,,,,80.5223804687765,,Croatian Bureau of Statistics,2024-01-23
8819,HHA4213-%_HH-RURAL-,HH06 - Households with Internet access at home - %_HH - RURAL,% of households,ITU Households Database,2019,Croatia,HRV,Location,Rural,,74.64326472302729,,Croatian Bureau of Statistics,2026-07-06
8820,HHA4213-%_HH-URBAN-,HH06 - Households with Internet access at home - %_HH - URBAN,% of households,ITU Households Database,2019,Croatia,HRV,Location,Urban,,84.33370857384654,,Croatian Bureau of Statistics,2026-07-05
12047,xHH6_IDI,Estimated proportion of households with Internet access at home,% of households,ITU World Telecommunication Indicators Database,2019,Italy,ITA,,,,76.1483303086928,,Italian National Institute of Statistics,2024-01-23
12047,xHH6_IDI,Estimated proportion of households with Internet access at home,% of households,ITU World Telecommunication Indicators Database,2019,Indonesia,IDN,,,,73.7498500279031,,BPS-Statistics Indonesia,2024-01-23
8811,HHA4213-%_HH-CHILDREN-RURAL,HH06 - Households with Internet access at home - %_HH - CHILDREN - RURAL,% of households,ITU Households Database,2019,Indonesia,IDN,Location,Children,Rural,67.89651856639534,,BADAN PUSAT STATISTIK (STATISTICS INDONESIA),2026-07-06
8820,HHA4213-%_HH-URBAN-,HH06 - Households with Internet access at home - %_HH - URBAN,% of households,ITU Households Database,2019,Indonesia,IDN,Location,Urban,,83.56998942124675,,BADAN PUSAT STATISTIK (STATISTICS INDONESIA),2026-07-05
8819,HHA4213-%_HH-RURAL-,HH06 - Households with Internet access at home - %_HH - RURAL,% of households,ITU Households Database,2019,Indonesia,IDN,Location,Rural,,61.238576156890275,,BADAN PUSAT STATISTIK (STATISTICS INDONESIA),2026-07-06
8812,HHA4213-%_HH-CHILDREN-URBAN,HH06 - Households with Internet access at home - %_HH - CHILDREN - URBAN,% of households,ITU Households Database,2019,Indonesia,IDN,Location,Children,Urban,89.58152577752733,,BADAN PUSAT STATISTIK (STATISTICS INDONESIA),2026-07-05
8816,HHA4213-%_HH-NOCHILDREN-,HH06 - Households with Internet access at home - %_HH - NOCHILDREN,% of households,ITU Households Database,2019,Indonesia,IDN,Family,No Children,,64.67696757317076,,BADAN PUSAT STATISTIK (STATISTICS INDONESIA),2026-07-05
8817,HHA4213-%_HH-NOCHILDREN-RURAL,HH06 - Households with Internet access at home - %_HH - NOCHILDREN - RURAL,% of households,ITU Households Database,2019,Indonesia,IDN,Location,No Children,Rural,49.79804638278998,,BADAN PUSAT STATISTIK (STATISTICS INDONESIA),2026-07-05
8810,HHA4213-%_HH-CHILDREN-,HH06 - Households with Internet access at home - %_HH - CHILDREN,% of households,ITU Households Database,2019,Indonesia,IDN,Family,Children,,79.64018531777577,,BADAN PUSAT STATISTIK (STATISTICS INDONESIA),2026-07-06
8818,HHA4213-%_HH-NOCHILDREN-URBAN,HH06 - Households with Internet access at home - %_HH - NOCHILDREN - URBAN,% of households,ITU Households Database,2019,Indonesia,IDN,Location,No Children,Urban,75.05704820361167,,BADAN PUSAT STATISTIK (STATISTICS INDONESIA),2026-07-05
12047,xHH6_IDI,Estimated proportion of households with Internet access at home,% of households,ITU World Telecommunication Indicators Database,2019,Ireland,IRL,,,,90.9998658948168,,Central Statistics Office,2024-01-23
12047,xHH6_IDI,Estimated proportion of households with Internet access at home,% of households,ITU World Telecommunication Indicators Database,2019,Iran (Islamic Republic of),IRN,,,,77.5324242898505,HH6. Proportion of households with Internet is 77.53%,Statistical Centre of Iran (SCI),2024-01-23
12047,xHH6_IDI,Estimated proportion of households with Internet access at home,% of households,ITU World Telecommunication Indicators Database,2019,Iraq,IRQ,,,,64.5227644388133,,Central Organization for Statistics And Information Technology,2024-01-23
12047,xHH6_IDI,Estimated proportion of households with Internet access at home,% of households,ITU World Telecommunication Indicators Database,2019,Iceland,ISL,,,,99.429904984164,,Statistics Iceland,2024-01-23
12047,xHH6_IDI,Estimated proportion of households with Internet access at home,% of households,ITU World Telecommunication Indicators Database,2019,Israel,ISR,,,,73.3029814277658,,CENTRAL BUREAU OF STATISTICS,2024-01-23
8810,HHA4213-%_HH-CHILDREN-,HH06 - Households with Internet access at home - %_HH - CHILDREN,% of households,ITU Households Database,2019,Israel,ISR,Family,Children,,75.2560611898141,,CENTRAL BUREAU OF STATISTICS,2024-07-08
8811,HHA4213-%_HH-CHILDREN-RURAL,HH06 - Households with Internet access at home - %_HH - CHILDREN - RURAL,% of households,ITU Households Database,2019,Israel,ISR,Location,Children,Rural,90.77377860058263,,CENTRAL BUREAU OF STATISTICS,2026-07-06
8820,HHA4213-%_HH-URBAN-,HH06 - Households with Internet access at home - %_HH - URBAN,% of households,ITU Households Database,2019,Israel,ISR,Location,Urban,,72.67980739471581,,CENTRAL BUREAU OF STATISTICS,2026-07-05
8817,HHA4213-%_HH-NOCHILDREN-RURAL,HH06 - Households with Internet access at home - %_HH - NOCHILDREN - RURAL,% of households,ITU Households Database,2019,Israel,ISR,Location,No Children,Rural,75.51464492787831,,CENTRAL BUREAU OF STATISTICS,2026-07-05
8812,HHA4213-%_HH-CHILDREN-URBAN,HH06 - Households with Internet access at home - %_HH - CHILDREN - URBAN,% of households,ITU Households Database,2019,Israel,ISR,Location,Children,Urban,74.01212165910924,Desktop+Laptop (portable) computer toghter.we cann't separate,CENTRAL BUREAU OF STATISTICS,2026-07-05
8816,HHA4213-%_HH-NOCHILDREN-,HH06 - Households with Internet access at home - %_HH - NOCHILDREN,% of households,ITU Households Database,2019,Israel,ISR,Family,No Children,,72.03258795841953,,CENTRAL BUREAU OF STATISTICS,2026-07-05
8818,HHA4213-%_HH-NOCHILDREN-URBAN,HH06 - Households with Internet access at home - %_HH - NOCHILDREN - URBAN,% of households,ITU Households Database,2019,Israel,ISR,Location,No Children,Urban,71.83107980169139,,CENTRAL BUREAU OF STATISTICS,2026-07-05
8819,HHA4213-%_HH-RURAL-,HH06 - Households with Internet access at home - %_HH - RURAL,% of households,ITU Households Database,2019,Israel,ISR,Location,Rural,,82.66766113744674,,CENTRAL BUREAU OF STATISTICS,2026-07-06
8810,HHA4213-%_HH-CHILDREN-,HH06 - Households with Internet access at home - %_HH - CHILDREN,% of households,ITU Households Database,2019,Japan,JPN,Family,Children,,99.94138826090597,,Ministry of Internal Affairs and Communications,2026-07-06
8817,HHA4213-%_HH-NOCHILDREN-RURAL,HH06 - Households with Internet access at home - %_HH - NOCHILDREN - RURAL,% of households,ITU Households Database,2019,Japan,JPN,Location,No Children,Rural,95.04310344827587,,Ministry of Internal Affairs and Communications,2026-07-05
8819,HHA4213-%_HH-RURAL-,HH06 - Households with Internet access at home - %_HH - RURAL,% of households,ITU Households Database,2019,Japan,JPN,Location,Rural,,96.14961841650702,,Ministry of Internal Affairs and Communications,2026-07-06
8811,HHA4213-%_HH-CHILDREN-RURAL,HH06 - Households with Internet access at home - %_HH - CHILDREN - RURAL,% of households,ITU Households Database,2019,Japan,JPN,Location,Children,Rural,99.90344827586208,,Ministry of Internal Affairs and Communications,2026-07-06
8818,HHA4213-%_HH-NOCHILDREN-URBAN,HH06 - Households with Internet access at home - %_HH - NOCHILDREN - URBAN,% of households,ITU Households Database,2019,Japan,JPN,Location,No Children,Urban,97.31506849315068,,Ministry of Internal Affairs and Communications,2026-07-05
8820,HHA4213-%_HH-URBAN-,HH06 - Households with Internet access at home - %_HH - URBAN,% of households,ITU Households Database,2019,Japan,JPN,Location,Urban,,97.91646936262903,,Ministry of Internal Affairs and Communications,2026-07-05
8812,HHA4213-%_HH-CHILDREN-URBAN,HH06 - Households with Internet access at home - %_HH - CHILDREN - URBAN,% of households,ITU Households Database,2019,Japan,JPN,Location,Children,Urban,99.97869620792501,,Ministry of Internal Affairs and Communications,2026-07-05
8816,HHA4213-%_HH-NOCHILDREN-,HH06 - Households with Internet access at home - %_HH - NOCHILDREN,% of households,ITU Households Database,2019,Japan,JPN,Family,No Children,,95.95523698069046,,Ministry of Internal Affairs and Communications,2026-07-06
12047,xHH6_IDI,Estimated proportion of households with Internet access at home,% of households,ITU World Telecommunication Indicators Database,2019,Japan,JPN,,,,96.8523413897281,Estimated by the following method; (The number of households by which the age of householder is more than 20 years old)*(Survey result(%)),Ministry of Internal Affairs and Communications,2024-01-23
12047,xHH6_IDI,Estimated proportion of households with Internet access at home,% of households,ITU World Telecommunication Indicators Database,2019,Jamaica,JAM,,,,73.5722814536933,,Statistical Institute of Jamaica,2024-01-23
12047,xHH6_IDI,Estimated proportion of households with Internet access at home,% of households,ITU World Telecommunication Indicators Database,2019,Kenya,KEN,,,,17.9530494113258,Asked as households with the internet. included households with either mobile and/or fixed networks or both,Kenya National Bureau of Statistics,2024-01-23
12047,xHH6_IDI,Estimated proportion of households with Internet access at home,% of households,ITU World Telecommunication Indicators Database,2019,Kiribati,KIR,,,,52.650813401691,,ITU estimate,2021-11-29
12047,xHH6_IDI,Estimated proportion of households with Internet access at home,% of households,ITU World Telecommunication Indicators Database,2019,Korea (Rep. of),KOR,,,,99.689290047813,,Ministriy of Sceience and ICT(MSIT),2024-01-23
8810,HHA4213-%_HH-CHILDREN-,HH06 - Households with Internet access at home - %_HH - CHILDREN,% of households,ITU Households Database,2019,Korea (Rep. of),KOR,Family,Children,,99.84693807096909,,Ministriy of Sceience and ICT(MSIT),2026-07-06
8816,HHA4213-%_HH-NOCHILDREN-,HH06 - Households with Internet access at home - %_HH - NOCHILDREN,% of households,ITU Households Database,2019,Korea (Rep. of),KOR,Family,No Children,,99.64821797647481,,Ministriy of Sceience and ICT(MSIT),2026-07-05
8818,HHA4213-%_HH-NOCHILDREN-URBAN,HH06 - Households with Internet access at home - %_HH - NOCHILDREN - URBAN,% of households,ITU Households Database,2019,Korea (Rep. of),KOR,Location,No Children,Urban,99.91540077785798,,Ministriy of Sceience and ICT(MSIT),2026-07-05
8811,HHA4213-%_HH-CHILDREN-RURAL,HH06 - Households with Internet access at home - %_HH - CHILDREN - RURAL,% of households,ITU Households Database,2019,Korea (Rep. of),KOR,Location,Children,Rural,99.33366312230918,,Ministriy of Sceience and ICT(MSIT),2026-07-06
8819,HHA4213-%_HH-RURAL-,HH06 - Households with Internet access at home - %_HH - RURAL,% of households,ITU Households Database,2019,Korea (Rep. of),KOR,Location,Rural,,98.6985884474841,,Ministriy of Sceience and ICT(MSIT),2024-07-08
8812,HHA4213-%_HH-CHILDREN-URBAN,HH06 - Households with Internet access at home - %_HH - CHILDREN - URBAN,% of households,ITU Households Database,2019,Korea (Rep. of),KOR,Location,Children,Urban,99.9295207806825,,Ministriy of Sceience and ICT(MSIT),2024-07-08
8817,HHA4213-%_HH-NOCHILDREN-RURAL,HH06 - Households with Internet access at home - %_HH - NOCHILDREN - RURAL,% of households,ITU Households Database,2019,Korea (Rep. of),KOR,Location,No Children,Rural,98.58435200059364,,Ministriy of Sceience and ICT(MSIT),2026-07-05
8820,HHA4213-%_HH-URBAN-,HH06 - Households with Internet access at home - %_HH - URBAN,% of households,ITU Households Database,2019,Korea (Rep. of),KOR,Location,Urban,,99.91849629706586,,Ministriy of Sceience and ICT(MSIT),2026-07-05
12047,xHH6_IDI,Estimated proportion of households with Internet access at home,% of households,ITU World Telecommunication Indicators Database,2019,Kuwait,KWT,,,,100,,Communication and Information Technology Regulatory Authority,2024-01-23
12047,xHH6_IDI,Estimated proportion of households with Internet access at home,% of households,ITU World Telecommunication Indicators Database,2019,Lao P.D.R.,LAO,,,,24.9652356848438,,ITU estimate,2021-11-29
12047,xHH6_IDI,Estimated proportion of households with Internet access at home,% of households,ITU World Telecommunication Indicators Database,2019,Liechtenstein,LIE,,,,91.5518582721354,,ITU estimate,2021-11-29
12047,xHH6_IDI,Estimated proportion of households with Internet access at home,% of households,ITU World Telecommunication Indicators Database,2019,Lesotho,LSO,,,,3.16988608221892,,Bureau of Statistics,2024-01-23
12047,xHH6_IDI,Estimated proportion of households with Internet access at home,% of households,ITU World Telecommunication Indicators Database,2019,Lithuania,LTU,,,,81.518903474264,households in which at least one of the members is between 16 and 74,Statistics Lithuania,2024-01-23
8819,HHA4213-%_HH-RURAL-,HH06 - Households with Internet access at home - %_HH - RURAL,% of households,ITU Households Database,2019,Lithuania,LTU,Location,Rural,,77.70144579258496,,Statistics Lithuania,2026-07-07
8812,HHA4213-%_HH-CHILDREN-URBAN,HH06 - Households with Internet access at home - %_HH - CHILDREN - URBAN,% of households,ITU Households Database,2019,Lithuania,LTU,Location,Children,Urban,99.22055619984808,,Statistics Lithuania,2026-07-05
8820,HHA4213-%_HH-URBAN-,HH06 - Households with Internet access at home - %_HH - URBAN,% of households,ITU Households Database,2019,Lithuania,LTU,Location,Urban,,83.18265524031361,,Statistics Lithuania,2026-07-05
8810,HHA4213-%_HH-CHILDREN-,HH06 - Households with Internet access at home - %_HH - CHILDREN,% of households,ITU Households Database,2019,Lithuania,LTU,Family,Children,,98.94531748967455,,Statistics Lithuania,2026-07-06
8818,HHA4213-%_HH-NOCHILDREN-URBAN,HH06 - Households with Internet access at home - %_HH - NOCHILDREN - URBAN,% of households,ITU Households Database,2019,Lithuania,LTU,Location,No Children,Urban,78.0164253959354,,Statistics Lithuania,2024-07-08
8811,HHA4213-%_HH-CHILDREN-RURAL,HH06 - Households with Internet access at home - %_HH - CHILDREN - RURAL,% of households,ITU Households Database,2019,Lithuania,LTU,Location,Children,Rural,98.35630329400449,,Statistics Lithuania,2026-07-06
8816,HHA4213-%_HH-NOCHILDREN-,HH06 - Households with Internet access at home - %_HH - NOCHILDREN,% of households,ITU Households Database,2019,Lithuania,LTU,Family,No Children,,75.74169144495906,,Statistics Lithuania,2026-07-06
8817,HHA4213-%_HH-NOCHILDREN-RURAL,HH06 - Households with Internet access at home - %_HH - NOCHILDREN - RURAL,% of households,ITU Households Database,2019,Lithuania,LTU,Location,No Children,Rural,70.39826529643685,,Statistics Lithuania,2026-07-05
12047,xHH6_IDI,Estimated proportion of households with Internet access at home,% of households,ITU World Telecommunication Indicators Database,2019,Luxembourg,LUX,,,,95.1971914572206,,Service Central de la Statistique et des Etudes Economiques (STATEC),2024-01-23
12047,xHH6_IDI,Estimated proportion of households with Internet access at home,% of households,ITU World Telecommunication Indicators Database,2019,Latvia,LVA,,,,85.4495503467578,,Central Statistical Bureau of Latvia,2024-01-23
8816,HHA4213-%_HH-NOCHILDREN-,HH06 - Households with Internet access at home - %_HH - NOCHILDREN,% of households,ITU Households Database,2019,Latvia,LVA,Family,No Children,,80.68620944181517,,Central Statistical Bureau of Latvia,2026-07-05
8810,HHA4213-%_HH-CHILDREN-,HH06 - Households with Internet access at home - %_HH - CHILDREN,% of households,ITU Households Database,2019,Latvia,LVA,Family,Children,,98.14598661858808,,Central Statistical Bureau of Latvia,2026-07-06
8820,HHA4213-%_HH-URBAN-,HH06 - Households with Internet access at home - %_HH - URBAN,% of households,ITU Households Database,2019,Latvia,LVA,Location,Urban,,87.55388464857211,,Central Statistical Bureau of Latvia,2026-07-05
8819,HHA4213-%_HH-RURAL-,HH06 - Households with Internet access at home - %_HH - RURAL,% of households,ITU Households Database,2019,Latvia,LVA,Location,Rural,,80.19625214172966,,Central Statistical Bureau of Latvia,2026-07-06
12047,xHH6_IDI,Estimated proportion of households with Internet access at home,% of households,ITU World Telecommunication Indicators Database,2019,"Macao, China",MAC,,,,92.3037974683544,,Permanent Mission of the People's Republic of China to the United Nations at Geneva,2024-01-23
12047,xHH6_IDI,Estimated proportion of households with Internet access at home,% of households,ITU World Telecommunication Indicators Database,2019,Mauritius,MUS,,,,71.201589132385,Revised estimates,Statistics Mauritius,2024-01-23
12047,xHH6_IDI,Estimated proportion of households with Internet access at home,% of households,ITU World Telecommunication Indicators Database,2019,Monaco,MCO,,,,84.0101364473843,,ITU estimate,2021-11-29
12047,xHH6_IDI,Estimated proportion of households with Internet access at home,% of households,ITU World Telecommunication Indicators Database,2019,Madagascar,MDG,,,,13.3225624855966,,ITU estimate,2021-11-29
12047,xHH6_IDI,Estimated proportion of households with Internet access at home,% of households,ITU World Telecommunication Indicators Database,2019,Mexico,MEX,,,,55.8011456340213,,Instituto Nacional de Estadística y Geografía (INEGI),2024-01-23
8819,HHA4213-%_HH-RURAL-,HH06 - Households with Internet access at home - %_HH - RURAL,% of households,ITU Households Database,2019,Mexico,MEX,Location,Rural,,24.228217356969175,,Instituto Nacional de Estadística y Geografía (INEGI),2026-07-06
8818,HHA4213-%_HH-NOCHILDREN-URBAN,HH06 - Households with Internet access at home - %_HH - NOCHILDREN - URBAN,% of households,ITU Households Database,2019,Mexico,MEX,Location,No Children,Urban,64.68418100549044,,Instituto Nacional de Estadística y Geografía (INEGI),2026-07-05
8812,HHA4213-%_HH-CHILDREN-URBAN,HH06 - Households with Internet access at home - %_HH - CHILDREN - URBAN,% of households,ITU Households Database,2019,Mexico,MEX,Location,Children,Urban,66.15555723215107,,Instituto Nacional de Estadística y Geografía (INEGI),2026-07-05
8811,HHA4213-%_HH-CHILDREN-RURAL,HH06 - Households with Internet access at home - %_HH - CHILDREN - RURAL,% of households,ITU Households Database,2019,Mexico,MEX,Location,Children,Rural,27.721700111577373,,Instituto Nacional de Estadística y Geografía (INEGI),2026-07-06
8816,HHA4213-%_HH-NOCHILDREN-,HH06 - Households with Internet access at home - %_HH - NOCHILDREN,% of households,ITU Households Database,2019,Mexico,MEX,Family,No Children,,55.86076622303233,,Instituto Nacional de Estadística y Geografía (INEGI),2026-07-05
8817,HHA4213-%_HH-NOCHILDREN-RURAL,HH06 - Households with Internet access at home - %_HH - NOCHILDREN - RURAL,% of households,ITU Households Database,2019,Mexico,MEX,Location,No Children,Rural,19.650739513525007,,Instituto Nacional de Estadística y Geografía (INEGI),2026-07-05
8820,HHA4213-%_HH-URBAN-,HH06 - Households with Internet access at home - %_HH - URBAN,% of households,ITU Households Database,2019,Mexico,MEX,Location,Urban,,65.3639333076473,,Instituto Nacional de Estadística y Geografía (INEGI),2024-07-08
8810,HHA4213-%_HH-CHILDREN-,HH06 - Households with Internet access at home - %_HH - CHILDREN,% of households,ITU Households Database,2019,Mexico,MEX,Family,Children,,55.73819926645132,,Instituto Nacional de Estadística y Geografía (INEGI),2026-07-06
8820,HHA4213-%_HH-URBAN-,HH06 - Households with Internet access at home - %_HH - URBAN,% of households,ITU Households Database,2019,Malaysia,MYS,Location,Urban,,92.23435008307942,,"Department of Statistics, Malaysia",2026-07-05
8819,HHA4213-%_HH-RURAL-,HH06 - Households with Internet access at home - %_HH - RURAL,% of households,ITU Households Database,2019,Malaysia,MYS,Location,Rural,,81.47246389971944,,"Department of Statistics, Malaysia",2026-07-06
12047,xHH6_IDI,Estimated proportion of households with Internet access at home,% of households,ITU World Telecommunication Indicators Database,2019,Malaysia,MYS,,,,90.1044881585329,,Department of Statistics,2024-01-23
12047,xHH6_IDI,Estimated proportion of households with Internet access at home,% of households,ITU World Telecommunication Indicators Database,2019,Maldives,MDV,,,,92.4410834028262,"This figure represents If any of the household member has access to internet via adsl connection, fiber-optic cable connection, mobile router, dongle, mobile phone data","National Bureau of Statistics, Ministry of Finance & Treasury",2024-01-23
12047,xHH6_IDI,Estimated proportion of households with Internet access at home,% of households,ITU World Telecommunication Indicators Database,2019,Mali,MLI,,,,21.632492761197,,Institut National de la Statistique (INSTAT),2024-01-23
8820,HHA4213-%_HH-URBAN-,HH06 - Households with Internet access at home - %_HH - URBAN,% of households,ITU Households Database,2019,Mali,MLI,Location,Urban,,50.20817282631656,,Institut National de la Statistique (INSTAT),2026-07-05
8819,HHA4213-%_HH-RURAL-,HH06 - Households with Internet access at home - %_HH - RURAL,% of households,ITU Households Database,2019,Mali,MLI,Location,Rural,,10.328092620250594,,Institut National de la Statistique (INSTAT),2026-07-06
8818,HHA4213-%_HH-NOCHILDREN-URBAN,HH06 - Households with Internet access at home - %_HH - NOCHILDREN - URBAN,% of households,ITU Households Database,2019,Mali,MLI,Location,No Children,Urban,51.660308192337276,,Institut National de la Statistique (INSTAT),2026-07-05
8811,HHA4213-%_HH-CHILDREN-RURAL,HH06 - Households with Internet access at home - %_HH - CHILDREN - RURAL,% of households,ITU Households Database,2019,Mali,MLI,Location,Children,Rural,10.1924409044261,,Institut National de la Statistique (INSTAT),2024-07-08
8817,HHA4213-%_HH-NOCHILDREN-RURAL,HH06 - Households with Internet access at home - %_HH - NOCHILDREN - RURAL,% of households,ITU Households Database,2019,Mali,MLI,Location,No Children,Rural,12.025086288671668,,Institut National de la Statistique (INSTAT),2026-07-05
8812,HHA4213-%_HH-CHILDREN-URBAN,HH06 - Households with Internet access at home - %_HH - CHILDREN - URBAN,% of households,ITU Households Database,2019,Mali,MLI,Location,Children,Urban,50.018723556768286,,Institut National de la Statistique (INSTAT),2026-07-05
8816,HHA4213-%_HH-NOCHILDREN-,HH06 - Households with Internet access at home - %_HH - NOCHILDREN,% of households,ITU Households Database,2019,Mali,MLI,Family,No Children,,27.145469311076354,,Institut National de la Statistique (INSTAT),2026-07-05
8810,HHA4213-%_HH-CHILDREN-,HH06 - Households with Internet access at home - %_HH - CHILDREN,% of households,ITU Households Database,2019,Mali,MLI,Family,Children,,21.11540846184163,,Institut National de la Statistique (INSTAT),2026-07-06
8810,HHA4213-%_HH-CHILDREN-,HH06 - Households with Internet access at home - %_HH - CHILDREN,% of households,ITU Households Database,2019,Malta,MLT,Family,Children,,96.93629642960967,,National Statistics Office,2026-07-06
8817,HHA4213-%_HH-NOCHILDREN-RURAL,HH06 - Households with Internet access at home - %_HH - NOCHILDREN - RURAL,% of households,ITU Households Database,2019,Malta,MLT,Location,No Children,Rural,56.11298785337829,,National Statistics Office,2026-07-05
8811,HHA4213-%_HH-CHILDREN-RURAL,HH06 - Households with Internet access at home - %_HH - CHILDREN - RURAL,% of households,ITU Households Database,2019,Malta,MLT,Location,Children,Rural,100,,National Statistics Office,2024-07-08
8816,HHA4213-%_HH-NOCHILDREN-,HH06 - Households with Internet access at home - %_HH - NOCHILDREN,% of households,ITU Households Database,2019,Malta,MLT,Family,No Children,,83.40233919756005,,National Statistics Office,2026-07-07
8812,HHA4213-%_HH-CHILDREN-URBAN,HH06 - Households with Internet access at home - %_HH - CHILDREN - URBAN,% of households,ITU Households Database,2019,Malta,MLT,Location,Children,Urban,96.88550335827858,,National Statistics Office,2026-07-07
8819,HHA4213-%_HH-RURAL-,HH06 - Households with Internet access at home - %_HH - RURAL,% of households,ITU Households Database,2019,Malta,MLT,Location,Rural,,63.59052571743193,,National Statistics Office,2026-07-06
8820,HHA4213-%_HH-URBAN-,HH06 - Households with Internet access at home - %_HH - URBAN,% of households,ITU Households Database,2019,Malta,MLT,Location,Urban,,86.51400153878726,,National Statistics Office,2026-07-05
8818,HHA4213-%_HH-NOCHILDREN-URBAN,HH06 - Households with Internet access at home - %_HH - NOCHILDREN - URBAN,% of households,ITU Households Database,2019,Malta,MLT,Location,No Children,Urban,83.94748135431298,,National Statistics Office,2026-07-05
12047,xHH6_IDI,Estimated proportion of households with Internet access at home,% of households,ITU World Telecommunication Indicators Database,2019,Malta,MLT,,,,86.0795608053343,Only households with at least one individual between the ages of 16 and 74 are considered.,National Statistics Office,2024-01-23
12047,xHH6_IDI,Estimated proportion of households with Internet access at home,% of households,ITU World Telecommunication Indicators Database,2019,Mongolia,MNG,,,,46.7197889076215,Communication regulatory commission.,National Statistical Office of Mongolia,2024-01-23
8819,HHA4213-%_HH-RURAL-,HH06 - Households with Internet access at home - %_HH - RURAL,% of households,ITU Households Database,2019,Mongolia,MNG,Location,Rural,,25.266698197488047,Communication regulatory commission.,,2026-07-06
8820,HHA4213-%_HH-URBAN-,HH06 - Households with Internet access at home - %_HH - URBAN,% of households,ITU Households Database,2019,Mongolia,MNG,Location,Urban,,57.693979972564236,Communication regulatory commission.,,2026-07-05
12047,xHH6_IDI,Estimated proportion of households with Internet access at home,% of households,ITU World Telecommunication Indicators Database,2019,Mozambique,MOZ,,,,6.82884983812592,,ITU estimate,2021-11-29
12047,xHH6_IDI,Estimated proportion of households with Internet access at home,% of households,ITU World Telecommunication Indicators Database,2019,Morocco,MAR,,,,84.5200144295972,,Agence Nationale de Réglementation des Télécommunications,2024-01-23
12047,xHH6_IDI,Estimated proportion of households with Internet access at home,% of households,ITU World Telecommunication Indicators Database,2019,Mauritania,MRT,,,,26.1826637309044,,ITU estimate,2021-11-29
12047,xHH6_IDI,Estimated proportion of households with Internet access at home,% of households,ITU World Telecommunication Indicators Database,2019,Malawi,MWI,,,,9.9,,"National Statistical Office, Survey on Access and Use of ICT 2023",2024-05-23
12047,xHH6_IDI,Estimated proportion of households with Internet access at home,% of households,ITU World Telecommunication Indicators Database,2019,Nicaragua,NIC,,,,25.6784352643643,,ITU estimate,2021-11-29
12047,xHH6_IDI,Estimated proportion of households with Internet access at home,% of households,ITU World Telecommunication Indicators Database,2019,New Caledonia,NCL,,,,61.083765540176,,Institut de la Statistique et des Etudes économiques,2024-01-23
12047,xHH6_IDI,Estimated proportion of households with Internet access at home,% of households,ITU World Telecommunication Indicators Database,2019,Niger,NER,,,,11.0419071841651,,ITU estimate,2021-11-29
12047,xHH6_IDI,Estimated proportion of households with Internet access at home,% of households,ITU World Telecommunication Indicators Database,2019,Nigeria,NGA,,,,19.6505095289937,,ITU estimate,2021-11-29
12047,xHH6_IDI,Estimated proportion of households with Internet access at home,% of households,ITU World Telecommunication Indicators Database,2019,Namibia,NAM,,,,29.1345883773277,,ITU estimate,2021-11-29
12047,xHH6_IDI,Estimated proportion of households with Internet access at home,% of households,ITU World Telecommunication Indicators Database,2019,Norway,NOR,,,,98.0000071608936,,Statistics Norway,2024-01-23
12047,xHH6_IDI,Estimated proportion of households with Internet access at home,% of households,ITU World Telecommunication Indicators Database,2019,Nepal (Republic of),NPL,,,,26.6777017943348,,ITU estimate,2021-11-29
12047,xHH6_IDI,Estimated proportion of households with Internet access at home,% of households,ITU World Telecommunication Indicators Database,2019,Nauru,NRU,,,,82.4232731987745,,ITU estimate,2021-11-29
12047,xHH6_IDI,Estimated proportion of households with Internet access at home,% of households,ITU World Telecommunication Indicators Database,2019,New Zealand,NZL,,,,89.0912024121512,,ITU estimate,2021-11-29
12047,xHH6_IDI,Estimated proportion of households with Internet access at home,% of households,ITU World Telecommunication Indicators Database,2019,Oman,OMN,,,,94.4052185421738,,ITU estimate,2021-11-29
12047,xHH6_IDI,Estimated proportion of households with Internet access at home,% of households,ITU World Telecommunication Indicators Database,2019,Pakistan,PAK,,,,34.1344003561995,"Percentage of households with Internet Access through Wired, Wireless or Mobile Company Connections",Pakistan Bureau of Statistics,2024-01-23
12047,xHH6_IDI,Estimated proportion of households with Internet access at home,% of households,ITU World Telecommunication Indicators Database,2019,Philippines,PHL,,,,17.6528747106283,,"Office of the National Statistician, Philippine Statistics Authority",2024-01-23
12047,xHH6_IDI,Estimated proportion of households with Internet access at home,% of households,ITU World Telecommunication Indicators Database,2019,Panama,PAN,,,,70.7181756238383,,Instituto Nacional de Estadística y Censo,2024-01-23
12047,xHH6_IDI,Estimated proportion of households with Internet access at home,% of households,ITU World Telecommunication Indicators Database,2019,Poland,POL,,,,86.7499982192985,,Statistics Poland,2024-01-23
8820,HHA4213-%_HH-URBAN-,HH06 - Households with Internet access at home - %_HH - URBAN,% of households,ITU Households Database,2019,Poland,POL,Location,Urban,,87.82553096801652,,Statistics Poland,2026-07-05
8810,HHA4213-%_HH-CHILDREN-,HH06 - Households with Internet access at home - %_HH - CHILDREN,% of households,ITU Households Database,2019,Poland,POL,Family,Children,,99.34051039693176,,Statistics Poland,2026-07-06
8816,HHA4213-%_HH-NOCHILDREN-,HH06 - Households with Internet access at home - %_HH - NOCHILDREN,% of households,ITU Households Database,2019,Poland,POL,Family,No Children,,80.43948512580391,,Statistics Poland,2026-07-06
8819,HHA4213-%_HH-RURAL-,HH06 - Households with Internet access at home - %_HH - RURAL,% of households,ITU Households Database,2019,Poland,POL,Location,Rural,,84.55892788823019,,Statistics Poland,2026-07-06
8810,HHA4213-%_HH-CHILDREN-,HH06 - Households with Internet access at home - %_HH - CHILDREN,% of households,ITU Households Database,2019,Portugal,PRT,Family,Children,,96.17074058101917,,Statistics Portugal,2026-07-06
8811,HHA4213-%_HH-CHILDREN-RURAL,HH06 - Households with Internet access at home - %_HH - CHILDREN - RURAL,% of households,ITU Households Database,2019,Portugal,PRT,Location,Children,Rural,95.97821875941631,"Due to the lack of definition for Urban/Rural breakdown, a standard used by our Census Unit was  considered (urban: places with 2000 or more inhabitants; rural: places with less than 2000 inhabitants)",Statistics Portugal,2026-07-06
8816,HHA4213-%_HH-NOCHILDREN-,HH06 - Households with Internet access at home - %_HH - NOCHILDREN,% of households,ITU Households Database,2019,Portugal,PRT,Family,No Children,,77.26680321499182,,Statistics Portugal,2026-07-05
8817,HHA4213-%_HH-NOCHILDREN-RURAL,HH06 - Households with Internet access at home - %_HH - NOCHILDREN - RURAL,% of households,ITU Households Database,2019,Portugal,PRT,Location,No Children,Rural,66.35788774085236,"Due to the lack of definition for Urban/Rural breakdown, a standard used by our Census Unit was  considered (urban: places with 2000 or more inhabitants; rural: places with less than 2000 inhabitants)",Statistics Portugal,2026-07-05
8812,HHA4213-%_HH-CHILDREN-URBAN,HH06 - Households with Internet access at home - %_HH - CHILDREN - URBAN,% of households,ITU Households Database,2019,Portugal,PRT,Location,Children,Urban,96.26399931606396,"Due to the lack of definition for Urban/Rural breakdown, a standard used by our Census Unit was  considered (urban: places with 2000 or more inhabitants; rural: places with less than 2000 inhabitants)",Statistics Portugal,2026-07-05
8819,HHA4213-%_HH-RURAL-,HH06 - Households with Internet access at home - %_HH - RURAL,% of households,ITU Households Database,2019,Portugal,PRT,Location,Rural,,71.76115108817534,"Due to the lack of definition for Urban/Rural breakdown, a standard used by our Census Unit was  considered (urban: places with 2000 or more inhabitants; rural: places with less than 2000 inhabitants)",Statistics Portugal,2026-07-06
8820,HHA4213-%_HH-URBAN-,HH06 - Households with Internet access at home - %_HH - URBAN,% of households,ITU Households Database,2019,Portugal,PRT,Location,Urban,,85.82529013224244,"Due to the lack of definition for Urban/Rural breakdown, a standard used by our Census Unit was  considered (urban: places with 2000 or more inhabitants; rural: places with less than 2000 inhabitants)",Statistics Portugal,2026-07-05
8818,HHA4213-%_HH-NOCHILDREN-URBAN,HH06 - Households with Internet access at home - %_HH - NOCHILDREN - URBAN,% of households,ITU Households Database,2019,Portugal,PRT,Location,No Children,Urban,83.2071276942363,"Due to the lack of definition for Urban/Rural breakdown, a standard used by our Census Unit was  considered (urban: places with 2000 or more inhabitants; rural: places with less than 2000 inhabitants)",Statistics Portugal,2024-07-08
12047,xHH6_IDI,Estimated proportion of households with Internet access at home,% of households,ITU World Telecommunication Indicators Database,2019,Portugal,PRT,,,,80.938541559805,,Instituto Nacional de Estatistica,2024-01-23
12047,xHH6_IDI,Estimated proportion of households with Internet access at home,% of households,ITU World Telecommunication Indicators Database,2019,Paraguay,PRY,,,,28.2693310668547,,"Direccion General de Estadistica, Encuestas y Censos",2024-01-23
8812,HHA4213-%_HH-CHILDREN-URBAN,HH06 - Households with Internet access at home - %_HH - CHILDREN - URBAN,% of households,ITU Households Database,2019,Paraguay,PRY,Location,Children,Urban,32.755268274738555,,"Dirección General de Estadística, Encuestas y Censos (DGEEC)",2026-07-05
8810,HHA4213-%_HH-CHILDREN-,HH06 - Households with Internet access at home - %_HH - CHILDREN,% of households,ITU Households Database,2019,Paraguay,PRY,Family,Children,,21.668104687949384,,"Dirección General de Estadística, Encuestas y Censos (DGEEC)",2026-07-06
8819,HHA4213-%_HH-RURAL-,HH06 - Households with Internet access at home - %_HH - RURAL,% of households,ITU Households Database,2019,Paraguay,PRY,Location,Rural,,8.73738159441333,,"Dirección General de Estadística, Encuestas y Censos (DGEEC)",2024-07-08
8820,HHA4213-%_HH-URBAN-,HH06 - Households with Internet access at home - %_HH - URBAN,% of households,ITU Households Database,2019,Paraguay,PRY,Location,Urban,,39.86403981324714,,"Dirección General de Estadística, Encuestas y Censos (DGEEC)",2026-07-05
8818,HHA4213-%_HH-NOCHILDREN-URBAN,HH06 - Households with Internet access at home - %_HH - NOCHILDREN - URBAN,% of households,ITU Households Database,2019,Paraguay,PRY,Location,No Children,Urban,49.917013476020614,,"Dirección General de Estadística, Encuestas y Censos (DGEEC)",2026-07-05
8817,HHA4213-%_HH-NOCHILDREN-RURAL,HH06 - Households with Internet access at home - %_HH - NOCHILDREN - RURAL,% of households,ITU Households Database,2019,Paraguay,PRY,Location,No Children,Rural,16.124825973046384,,"Dirección General de Estadística, Encuestas y Censos (DGEEC)",2026-07-04
8811,HHA4213-%_HH-CHILDREN-RURAL,HH06 - Households with Internet access at home - %_HH - CHILDREN - RURAL,% of households,ITU Households Database,2019,Paraguay,PRY,Location,Children,Rural,4.599522226791706,,"Dirección General de Estadística, Encuestas y Censos (DGEEC)",2026-07-06
8816,HHA4213-%_HH-NOCHILDREN-,HH06 - Households with Internet access at home - %_HH - NOCHILDREN,% of households,ITU Households Database,2019,Paraguay,PRY,Family,No Children,,38.43693050858777,,"Dirección General de Estadística, Encuestas y Censos (DGEEC)",2026-07-05
8811,HHA4213-%_HH-CHILDREN-RURAL,HH06 - Households with Internet access at home - %_HH - CHILDREN - RURAL,% of households,ITU Households Database,2019,Peru,PER,Location,Children,Rural,5.622813016968437,,Instituto Nacional de Estadística e Informática - INEI,2026-07-06
8817,HHA4213-%_HH-NOCHILDREN-RURAL,HH06 - Households with Internet access at home - %_HH - NOCHILDREN - RURAL,% of households,ITU Households Database,2019,Peru,PER,Location,No Children,Rural,3.650266243479012,,Instituto Nacional de Estadística e Informática - INEI,2026-07-05
8816,HHA4213-%_HH-NOCHILDREN-,HH06 - Households with Internet access at home - %_HH - NOCHILDREN,% of households,ITU Households Database,2019,Peru,PER,Family,No Children,,35.78426043413391,,Instituto Nacional de Estadística e Informática - INEI,2026-07-05
8819,HHA4213-%_HH-RURAL-,HH06 - Households with Internet access at home - %_HH - RURAL,% of households,ITU Households Database,2019,Peru,PER,Location,Rural,,4.637810467984687,,Instituto Nacional de Estadística e Informática - INEI,2026-07-06
8810,HHA4213-%_HH-CHILDREN-,HH06 - Households with Internet access at home - %_HH - CHILDREN,% of households,ITU Households Database,2019,Peru,PER,Family,Children,,35.947555553749055,,Instituto Nacional de Estadística e Informática - INEI,2026-07-06
8818,HHA4213-%_HH-NOCHILDREN-URBAN,HH06 - Households with Internet access at home - %_HH - NOCHILDREN - URBAN,% of households,ITU Households Database,2019,Peru,PER,Location,No Children,Urban,45.15644597323343,,Instituto Nacional de Estadística e Informática - INEI,2026-07-05
8812,HHA4213-%_HH-CHILDREN-URBAN,HH06 - Households with Internet access at home - %_HH - CHILDREN - URBAN,% of households,ITU Households Database,2019,Peru,PER,Location,Children,Urban,44.825799281729445,,Instituto Nacional de Estadística e Informática - INEI,2026-07-06
8820,HHA4213-%_HH-URBAN-,HH06 - Households with Internet access at home - %_HH - URBAN,% of households,ITU Households Database,2019,Peru,PER,Location,Urban,,44.991224376093676,,Instituto Nacional de Estadística e Informática - INEI,2026-07-05
12047,xHH6_IDI,Estimated proportion of households with Internet access at home,% of households,ITU World Telecommunication Indicators Database,2019,Peru,PER,,,,35.8658887897793,,Instituto Nacional de Estadistica e Informatica,2024-01-23
12047,xHH6_IDI,Estimated proportion of households with Internet access at home,% of households,ITU World Telecommunication Indicators Database,2019,Puerto Rico,PRI,,,,69.4986771786415,,Puerto Rico Institute of Statistics,2024-01-23
12047,xHH6_IDI,Estimated proportion of households with Internet access at home,% of households,ITU World Telecommunication Indicators Database,2019,Qatar,QAT,,,,93.5643674232168,,Ministry of Transport and Communications,2024-01-23
8810,HHA4213-%_HH-CHILDREN-,HH06 - Households with Internet access at home - %_HH - CHILDREN,% of households,ITU Households Database,2019,Qatar,QAT,Family,Children,,97.82630512012524,,Ministry of Transport and Communications,2026-07-06
8812,HHA4213-%_HH-CHILDREN-URBAN,HH06 - Households with Internet access at home - %_HH - CHILDREN - URBAN,% of households,ITU Households Database,2019,Qatar,QAT,Location,Children,Urban,97.82630512012524,,Ministry of Transport and Communications,2026-07-05
8820,HHA4213-%_HH-URBAN-,HH06 - Households with Internet access at home - %_HH - URBAN,% of households,ITU Households Database,2019,Qatar,QAT,Location,Urban,,93.56443865626895,,Ministry of Transport and Communications,2026-07-05
8818,HHA4213-%_HH-NOCHILDREN-URBAN,HH06 - Households with Internet access at home - %_HH - NOCHILDREN - URBAN,% of households,ITU Households Database,2019,Qatar,QAT,Location,No Children,Urban,90.18395141326585,,Ministry of Transport and Communications,2026-07-05
8816,HHA4213-%_HH-NOCHILDREN-,HH06 - Households with Internet access at home - %_HH - NOCHILDREN,% of households,ITU Households Database,2019,Qatar,QAT,Family,No Children,,90.18395141326585,,Ministry of Transport and Communications,2026-07-05
8820,HHA4213-%_HH-URBAN-,HH06 - Households with Internet access at home - %_HH - URBAN,% of households,ITU Households Database,2019,Romania,ROU,Location,Urban,,88.74920142841933,Number of households with at least one member aged 16-74,National Institute of Statistics,2026-07-05
8811,HHA4213-%_HH-CHILDREN-RURAL,HH06 - Households with Internet access at home - %_HH - CHILDREN - RURAL,% of households,ITU Households Database,2019,Romania,ROU,Location,Children,Rural,91.31337082510873,Number of households which have children under 16,National Institute of Statistics,2026-07-06
8810,HHA4213-%_HH-CHILDREN-,HH06 - Households with Internet access at home - %_HH - CHILDREN,% of households,ITU Households Database,2019,Romania,ROU,Family,Children,,94.34897141469098,Number of households which have children under 16,National Institute of Statistics,2026-07-06
8818,HHA4213-%_HH-NOCHILDREN-URBAN,HH06 - Households with Internet access at home - %_HH - NOCHILDREN - URBAN,% of households,ITU Households Database,2019,Romania,ROU,Location,No Children,Urban,85.33755737816254,Number of households which does not have children under 16,National Institute of Statistics,2026-07-05
8819,HHA4213-%_HH-RURAL-,HH06 - Households with Internet access at home - %_HH - RURAL,% of households,ITU Households Database,2019,Romania,ROU,Location,Rural,,76.50323236725502,Number of households with at least one member aged 16-74,National Institute of Statistics,2026-07-06
8816,HHA4213-%_HH-NOCHILDREN-,HH06 - Households with Internet access at home - %_HH - NOCHILDREN,% of households,ITU Households Database,2019,Romania,ROU,Family,No Children,,78.67483809630018,Number of households which does not have children under 16,National Institute of Statistics,2026-07-05
8812,HHA4213-%_HH-CHILDREN-URBAN,HH06 - Households with Internet access at home - %_HH - CHILDREN - URBAN,% of households,ITU Households Database,2019,Romania,ROU,Location,Children,Urban,96.89267667244891,Number of households which have children under 16,National Institute of Statistics,2026-07-05
8817,HHA4213-%_HH-NOCHILDREN-RURAL,HH06 - Households with Internet access at home - %_HH - NOCHILDREN - RURAL,% of households,ITU Households Database,2019,Romania,ROU,Location,No Children,Rural,68.78845067750794,Number of households which does not have children under 16,National Institute of Statistics,2026-07-05
12047,xHH6_IDI,Estimated proportion of households with Internet access at home,% of households,ITU World Telecommunication Indicators Database,2019,Romania,ROU,,,,83.6132224694362,Number of households with at least one member aged 16-74,National Institute of Statistics,2024-01-23
12047,xHH6_IDI,Estimated proportion of households with Internet access at home,% of households,ITU World Telecommunication Indicators Database,2019,Rwanda,RWA,,,,15.8710124347498,,ITU estimate,2021-11-29
12047,xHH6_IDI,Estimated proportion of households with Internet access at home,% of households,ITU World Telecommunication Indicators Database,2019,Russian Federation,RUS,,,,76.9137768021028,,Federal State Statistics Service of the Russian Federation,2024-01-23
8819,HHA4213-%_HH-RURAL-,HH06 - Households with Internet access at home - %_HH - RURAL,% of households,ITU Households Database,2019,Russian Federation,RUS,Location,Rural,,67.72727572343942,,Federal State Statistics Service (Rosstat) ,2026-07-06
8820,HHA4213-%_HH-URBAN-,HH06 - Households with Internet access at home - %_HH - URBAN,% of households,ITU Households Database,2019,Russian Federation,RUS,Location,Urban,,79.90573043510915,,Federal State Statistics Service (Rosstat) ,2026-07-05
12047,xHH6_IDI,Estimated proportion of households with Internet access at home,% of households,ITU World Telecommunication Indicators Database,2019,Sweden,SWE,,,,96.0608548880069,households refer to agegroups 16-74 as reported to Eurostat,Statistics Sweden,2024-01-23
12047,xHH6_IDI,Estimated proportion of households with Internet access at home,% of households,ITU World Telecommunication Indicators Database,2019,Sudan,SDN,,,,14.4032306492028,,ITU estimate,2021-11-29
12047,xHH6_IDI,Estimated proportion of households with Internet access at home,% of households,ITU World Telecommunication Indicators Database,2019,Senegal,SEN,,,,9.1,,DHS.,2021-06-29
12047,xHH6_IDI,Estimated proportion of households with Internet access at home,% of households,ITU World Telecommunication Indicators Database,2019,Seychelles,SYC,,,,72.9787724829185,,ITU estimate,2021-11-29
12047,xHH6_IDI,Estimated proportion of households with Internet access at home,% of households,ITU World Telecommunication Indicators Database,2019,El Salvador,SLV,,,,23.5002811408645,,Direccion General de Estadistica y Censos,2024-01-23
8811,HHA4213-%_HH-CHILDREN-RURAL,HH06 - Households with Internet access at home - %_HH - CHILDREN - RURAL,% of households,ITU Households Database,2019,El Salvador,SLV,Location,Children,Rural,4.474726107095427,,Dirección General de Estadística y Censos. (DIGESTYC),2026-07-06
8818,HHA4213-%_HH-NOCHILDREN-URBAN,HH06 - Households with Internet access at home - %_HH - NOCHILDREN - URBAN,% of households,ITU Households Database,2019,El Salvador,SLV,Location,No Children,Urban,35.0952026265346,,Dirección General de Estadística y Censos. (DIGESTYC),2024-07-08
8816,HHA4213-%_HH-NOCHILDREN-,HH06 - Households with Internet access at home - %_HH - NOCHILDREN,% of households,ITU Households Database,2019,El Salvador,SLV,Family,No Children,,24.82905251585536,,Dirección General de Estadística y Censos. (DIGESTYC),2026-07-05
8812,HHA4213-%_HH-CHILDREN-URBAN,HH06 - Households with Internet access at home - %_HH - CHILDREN - URBAN,% of households,ITU Households Database,2019,El Salvador,SLV,Location,Children,Urban,34.59028066219664,,Dirección General de Estadística y Censos. (DIGESTYC),2026-07-05
8820,HHA4213-%_HH-URBAN-,HH06 - Households with Internet access at home - %_HH - URBAN,% of households,ITU Households Database,2019,El Salvador,SLV,Location,Urban,,34.858337679221854,,Dirección General de Estadística y Censos. (DIGESTYC),2026-07-05
8819,HHA4213-%_HH-RURAL-,HH06 - Households with Internet access at home - %_HH - RURAL,% of households,ITU Households Database,2019,El Salvador,SLV,Location,Rural,,4.152877895990483,,Dirección General de Estadística y Censos. (DIGESTYC),2026-07-06
8817,HHA4213-%_HH-NOCHILDREN-RURAL,HH06 - Households with Internet access at home - %_HH - NOCHILDREN - RURAL,% of households,ITU Households Database,2019,El Salvador,SLV,Location,No Children,Rural,3.743752494251344,,Dirección General de Estadística y Censos. (DIGESTYC),2026-07-04
8810,HHA4213-%_HH-CHILDREN-,HH06 - Households with Internet access at home - %_HH - CHILDREN,% of households,ITU Households Database,2019,El Salvador,SLV,Family,Children,,22.18536555326912,,Dirección General de Estadística y Censos. (DIGESTYC),2026-07-06
12047,xHH6_IDI,Estimated proportion of households with Internet access at home,% of households,ITU World Telecommunication Indicators Database,2019,San Marino,SMR,,,,76.1483303086928,,ITU estimate,2021-11-29
12047,xHH6_IDI,Estimated proportion of households with Internet access at home,% of households,ITU World Telecommunication Indicators Database,2019,Singapore,SGP,,,,98.4330094429999,,Infocomm Media Development Authority ,2024-01-23
12047,xHH6_IDI,Estimated proportion of households with Internet access at home,% of households,ITU World Telecommunication Indicators Database,2019,Sierra Leone,SLE,,,,22.4227008311422,,ITU estimate,2021-11-29
12047,xHH6_IDI,Estimated proportion of households with Internet access at home,% of households,ITU World Telecommunication Indicators Database,2019,Switzerland,CHE,,,,91.5518582721354,,Swiss Federal Statistical Office,2024-01-23
8811,HHA4213-%_HH-CHILDREN-RURAL,HH06 - Households with Internet access at home - %_HH - CHILDREN - RURAL,% of households,ITU Households Database,2019,Switzerland,CHE,Location,Children,Rural,95.7457615677842,,Office fédéral de la statistique,2024-07-08
8810,HHA4213-%_HH-CHILDREN-,HH06 - Households with Internet access at home - %_HH - CHILDREN,% of households,ITU Households Database,2019,Switzerland,CHE,Family,Children,,97.15285452154421,,Office fédéral de la statistique,2026-07-06
8816,HHA4213-%_HH-NOCHILDREN-,HH06 - Households with Internet access at home - %_HH - NOCHILDREN,% of households,ITU Households Database,2019,Switzerland,CHE,Family,No Children,,90.16345717535917,,Office fédéral de la statistique,2026-07-05
8818,HHA4213-%_HH-NOCHILDREN-URBAN,HH06 - Households with Internet access at home - %_HH - NOCHILDREN - URBAN,% of households,ITU Households Database,2019,Switzerland,CHE,Location,No Children,Urban,90.553391611604,,Office fédéral de la statistique,2024-07-08
8819,HHA4213-%_HH-RURAL-,HH06 - Households with Internet access at home - %_HH - RURAL,% of households,ITU Households Database,2019,Switzerland,CHE,Location,Rural,,90.46886090417297,,Office fédéral de la statistique,2026-07-06
8817,HHA4213-%_HH-NOCHILDREN-RURAL,HH06 - Households with Internet access at home - %_HH - NOCHILDREN - RURAL,% of households,ITU Households Database,2019,Switzerland,CHE,Location,No Children,Rural,89.09091020268046,,Office fédéral de la statistique,2026-07-05
8812,HHA4213-%_HH-CHILDREN-URBAN,HH06 - Households with Internet access at home - %_HH - CHILDREN - URBAN,% of households,ITU Households Database,2019,Switzerland,CHE,Location,Children,Urban,97.70246684126836,,Office fédéral de la statistique,2026-07-05
8820,HHA4213-%_HH-URBAN-,HH06 - Households with Internet access at home - %_HH - URBAN,% of households,ITU Households Database,2019,Switzerland,CHE,Location,Urban,,91.95135232862968,,Office fédéral de la statistique,2026-07-05
12047,xHH6_IDI,Estimated proportion of households with Internet access at home,% of households,ITU World Telecommunication Indicators Database,2019,Suriname,SUR,,,,54.8625567391371,"This data regards internet access via computer and other devices (phone, tablets, etc)",General Bureau of Statistics,2024-01-23
12047,xHH6_IDI,Estimated proportion of households with Internet access at home,% of households,ITU World Telecommunication Indicators Database,2019,Slovenia,SVN,,,,88.9611231779689,"Households, with at least one member aged 16 to 74 years.",Statistical Office of the Republic of Slovenia,2024-01-23
8810,HHA4213-%_HH-CHILDREN-,HH06 - Households with Internet access at home - %_HH - CHILDREN,% of households,ITU Households Database,2019,Slovenia,SVN,Family,Children,,98.25334663549593,"Households, with at least one member aged 16 to 74 years.",Statistical Office of the Republic of Slovenia ,2026-07-06
8816,HHA4213-%_HH-NOCHILDREN-,HH06 - Households with Internet access at home - %_HH - NOCHILDREN,% of households,ITU Households Database,2019,Slovenia,SVN,Family,No Children,,85.43563166874442,"Households, with at least one member aged 16 to 74 years.",Statistical Office of the Republic of Slovenia ,2026-07-05
12047,xHH6_IDI,Estimated proportion of households with Internet access at home,% of households,ITU World Telecommunication Indicators Database,2019,Chad,TCD,,,,6.89147659531474,,ITU estimate,2021-11-29
12047,xHH6_IDI,Estimated proportion of households with Internet access at home,% of households,ITU World Telecommunication Indicators Database,2019,Czech Republic,CZE,,,,81.1271244582326,,Czech Statistical Office,2024-01-23
8819,HHA4213-%_HH-RURAL-,HH06 - Households with Internet access at home - %_HH - RURAL,% of households,ITU Households Database,2019,Czech Republic,CZE,Location,Rural,,78.73464529194429,,Czech Statistical Office,2026-07-06
8812,HHA4213-%_HH-CHILDREN-URBAN,HH06 - Households with Internet access at home - %_HH - CHILDREN - URBAN,% of households,ITU Households Database,2019,Czech Republic,CZE,Location,Children,Urban,96.88506176969503,,Czech Statistical Office,2026-07-06
8817,HHA4213-%_HH-NOCHILDREN-RURAL,HH06 - Households with Internet access at home - %_HH - NOCHILDREN - RURAL,% of households,ITU Households Database,2019,Czech Republic,CZE,Location,No Children,Rural,72.04323697935581,,Czech Statistical Office,2026-07-05
8811,HHA4213-%_HH-CHILDREN-RURAL,HH06 - Households with Internet access at home - %_HH - CHILDREN - RURAL,% of households,ITU Households Database,2019,Czech Republic,CZE,Location,Children,Rural,97.84470035292989,,Czech Statistical Office,2026-07-06
8820,HHA4213-%_HH-URBAN-,HH06 - Households with Internet access at home - %_HH - URBAN,% of households,ITU Households Database,2019,Czech Republic,CZE,Location,Urban,,82.50145277177488,,Czech Statistical Office,2026-07-05
8818,HHA4213-%_HH-NOCHILDREN-URBAN,HH06 - Households with Internet access at home - %_HH - NOCHILDREN - URBAN,% of households,ITU Households Database,2019,Czech Republic,CZE,Location,No Children,Urban,77.17540391075755,,Czech Statistical Office,2026-07-05
8810,HHA4213-%_HH-CHILDREN-,HH06 - Households with Internet access at home - %_HH - CHILDREN,% of households,ITU Households Database,2019,Czech Republic,CZE,Family,Children,,97.22599991696133,,Czech Statistical Office,2026-07-06
8816,HHA4213-%_HH-NOCHILDREN-,HH06 - Households with Internet access at home - %_HH - NOCHILDREN,% of households,ITU Households Database,2019,Czech Republic,CZE,Family,No Children,,75.28531268092915,,Czech Statistical Office,2026-07-05
8816,HHA4213-%_HH-NOCHILDREN-,HH06 - Households with Internet access at home - %_HH - NOCHILDREN,% of households,ITU Households Database,2019,Thailand,THA,Family,No Children,,68.4982246817007,,National Statistical Office of Thailand,2024-07-08
8819,HHA4213-%_HH-RURAL-,HH06 - Households with Internet access at home - %_HH - RURAL,% of households,ITU Households Database,2019,Thailand,THA,Location,Rural,,68.96577462661982,,National Statistical Office of Thailand,2026-07-06
8810,HHA4213-%_HH-CHILDREN-,HH06 - Households with Internet access at home - %_HH - CHILDREN,% of households,ITU Households Database,2019,Thailand,THA,Family,Children,,87.40316206659772,,National Statistical Office of Thailand,2026-07-06
8820,HHA4213-%_HH-URBAN-,HH06 - Households with Internet access at home - %_HH - URBAN,% of households,ITU Households Database,2019,Thailand,THA,Location,Urban,,80.93896401504782,,National Statistical Office of Thailand,2026-07-05
8818,HHA4213-%_HH-NOCHILDREN-URBAN,HH06 - Households with Internet access at home - %_HH - NOCHILDREN - URBAN,% of households,ITU Households Database,2019,Thailand,THA,Location,No Children,Urban,77.15114716818294,,National Statistical Office of Thailand,2026-07-05
8812,HHA4213-%_HH-CHILDREN-URBAN,HH06 - Households with Internet access at home - %_HH - CHILDREN - URBAN,% of households,ITU Households Database,2019,Thailand,THA,Location,Children,Urban,91.6403331301444,,National Statistical Office of Thailand,2024-07-08
8811,HHA4213-%_HH-CHILDREN-RURAL,HH06 - Households with Internet access at home - %_HH - CHILDREN - RURAL,% of households,ITU Households Database,2019,Thailand,THA,Location,Children,Rural,84.79575093834212,,National Statistical Office of Thailand,2026-07-06
8817,HHA4213-%_HH-NOCHILDREN-RURAL,HH06 - Households with Internet access at home - %_HH - NOCHILDREN - RURAL,% of households,ITU Households Database,2019,Thailand,THA,Location,No Children,Rural,59.55596593823741,,National Statistical Office of Thailand,2026-07-05
12047,xHH6_IDI,Estimated proportion of households with Internet access at home,% of households,ITU World Telecommunication Indicators Database,2019,Thailand,THA,,,,74.5620167790755,,National Statistical Office,2024-01-23
12047,xHH6_IDI,Estimated proportion of households with Internet access at home,% of households,ITU World Telecommunication Indicators Database,2019,Trinidad and Tobago,TTO,,,,84.7587655907743,,ITU estimate,2021-11-29
12047,xHH6_IDI,Estimated proportion of households with Internet access at home,% of households,ITU World Telecommunication Indicators Database,2019,Tunisia,TUN,,,,51.4703360958129,,Institut National de la Statistique,2024-01-23
12047,xHH6_IDI,Estimated proportion of households with Internet access at home,% of households,ITU World Telecommunication Indicators Database,2019,Türkiye,TUR,,,,88.2893637788641,,Turkish Statistical Institute,2024-01-23
12047,xHH6_IDI,Estimated proportion of households with Internet access at home,% of households,ITU World Telecommunication Indicators Database,2019,Tuvalu,TUV,,,,65.0426965340325,,ITU estimate,2021-11-29
12047,xHH6_IDI,Estimated proportion of households with Internet access at home,% of households,ITU World Telecommunication Indicators Database,2019,Tanzania,TZA,,,,11.0667016499428,,ITU estimate,2021-11-29
12047,xHH6_IDI,Estimated proportion of households with Internet access at home,% of households,ITU World Telecommunication Indicators Database,2019,United Arab Emirates,ARE,,,,99.099971714052,,Telecommunications Regulatory Authority ,2024-01-23
12047,xHH6_IDI,Estimated proportion of households with Internet access at home,% of households,ITU World Telecommunication Indicators Database,2019,Uganda,UGA,,,,11.0667016499428,,ITU estimate,2021-11-29
12047,xHH6_IDI,Estimated proportion of households with Internet access at home,% of households,ITU World Telecommunication Indicators Database,2019,Ukraine,UKR,,,,65.7804482685701,,State Statistics Service of Ukraine,2024-01-23
12047,xHH6_IDI,Estimated proportion of households with Internet access at home,% of households,ITU World Telecommunication Indicators Database,2019,Uruguay,URY,,,,69.3309131124681,,Instituto Nacional de Estadistica,2024-01-23
8816,HHA4213-%_HH-NOCHILDREN-,HH06 - Households with Internet access at home - %_HH - NOCHILDREN,% of households,ITU Households Database,2019,Uruguay,URY,Family,No Children,,69.10316008628845,,Instituto Nacional de Estadística,2026-07-06
8810,HHA4213-%_HH-CHILDREN-,HH06 - Households with Internet access at home - %_HH - CHILDREN,% of households,ITU Households Database,2019,Uruguay,URY,Family,Children,,69.75341550528428,,Instituto Nacional de Estadística,2026-07-06
12047,xHH6_IDI,Estimated proportion of households with Internet access at home,% of households,ITU World Telecommunication Indicators Database,2019,United States,USA,,,,86.6123778501629,Households with Internet subscription. Does not include access without subscription.  Includes dial-up internet.  ##,US Census Bureau,2024-01-23
12047,xHH6_IDI,Estimated proportion of households with Internet access at home,% of households,ITU World Telecommunication Indicators Database,2019,Uzbekistan,UZB,,,,81.149999584722,,State Committee of the Republic of Uzbekistan on Statistics ,2024-01-23
12047,xHH6_IDI,Estimated proportion of households with Internet access at home,% of households,ITU World Telecommunication Indicators Database,2019,Viet Nam,VNM,,,,71.3202084108671,,Ministry of Information and Communications,2024-01-23
12047,xHH6_IDI,Estimated proportion of households with Internet access at home,% of households,ITU World Telecommunication Indicators Database,2019,Yemen,YEM,,,,9.28482297092988,,ITU estimate,2021-11-29
12047,xHH6_IDI,Estimated proportion of households with Internet access at home,% of households,ITU World Telecommunication Indicators Database,2019,Serbia,SRB,,,,80.1381393566421,,Statistical Office of the Republic of Serbia,2024-01-23
12047,xHH6_IDI,Estimated proportion of households with Internet access at home,% of households,ITU World Telecommunication Indicators Database,2019,Zimbabwe,ZWE,,,,34.876117739204,,ITU estimate,2021-11-29
12047,xHH6_IDI,Estimated proportion of households with Internet access at home,% of households,ITU World Telecommunication Indicators Database,2019,Moldova,MDA,,,,60.7571643857113,"Based on the estimation of the indicators was used the number of population with usual residence. Starting with 2019, the data are not comparable to the previous period, as the HBS methodology was modified.",National Bureau of Statistics of the Republic of Moldova,2024-01-23
8810,HHA4213-%_HH-CHILDREN-,HH06 - Households with Internet access at home - %_HH - CHILDREN,% of households,ITU Households Database,2019,Moldova,MDA,Family,Children,,85.18306966131283,,National Bureau of Statistics of the Republic of Moldova,2026-07-06
8817,HHA4213-%_HH-NOCHILDREN-RURAL,HH06 - Households with Internet access at home - %_HH - NOCHILDREN - RURAL,% of households,ITU Households Database,2019,Moldova,MDA,Location,No Children,Rural,42.5115762640491,,National Bureau of Statistics of the Republic of Moldova,2024-07-08
8819,HHA4213-%_HH-RURAL-,HH06 - Households with Internet access at home - %_HH - RURAL,% of households,ITU Households Database,2019,Moldova,MDA,Location,Rural,,51.33257596709656,,National Bureau of Statistics of the Republic of Moldova,2026-07-06
8820,HHA4213-%_HH-URBAN-,HH06 - Households with Internet access at home - %_HH - URBAN,% of households,ITU Households Database,2019,Moldova,MDA,Location,Urban,,74.81021335905352,,National Bureau of Statistics of the Republic of Moldova,2026-07-05
8818,HHA4213-%_HH-NOCHILDREN-URBAN,HH06 - Households with Internet access at home - %_HH - NOCHILDREN - URBAN,% of households,ITU Households Database,2019,Moldova,MDA,Location,No Children,Urban,66.46874673856458,,National Bureau of Statistics of the Republic of Moldova,2026-07-05
8811,HHA4213-%_HH-CHILDREN-RURAL,HH06 - Households with Internet access at home - %_HH - CHILDREN - RURAL,% of households,ITU Households Database,2019,Moldova,MDA,Location,Children,Rural,77.95608732187765,,National Bureau of Statistics of the Republic of Moldova,2026-07-06
8812,HHA4213-%_HH-CHILDREN-URBAN,HH06 - Households with Internet access at home - %_HH - CHILDREN - URBAN,% of households,ITU Households Database,2019,Moldova,MDA,Location,Children,Urban,94.05108095663623,,National Bureau of Statistics of the Republic of Moldova,2026-07-05
8816,HHA4213-%_HH-NOCHILDREN-,HH06 - Households with Internet access at home - %_HH - NOCHILDREN,% of households,ITU Households Database,2019,Moldova,MDA,Family,No Children,,51.70610591786844,,National Bureau of Statistics of the Republic of Moldova,2026-07-05
8818,HHA4213-%_HH-NOCHILDREN-URBAN,HH06 - Households with Internet access at home - %_HH - NOCHILDREN - URBAN,% of households,ITU Households Database,2019,Bosnia and Herzegovina,BIH,Location,No Children,Urban,73.97498963709663,,Agency for statistics of Bosnia and Herzegovina,2026-07-05
8816,HHA4213-%_HH-NOCHILDREN-,HH06 - Households with Internet access at home - %_HH - NOCHILDREN,% of households,ITU Households Database,2019,Bosnia and Herzegovina,BIH,Family,No Children,,68.10647087274717,,Agency for statistics of Bosnia and Herzegovina,2026-07-05
8817,HHA4213-%_HH-NOCHILDREN-RURAL,HH06 - Households with Internet access at home - %_HH - NOCHILDREN - RURAL,% of households,ITU Households Database,2019,Bosnia and Herzegovina,BIH,Location,No Children,Rural,63.637607964512775,,Agency for statistics of Bosnia and Herzegovina,2026-07-05
8810,HHA4213-%_HH-CHILDREN-,HH06 - Households with Internet access at home - %_HH - CHILDREN,% of households,ITU Households Database,2019,Bosnia and Herzegovina,BIH,Family,Children,,83.0222934187692,,Agency for statistics of Bosnia and Herzegovina,2024-07-08
8819,HHA4213-%_HH-RURAL-,HH06 - Households with Internet access at home - %_HH - RURAL,% of households,ITU Households Database,2019,Bosnia and Herzegovina,BIH,Location,Rural,,68.25261853578215,,Agency for statistics of Bosnia and Herzegovina,2026-07-06
8820,HHA4213-%_HH-URBAN-,HH06 - Households with Internet access at home - %_HH - URBAN,% of households,ITU Households Database,2019,Bosnia and Herzegovina,BIH,Location,Urban,,76.87340882801584,,Agency for statistics of Bosnia and Herzegovina,2026-07-05
8811,HHA4213-%_HH-CHILDREN-RURAL,HH06 - Households with Internet access at home - %_HH - CHILDREN - RURAL,% of households,ITU Households Database,2019,Bosnia and Herzegovina,BIH,Location,Children,Rural,81.6838203014487,,Agency for statistics of Bosnia and Herzegovina,2024-07-08
8812,HHA4213-%_HH-CHILDREN-URBAN,HH06 - Households with Internet access at home - %_HH - CHILDREN - URBAN,% of households,ITU Households Database,2019,Bosnia and Herzegovina,BIH,Location,Children,Urban,84.64079273327827,,Agency for statistics of Bosnia and Herzegovina,2026-07-05
12047,xHH6_IDI,Estimated proportion of households with Internet access at home,% of households,ITU World Telecommunication Indicators Database,2019,Bosnia and Herzegovina,BIH,,,,72.025487387835,,Agency for Statistics of Bosnia and Herzegovina,2024-01-23
12047,xHH6_IDI,Estimated proportion of households with Internet access at home,% of households,ITU World Telecommunication Indicators Database,2019,Georgia,GEO,,,,79.2565344008367,,National Statistics Office of Georgia,2024-01-23
8811,HHA4213-%_HH-CHILDREN-RURAL,HH06 - Households with Internet access at home - %_HH - CHILDREN - RURAL,% of households,ITU Households Database,2019,Georgia,GEO,Location,Children,Rural,93.65953203509456,,National Statistics Office of Georgia - Geostat,2026-07-06
8820,HHA4213-%_HH-URBAN-,HH06 - Households with Internet access at home - %_HH - URBAN,% of households,ITU Households Database,2019,Georgia,GEO,Location,Urban,,86.07262712927276,,National Statistics Office of Georgia - Geostat,2026-07-05
8812,HHA4213-%_HH-CHILDREN-URBAN,HH06 - Households with Internet access at home - %_HH - CHILDREN - URBAN,% of households,ITU Households Database,2019,Georgia,GEO,Location,Children,Urban,96.17298819816276,,National Statistics Office of Georgia - Geostat,2026-07-05
8817,HHA4213-%_HH-NOCHILDREN-RURAL,HH06 - Households with Internet access at home - %_HH - NOCHILDREN - RURAL,% of households,ITU Households Database,2019,Georgia,GEO,Location,No Children,Rural,58.16317110503658,,National Statistics Office of Georgia - Geostat,2026-07-05
8818,HHA4213-%_HH-NOCHILDREN-URBAN,HH06 - Households with Internet access at home - %_HH - NOCHILDREN - URBAN,% of households,ITU Households Database,2019,Georgia,GEO,Location,No Children,Urban,80.6828689983544,,National Statistics Office of Georgia - Geostat,2024-07-08
8810,HHA4213-%_HH-CHILDREN-,HH06 - Households with Internet access at home - %_HH - CHILDREN,% of households,ITU Households Database,2019,Georgia,GEO,Family,Children,,95.14206767597659,,National Statistics Office of Georgia - Geostat,2026-07-06
8816,HHA4213-%_HH-NOCHILDREN-,HH06 - Households with Internet access at home - %_HH - NOCHILDREN,% of households,ITU Households Database,2019,Georgia,GEO,Family,No Children,,71.03935546493832,,National Statistics Office of Georgia - Geostat,2026-07-05
8819,HHA4213-%_HH-RURAL-,HH06 - Households with Internet access at home - %_HH - RURAL,% of households,ITU Households Database,2019,Georgia,GEO,Location,Rural,,69.92337258021043,,National Statistics Office of Georgia - Geostat,2026-07-06
8812,HHA4213-%_HH-CHILDREN-URBAN,HH06 - Households with Internet access at home - %_HH - CHILDREN - URBAN,% of households,ITU Households Database,2019,Kazakhstan,KAZ,Location,Children,Urban,97.43456397988615,,"Ministry of National Economy of the Republic of Kazakhstan
Committee on Statistics",2026-07-05
8820,HHA4213-%_HH-URBAN-,HH06 - Households with Internet access at home - %_HH - URBAN,% of households,ITU Households Database,2019,Kazakhstan,KAZ,Location,Urban,,90.80195989345204,,"Ministry of National Economy of the Republic of Kazakhstan
Committee on Statistics",2026-07-05
8817,HHA4213-%_HH-NOCHILDREN-RURAL,HH06 - Households with Internet access at home - %_HH - NOCHILDREN - RURAL,% of households,ITU Households Database,2019,Kazakhstan,KAZ,Location,No Children,Rural,84.0587188521372,,"Ministry of National Economy of the Republic of Kazakhstan
Committee on Statistics",2024-07-08
8810,HHA4213-%_HH-CHILDREN-,HH06 - Households with Internet access at home - %_HH - CHILDREN,% of households,ITU Households Database,2019,Kazakhstan,KAZ,Family,Children,,97.19924969674902,,"Ministry of National Economy of the Republic of Kazakhstan
Committee on Statistics",2026-07-06
8811,HHA4213-%_HH-CHILDREN-RURAL,HH06 - Households with Internet access at home - %_HH - CHILDREN - RURAL,% of households,ITU Households Database,2019,Kazakhstan,KAZ,Location,Children,Rural,96.78241360788333,,"Ministry of National Economy of the Republic of Kazakhstan
Committee on Statistics",2026-07-06
8816,HHA4213-%_HH-NOCHILDREN-,HH06 - Households with Internet access at home - %_HH - NOCHILDREN,% of households,ITU Households Database,2019,Kazakhstan,KAZ,Family,No Children,,86.11518821215826,,"Ministry of National Economy of the Republic of Kazakhstan
Committee on Statistics",2026-07-05
8818,HHA4213-%_HH-NOCHILDREN-URBAN,HH06 - Households with Internet access at home - %_HH - NOCHILDREN - URBAN,% of households,ITU Households Database,2019,Kazakhstan,KAZ,Location,No Children,Urban,87.03220167724838,,"Ministry of National Economy of the Republic of Kazakhstan
Committee on Statistics",2026-07-05
8819,HHA4213-%_HH-RURAL-,HH06 - Households with Internet access at home - %_HH - RURAL,% of households,ITU Households Database,2019,Kazakhstan,KAZ,Location,Rural,,89.38296615577312,,"Ministry of National Economy of the Republic of Kazakhstan
Committee on Statistics",2026-07-06
12047,xHH6_IDI,Estimated proportion of households with Internet access at home,% of households,ITU World Telecommunication Indicators Database,2019,Kazakhstan,KAZ,,,,90.3360149120991,,"Committee on Statistics, Ministry of National Economy of the Republic of Kazakhstan",2024-01-23
12047,xHH6_IDI,Estimated proportion of households with Internet access at home,% of households,ITU World Telecommunication Indicators Database,2019,Tajikistan,TJK,,,,27.1770925676573,,ITU estimate,2021-11-29
12047,xHH6_IDI,Estimated proportion of households with Internet access at home,% of households,ITU World Telecommunication Indicators Database,2019,Turkmenistan,TKM,,,,48.93861156,,Multiple Indicator Cluster Survey 2019,2024-01-23
12047,xHH6_IDI,Estimated proportion of households with Internet access at home,% of households,ITU World Telecommunication Indicators Database,2019,Kyrgyzstan,KGZ,,,,83.4,,National Statistical Committee of the Kyrgyz Republic,2024-01-23
12047,xHH6_IDI,Estimated proportion of households with Internet access at home,% of households,ITU World Telecommunication Indicators Database,2019,Slovakia,SVK,,,,82.1911181015292,,Statistical Office of the Slovak Republic,2024-01-23
8819,HHA4213-%_HH-RURAL-,HH06 - Households with Internet access at home - %_HH - RURAL,% of households,ITU Households Database,2019,Slovakia,SVK,Location,Rural,,78.36975715950483,share in total households in %,Statistical Office Of the Slovak Republic,2026-07-06
8820,HHA4213-%_HH-URBAN-,HH06 - Households with Internet access at home - %_HH - URBAN,% of households,ITU Households Database,2019,Slovakia,SVK,Location,Urban,,84.41735577890712,share in total households in %,Statistical Office Of the Slovak Republic,2026-07-05
12047,xHH6_IDI,Estimated proportion of households with Internet access at home,% of households,ITU World Telecommunication Indicators Database,2019,North Macedonia,MKD,,,,81.7762270047589,,State Statistical Office,2024-01-23
12047,xHH6_IDI,Estimated proportion of households with Internet access at home,% of households,ITU World Telecommunication Indicators Database,2019,Eritrea,ERI,,,,1.80223708320337,,ITU estimate,2021-11-29
12047,xHH6_IDI,Estimated proportion of households with Internet access at home,% of households,ITU World Telecommunication Indicators Database,2019,"Taiwan, Province of China",TWN,,,,86.2,,National Communications Commission,2024-01-23
12047,xHH6_IDI,Estimated proportion of households with Internet access at home,% of households,ITU World Telecommunication Indicators Database,2019,Timor-Leste,TLS,,,,18.1705987772697,,ITU estimate,2021-11-29
12047,xHH6_IDI,Estimated proportion of households with Internet access at home,% of households,ITU World Telecommunication Indicators Database,2019,Palestine,PSE,,,,79.5683326750139,,Palestinian Central Bureau of Statistics,2024-01-23
8819,HHA4213-%_HH-RURAL-,HH06 - Households with Internet access at home - %_HH - RURAL,% of households,ITU Households Database,2019,Palestine,PSE,Location,Rural,,80.89435138525117,,Palestinian Central Bureau of Statistics,2026-07-06
8810,HHA4213-%_HH-CHILDREN-,HH06 - Households with Internet access at home - %_HH - CHILDREN,% of households,ITU Households Database,2019,Palestine,PSE,Family,Children,,83.68623979276776,,Palestinian Central Bureau of Statistics,2026-07-06
8816,HHA4213-%_HH-NOCHILDREN-,HH06 - Households with Internet access at home - %_HH - NOCHILDREN,% of households,ITU Households Database,2019,Palestine,PSE,Family,No Children,,69.7862006723253,,Palestinian Central Bureau of Statistics,2024-07-08
8818,HHA4213-%_HH-NOCHILDREN-URBAN,HH06 - Households with Internet access at home - %_HH - NOCHILDREN - URBAN,% of households,ITU Households Database,2019,Palestine,PSE,Location,No Children,Urban,70.61788456358988,,Palestinian Central Bureau of Statistics,2026-07-05
8817,HHA4213-%_HH-NOCHILDREN-RURAL,HH06 - Households with Internet access at home - %_HH - NOCHILDREN - RURAL,% of households,ITU Households Database,2019,Palestine,PSE,Location,No Children,Rural,65.81894775688303,,Palestinian Central Bureau of Statistics,2026-07-05
8812,HHA4213-%_HH-CHILDREN-URBAN,HH06 - Households with Internet access at home - %_HH - CHILDREN - URBAN,% of households,ITU Households Database,2019,Palestine,PSE,Location,Children,Urban,82.8729796411276,,Palestinian Central Bureau of Statistics,2024-07-08
8811,HHA4213-%_HH-CHILDREN-RURAL,HH06 - Households with Internet access at home - %_HH - CHILDREN - RURAL,% of households,ITU Households Database,2019,Palestine,PSE,Location,Children,Rural,88.4850456372977,,Palestinian Central Bureau of Statistics,2024-07-08
8820,HHA4213-%_HH-URBAN-,HH06 - Households with Internet access at home - %_HH - URBAN,% of households,ITU Households Database,2019,Palestine,PSE,Location,Urban,,79.32814851061102,,Palestinian Central Bureau of Statistics,2026-07-05
8819,HHA4213-%_HH-RURAL-,HH06 - Households with Internet access at home - %_HH - RURAL,% of households,ITU Households Database,2019,Montenegro,MNE,Location,Rural,,62.79958072023736,,Statistical Office of Montenegro,2026-07-06
8820,HHA4213-%_HH-URBAN-,HH06 - Households with Internet access at home - %_HH - URBAN,% of households,ITU Households Database,2019,Montenegro,MNE,Location,Urban,,79.96472131612538,,Statistical Office of Montenegro,2026-07-05
12047,xHH6_IDI,Estimated proportion of households with Internet access at home,% of households,ITU World Telecommunication Indicators Database,2019,Montenegro,MNE,,,,74.2511960166289,,Statistical Office of Montenegro - MONSTAT,2024-01-23
12047,xHH6_IDI,Estimated proportion of households with Internet access at home,% of households,ITU World Telecommunication Indicators Database,2019,South Sudan,SSD,,,,5.31633428661883,,ITU estimate,2021-11-29
12047,xHH6_IDI,Estimated proportion of households with Internet access at home,% of households,ITU World Telecommunication Indicators Database,2018,Afghanistan,AFG,,,,7.27030359587061,,ITU estimate,2021-11-29
12047,xHH6_IDI,Estimated proportion of households with Internet access at home,% of households,ITU World Telecommunication Indicators Database,2018,South Africa,ZAF,,,,64.6971294931861,,Statistics South Africa,2024-01-23
12047,xHH6_IDI,Estimated proportion of households with Internet access at home,% of households,ITU World Telecommunication Indicators Database,2018,Angola,AGO,,,,6.71140094521841,,INE - National Institute of Statistics,2024-01-23
8819,HHA4213-%_HH-RURAL-,HH06 - Households with Internet access at home - %_HH - RURAL,% of households,ITU Households Database,2018,Angola,AGO,Location,Rural,,0.9715288374666691,,INE - National Institute of Statistics,2026-07-06
8820,HHA4213-%_HH-URBAN-,HH06 - Households with Internet access at home - %_HH - URBAN,% of households,ITU Households Database,2018,Angola,AGO,Location,Urban,,10.59784150373365,,INE - National Institute of Statistics,2026-07-05
8816,HHA4213-%_HH-NOCHILDREN-,HH06 - Households with Internet access at home - %_HH - NOCHILDREN,% of households,ITU Households Database,2018,Albania,ALB,Family,No Children,,32.18836901531142,,INSTAT (Institute of Statistics),2026-07-05
8810,HHA4213-%_HH-CHILDREN-,HH06 - Households with Internet access at home - %_HH - CHILDREN,% of households,ITU Households Database,2018,Albania,ALB,Family,Children,,34.109660061264876,,INSTAT (Institute of Statistics),2026-07-06
12047,xHH6_IDI,Estimated proportion of households with Internet access at home,% of households,ITU World Telecommunication Indicators Database,2018,Albania,ALB,,,,32.9221886874502,Households with Internet conection with the computer and there is not included the mobile internet access,Institute of Statistics,2024-01-23
12047,xHH6_IDI,Estimated proportion of households with Internet access at home,% of households,ITU World Telecommunication Indicators Database,2018,Algeria,DZA,,,,74.3912093388374,,"Ministry of Post, Telecommunications, Technologies and Digital",2024-01-23
8812,HHA4213-%_HH-CHILDREN-URBAN,HH06 - Households with Internet access at home - %_HH - CHILDREN - URBAN,% of households,ITU Households Database,2018,Algeria,DZA,Location,Children,Urban,80.24767508610438,,"Ministry of Post, Telecommunications, Technologies and Digital",2026-07-05
8810,HHA4213-%_HH-CHILDREN-,HH06 - Households with Internet access at home - %_HH - CHILDREN,% of households,ITU Households Database,2018,Algeria,DZA,Family,Children,,72.69001859056218,,"Ministry of Post, Telecommunications, Technologies and Digital",2026-07-06
8819,HHA4213-%_HH-RURAL-,HH06 - Households with Internet access at home - %_HH - RURAL,% of households,ITU Households Database,2018,Algeria,DZA,Location,Rural,,59.86068533394514,,"Ministry of Post, Telecommunications, Technologies and Digital",2026-07-06
8817,HHA4213-%_HH-NOCHILDREN-RURAL,HH06 - Households with Internet access at home - %_HH - NOCHILDREN - RURAL,% of households,ITU Households Database,2018,Algeria,DZA,Location,No Children,Rural,64.50521497151365,,"Ministry of Post, Telecommunications, Technologies and Digital",2026-07-05
8818,HHA4213-%_HH-NOCHILDREN-URBAN,HH06 - Households with Internet access at home - %_HH - NOCHILDREN - URBAN,% of households,ITU Households Database,2018,Algeria,DZA,Location,No Children,Urban,83.34617438168166,,"Ministry of Post, Telecommunications, Technologies and Digital",2026-07-05
8811,HHA4213-%_HH-CHILDREN-RURAL,HH06 - Households with Internet access at home - %_HH - CHILDREN - RURAL,% of households,ITU Households Database,2018,Algeria,DZA,Location,Children,Rural,58.208627122638845,,"Ministry of Post, Telecommunications, Technologies and Digital",2026-07-06
8816,HHA4213-%_HH-NOCHILDREN-,HH06 - Households with Internet access at home - %_HH - NOCHILDREN,% of households,ITU Households Database,2018,Algeria,DZA,Family,No Children,,78.20035011201763,,"Ministry of Post, Telecommunications, Technologies and Digital",2026-07-05
8820,HHA4213-%_HH-URBAN-,HH06 - Households with Internet access at home - %_HH - URBAN,% of households,ITU Households Database,2018,Algeria,DZA,Location,Urban,,81.27228321239207,,"Ministry of Post, Telecommunications, Technologies and Digital",2026-07-05
12047,xHH6_IDI,Estimated proportion of households with Internet access at home,% of households,ITU World Telecommunication Indicators Database,2018,Andorra,AND,,,,94.4580893003338,,ITU estimate,2021-11-29
12047,xHH6_IDI,Estimated proportion of households with Internet access at home,% of households,ITU World Telecommunication Indicators Database,2018,Argentina,ARG,,,,80.3,Refers to households in urban areas (92% of population live in urban areas).,INDEC.,2024-01-23
12047,xHH6_IDI,Estimated proportion of households with Internet access at home,% of households,ITU World Telecommunication Indicators Database,2018,Armenia,ARM,,,,67.5841842736519,,The Statistical Committee of the Republic of Armenia ,2024-01-23
12047,xHH6_IDI,Estimated proportion of households with Internet access at home,% of households,ITU World Telecommunication Indicators Database,2018,Saudi Arabia,SAU,,,,94.5309960614423,,Communications & IT Commission,2024-01-23
12047,xHH6_IDI,Estimated proportion of households with Internet access at home,% of households,ITU World Telecommunication Indicators Database,2018,Antigua and Barbuda,ATG,,,,83.9576180604648,,ITU estimate,2021-11-29
12047,xHH6_IDI,Estimated proportion of households with Internet access at home,% of households,ITU World Telecommunication Indicators Database,2018,Australia,AUS,,,,86.743961222449,,ITU estimate,2021-11-29
12047,xHH6_IDI,Estimated proportion of households with Internet access at home,% of households,ITU World Telecommunication Indicators Database,2018,Austria,AUT,,,,88.7751281959336,,Statistik Austria,2024-01-23
12047,xHH6_IDI,Estimated proportion of households with Internet access at home,% of households,ITU World Telecommunication Indicators Database,2018,Azerbaijan,AZE,,,,78.2000188608072,,State Statistical Committee of the Republic of Azerbaijan,2024-01-23
8819,HHA4213-%_HH-RURAL-,HH06 - Households with Internet access at home - %_HH - RURAL,% of households,ITU Households Database,2018,Azerbaijan,AZE,Location,Rural,,73.93223861982956,,State Statistical Committee,2026-07-06
8820,HHA4213-%_HH-URBAN-,HH06 - Households with Internet access at home - %_HH - URBAN,% of households,ITU Households Database,2018,Azerbaijan,AZE,Location,Urban,,81.74434662523736,,State Statistical Committee,2026-07-05
8810,HHA4213-%_HH-CHILDREN-,HH06 - Households with Internet access at home - %_HH - CHILDREN,% of households,ITU Households Database,2018,Brazil,BRA,Family,Children,,75.02482510055034,,NIC.br,2026-07-06
8811,HHA4213-%_HH-CHILDREN-RURAL,HH06 - Households with Internet access at home - %_HH - CHILDREN - RURAL,% of households,ITU Households Database,2018,Brazil,BRA,Location,Children,Rural,50.37115862001483,,NIC.br,2026-07-06
8820,HHA4213-%_HH-URBAN-,HH06 - Households with Internet access at home - %_HH - URBAN,% of households,ITU Households Database,2018,Brazil,BRA,Location,Urban,,70.19001125761889,,NIC.br,2026-07-05
8819,HHA4213-%_HH-RURAL-,HH06 - Households with Internet access at home - %_HH - RURAL,% of households,ITU Households Database,2018,Brazil,BRA,Location,Rural,,43.935343172185846,,NIC.br,2026-07-06
8817,HHA4213-%_HH-NOCHILDREN-RURAL,HH06 - Households with Internet access at home - %_HH - NOCHILDREN - RURAL,% of households,ITU Households Database,2018,Brazil,BRA,Location,No Children,Rural,38.88436224345249,,NIC.br,2026-07-05
8818,HHA4213-%_HH-NOCHILDREN-URBAN,HH06 - Households with Internet access at home - %_HH - NOCHILDREN - URBAN,% of households,ITU Households Database,2018,Brazil,BRA,Location,No Children,Urban,64.16431318666228,,NIC.br,2026-07-05
8812,HHA4213-%_HH-CHILDREN-URBAN,HH06 - Households with Internet access at home - %_HH - CHILDREN - URBAN,% of households,ITU Households Database,2018,Brazil,BRA,Location,Children,Urban,79.23148627217074,,NIC.br,2026-07-05
8816,HHA4213-%_HH-NOCHILDREN-,HH06 - Households with Internet access at home - %_HH - NOCHILDREN,% of households,ITU Households Database,2018,Brazil,BRA,Family,No Children,,60.96495620253395,,NIC.br,2026-07-06
12047,xHH6_IDI,Estimated proportion of households with Internet access at home,% of households,ITU World Telecommunication Indicators Database,2018,Brazil,BRA,,,,66.6629816019046,,NIC.br,2024-01-23
12047,xHH6_IDI,Estimated proportion of households with Internet access at home,% of households,ITU World Telecommunication Indicators Database,2018,Bahamas,BHS,,,,90.9249602877798,,ITU estimate,2021-11-29
12047,xHH6_IDI,Estimated proportion of households with Internet access at home,% of households,ITU World Telecommunication Indicators Database,2018,Burundi,BDI,,,,3.46150686785205,,ITU estimate,2021-11-29
12047,xHH6_IDI,Estimated proportion of households with Internet access at home,% of households,ITU World Telecommunication Indicators Database,2018,Belgium,BEL,,,,80.951270771606,,Direction Générale Statistique - Statistics Belgium,2024-01-23
12047,xHH6_IDI,Estimated proportion of households with Internet access at home,% of households,ITU World Telecommunication Indicators Database,2018,Burkina Faso,BFA,,,,14.8103692342892,,ITU estimate,2021-11-29
12047,xHH6_IDI,Estimated proportion of households with Internet access at home,% of households,ITU World Telecommunication Indicators Database,2018,Bangladesh,BGD,,,,35.8373286021381,,ITU estimate,2021-11-29
12047,xHH6_IDI,Estimated proportion of households with Internet access at home,% of households,ITU World Telecommunication Indicators Database,2018,Bahrain,BHR,,,,98.6435308255344,estimated based on 2018 residential survey,Information and E-Government Authority,2024-01-23
8820,HHA4213-%_HH-URBAN-,HH06 - Households with Internet access at home - %_HH - URBAN,% of households,ITU Households Database,2018,Bahrain,BHR,Location,Urban,,98.6435308255344,estimated based on 2018 residential survey,Telecommunications Regulatory Authority (TRA),2024-07-08
8810,HHA4213-%_HH-CHILDREN-,HH06 - Households with Internet access at home - %_HH - CHILDREN,% of households,ITU Households Database,2018,Belarus,BLR,Family,Children,,95.04977922535802,,Национальный статистический комитет Республики Беларусь,2026-07-06
8819,HHA4213-%_HH-RURAL-,HH06 - Households with Internet access at home - %_HH - RURAL,% of households,ITU Households Database,2018,Belarus,BLR,Location,Rural,,60.249616644427896,,Национальный статистический комитет Республики Беларусь,2026-07-06
8817,HHA4213-%_HH-NOCHILDREN-RURAL,HH06 - Households with Internet access at home - %_HH - NOCHILDREN - RURAL,% of households,ITU Households Database,2018,Belarus,BLR,Location,No Children,Rural,50.51270358630864,,Национальный статистический комитет Республики Беларусь,2026-07-05
8816,HHA4213-%_HH-NOCHILDREN-,HH06 - Households with Internet access at home - %_HH - NOCHILDREN,% of households,ITU Households Database,2018,Belarus,BLR,Family,No Children,,63.34376941309415,,Национальный статистический комитет Республики Беларусь,2026-07-06
8820,HHA4213-%_HH-URBAN-,HH06 - Households with Internet access at home - %_HH - URBAN,% of households,ITU Households Database,2018,Belarus,BLR,Location,Urban,,77.14965891027823,,Национальный статистический комитет Республики Беларусь,2026-07-05
8812,HHA4213-%_HH-CHILDREN-URBAN,HH06 - Households with Internet access at home - %_HH - CHILDREN - URBAN,% of households,ITU Households Database,2018,Belarus,BLR,Location,Children,Urban,95.78552324040385,,Национальный статистический комитет Республики Беларусь,2026-07-05
8811,HHA4213-%_HH-CHILDREN-RURAL,HH06 - Households with Internet access at home - %_HH - CHILDREN - RURAL,% of households,ITU Households Database,2018,Belarus,BLR,Location,Children,Rural,92.52748705155423,,Национальный статистический комитет Республики Беларусь,2026-07-06
8818,HHA4213-%_HH-NOCHILDREN-URBAN,HH06 - Households with Internet access at home - %_HH - NOCHILDREN - URBAN,% of households,ITU Households Database,2018,Belarus,BLR,Location,No Children,Urban,68.86169600576102,,Национальный статистический комитет Республики Беларусь,2026-07-05
12047,xHH6_IDI,Estimated proportion of households with Internet access at home,% of households,ITU World Telecommunication Indicators Database,2018,Belarus,BLR,,,,72.4485710008874,Access via fixed communications network,National Statistical Committee of the Republic of Belarus (Belstat),2024-01-23
12047,xHH6_IDI,Estimated proportion of households with Internet access at home,% of households,ITU World Telecommunication Indicators Database,2018,Belize,BLZ,,,,41.9443486620064,,Statistical Institute of Belize,2024-01-23
12047,xHH6_IDI,Estimated proportion of households with Internet access at home,% of households,ITU World Telecommunication Indicators Database,2018,Bolivia (Plurinational State of),BOL,,,,16.2142294762507,,Instituto Nacional de Estadística,2024-01-23
8811,HHA4213-%_HH-CHILDREN-RURAL,HH06 - Households with Internet access at home - %_HH - CHILDREN - RURAL,% of households,ITU Households Database,2018,Bolivia (Plurinational State of),BOL,Location,Children,Rural,0.8411704571988062,,Statistic National Institute,2026-07-06
8819,HHA4213-%_HH-RURAL-,HH06 - Households with Internet access at home - %_HH - RURAL,% of households,ITU Households Database,2018,Bolivia (Plurinational State of),BOL,Location,Rural,,0.6323883080365901,,Statistic National Institute,2026-07-06
8816,HHA4213-%_HH-NOCHILDREN-,HH06 - Households with Internet access at home - %_HH - NOCHILDREN,% of households,ITU Households Database,2018,Bolivia (Plurinational State of),BOL,Family,No Children,,16.796720715252867,,Statistic National Institute,2026-07-05
8817,HHA4213-%_HH-NOCHILDREN-RURAL,HH06 - Households with Internet access at home - %_HH - NOCHILDREN - RURAL,% of households,ITU Households Database,2018,Bolivia (Plurinational State of),BOL,Location,No Children,Rural,0.45247262084113243,,Statistic National Institute,2026-07-05
8818,HHA4213-%_HH-NOCHILDREN-URBAN,HH06 - Households with Internet access at home - %_HH - NOCHILDREN - URBAN,% of households,ITU Households Database,2018,Bolivia (Plurinational State of),BOL,Location,No Children,Urban,25.311062607130086,,Statistic National Institute,2026-07-05
8810,HHA4213-%_HH-CHILDREN-,HH06 - Households with Internet access at home - %_HH - CHILDREN,% of households,ITU Households Database,2018,Bolivia (Plurinational State of),BOL,Family,Children,,15.635568013273915,,Statistic National Institute,2026-07-06
8820,HHA4213-%_HH-URBAN-,HH06 - Households with Internet access at home - %_HH - URBAN,% of households,ITU Households Database,2018,Bolivia (Plurinational State of),BOL,Location,Urban,,23.472332684660294,,Statistic National Institute,2026-07-05
8812,HHA4213-%_HH-CHILDREN-URBAN,HH06 - Households with Internet access at home - %_HH - CHILDREN - URBAN,% of households,ITU Households Database,2018,Bolivia (Plurinational State of),BOL,Location,Children,Urban,21.773092019685826,,Statistic National Institute,2026-07-05
12047,xHH6_IDI,Estimated proportion of households with Internet access at home,% of households,ITU World Telecommunication Indicators Database,2018,Botswana,BWA,,,,59.2016438100754,,ITU estimate,2021-11-29
12047,xHH6_IDI,Estimated proportion of households with Internet access at home,% of households,ITU World Telecommunication Indicators Database,2018,Barbados,BRB,,,,84.6127820067913,,ITU estimate,2021-11-29
12047,xHH6_IDI,Estimated proportion of households with Internet access at home,% of households,ITU World Telecommunication Indicators Database,2018,Brunei Darussalam,BRN,,,,53.5887692632468,,Authority for Info-communications Technology Industry of Brunei Darussalam,2024-01-23
12047,xHH6_IDI,Estimated proportion of households with Internet access at home,% of households,ITU World Telecommunication Indicators Database,2018,Bhutan,BTN,,,,53.6,,ITU estimate,2022-06-29
12047,xHH6_IDI,Estimated proportion of households with Internet access at home,% of households,ITU World Telecommunication Indicators Database,2018,Bulgaria,BGR,,,,72.132651739701,,National Statistical Institute,2024-01-23
8820,HHA4213-%_HH-URBAN-,HH06 - Households with Internet access at home - %_HH - URBAN,% of households,ITU Households Database,2018,Bulgaria,BGR,Location,Urban,,76.26258650081219,,National Statistical Institute,2026-07-05
8811,HHA4213-%_HH-CHILDREN-RURAL,HH06 - Households with Internet access at home - %_HH - CHILDREN - RURAL,% of households,ITU Households Database,2018,Bulgaria,BGR,Location,Children,Rural,79.52366160661228,Households with children under 16,National Statistical Institute,2026-07-06
8819,HHA4213-%_HH-RURAL-,HH06 - Households with Internet access at home - %_HH - RURAL,% of households,ITU Households Database,2018,Bulgaria,BGR,Location,Rural,,59.02356679127504,,National Statistical Institute,2026-07-06
8810,HHA4213-%_HH-CHILDREN-,HH06 - Households with Internet access at home - %_HH - CHILDREN,% of households,ITU Households Database,2018,Bulgaria,BGR,Family,Children,,89.45725689119578,Households with children under 16,National Statistical Institute,2026-07-06
8817,HHA4213-%_HH-NOCHILDREN-RURAL,HH06 - Households with Internet access at home - %_HH - NOCHILDREN - RURAL,% of households,ITU Households Database,2018,Bulgaria,BGR,Location,No Children,Rural,52.12641001465392,Households without children under 16,National Statistical Institute,2026-07-05
8812,HHA4213-%_HH-CHILDREN-URBAN,HH06 - Households with Internet access at home - %_HH - CHILDREN - URBAN,% of households,ITU Households Database,2018,Bulgaria,BGR,Location,Children,Urban,92.63957633865218,Households with children under 16,National Statistical Institute,2026-07-05
8816,HHA4213-%_HH-NOCHILDREN-,HH06 - Households with Internet access at home - %_HH - NOCHILDREN,% of households,ITU Households Database,2018,Bulgaria,BGR,Family,No Children,,66.40174561725846,Households without children under 16,National Statistical Institute,2026-07-05
8818,HHA4213-%_HH-NOCHILDREN-URBAN,HH06 - Households with Internet access at home - %_HH - NOCHILDREN - URBAN,% of households,ITU Households Database,2018,Bulgaria,BGR,Location,No Children,Urban,70.87418376251493,Households without children under 16,National Statistical Institute,2026-07-05
12047,xHH6_IDI,Estimated proportion of households with Internet access at home,% of households,ITU World Telecommunication Indicators Database,2018,Central African Rep.,CAF,,,,4.12969501504166,,ITU estimate,2021-11-29
12047,xHH6_IDI,Estimated proportion of households with Internet access at home,% of households,ITU World Telecommunication Indicators Database,2018,Canada,CAN,,,,93.6,,,2024-01-23
12047,xHH6_IDI,Estimated proportion of households with Internet access at home,% of households,ITU World Telecommunication Indicators Database,2018,Chile,CHL,,,,88.7118020333111,,ITU estimate,2021-11-29
12047,xHH6_IDI,Estimated proportion of households with Internet access at home,% of households,ITU World Telecommunication Indicators Database,2018,China,CHN,,,,65.1805074140732,,ITU estimate,2021-11-29
12047,xHH6_IDI,Estimated proportion of households with Internet access at home,% of households,ITU World Telecommunication Indicators Database,2018,Colombia,COL,,,,52.6611422214084,"Los datos son expandidos con proyecciones de población, elaboradas con base en los resultados del censo 2005. La población objetivo de la encuesta corresponde a las personas de 5 años y más de edad.",Departamento Administrativo Nacional de Estadistica (DANE),2024-01-23
8820,HHA4213-%_HH-URBAN-,HH06 - Households with Internet access at home - %_HH - URBAN,% of households,ITU Households Database,2018,Colombia,COL,Location,Urban,,63.06170045347517,,Departamento Administrativo Nacional de Estadística - DANE,2026-07-05
8819,HHA4213-%_HH-RURAL-,HH06 - Households with Internet access at home - %_HH - RURAL,% of households,ITU Households Database,2018,Colombia,COL,Location,Rural,,16.24364730069114,,Departamento Administrativo Nacional de Estadística - DANE,2026-07-06
12047,xHH6_IDI,Estimated proportion of households with Internet access at home,% of households,ITU World Telecommunication Indicators Database,2018,Sri Lanka,LKA,,,,41.8,"##This estimate was calculated as a percentage to the total households. ##This estimate was calculated by first six months dats of LFS, 2018.",Department of Census and Statistics,2024-01-23
12047,xHH6_IDI,Estimated proportion of households with Internet access at home,% of households,ITU World Telecommunication Indicators Database,2018,Congo (Rep. of the),COG,,,,4.04253446649281,,ITU estimate,2021-11-29
12047,xHH6_IDI,Estimated proportion of households with Internet access at home,% of households,ITU World Telecommunication Indicators Database,2018,Cabo Verde,CPV,,,,70.092926770631,,INSTITUTO NACIONAL DE ESTATISTICAS,2024-01-23
8812,HHA4213-%_HH-CHILDREN-URBAN,HH06 - Households with Internet access at home - %_HH - CHILDREN - URBAN,% of households,ITU Households Database,2018,Cabo Verde,CPV,Location,Children,Urban,79.77492106231784,,INSTITUTO NACIONAL DE ESTATISTICAS,2026-07-05
8818,HHA4213-%_HH-NOCHILDREN-URBAN,HH06 - Households with Internet access at home - %_HH - NOCHILDREN - URBAN,% of households,ITU Households Database,2018,Cabo Verde,CPV,Location,No Children,Urban,67.27889739366032,,INSTITUTO NACIONAL DE ESTATISTICAS,2026-07-05
8820,HHA4213-%_HH-URBAN-,HH06 - Households with Internet access at home - %_HH - URBAN,% of households,ITU Households Database,2018,Cabo Verde,CPV,Location,Urban,,74.08169133279029,,INSTITUTO NACIONAL DE ESTATISTICAS,2026-07-05
8819,HHA4213-%_HH-RURAL-,HH06 - Households with Internet access at home - %_HH - RURAL,% of households,ITU Households Database,2018,Cabo Verde,CPV,Location,Rural,,61.18400183293571,,INSTITUTO NACIONAL DE ESTATISTICAS,2026-07-06
8810,HHA4213-%_HH-CHILDREN-,HH06 - Households with Internet access at home - %_HH - CHILDREN,% of households,ITU Households Database,2018,Cabo Verde,CPV,Family,Children,,77.2886965613945,,INSTITUTO NACIONAL DE ESTATISTICAS,2024-07-08
8816,HHA4213-%_HH-NOCHILDREN-,HH06 - Households with Internet access at home - %_HH - NOCHILDREN,% of households,ITU Households Database,2018,Cabo Verde,CPV,Family,No Children,,61.32586484035305,,INSTITUTO NACIONAL DE ESTATISTICAS,2026-07-05
8817,HHA4213-%_HH-NOCHILDREN-RURAL,HH06 - Households with Internet access at home - %_HH - NOCHILDREN - RURAL,% of households,ITU Households Database,2018,Cabo Verde,CPV,Location,No Children,Rural,47.55873448331347,,INSTITUTO NACIONAL DE ESTATISTICAS,2026-07-05
8811,HHA4213-%_HH-CHILDREN-RURAL,HH06 - Households with Internet access at home - %_HH - CHILDREN - RURAL,% of households,ITU Households Database,2018,Cabo Verde,CPV,Location,Children,Rural,71.8902699696087,,INSTITUTO NACIONAL DE ESTATISTICAS,2024-07-08
12047,xHH6_IDI,Estimated proportion of households with Internet access at home,% of households,ITU World Telecommunication Indicators Database,2018,Côte d'Ivoire,CIV,,,,15.8526860497329,,ARTCI,2024-01-23
12047,xHH6_IDI,Estimated proportion of households with Internet access at home,% of households,ITU World Telecommunication Indicators Database,2018,Costa Rica,CRI,,,,73.0802471901503,,Instituto Nacional de Estadisticas y Censos ,2024-01-23
12047,xHH6_IDI,Estimated proportion of households with Internet access at home,% of households,ITU World Telecommunication Indicators Database,2018,Cuba,CUB,,,,28.153159728702,,Oficina Nacional de Estadisticas e Informacion ,2024-01-23
12047,xHH6_IDI,Estimated proportion of households with Internet access at home,% of households,ITU World Telecommunication Indicators Database,2018,Vatican,VAT,,,,75.1168925621008,,ITU estimate,2021-11-29
12047,xHH6_IDI,Estimated proportion of households with Internet access at home,% of households,ITU World Telecommunication Indicators Database,2018,Cyprus,CYP,,,,86.1707912682517,,Statistical Service of Cyprus,2024-01-23
8820,HHA4213-%_HH-URBAN-,HH06 - Households with Internet access at home - %_HH - URBAN,% of households,ITU Households Database,2018,Cyprus,CYP,Location,Urban,,89.1703769953143,,STATISTICAL SERVICE OF CYPRUS,2024-07-08
8817,HHA4213-%_HH-NOCHILDREN-RURAL,HH06 - Households with Internet access at home - %_HH - NOCHILDREN - RURAL,% of households,ITU Households Database,2018,Cyprus,CYP,Location,No Children,Rural,71.0437543407084,,STATISTICAL SERVICE OF CYPRUS,2024-07-08
8818,HHA4213-%_HH-NOCHILDREN-URBAN,HH06 - Households with Internet access at home - %_HH - NOCHILDREN - URBAN,% of households,ITU Households Database,2018,Cyprus,CYP,Location,No Children,Urban,85.05962664868737,,STATISTICAL SERVICE OF CYPRUS,2026-07-05
8811,HHA4213-%_HH-CHILDREN-RURAL,HH06 - Households with Internet access at home - %_HH - CHILDREN - RURAL,% of households,ITU Households Database,2018,Cyprus,CYP,Location,Children,Rural,96.13916421109028,,STATISTICAL SERVICE OF CYPRUS,2026-07-06
8812,HHA4213-%_HH-CHILDREN-URBAN,HH06 - Households with Internet access at home - %_HH - CHILDREN - URBAN,% of households,ITU Households Database,2018,Cyprus,CYP,Location,Children,Urban,98.4102928407925,,STATISTICAL SERVICE OF CYPRUS,2024-07-08
8819,HHA4213-%_HH-RURAL-,HH06 - Households with Internet access at home - %_HH - RURAL,% of households,ITU Households Database,2018,Cyprus,CYP,Location,Rural,,79.33981270340279,,STATISTICAL SERVICE OF CYPRUS,2026-07-06
8810,HHA4213-%_HH-CHILDREN-,HH06 - Households with Internet access at home - %_HH - CHILDREN,% of households,ITU Households Database,2018,Cyprus,CYP,Family,Children,,97.68262721411023,,STATISTICAL SERVICE OF CYPRUS,2026-07-06
8816,HHA4213-%_HH-NOCHILDREN-,HH06 - Households with Internet access at home - %_HH - NOCHILDREN,% of households,ITU Households Database,2018,Cyprus,CYP,Family,No Children,,80.88139603667554,,STATISTICAL SERVICE OF CYPRUS,2026-07-05
12047,xHH6_IDI,Estimated proportion of households with Internet access at home,% of households,ITU World Telecommunication Indicators Database,2018,Germany,DEU,,,,89.8985681656311,,Federal Statistical Office,2024-01-23
12047,xHH6_IDI,Estimated proportion of households with Internet access at home,% of households,ITU World Telecommunication Indicators Database,2018,Dominica,DMA,,,,71.8194255543441,,ITU estimate,2021-11-29
12047,xHH6_IDI,Estimated proportion of households with Internet access at home,% of households,ITU World Telecommunication Indicators Database,2018,Denmark,DNK,,,,92.6640539925867,,Statistics Denmark,2024-01-23
8816,HHA4213-%_HH-NOCHILDREN-,HH06 - Households with Internet access at home - %_HH - NOCHILDREN,% of households,ITU Households Database,2018,Denmark,DNK,Family,No Children,,91.2789628585111,,Statistics Denmark ,2024-07-08
8811,HHA4213-%_HH-CHILDREN-RURAL,HH06 - Households with Internet access at home - %_HH - CHILDREN - RURAL,% of households,ITU Households Database,2018,Denmark,DNK,Location,Children,Rural,97.98023104053513,,Statistics Denmark ,2026-07-06
8812,HHA4213-%_HH-CHILDREN-URBAN,HH06 - Households with Internet access at home - %_HH - CHILDREN - URBAN,% of households,ITU Households Database,2018,Denmark,DNK,Location,Children,Urban,95.53273208911502,,Statistics Denmark ,2026-07-05
8820,HHA4213-%_HH-URBAN-,HH06 - Households with Internet access at home - %_HH - URBAN,% of households,ITU Households Database,2018,Denmark,DNK,Location,Urban,,92.59731378337555,,Statistics Denmark ,2026-07-05
8819,HHA4213-%_HH-RURAL-,HH06 - Households with Internet access at home - %_HH - RURAL,% of households,ITU Households Database,2018,Denmark,DNK,Location,Rural,,92.70098608923408,,Statistics Denmark ,2026-07-06
8810,HHA4213-%_HH-CHILDREN-,HH06 - Households with Internet access at home - %_HH - CHILDREN,% of households,ITU Households Database,2018,Denmark,DNK,Family,Children,,97.19412614130837,,Statistics Denmark ,2026-07-06
8818,HHA4213-%_HH-NOCHILDREN-URBAN,HH06 - Households with Internet access at home - %_HH - NOCHILDREN - URBAN,% of households,ITU Households Database,2018,Denmark,DNK,Location,No Children,Urban,91.81206632984589,,Statistics Denmark ,2026-07-05
8817,HHA4213-%_HH-NOCHILDREN-RURAL,HH06 - Households with Internet access at home - %_HH - NOCHILDREN - RURAL,% of households,ITU Households Database,2018,Denmark,DNK,Location,No Children,Rural,90.96990615966062,,Statistics Denmark ,2026-07-05
8817,HHA4213-%_HH-NOCHILDREN-RURAL,HH06 - Households with Internet access at home - %_HH - NOCHILDREN - RURAL,% of households,ITU Households Database,2018,Dominican Rep.,DOM,Location,No Children,Rural,14.16059456874006,,National Bureau of Statistics,2026-07-05
8816,HHA4213-%_HH-NOCHILDREN-,HH06 - Households with Internet access at home - %_HH - NOCHILDREN,% of households,ITU Households Database,2018,Dominican Rep.,DOM,Family,No Children,,30.019804664363026,,National Bureau of Statistics,2026-07-05
8819,HHA4213-%_HH-RURAL-,HH06 - Households with Internet access at home - %_HH - RURAL,% of households,ITU Households Database,2018,Dominican Rep.,DOM,Location,Rural,,16.48906013004452,,National Bureau of Statistics,2026-07-06
8810,HHA4213-%_HH-CHILDREN-,HH06 - Households with Internet access at home - %_HH - CHILDREN,% of households,ITU Households Database,2018,Dominican Rep.,DOM,Family,Children,,33.51177471298209,,National Bureau of Statistics,2026-07-06
8811,HHA4213-%_HH-CHILDREN-RURAL,HH06 - Households with Internet access at home - %_HH - CHILDREN - RURAL,% of households,ITU Households Database,2018,Dominican Rep.,DOM,Location,Children,Rural,19.258294056871144,,National Bureau of Statistics,2026-07-06
8818,HHA4213-%_HH-NOCHILDREN-URBAN,HH06 - Households with Internet access at home - %_HH - NOCHILDREN - URBAN,% of households,ITU Households Database,2018,Dominican Rep.,DOM,Location,No Children,Urban,33.70171664182621,,National Bureau of Statistics,2026-07-05
8820,HHA4213-%_HH-URBAN-,HH06 - Households with Internet access at home - %_HH - URBAN,% of households,ITU Households Database,2018,Dominican Rep.,DOM,Location,Urban,,35.12014728038485,,National Bureau of Statistics,2026-07-05
8812,HHA4213-%_HH-CHILDREN-URBAN,HH06 - Households with Internet access at home - %_HH - CHILDREN - URBAN,% of households,ITU Households Database,2018,Dominican Rep.,DOM,Location,Children,Urban,36.79271314593618,,National Bureau of Statistics,2026-07-05
12047,xHH6_IDI,Estimated proportion of households with Internet access at home,% of households,ITU World Telecommunication Indicators Database,2018,Dominican Rep.,DOM,,,,31.6208459851647,,Oficina Nacional de Estadistica,2024-01-23
12047,xHH6_IDI,Estimated proportion of households with Internet access at home,% of households,ITU World Telecommunication Indicators Database,2018,Spain,ESP,,,,86.4000002446331,HHs with at least one member aged 16 to 74,Instituto Nacional de Estadistica,2024-01-23
12047,xHH6_IDI,Estimated proportion of households with Internet access at home,% of households,ITU World Telecommunication Indicators Database,2018,Egypt,EGY,,,,53.8999989551455,,Ministry of Communications and Information Technology,2024-01-23
8810,HHA4213-%_HH-CHILDREN-,HH06 - Households with Internet access at home - %_HH - CHILDREN,% of households,ITU Households Database,2018,Egypt,EGY,Family,Children,,56.868787680281145,,Ministry of Communications and Information Technology,2026-07-06
8812,HHA4213-%_HH-CHILDREN-URBAN,HH06 - Households with Internet access at home - %_HH - CHILDREN - URBAN,% of households,ITU Households Database,2018,Egypt,EGY,Location,Children,Urban,70.52912824190375,,Ministry of Communications and Information Technology,2026-07-05
8811,HHA4213-%_HH-CHILDREN-RURAL,HH06 - Households with Internet access at home - %_HH - CHILDREN - RURAL,% of households,ITU Households Database,2018,Egypt,EGY,Location,Children,Rural,47.96702316333029,,Ministry of Communications and Information Technology,2026-07-06
8817,HHA4213-%_HH-NOCHILDREN-RURAL,HH06 - Households with Internet access at home - %_HH - NOCHILDREN - RURAL,% of households,ITU Households Database,2018,Egypt,EGY,Location,No Children,Rural,38.11416764608468,,Ministry of Communications and Information Technology,2026-07-05
8818,HHA4213-%_HH-NOCHILDREN-URBAN,HH06 - Households with Internet access at home - %_HH - NOCHILDREN - URBAN,% of households,ITU Households Database,2018,Egypt,EGY,Location,No Children,Urban,60.27160046734418,,Ministry of Communications and Information Technology,2026-07-05
8820,HHA4213-%_HH-URBAN-,HH06 - Households with Internet access at home - %_HH - URBAN,% of households,ITU Households Database,2018,Egypt,EGY,Location,Urban,,65.51090691349047,,Ministry of Communications and Information Technology,2026-07-05
8819,HHA4213-%_HH-RURAL-,HH06 - Households with Internet access at home - %_HH - RURAL,% of households,ITU Households Database,2018,Egypt,EGY,Location,Rural,,44.41980722073461,,Ministry of Communications and Information Technology,2026-07-06
8816,HHA4213-%_HH-NOCHILDREN-,HH06 - Households with Internet access at home - %_HH - NOCHILDREN,% of households,ITU Households Database,2018,Egypt,EGY,Family,No Children,,49.768031721206455,,Ministry of Communications and Information Technology,2026-07-05
12047,xHH6_IDI,Estimated proportion of households with Internet access at home,% of households,ITU World Telecommunication Indicators Database,2018,Ecuador,ECU,,,,37.1741545139298,,Instituto Nacional de Estadistica y Censos,2024-01-23
12047,xHH6_IDI,Estimated proportion of households with Internet access at home,% of households,ITU World Telecommunication Indicators Database,2018,Estonia,EST,,,,90.4998078366062,,Statistical Office of Estonia,2024-01-23
12047,xHH6_IDI,Estimated proportion of households with Internet access at home,% of households,ITU World Telecommunication Indicators Database,2018,France,FRA,,,,82.3788724289656,,Institut National de la Statistique et des Etudes Economiques,2024-01-23
8820,HHA4213-%_HH-URBAN-,HH06 - Households with Internet access at home - %_HH - URBAN,% of households,ITU Households Database,2018,France,FRA,Location,Urban,,82.74658874163008,,INSEE,2026-07-05
8812,HHA4213-%_HH-CHILDREN-URBAN,HH06 - Households with Internet access at home - %_HH - CHILDREN - URBAN,% of households,ITU Households Database,2018,France,FRA,Location,Children,Urban,96.85115961508939,,INSEE,2026-07-05
8810,HHA4213-%_HH-CHILDREN-,HH06 - Households with Internet access at home - %_HH - CHILDREN,% of households,ITU Households Database,2018,France,FRA,Family,Children,,97.18257399740494,,INSEE,2026-07-06
8817,HHA4213-%_HH-NOCHILDREN-RURAL,HH06 - Households with Internet access at home - %_HH - NOCHILDREN - RURAL,% of households,ITU Households Database,2018,France,FRA,Location,No Children,Rural,74.96125920294868,,INSEE,2026-07-05
8816,HHA4213-%_HH-NOCHILDREN-,HH06 - Households with Internet access at home - %_HH - NOCHILDREN,% of households,ITU Households Database,2018,France,FRA,Family,No Children,,77.66737953761105,,INSEE,2026-07-05
8811,HHA4213-%_HH-CHILDREN-RURAL,HH06 - Households with Internet access at home - %_HH - CHILDREN - RURAL,% of households,ITU Households Database,2018,France,FRA,Location,Children,Rural,98.20161468580343,,INSEE,2026-07-06
8819,HHA4213-%_HH-RURAL-,HH06 - Households with Internet access at home - %_HH - RURAL,% of households,ITU Households Database,2018,France,FRA,Location,Rural,,81.1056071493691,,INSEE,2024-07-08
8818,HHA4213-%_HH-NOCHILDREN-URBAN,HH06 - Households with Internet access at home - %_HH - NOCHILDREN - URBAN,% of households,ITU Households Database,2018,France,FRA,Location,No Children,Urban,78.41868670782293,,INSEE,2026-07-05
12047,xHH6_IDI,Estimated proportion of households with Internet access at home,% of households,ITU World Telecommunication Indicators Database,2018,Finland,FIN,,,,88.947667251877,,Statistics Finland,2024-01-23
12047,xHH6_IDI,Estimated proportion of households with Internet access at home,% of households,ITU World Telecommunication Indicators Database,2018,United Kingdom,GBR,,,,90.2026308547918,,Office for National Statistics,2024-01-23
12047,xHH6_IDI,Estimated proportion of households with Internet access at home,% of households,ITU World Telecommunication Indicators Database,2018,Gabon,GAB,,,,57.8414119298823,,ITU estimate,2021-11-29
12047,xHH6_IDI,Estimated proportion of households with Internet access at home,% of households,ITU World Telecommunication Indicators Database,2018,Ghana,GHA,,,,25,,ITU estimate.,2021-06-29
12047,xHH6_IDI,Estimated proportion of households with Internet access at home,% of households,ITU World Telecommunication Indicators Database,2018,Gambia,GMB,,,,63.25644695,,Multiple Indicator Cluster Survey 2018,2024-01-23
12047,xHH6_IDI,Estimated proportion of households with Internet access at home,% of households,ITU World Telecommunication Indicators Database,2018,Guinea-Bissau,GNB,,,,7.6293086164612,,ITU estimate,2021-11-29
12047,xHH6_IDI,Estimated proportion of households with Internet access at home,% of households,ITU World Telecommunication Indicators Database,2018,Equatorial Guinea,GNQ,,,,21.380837049856,,ITU estimate,2021-11-29
12047,xHH6_IDI,Estimated proportion of households with Internet access at home,% of households,ITU World Telecommunication Indicators Database,2018,Greece,GRC,,,,76.4933304281221,,Hellenic Statistical Authority,2024-01-23
12047,xHH6_IDI,Estimated proportion of households with Internet access at home,% of households,ITU World Telecommunication Indicators Database,2018,Guatemala,GTM,,,,14.6266306792623,,Instituto Nacional de Estadistica,2024-01-23
12047,xHH6_IDI,Estimated proportion of households with Internet access at home,% of households,ITU World Telecommunication Indicators Database,2018,Guinea,GIN,,,,11.0538581145251,,ITU estimate,2021-11-29
12047,xHH6_IDI,Estimated proportion of households with Internet access at home,% of households,ITU World Telecommunication Indicators Database,2018,Guyana,GUY,,,,28.5976255503465,,ITU estimate,2021-11-29
12047,xHH6_IDI,Estimated proportion of households with Internet access at home,% of households,ITU World Telecommunication Indicators Database,2018,"Hong Kong, China",HKG,,,,92.2717441680828,Refers to the number of households with access to the Internet by any devices.,Census and Statistics Department,2024-01-23
8810,HHA4213-%_HH-CHILDREN-,HH06 - Households with Internet access at home - %_HH - CHILDREN,% of households,ITU Households Database,2018,"Hong Kong, China",HKG,Family,Children,,99.82072427393331,,Census and Statistics Department,2026-07-06
8816,HHA4213-%_HH-NOCHILDREN-,HH06 - Households with Internet access at home - %_HH - NOCHILDREN,% of households,ITU Households Database,2018,"Hong Kong, China",HKG,Family,No Children,,90.19443760767906,,Census and Statistics Department,2026-07-05
12047,xHH6_IDI,Estimated proportion of households with Internet access at home,% of households,ITU World Telecommunication Indicators Database,2018,Honduras,HND,,,,31.0763237178675,,ITU estimate,2021-11-29
12047,xHH6_IDI,Estimated proportion of households with Internet access at home,% of households,ITU World Telecommunication Indicators Database,2018,Hungary,HUN,,,,83.3088724330998,,Hungarian Central Statistical Office,2024-01-23
8812,HHA4213-%_HH-CHILDREN-URBAN,HH06 - Households with Internet access at home - %_HH - CHILDREN - URBAN,% of households,ITU Households Database,2018,Hungary,HUN,Location,Children,Urban,96.7726731254096,,Hungarian Central Statistical Office ,2024-07-08
8817,HHA4213-%_HH-NOCHILDREN-RURAL,HH06 - Households with Internet access at home - %_HH - NOCHILDREN - RURAL,% of households,ITU Households Database,2018,Hungary,HUN,Location,No Children,Rural,70.33097983138201,,Hungarian Central Statistical Office ,2026-07-05
8820,HHA4213-%_HH-URBAN-,HH06 - Households with Internet access at home - %_HH - URBAN,% of households,ITU Households Database,2018,Hungary,HUN,Location,Urban,,85.98590642540468,,Hungarian Central Statistical Office ,2026-07-05
8819,HHA4213-%_HH-RURAL-,HH06 - Households with Internet access at home - %_HH - RURAL,% of households,ITU Households Database,2018,Hungary,HUN,Location,Rural,,77.52357477799345,,Hungarian Central Statistical Office ,2026-07-06
8810,HHA4213-%_HH-CHILDREN-,HH06 - Households with Internet access at home - %_HH - CHILDREN,% of households,ITU Households Database,2018,Hungary,HUN,Family,Children,,95.63638333670656,,Hungarian Central Statistical Office ,2026-07-06
8818,HHA4213-%_HH-NOCHILDREN-URBAN,HH06 - Households with Internet access at home - %_HH - NOCHILDREN - URBAN,% of households,ITU Households Database,2018,Hungary,HUN,Location,No Children,Urban,82.46279790932317,,Hungarian Central Statistical Office ,2026-07-05
8816,HHA4213-%_HH-NOCHILDREN-,HH06 - Households with Internet access at home - %_HH - NOCHILDREN,% of households,ITU Households Database,2018,Hungary,HUN,Family,No Children,,78.84621504508938,,Hungarian Central Statistical Office ,2026-07-05
8811,HHA4213-%_HH-CHILDREN-RURAL,HH06 - Households with Internet access at home - %_HH - CHILDREN - RURAL,% of households,ITU Households Database,2018,Hungary,HUN,Location,Children,Rural,93.67425551603804,,Hungarian Central Statistical Office ,2026-07-06
12047,xHH6_IDI,Estimated proportion of households with Internet access at home,% of households,ITU World Telecommunication Indicators Database,2018,Netherlands,NLD,,,,94.9367088607595,,Statistics Netherlands,2024-01-23
12047,xHH6_IDI,Estimated proportion of households with Internet access at home,% of households,ITU World Telecommunication Indicators Database,2018,Croatia,HRV,,,,81.5207383010261,,Croatian Bureau of Statistics,2024-01-23
8819,HHA4213-%_HH-RURAL-,HH06 - Households with Internet access at home - %_HH - RURAL,% of households,ITU Households Database,2018,Croatia,HRV,Location,Rural,,76.11474344474485,,Croatian Bureau of Statistics,2026-07-06
8820,HHA4213-%_HH-URBAN-,HH06 - Households with Internet access at home - %_HH - URBAN,% of households,ITU Households Database,2018,Croatia,HRV,Location,Urban,,85.44196657612305,,Croatian Bureau of Statistics,2026-07-05
12047,xHH6_IDI,Estimated proportion of households with Internet access at home,% of households,ITU World Telecommunication Indicators Database,2018,Haiti,HTI,,,,7.00000127077129,,Institut Haitien de Statistique et d'nformatique,2024-01-23
12047,xHH6_IDI,Estimated proportion of households with Internet access at home,% of households,ITU World Telecommunication Indicators Database,2018,Italy,ITA,,,,75.1168925621008,,Italian National Institute of Statistics,2024-01-23
12047,xHH6_IDI,Estimated proportion of households with Internet access at home,% of households,ITU World Telecommunication Indicators Database,2018,India,IND,,,,23.8,,Ministry of Statistics and Programme Implementation,2024-01-23
12047,xHH6_IDI,Estimated proportion of households with Internet access at home,% of households,ITU World Telecommunication Indicators Database,2018,Indonesia,IDN,,,,66.2233429352676,,BPS-Statistics Indonesia,2024-01-23
8818,HHA4213-%_HH-NOCHILDREN-URBAN,HH06 - Households with Internet access at home - %_HH - NOCHILDREN - URBAN,% of households,ITU Households Database,2018,Indonesia,IDN,Location,No Children,Urban,70.90419390575605,,BADAN PUSAT STATISTIK (STATISTICS INDONESIA),2026-07-05
8820,HHA4213-%_HH-URBAN-,HH06 - Households with Internet access at home - %_HH - URBAN,% of households,ITU Households Database,2018,Indonesia,IDN,Location,Urban,,78.08004885808131,,BADAN PUSAT STATISTIK (STATISTICS INDONESIA),2026-07-05
8810,HHA4213-%_HH-CHILDREN-,HH06 - Households with Internet access at home - %_HH - CHILDREN,% of households,ITU Households Database,2018,Indonesia,IDN,Family,Children,,70.4002182802411,,BADAN PUSAT STATISTIK (STATISTICS INDONESIA),2024-07-08
8816,HHA4213-%_HH-NOCHILDREN-,HH06 - Households with Internet access at home - %_HH - NOCHILDREN,% of households,ITU Households Database,2018,Indonesia,IDN,Family,No Children,,59.45811294322449,,BADAN PUSAT STATISTIK (STATISTICS INDONESIA),2026-07-05
8819,HHA4213-%_HH-RURAL-,HH06 - Households with Internet access at home - %_HH - RURAL,% of households,ITU Households Database,2018,Indonesia,IDN,Location,Rural,,51.899338424366704,,BADAN PUSAT STATISTIK (STATISTICS INDONESIA),2026-07-06
8812,HHA4213-%_HH-CHILDREN-URBAN,HH06 - Households with Internet access at home - %_HH - CHILDREN - URBAN,% of households,ITU Households Database,2018,Indonesia,IDN,Location,Children,Urban,82.89865266512217,,BADAN PUSAT STATISTIK (STATISTICS INDONESIA),2026-07-05
8817,HHA4213-%_HH-NOCHILDREN-RURAL,HH06 - Households with Internet access at home - %_HH - NOCHILDREN - RURAL,% of households,ITU Households Database,2018,Indonesia,IDN,Location,No Children,Rural,43.921332948536204,,BADAN PUSAT STATISTIK (STATISTICS INDONESIA),2026-07-05
8811,HHA4213-%_HH-CHILDREN-RURAL,HH06 - Households with Internet access at home - %_HH - CHILDREN - RURAL,% of households,ITU Households Database,2018,Indonesia,IDN,Location,Children,Rural,56.339429962373764,,BADAN PUSAT STATISTIK (STATISTICS INDONESIA),2026-07-06
12047,xHH6_IDI,Estimated proportion of households with Internet access at home,% of households,ITU World Telecommunication Indicators Database,2018,Ireland,IRL,,,,88.9999886761259,,Central Statistics Office,2024-01-23
12047,xHH6_IDI,Estimated proportion of households with Internet access at home,% of households,ITU World Telecommunication Indicators Database,2018,Iran (Islamic Republic of),IRN,,,,79.371004012873,HH6. Proportion of households with Internet is 79.37%,Statistical Centre of Iran (SCI),2024-01-23
12047,xHH6_IDI,Estimated proportion of households with Internet access at home,% of households,ITU World Telecommunication Indicators Database,2018,Iraq,IRQ,,,,65.366710246809,,ITU estimate,2021-11-29
12047,xHH6_IDI,Estimated proportion of households with Internet access at home,% of households,ITU World Telecommunication Indicators Database,2018,Iceland,ISL,,,,95.4685902932048,,ITU estimate,2021-11-29
12047,xHH6_IDI,Estimated proportion of households with Internet access at home,% of households,ITU World Telecommunication Indicators Database,2018,Israel,ISR,,,,74.9391031771372,,Central Bureau of Statistics,2024-01-23
8820,HHA4213-%_HH-URBAN-,HH06 - Households with Internet access at home - %_HH - URBAN,% of households,ITU Households Database,2018,Israel,ISR,Location,Urban,,74.0214738062506,,CENTRAL BUREAU OF STATISTICS,2024-07-08
8810,HHA4213-%_HH-CHILDREN-,HH06 - Households with Internet access at home - %_HH - CHILDREN,% of households,ITU Households Database,2018,Israel,ISR,Family,Children,,76.69603219190402,,CENTRAL BUREAU OF STATISTICS,2026-07-06
8818,HHA4213-%_HH-NOCHILDREN-URBAN,HH06 - Households with Internet access at home - %_HH - NOCHILDREN - URBAN,% of households,ITU Households Database,2018,Israel,ISR,Location,No Children,Urban,73.02542813366338,,CENTRAL BUREAU OF STATISTICS,2026-07-05
8816,HHA4213-%_HH-NOCHILDREN-,HH06 - Households with Internet access at home - %_HH - NOCHILDREN,% of households,ITU Households Database,2018,Israel,ISR,Family,No Children,,73.73026531251392,,CENTRAL BUREAU OF STATISTICS,2026-07-05
8819,HHA4213-%_HH-RURAL-,HH06 - Households with Internet access at home - %_HH - RURAL,% of households,ITU Households Database,2018,Israel,ISR,Location,Rural,,89.02701158306252,,CENTRAL BUREAU OF STATISTICS,2026-07-06
8817,HHA4213-%_HH-NOCHILDREN-RURAL,HH06 - Households with Internet access at home - %_HH - NOCHILDREN - RURAL,% of households,ITU Households Database,2018,Israel,ISR,Location,No Children,Rural,85.71515402587416,,CENTRAL BUREAU OF STATISTICS,2026-07-05
8811,HHA4213-%_HH-CHILDREN-RURAL,HH06 - Households with Internet access at home - %_HH - CHILDREN - RURAL,% of households,ITU Households Database,2018,Israel,ISR,Location,Children,Rural,92.88479650304085,,CENTRAL BUREAU OF STATISTICS,2026-07-06
8812,HHA4213-%_HH-CHILDREN-URBAN,HH06 - Households with Internet access at home - %_HH - CHILDREN - URBAN,% of households,ITU Households Database,2018,Israel,ISR,Location,Children,Urban,75.4905552680036,,CENTRAL BUREAU OF STATISTICS,2024-07-08
8811,HHA4213-%_HH-CHILDREN-RURAL,HH06 - Households with Internet access at home - %_HH - CHILDREN - RURAL,% of households,ITU Households Database,2018,Japan,JPN,Location,Children,Rural,99.7560975609756,Estimated by the following method; (The number of households by which the age of householder is more than 20 years old)*(Survey result(%)),Ministry of Internal Affairs and Communications,2024-07-08
8817,HHA4213-%_HH-NOCHILDREN-RURAL,HH06 - Households with Internet access at home - %_HH - NOCHILDREN - RURAL,% of households,ITU Households Database,2018,Japan,JPN,Location,No Children,Rural,94.52654256572525,Estimated by the following method; (The number of households by which the age of householder is more than 20 years old)*(Survey result(%)),Ministry of Internal Affairs and Communications,2026-07-05
8818,HHA4213-%_HH-NOCHILDREN-URBAN,HH06 - Households with Internet access at home - %_HH - NOCHILDREN - URBAN,% of households,ITU Households Database,2018,Japan,JPN,Location,No Children,Urban,95.93938598792968,Estimated by the following method; (The number of households by which the age of householder is more than 20 years old)*(Survey result(%)),Ministry of Internal Affairs and Communications,2026-07-05
8816,HHA4213-%_HH-NOCHILDREN-,HH06 - Households with Internet access at home - %_HH - NOCHILDREN,% of households,ITU Households Database,2018,Japan,JPN,Family,No Children,,95.00789748837623,Estimated by the following method; (The number of households by which the age of householder is more than 20 years old)*(Survey result(%)),Ministry of Internal Affairs and Communications,2026-07-05
8810,HHA4213-%_HH-CHILDREN-,HH06 - Households with Internet access at home - %_HH - CHILDREN,% of households,ITU Households Database,2018,Japan,JPN,Family,Children,,99.83766233766234,Estimated by the following method; (The number of households by which the age of householder is more than 20 years old)*(Survey result(%)),Ministry of Internal Affairs and Communications,2026-07-06
8820,HHA4213-%_HH-URBAN-,HH06 - Households with Internet access at home - %_HH - URBAN,% of households,ITU Households Database,2018,Japan,JPN,Location,Urban,,96.54633710874295,Estimated by the following method; (The number of households by which the age of householder is more than 20 years old)*(Survey result(%)),Ministry of Internal Affairs and Communications,2026-07-05
8819,HHA4213-%_HH-RURAL-,HH06 - Households with Internet access at home - %_HH - RURAL,% of households,ITU Households Database,2018,Japan,JPN,Location,Rural,,95.32208807831721,Estimated by the following method; (The number of households by which the age of householder is more than 20 years old)*(Survey result(%)),Ministry of Internal Affairs and Communications,2026-07-06
8812,HHA4213-%_HH-CHILDREN-URBAN,HH06 - Households with Internet access at home - %_HH - CHILDREN - URBAN,% of households,ITU Households Database,2018,Japan,JPN,Location,Children,Urban,100,Estimated by the following method; (The number of households by which the age of householder is more than 20 years old)*(Survey result(%)),Ministry of Internal Affairs and Communications,2024-07-08
12047,xHH6_IDI,Estimated proportion of households with Internet access at home,% of households,ITU World Telecommunication Indicators Database,2018,Japan,JPN,,,,95.7364048338369,Estimated by the following method; (The number of households by which the age of householder is more than 20 years old)*(Survey result(%)),Ministry of Internal Affairs and Communications,2024-01-23
12047,xHH6_IDI,Estimated proportion of households with Internet access at home,% of households,ITU World Telecommunication Indicators Database,2018,Jamaica,JAM,,,,64.4063907613756,,Statistical Institute of Jamaica,2024-01-23
12047,xHH6_IDI,Estimated proportion of households with Internet access at home,% of households,ITU World Telecommunication Indicators Database,2018,Jordan,JOR,,,,41.644060713598,,ITU estimate,2021-11-29
12047,xHH6_IDI,Estimated proportion of households with Internet access at home,% of households,ITU World Telecommunication Indicators Database,2018,Kenya,KEN,,,,12.089848413724,,ITU estimate,2021-11-29
12047,xHH6_IDI,Estimated proportion of households with Internet access at home,% of households,ITU World Telecommunication Indicators Database,2018,Kiribati,KIR,,,,47.18177767,,Multiple Indicator Cluster Survey 2018-19,2024-01-23
12047,xHH6_IDI,Estimated proportion of households with Internet access at home,% of households,ITU World Telecommunication Indicators Database,2018,Korea (Rep. of),KOR,,,,99.4781793888529,,Ministriy of Sceience and ICT(MSIT),2024-01-23
8811,HHA4213-%_HH-CHILDREN-RURAL,HH06 - Households with Internet access at home - %_HH - CHILDREN - RURAL,% of households,ITU Households Database,2018,Korea (Rep. of),KOR,Location,Children,Rural,100,,Ministriy of Sceience and ICT(MSIT),2024-07-08
8812,HHA4213-%_HH-CHILDREN-URBAN,HH06 - Households with Internet access at home - %_HH - CHILDREN - URBAN,% of households,ITU Households Database,2018,Korea (Rep. of),KOR,Location,Children,Urban,100,,Ministriy of Sceience and ICT(MSIT),2024-07-08
8818,HHA4213-%_HH-NOCHILDREN-URBAN,HH06 - Households with Internet access at home - %_HH - NOCHILDREN - URBAN,% of households,ITU Households Database,2018,Korea (Rep. of),KOR,Location,No Children,Urban,99.58201204953635,,Ministriy of Sceience and ICT(MSIT),2026-07-05
8817,HHA4213-%_HH-NOCHILDREN-RURAL,HH06 - Households with Internet access at home - %_HH - NOCHILDREN - RURAL,% of households,ITU Households Database,2018,Korea (Rep. of),KOR,Location,No Children,Rural,98.42368750711763,,Ministriy of Sceience and ICT(MSIT),2026-07-05
8810,HHA4213-%_HH-CHILDREN-,HH06 - Households with Internet access at home - %_HH - CHILDREN,% of households,ITU Households Database,2018,Korea (Rep. of),KOR,Family,Children,,100,,Ministriy of Sceience and ICT(MSIT),2024-07-08
8819,HHA4213-%_HH-RURAL-,HH06 - Households with Internet access at home - %_HH - RURAL,% of households,ITU Households Database,2018,Korea (Rep. of),KOR,Location,Rural,,98.64179831283226,,Ministriy of Sceience and ICT(MSIT),2026-07-06
8816,HHA4213-%_HH-NOCHILDREN-,HH06 - Households with Internet access at home - %_HH - NOCHILDREN,% of households,ITU Households Database,2018,Korea (Rep. of),KOR,Family,No Children,,99.33645911526166,,Ministriy of Sceience and ICT(MSIT),2026-07-05
8820,HHA4213-%_HH-URBAN-,HH06 - Households with Internet access at home - %_HH - URBAN,% of households,ITU Households Database,2018,Korea (Rep. of),KOR,Location,Urban,,99.6788288562006,,Ministriy of Sceience and ICT(MSIT),2024-07-08
8810,HHA4213-%_HH-CHILDREN-,HH06 - Households with Internet access at home - %_HH - CHILDREN,% of households,ITU Households Database,2018,Kuwait,KWT,Family,Children,,100,,comminucations and information technology regulatory authority,2024-07-08
8816,HHA4213-%_HH-NOCHILDREN-,HH06 - Households with Internet access at home - %_HH - NOCHILDREN,% of households,ITU Households Database,2018,Kuwait,KWT,Family,No Children,,100,,comminucations and information technology regulatory authority,2024-07-08
12047,xHH6_IDI,Estimated proportion of households with Internet access at home,% of households,ITU World Telecommunication Indicators Database,2018,Kuwait,KWT,,,,100,,Communication and Information Technology Regulatory Authority,2024-01-23
12047,xHH6_IDI,Estimated proportion of households with Internet access at home,% of households,ITU World Telecommunication Indicators Database,2018,Lao P.D.R.,LAO,,,,19.5411245758072,,ITU estimate,2021-11-29
12047,xHH6_IDI,Estimated proportion of households with Internet access at home,% of households,ITU World Telecommunication Indicators Database,2018,Liechtenstein,LIE,,,,90.0496237606955,,ITU estimate,2021-11-29
12047,xHH6_IDI,Estimated proportion of households with Internet access at home,% of households,ITU World Telecommunication Indicators Database,2018,Lesotho,LSO,,,,2.41551515855759,,ITU estimate,2021-11-29
12047,xHH6_IDI,Estimated proportion of households with Internet access at home,% of households,ITU World Telecommunication Indicators Database,2018,Lithuania,LTU,,,,78.3771706439999,households in which at least one of the members is between 16 and 74,Statistics Lithuania,2024-01-23
12047,xHH6_IDI,Estimated proportion of households with Internet access at home,% of households,ITU World Telecommunication Indicators Database,2018,Luxembourg,LUX,,,,92.9857870838893,,Service Central de la Statistique et des Etudes Economiques (STATEC),2024-01-23
12047,xHH6_IDI,Estimated proportion of households with Internet access at home,% of households,ITU World Telecommunication Indicators Database,2018,Latvia,LVA,,,,81.5768501364082,,Central Statistical Bureau of Latvia,2024-01-23
12047,xHH6_IDI,Estimated proportion of households with Internet access at home,% of households,ITU World Telecommunication Indicators Database,2018,"Macao, China",MAC,,,,90.2263374485597,,Statistics and Census Service,2024-01-23
8810,HHA4213-%_HH-CHILDREN-,HH06 - Households with Internet access at home - %_HH - CHILDREN,% of households,ITU Households Database,2018,"Macao, China",MAC,Family,Children,,98.85057471264368,,Statistics and Census Service,2026-07-06
8816,HHA4213-%_HH-NOCHILDREN-,HH06 - Households with Internet access at home - %_HH - NOCHILDREN,% of households,ITU Households Database,2018,"Macao, China",MAC,Family,No Children,,86.29213483146067,,Statistics and Census Service,2026-07-05
8816,HHA4213-%_HH-NOCHILDREN-,HH06 - Households with Internet access at home - %_HH - NOCHILDREN,% of households,ITU Households Database,2018,Mauritius,MUS,Family,No Children,,63.53026262979491,,Statistics Mauritius,2026-07-05
8810,HHA4213-%_HH-CHILDREN-,HH06 - Households with Internet access at home - %_HH - CHILDREN,% of households,ITU Households Database,2018,Mauritius,MUS,Family,Children,,81.32854711526313,,Statistics Mauritius,2026-07-06
12047,xHH6_IDI,Estimated proportion of households with Internet access at home,% of households,ITU World Telecommunication Indicators Database,2018,Mauritius,MUS,,,,69.7312273433454,,Statistics Mauritius,2024-01-23
12047,xHH6_IDI,Estimated proportion of households with Internet access at home,% of households,ITU World Telecommunication Indicators Database,2018,Monaco,MCO,,,,82.3788724289657,,ITU estimate,2021-11-29
12047,xHH6_IDI,Estimated proportion of households with Internet access at home,% of households,ITU World Telecommunication Indicators Database,2018,Madagascar,MDG,,,,3.7,,Institute National de la Statistique - Troisieme Recensement General de la Population et de l'Habitation (RGPH-3),2024-01-23
12047,xHH6_IDI,Estimated proportion of households with Internet access at home,% of households,ITU World Telecommunication Indicators Database,2018,Mexico,MEX,,,,52.5108516944921,,Instituto Nacional de Estadística y Geografía (INEGI),2024-01-23
8816,HHA4213-%_HH-NOCHILDREN-,HH06 - Households with Internet access at home - %_HH - NOCHILDREN,% of households,ITU Households Database,2018,Mexico,MEX,Family,No Children,,52.36937637027238,,Instituto Nacional de Estadística y Geografía (INEGI),2026-07-06
8818,HHA4213-%_HH-NOCHILDREN-URBAN,HH06 - Households with Internet access at home - %_HH - NOCHILDREN - URBAN,% of households,ITU Households Database,2018,Mexico,MEX,Location,No Children,Urban,61.08746486759888,,Instituto Nacional de Estadística y Geografía (INEGI),2026-07-05
8819,HHA4213-%_HH-RURAL-,HH06 - Households with Internet access at home - %_HH - RURAL,% of households,ITU Households Database,2018,Mexico,MEX,Location,Rural,,19.313914655583698,,Instituto Nacional de Estadística y Geografía (INEGI),2026-07-06
8811,HHA4213-%_HH-CHILDREN-RURAL,HH06 - Households with Internet access at home - %_HH - CHILDREN - RURAL,% of households,ITU Households Database,2018,Mexico,MEX,Location,Children,Rural,21.71985819513299,,Instituto Nacional de Estadística y Geografía (INEGI),2026-07-06
8810,HHA4213-%_HH-CHILDREN-,HH06 - Households with Internet access at home - %_HH - CHILDREN,% of households,ITU Households Database,2018,Mexico,MEX,Family,Children,,52.64941872958545,,Instituto Nacional de Estadística y Geografía (INEGI),2026-07-06
8812,HHA4213-%_HH-CHILDREN-URBAN,HH06 - Households with Internet access at home - %_HH - CHILDREN - URBAN,% of households,ITU Households Database,2018,Mexico,MEX,Location,Children,Urban,63.64100432222922,,Instituto Nacional de Estadística y Geografía (INEGI),2026-07-05
8817,HHA4213-%_HH-NOCHILDREN-RURAL,HH06 - Households with Internet access at home - %_HH - NOCHILDREN - RURAL,% of households,ITU Households Database,2018,Mexico,MEX,Location,No Children,Rural,15.981607114001253,,Instituto Nacional de Estadística y Geografía (INEGI),2026-07-05
8820,HHA4213-%_HH-URBAN-,HH06 - Households with Internet access at home - %_HH - URBAN,% of households,ITU Households Database,2018,Mexico,MEX,Location,Urban,,62.320504793609864,,Instituto Nacional de Estadística y Geografía (INEGI),2026-07-05
8819,HHA4213-%_HH-RURAL-,HH06 - Households with Internet access at home - %_HH - RURAL,% of households,ITU Households Database,2018,Malaysia,MYS,Location,Rural,,78.86912167205773,,Department of Statistics Malaysia,2026-07-06
8820,HHA4213-%_HH-URBAN-,HH06 - Households with Internet access at home - %_HH - URBAN,% of households,ITU Households Database,2018,Malaysia,MYS,Location,Urban,,89.07122179038114,,Department of Statistics Malaysia,2026-07-05
12047,xHH6_IDI,Estimated proportion of households with Internet access at home,% of households,ITU World Telecommunication Indicators Database,2018,Malaysia,MYS,,,,86.9845672336798,,Department of Statistics,2024-01-23
12047,xHH6_IDI,Estimated proportion of households with Internet access at home,% of households,ITU World Telecommunication Indicators Database,2018,Maldives,MDV,,,,93.000753958281,,ITU estimate,2021-11-29
12047,xHH6_IDI,Estimated proportion of households with Internet access at home,% of households,ITU World Telecommunication Indicators Database,2018,Mali,MLI,,,,17.3721958735768,,INSTAT,2024-01-23
8817,HHA4213-%_HH-NOCHILDREN-RURAL,HH06 - Households with Internet access at home - %_HH - NOCHILDREN - RURAL,% of households,ITU Households Database,2018,Mali,MLI,Location,No Children,Rural,10.749942515791487,,INSTAT,2026-07-05
8811,HHA4213-%_HH-CHILDREN-RURAL,HH06 - Households with Internet access at home - %_HH - CHILDREN - RURAL,% of households,ITU Households Database,2018,Mali,MLI,Location,Children,Rural,6.584217656694712,,INSTAT,2026-07-06
8819,HHA4213-%_HH-RURAL-,HH06 - Households with Internet access at home - %_HH - RURAL,% of households,ITU Households Database,2018,Mali,MLI,Location,Rural,,6.882356746724108,,INSTAT,2026-07-06
8812,HHA4213-%_HH-CHILDREN-URBAN,HH06 - Households with Internet access at home - %_HH - CHILDREN - URBAN,% of households,ITU Households Database,2018,Mali,MLI,Location,Children,Urban,41.29610081672972,,INSTAT,2026-07-05
8820,HHA4213-%_HH-URBAN-,HH06 - Households with Internet access at home - %_HH - URBAN,% of households,ITU Households Database,2018,Mali,MLI,Location,Urban,,41.38481729786553,,INSTAT,2026-07-05
8818,HHA4213-%_HH-NOCHILDREN-URBAN,HH06 - Households with Internet access at home - %_HH - NOCHILDREN - URBAN,% of households,ITU Households Database,2018,Mali,MLI,Location,No Children,Urban,42.02436720758349,,INSTAT,2026-07-05
8816,HHA4213-%_HH-NOCHILDREN-,HH06 - Households with Internet access at home - %_HH - NOCHILDREN,% of households,ITU Households Database,2018,Mali,MLI,Family,No Children,,24.08724006886667,,INSTAT,2026-07-05
8810,HHA4213-%_HH-CHILDREN-,HH06 - Households with Internet access at home - %_HH - CHILDREN,% of households,ITU Households Database,2018,Mali,MLI,Family,Children,,16.733550805041215,,INSTAT,2026-07-06
8812,HHA4213-%_HH-CHILDREN-URBAN,HH06 - Households with Internet access at home - %_HH - CHILDREN - URBAN,% of households,ITU Households Database,2018,Malta,MLT,Location,Children,Urban,37.40408031035764,,National Statistics Office,2026-07-05
8811,HHA4213-%_HH-CHILDREN-RURAL,HH06 - Households with Internet access at home - %_HH - CHILDREN - RURAL,% of households,ITU Households Database,2018,Malta,MLT,Location,Children,Rural,92.03078835131421,,National Statistics Office,2026-07-06
8818,HHA4213-%_HH-NOCHILDREN-URBAN,HH06 - Households with Internet access at home - %_HH - NOCHILDREN - URBAN,% of households,ITU Households Database,2018,Malta,MLT,Location,No Children,Urban,55.67320900343338,,National Statistics Office,2026-07-05
8816,HHA4213-%_HH-NOCHILDREN-,HH06 - Households with Internet access at home - %_HH - NOCHILDREN,% of households,ITU Households Database,2018,Malta,MLT,Family,No Children,,56.78408478775938,,National Statistics Office,2026-07-05
8819,HHA4213-%_HH-RURAL-,HH06 - Households with Internet access at home - %_HH - RURAL,% of households,ITU Households Database,2018,Malta,MLT,Location,Rural,,94.02076384929421,,National Statistics Office,2026-07-06
8820,HHA4213-%_HH-URBAN-,HH06 - Households with Internet access at home - %_HH - URBAN,% of households,ITU Households Database,2018,Malta,MLT,Location,Urban,,83.92818719169746,,National Statistics Office,2026-07-05
8817,HHA4213-%_HH-NOCHILDREN-RURAL,HH06 - Households with Internet access at home - %_HH - NOCHILDREN - RURAL,% of households,ITU Households Database,2018,Malta,MLT,Location,No Children,Rural,99.97187650362069,,National Statistics Office,2026-07-05
8810,HHA4213-%_HH-CHILDREN-,HH06 - Households with Internet access at home - %_HH - CHILDREN,% of households,ITU Households Database,2018,Malta,MLT,Family,Children,,38.52327947139788,,National Statistics Office,2026-07-06
12047,xHH6_IDI,Estimated proportion of households with Internet access at home,% of households,ITU World Telecommunication Indicators Database,2018,Malta,MLT,,,,84.1442934234981,Only households with at least one individual between the ages of 16 and 74 are considered.,National Statistics Office,2024-01-23
12047,xHH6_IDI,Estimated proportion of households with Internet access at home,% of households,ITU World Telecommunication Indicators Database,2018,Mongolia,MNG,,,,43.3000259363932,"Communication regulatory commission. Full coverage.##Telecommunication companies are providing internet services to households using wireless mobile telecommunications technology. Thus, households using this kind of internet service are added to number of households with internet.",National Statistical Office of Mongolia,2024-01-23
12047,xHH6_IDI,Estimated proportion of households with Internet access at home,% of households,ITU World Telecommunication Indicators Database,2018,Mozambique,MOZ,,,,5.2037170647975,,ITU estimate,2021-11-29
12047,xHH6_IDI,Estimated proportion of households with Internet access at home,% of households,ITU World Telecommunication Indicators Database,2018,Morocco,MAR,,,,74.1667779617609,,Agence Nationale de Réglementation des Télécommunications,2024-01-23
8819,HHA4213-%_HH-RURAL-,HH06 - Households with Internet access at home - %_HH - RURAL,% of households,ITU Households Database,2018,Morocco,MAR,Location,Rural,,56.799037072031474,,Agence Nationale de Réglementation des Télécommunications (ANRT),2026-07-06
8820,HHA4213-%_HH-URBAN-,HH06 - Households with Internet access at home - %_HH - URBAN,% of households,ITU Households Database,2018,Morocco,MAR,Location,Urban,,82.37828781073665,,Agence Nationale de Réglementation des Télécommunications (ANRT),2026-07-05
12047,xHH6_IDI,Estimated proportion of households with Internet access at home,% of households,ITU World Telecommunication Indicators Database,2018,Montserrat,MSR,,,,68.0586406041759,,"Statistics Department, Ministry of Finance and Economic Management (MoFEM), MONTSERRAT.",2024-01-23
12047,xHH6_IDI,Estimated proportion of households with Internet access at home,% of households,ITU World Telecommunication Indicators Database,2018,Mauritania,MRT,,,,24.9446419341626,,ITU estimate,2021-11-29
12047,xHH6_IDI,Estimated proportion of households with Internet access at home,% of households,ITU World Telecommunication Indicators Database,2018,Malawi,MWI,,,,10.4740134642299,,National Statistical Office of Malawi,2024-01-23
8820,HHA4213-%_HH-URBAN-,HH06 - Households with Internet access at home - %_HH - URBAN,% of households,ITU Households Database,2018,Malawi,MWI,Location,Urban,,28.035641111751275,,National Statistical Office of Malawi,2026-07-05
8819,HHA4213-%_HH-RURAL-,HH06 - Households with Internet access at home - %_HH - RURAL,% of households,ITU Households Database,2018,Malawi,MWI,Location,Rural,,7.0565572003761625,,National Statistical Office of Malawi,2026-07-06
12047,xHH6_IDI,Estimated proportion of households with Internet access at home,% of households,ITU World Telecommunication Indicators Database,2018,Nicaragua,NIC,,,,21.8817125062017,,ITU estimate,2021-11-29
12047,xHH6_IDI,Estimated proportion of households with Internet access at home,% of households,ITU World Telecommunication Indicators Database,2018,Niger,NER,,,,9.75386055308887,,"Ministère des Postes, des Télécommunications et de l'Economie Numérique
MINISTERE DES POSTES, DES TELECOMMUNICATIONS ET DE L'ECONOMIE NUMERIQUE - MPT/EN
MINISTERE DES POSTES, DES TELECOMMUNICATIONS ET DE L'ECONOMIE NUMERIQUE - MPT/EN
MINISTERE DES POSTES, DES TELECOMMUNICATIONS ET DE L'ECONOMIE NUMERIQUE - MPT/EN",2024-01-23
8812,HHA4213-%_HH-CHILDREN-URBAN,HH06 - Households with Internet access at home - %_HH - CHILDREN - URBAN,% of households,ITU Households Database,2018,Niger,NER,Location,Children,Urban,41.35715878265393,,"Ministère des Postes, des Télécommunications et de l'Economie Numérique",2026-07-05
8820,HHA4213-%_HH-URBAN-,HH06 - Households with Internet access at home - %_HH - URBAN,% of households,ITU Households Database,2018,Niger,NER,Location,Urban,,39.465299351321775,,"Ministère des Postes, des Télécommunications et de l'Economie Numérique",2026-07-05
8818,HHA4213-%_HH-NOCHILDREN-URBAN,HH06 - Households with Internet access at home - %_HH - NOCHILDREN - URBAN,% of households,ITU Households Database,2018,Niger,NER,Location,No Children,Urban,33.92033000694322,,"Ministère des Postes, des Télécommunications et de l'Economie Numérique",2026-07-05
8810,HHA4213-%_HH-CHILDREN-,HH06 - Households with Internet access at home - %_HH - CHILDREN,% of households,ITU Households Database,2018,Niger,NER,Family,Children,,10.142644168869012,,"Ministère des Postes, des Télécommunications et de l'Economie Numérique",2026-07-06
8819,HHA4213-%_HH-RURAL-,HH06 - Households with Internet access at home - %_HH - RURAL,% of households,ITU Households Database,2018,Niger,NER,Location,Rural,,4.88385288097819,,"Ministère des Postes, des Télécommunications et de l'Economie Numérique",2024-07-08
8816,HHA4213-%_HH-NOCHILDREN-,HH06 - Households with Internet access at home - %_HH - NOCHILDREN,% of households,ITU Households Database,2018,Niger,NER,Family,No Children,,8.276051014924429,,"Ministère des Postes, des Télécommunications et de l'Economie Numérique",2026-07-05
8811,HHA4213-%_HH-CHILDREN-RURAL,HH06 - Households with Internet access at home - %_HH - CHILDREN - RURAL,% of households,ITU Households Database,2018,Niger,NER,Location,Children,Rural,5.369777454541323,,"Ministère des Postes, des Télécommunications et de l'Economie Numérique",2026-07-06
8817,HHA4213-%_HH-NOCHILDREN-RURAL,HH06 - Households with Internet access at home - %_HH - NOCHILDREN - RURAL,% of households,ITU Households Database,2018,Niger,NER,Location,No Children,Rural,2.9489661296640115,,"Ministère des Postes, des Télécommunications et de l'Economie Numérique",2026-07-05
12047,xHH6_IDI,Estimated proportion of households with Internet access at home,% of households,ITU World Telecommunication Indicators Database,2018,Nigeria,NGA,,,,17.3582630741376,,ITU estimate,2021-11-29
12047,xHH6_IDI,Estimated proportion of households with Internet access at home,% of households,ITU World Telecommunication Indicators Database,2018,Namibia,NAM,,,,29.0194016582287,,ITU estimate,2021-11-29
12047,xHH6_IDI,Estimated proportion of households with Internet access at home,% of households,ITU World Telecommunication Indicators Database,2018,Norway,NOR,,,,96.0000108459576,,Statistics Norway,2024-01-23
12047,xHH6_IDI,Estimated proportion of households with Internet access at home,% of households,ITU World Telecommunication Indicators Database,2018,Nepal (Republic of),NPL,,,,24.4698455263753,,ITU estimate,2021-11-29
12047,xHH6_IDI,Estimated proportion of households with Internet access at home,% of households,ITU World Telecommunication Indicators Database,2018,Nauru,NRU,,,,79.8831917929164,,ITU estimate,2021-11-29
12047,xHH6_IDI,Estimated proportion of households with Internet access at home,% of households,ITU World Telecommunication Indicators Database,2018,New Zealand,NZL,,,,88.4450336031834,,ITU estimate,2021-11-29
12047,xHH6_IDI,Estimated proportion of households with Internet access at home,% of households,ITU World Telecommunication Indicators Database,2018,Oman,OMN,,,,94.4052185421738,,ITU estimate,2021-11-29
12047,xHH6_IDI,Estimated proportion of households with Internet access at home,% of households,ITU World Telecommunication Indicators Database,2018,Pakistan,PAK,,,,21.4690685449865,,ITU estimate,2021-11-29
12047,xHH6_IDI,Estimated proportion of households with Internet access at home,% of households,ITU World Telecommunication Indicators Database,2018,Panama,PAN,,,,72.4116174747454,,Instituto Nacional de Estadística y Censo,2024-01-23
12047,xHH6_IDI,Estimated proportion of households with Internet access at home,% of households,ITU World Telecommunication Indicators Database,2018,Poland,POL,,,,84.1884377888283,,Statistics Poland,2024-01-23
8820,HHA4213-%_HH-URBAN-,HH06 - Households with Internet access at home - %_HH - URBAN,% of households,ITU Households Database,2018,Poland,POL,Location,Urban,,85.27637034199334,,Statistics Poland,2026-07-05
8819,HHA4213-%_HH-RURAL-,HH06 - Households with Internet access at home - %_HH - RURAL,% of households,ITU Households Database,2018,Poland,POL,Location,Rural,,81.95964240578857,,Statistics Poland,2026-07-06
8810,HHA4213-%_HH-CHILDREN-,HH06 - Households with Internet access at home - %_HH - CHILDREN,% of households,ITU Households Database,2018,Poland,POL,Family,Children,,99.1946278595073,,Statistics Poland,2024-07-08
8816,HHA4213-%_HH-NOCHILDREN-,HH06 - Households with Internet access at home - %_HH - NOCHILDREN,% of households,ITU Households Database,2018,Poland,POL,Family,No Children,,76.9959930678474,,Statistics Poland,2024-07-08
8819,HHA4213-%_HH-RURAL-,HH06 - Households with Internet access at home - %_HH - RURAL,% of households,ITU Households Database,2018,Portugal,PRT,Location,Rural,,69.1032137394527,,Statistics Portugal,2024-07-08
8810,HHA4213-%_HH-CHILDREN-,HH06 - Households with Internet access at home - %_HH - CHILDREN,% of households,ITU Households Database,2018,Portugal,PRT,Family,Children,,95.8441423491191,,Statistics Portugal,2024-07-08
8820,HHA4213-%_HH-URBAN-,HH06 - Households with Internet access at home - %_HH - URBAN,% of households,ITU Households Database,2018,Portugal,PRT,Location,Urban,,84.78791981121047,,Statistics Portugal,2026-07-05
8816,HHA4213-%_HH-NOCHILDREN-,HH06 - Households with Internet access at home - %_HH - NOCHILDREN,% of households,ITU Households Database,2018,Portugal,PRT,Family,No Children,,75.2710127886108,,Statistics Portugal,2024-07-08
8811,HHA4213-%_HH-CHILDREN-RURAL,HH06 - Households with Internet access at home - %_HH - CHILDREN - RURAL,% of households,ITU Households Database,2018,Portugal,PRT,Location,Children,Rural,95.12245055765217,,Statistics Portugal,2026-07-06
8817,HHA4213-%_HH-NOCHILDREN-RURAL,HH06 - Households with Internet access at home - %_HH - NOCHILDREN - RURAL,% of households,ITU Households Database,2018,Portugal,PRT,Location,No Children,Rural,63.349889950070846,,Statistics Portugal,2026-07-05
8818,HHA4213-%_HH-NOCHILDREN-URBAN,HH06 - Households with Internet access at home - %_HH - NOCHILDREN - URBAN,% of households,ITU Households Database,2018,Portugal,PRT,Location,No Children,Urban,81.71386215792947,,Statistics Portugal,2026-07-05
8812,HHA4213-%_HH-CHILDREN-URBAN,HH06 - Households with Internet access at home - %_HH - CHILDREN - URBAN,% of households,ITU Households Database,2018,Portugal,PRT,Location,Children,Urban,96.1632890330522,,Statistics Portugal,2024-07-08
12047,xHH6_IDI,Estimated proportion of households with Internet access at home,% of households,ITU World Telecommunication Indicators Database,2018,Portugal,PRT,,,,79.4251064473765,,Instituto Nacional de Estatistica,2024-01-23
12047,xHH6_IDI,Estimated proportion of households with Internet access at home,% of households,ITU World Telecommunication Indicators Database,2018,Paraguay,PRY,,,,24.4079885956786,,"Direccion General de Estadistica, Encuestas y Censos",2024-01-23
8816,HHA4213-%_HH-NOCHILDREN-,HH06 - Households with Internet access at home - %_HH - NOCHILDREN,% of households,ITU Households Database,2018,Paraguay,PRY,Family,No Children,,35.07218719957925,,"Dirección General de Estadística, Encuestas y Censos (DGEEC)",2026-07-05
8812,HHA4213-%_HH-CHILDREN-URBAN,HH06 - Households with Internet access at home - %_HH - CHILDREN - URBAN,% of households,ITU Households Database,2018,Paraguay,PRY,Location,Children,Urban,25.766201836272135,,"Dirección General de Estadística, Encuestas y Censos (DGEEC)",2026-07-05
8819,HHA4213-%_HH-RURAL-,HH06 - Households with Internet access at home - %_HH - RURAL,% of households,ITU Households Database,2018,Paraguay,PRY,Location,Rural,,8.715905089218452,,"Dirección General de Estadística, Encuestas y Censos (DGEEC)",2026-07-06
8810,HHA4213-%_HH-CHILDREN-,HH06 - Households with Internet access at home - %_HH - CHILDREN,% of households,ITU Households Database,2018,Paraguay,PRY,Family,Children,,17.65658973262616,,"Dirección General de Estadística, Encuestas y Censos (DGEEC)",2026-07-06
8817,HHA4213-%_HH-NOCHILDREN-RURAL,HH06 - Households with Internet access at home - %_HH - NOCHILDREN - RURAL,% of households,ITU Households Database,2018,Paraguay,PRY,Location,No Children,Rural,14.363066400683955,,"Dirección General de Estadística, Encuestas y Censos (DGEEC)",2026-07-05
8820,HHA4213-%_HH-URBAN-,HH06 - Households with Internet access at home - %_HH - URBAN,% of households,ITU Households Database,2018,Paraguay,PRY,Location,Urban,,33.819773317482074,,"Dirección General de Estadística, Encuestas y Censos (DGEEC)",2026-07-05
8818,HHA4213-%_HH-NOCHILDREN-URBAN,HH06 - Households with Internet access at home - %_HH - NOCHILDREN - URBAN,% of households,ITU Households Database,2018,Paraguay,PRY,Location,No Children,Urban,44.939669823030066,,"Dirección General de Estadística, Encuestas y Censos (DGEEC)",2026-07-05
8811,HHA4213-%_HH-CHILDREN-RURAL,HH06 - Households with Internet access at home - %_HH - CHILDREN - RURAL,% of households,ITU Households Database,2018,Paraguay,PRY,Location,Children,Rural,5.887809827511234,,"Dirección General de Estadística, Encuestas y Censos (DGEEC)",2026-07-06
8812,HHA4213-%_HH-CHILDREN-URBAN,HH06 - Households with Internet access at home - %_HH - CHILDREN - URBAN,% of households,ITU Households Database,2018,Peru,PER,Location,Children,Urban,37.791903808742774,,Instituto Nacional de Estadística e Informática - INEI,2026-07-05
8819,HHA4213-%_HH-RURAL-,HH06 - Households with Internet access at home - %_HH - RURAL,% of households,ITU Households Database,2018,Peru,PER,Location,Rural,,2.0727103788424976,,Instituto Nacional de Estadística e Informática - INEI,2026-07-06
8811,HHA4213-%_HH-CHILDREN-RURAL,HH06 - Households with Internet access at home - %_HH - CHILDREN - RURAL,% of households,ITU Households Database,2018,Peru,PER,Location,Children,Rural,2.3262183336630784,,Instituto Nacional de Estadística e Informática - INEI,2026-07-06
8818,HHA4213-%_HH-NOCHILDREN-URBAN,HH06 - Households with Internet access at home - %_HH - NOCHILDREN - URBAN,% of households,ITU Households Database,2018,Peru,PER,Location,No Children,Urban,38.41732011553281,,Instituto Nacional de Estadística e Informática - INEI,2026-07-05
8810,HHA4213-%_HH-CHILDREN-,HH06 - Households with Internet access at home - %_HH - CHILDREN,% of households,ITU Households Database,2018,Peru,PER,Family,Children,,29.59790814388601,,Instituto Nacional de Estadística e Informática - INEI,2026-07-06
8817,HHA4213-%_HH-NOCHILDREN-RURAL,HH06 - Households with Internet access at home - %_HH - NOCHILDREN - RURAL,% of households,ITU Households Database,2018,Peru,PER,Location,No Children,Rural,1.8129510023215305,,Instituto Nacional de Estadística e Informática - INEI,2026-07-05
8816,HHA4213-%_HH-NOCHILDREN-,HH06 - Households with Internet access at home - %_HH - NOCHILDREN,% of households,ITU Households Database,2018,Peru,PER,Family,No Children,,29.994682874575496,,Instituto Nacional de Estadística e Informática - INEI,2026-07-05
8820,HHA4213-%_HH-URBAN-,HH06 - Households with Internet access at home - %_HH - URBAN,% of households,ITU Households Database,2018,Peru,PER,Location,Urban,,38.10163240258572,,Instituto Nacional de Estadística e Informática - INEI,2026-07-05
12047,xHH6_IDI,Estimated proportion of households with Internet access at home,% of households,ITU World Telecommunication Indicators Database,2018,Peru,PER,,,,29.7942907717151,The information comes from the home equipment module,Instituto Nacional de Estadistica e Informatica,2024-01-23
12047,xHH6_IDI,Estimated proportion of households with Internet access at home,% of households,ITU World Telecommunication Indicators Database,2018,Puerto Rico,PRI,,,,61.9758164365968,"Source: U.S. Census Bureau, 2017 American Community Survey 1-Year Estimates - Presence and Types of Internet Subscription in Household. Table B28002",Puerto Rico Institute of Statistics,2024-01-23
12047,xHH6_IDI,Estimated proportion of households with Internet access at home,% of households,ITU World Telecommunication Indicators Database,2018,Qatar,QAT,,,,93.9895073528376,,Ministry of Transport and Communications,2024-01-23
8812,HHA4213-%_HH-CHILDREN-URBAN,HH06 - Households with Internet access at home - %_HH - CHILDREN - URBAN,% of households,ITU Households Database,2018,Qatar,QAT,Location,Children,Urban,98.05364424057085,,Ministry Of Transport and Communications,2026-07-05
8816,HHA4213-%_HH-NOCHILDREN-,HH06 - Households with Internet access at home - %_HH - NOCHILDREN,% of households,ITU Households Database,2018,Qatar,QAT,Family,No Children,,90.76599149366236,,Ministry Of Transport and Communications,2026-07-05
8820,HHA4213-%_HH-URBAN-,HH06 - Households with Internet access at home - %_HH - URBAN,% of households,ITU Households Database,2018,Qatar,QAT,Location,Urban,,93.98950735283758,,Ministry Of Transport and Communications,2026-07-05
8818,HHA4213-%_HH-NOCHILDREN-URBAN,HH06 - Households with Internet access at home - %_HH - NOCHILDREN - URBAN,% of households,ITU Households Database,2018,Qatar,QAT,Location,No Children,Urban,90.76599149366236,,Ministry Of Transport and Communications,2026-07-05
8810,HHA4213-%_HH-CHILDREN-,HH06 - Households with Internet access at home - %_HH - CHILDREN,% of households,ITU Households Database,2018,Qatar,QAT,Family,Children,,98.05364424057085,,Ministry Of Transport and Communications,2026-07-06
8811,HHA4213-%_HH-CHILDREN-RURAL,HH06 - Households with Internet access at home - %_HH - CHILDREN - RURAL,% of households,ITU Households Database,2018,Romania,ROU,Location,Children,Rural,87.1165510124831,Number of households which have children under 16 years old,National Institute of Statistics,2024-07-08
8819,HHA4213-%_HH-RURAL-,HH06 - Households with Internet access at home - %_HH - RURAL,% of households,ITU Households Database,2018,Romania,ROU,Location,Rural,,71.08533264456752,Number of households with at least one member aged 16-74,National Institute of Statistics,2026-07-06
8817,HHA4213-%_HH-NOCHILDREN-RURAL,HH06 - Households with Internet access at home - %_HH - NOCHILDREN - RURAL,% of households,ITU Households Database,2018,Romania,ROU,Location,No Children,Rural,62.232422275629595,Number of households which does not have children under 16 years old,National Institute of Statistics,2026-07-05
8820,HHA4213-%_HH-URBAN-,HH06 - Households with Internet access at home - %_HH - URBAN,% of households,ITU Households Database,2018,Romania,ROU,Location,Urban,,88.08070379771134,Number of households with at least one member aged 16-74,National Institute of Statistics,2026-07-05
8812,HHA4213-%_HH-CHILDREN-URBAN,HH06 - Households with Internet access at home - %_HH - CHILDREN - URBAN,% of households,ITU Households Database,2018,Romania,ROU,Location,Children,Urban,96.9292403638654,Number of households which have children under 16 years old,National Institute of Statistics,2024-07-08
8810,HHA4213-%_HH-CHILDREN-,HH06 - Households with Internet access at home - %_HH - CHILDREN,% of households,ITU Households Database,2018,Romania,ROU,Family,Children,,92.37419372090054,Number of households which have children under 16 years old,National Institute of Statistics,2026-07-06
8816,HHA4213-%_HH-NOCHILDREN-,HH06 - Households with Internet access at home - %_HH - NOCHILDREN,% of households,ITU Households Database,2018,Romania,ROU,Family,No Children,,75.36804733360952,Number of households which does not have children under 16 years old,National Institute of Statistics,2026-07-05
8818,HHA4213-%_HH-NOCHILDREN-URBAN,HH06 - Households with Internet access at home - %_HH - NOCHILDREN - URBAN,% of households,ITU Households Database,2018,Romania,ROU,Location,No Children,Urban,84.26189341812925,Number of households which does not have children under 16 years old,National Institute of Statistics,2026-07-05
12047,xHH6_IDI,Estimated proportion of households with Internet access at home,% of households,ITU World Telecommunication Indicators Database,2018,Romania,ROU,,,,80.8857775036094,,National Institute of Statistics,2024-01-23
12047,xHH6_IDI,Estimated proportion of households with Internet access at home,% of households,ITU World Telecommunication Indicators Database,2018,Rwanda,RWA,,,,12.8068754940566,,ITU estimate,2021-11-29
12047,xHH6_IDI,Estimated proportion of households with Internet access at home,% of households,ITU World Telecommunication Indicators Database,2018,Russian Federation,RUS,,,,76.5795175597355,,Federal State Statistics Service of the Russian Federation,2024-01-23
8820,HHA4213-%_HH-URBAN-,HH06 - Households with Internet access at home - %_HH - URBAN,% of households,ITU Households Database,2018,Russian Federation,RUS,Location,Urban,,79.66855510182096,,Federal State Statistics Service (Rosstat) ,2026-07-05
8819,HHA4213-%_HH-RURAL-,HH06 - Households with Internet access at home - %_HH - RURAL,% of households,ITU Households Database,2018,Russian Federation,RUS,Location,Rural,,67.08700359134822,,Federal State Statistics Service (Rosstat) ,2026-07-06
12047,xHH6_IDI,Estimated proportion of households with Internet access at home,% of households,ITU World Telecommunication Indicators Database,2018,Sweden,SWE,,,,96.0608548880069,,ITU estimate,2021-11-29
12047,xHH6_IDI,Estimated proportion of households with Internet access at home,% of households,ITU World Telecommunication Indicators Database,2018,Sudan,SDN,,,,13.0920939169187,,ITU estimate,2021-11-29
12047,xHH6_IDI,Estimated proportion of households with Internet access at home,% of households,ITU World Telecommunication Indicators Database,2018,Senegal,SEN,,,,6.61960286,,Demographic and Health Survey 2018,2024-01-23
12047,xHH6_IDI,Estimated proportion of households with Internet access at home,% of households,ITU World Telecommunication Indicators Database,2018,Seychelles,SYC,,,,64.3630638063351,,ITU estimate,2021-11-29
12047,xHH6_IDI,Estimated proportion of households with Internet access at home,% of households,ITU World Telecommunication Indicators Database,2018,El Salvador,SLV,,,,20.0256125595369,,ITU estimate,2021-11-29
12047,xHH6_IDI,Estimated proportion of households with Internet access at home,% of households,ITU World Telecommunication Indicators Database,2018,San Marino,SMR,,,,75.1168925621008,,ITU estimate,2021-11-29
12047,xHH6_IDI,Estimated proportion of households with Internet access at home,% of households,ITU World Telecommunication Indicators Database,2018,Singapore,SGP,,,,97.7338715388428,,Infocomm Media Development Authority ,2024-01-23
12047,xHH6_IDI,Estimated proportion of households with Internet access at home,% of households,ITU World Telecommunication Indicators Database,2018,Sierra Leone,SLE,,,,17.6172075542594,,ITU estimate,2021-11-29
12047,xHH6_IDI,Estimated proportion of households with Internet access at home,% of households,ITU World Telecommunication Indicators Database,2018,Switzerland,CHE,,,,90.0496237606955,,ITU estimate,2021-11-29
12047,xHH6_IDI,Estimated proportion of households with Internet access at home,% of households,ITU World Telecommunication Indicators Database,2018,Suriname,SUR,,,,52.7524861991622,"This data regards internet access via computer and other devices (phone, tablets, etc)",General Bureau of Statistics,2024-01-23
12047,xHH6_IDI,Estimated proportion of households with Internet access at home,% of households,ITU World Telecommunication Indicators Database,2018,Slovenia,SVN,,,,86.6820693091683,"Households, with at least one member aged 16 to 74 years.",Statistical Office of the Republic of Slovenia,2024-01-23
8816,HHA4213-%_HH-NOCHILDREN-,HH06 - Households with Internet access at home - %_HH - NOCHILDREN,% of households,ITU Households Database,2018,Slovenia,SVN,Family,No Children,,81.69283991870532,"Households, with at least one member aged 16 to 74 years.",Statistical Office of the Republic of Slovenia ,2026-07-05
8810,HHA4213-%_HH-CHILDREN-,HH06 - Households with Internet access at home - %_HH - CHILDREN,% of households,ITU Households Database,2018,Slovenia,SVN,Family,Children,,98.55135135135134,"Households, with at least one member aged 16 to 74 years.",Statistical Office of the Republic of Slovenia ,2026-07-06
12047,xHH6_IDI,Estimated proportion of households with Internet access at home,% of households,ITU World Telecommunication Indicators Database,2018,Chad,TCD,,,,4.99172817653021,,ITU estimate,2021-11-29
12047,xHH6_IDI,Estimated proportion of households with Internet access at home,% of households,ITU World Telecommunication Indicators Database,2018,Czech Republic,CZE,,,,80.4843731412468,,Czech Statistical Office,2024-01-23
8811,HHA4213-%_HH-CHILDREN-RURAL,HH06 - Households with Internet access at home - %_HH - CHILDREN - RURAL,% of households,ITU Households Database,2018,Czech Republic,CZE,Location,Children,Rural,98.68036366375527,,Czech Statistical Office,2026-07-06
8816,HHA4213-%_HH-NOCHILDREN-,HH06 - Households with Internet access at home - %_HH - NOCHILDREN,% of households,ITU Households Database,2018,Czech Republic,CZE,Family,No Children,,73.7521288683404,,Czech Statistical Office,2024-07-08
8817,HHA4213-%_HH-NOCHILDREN-RURAL,HH06 - Households with Internet access at home - %_HH - NOCHILDREN - RURAL,% of households,ITU Households Database,2018,Czech Republic,CZE,Location,No Children,Rural,70.99825063409168,,Czech Statistical Office,2026-07-04
8819,HHA4213-%_HH-RURAL-,HH06 - Households with Internet access at home - %_HH - RURAL,% of households,ITU Households Database,2018,Czech Republic,CZE,Location,Rural,,78.72568582859341,,Czech Statistical Office,2026-07-06
8818,HHA4213-%_HH-NOCHILDREN-URBAN,HH06 - Households with Internet access at home - %_HH - NOCHILDREN - URBAN,% of households,ITU Households Database,2018,Czech Republic,CZE,Location,No Children,Urban,75.36797755769813,,Czech Statistical Office,2026-07-05
8820,HHA4213-%_HH-URBAN-,HH06 - Households with Internet access at home - %_HH - URBAN,% of households,ITU Households Database,2018,Czech Republic,CZE,Location,Urban,,81.51531955288118,,Czech Statistical Office,2026-07-05
8812,HHA4213-%_HH-CHILDREN-URBAN,HH06 - Households with Internet access at home - %_HH - CHILDREN - URBAN,% of households,ITU Households Database,2018,Czech Republic,CZE,Location,Children,Urban,97.33834144095364,,Czech Statistical Office,2026-07-05
8810,HHA4213-%_HH-CHILDREN-,HH06 - Households with Internet access at home - %_HH - CHILDREN,% of households,ITU Households Database,2018,Czech Republic,CZE,Family,Children,,97.83358487176105,,Czech Statistical Office,2026-07-06
8816,HHA4213-%_HH-NOCHILDREN-,HH06 - Households with Internet access at home - %_HH - NOCHILDREN,% of households,ITU Households Database,2018,Thailand,THA,Family,No Children,,61.684290435937164,,National Statistical Office of Thailand,2026-07-06
8812,HHA4213-%_HH-CHILDREN-URBAN,HH06 - Households with Internet access at home - %_HH - CHILDREN - URBAN,% of households,ITU Households Database,2018,Thailand,THA,Location,Children,Urban,85.4812266864258,,National Statistical Office of Thailand,2024-07-08
8819,HHA4213-%_HH-RURAL-,HH06 - Households with Internet access at home - %_HH - RURAL,% of households,ITU Households Database,2018,Thailand,THA,Location,Rural,,61.2637146193603,,National Statistical Office of Thailand,2024-07-08
8820,HHA4213-%_HH-URBAN-,HH06 - Households with Internet access at home - %_HH - URBAN,% of households,ITU Households Database,2018,Thailand,THA,Location,Urban,,75.05900272701511,,National Statistical Office of Thailand,2026-07-05
8817,HHA4213-%_HH-NOCHILDREN-RURAL,HH06 - Households with Internet access at home - %_HH - NOCHILDREN - RURAL,% of households,ITU Households Database,2018,Thailand,THA,Location,No Children,Rural,51.96715285115706,,National Statistical Office of Thailand,2026-07-05
8810,HHA4213-%_HH-CHILDREN-,HH06 - Households with Internet access at home - %_HH - CHILDREN,% of households,ITU Households Database,2018,Thailand,THA,Family,Children,,80.04521684794949,,National Statistical Office of Thailand,2026-07-06
8811,HHA4213-%_HH-CHILDREN-RURAL,HH06 - Households with Internet access at home - %_HH - CHILDREN - RURAL,% of households,ITU Households Database,2018,Thailand,THA,Location,Children,Rural,76.60650324284161,,National Statistical Office of Thailand,2026-07-06
8818,HHA4213-%_HH-NOCHILDREN-URBAN,HH06 - Households with Internet access at home - %_HH - NOCHILDREN - URBAN,% of households,ITU Households Database,2018,Thailand,THA,Location,No Children,Urban,71.16245420956285,,National Statistical Office of Thailand,2026-07-05
12047,xHH6_IDI,Estimated proportion of households with Internet access at home,% of households,ITU World Telecommunication Indicators Database,2018,Thailand,THA,,,,67.709636660649,,National Statistical Office,2024-01-23
12047,xHH6_IDI,Estimated proportion of households with Internet access at home,% of households,ITU World Telecommunication Indicators Database,2018,Trinidad and Tobago,TTO,,,,84.0665122325734,,ITU estimate,2021-11-29
12047,xHH6_IDI,Estimated proportion of households with Internet access at home,% of households,ITU World Telecommunication Indicators Database,2018,Tunisia,TUN,,,,46.0490045572578,,Institut National de la Statistique,2024-01-23
12047,xHH6_IDI,Estimated proportion of households with Internet access at home,% of households,ITU World Telecommunication Indicators Database,2018,Türkiye,TUR,,,,83.7909464790361,,Turkish Statistical Institute,2024-01-23
12047,xHH6_IDI,Estimated proportion of households with Internet access at home,% of households,ITU World Telecommunication Indicators Database,2018,Tuvalu,TUV,,,,64.2606682520381,,ITU estimate,2021-11-29
12047,xHH6_IDI,Estimated proportion of households with Internet access at home,% of households,ITU World Telecommunication Indicators Database,2018,Tanzania,TZA,,,,9.1122731882706,,ITU estimate,2021-11-29
12047,xHH6_IDI,Estimated proportion of households with Internet access at home,% of households,ITU World Telecommunication Indicators Database,2018,United Arab Emirates,ARE,,,,98.3999993532411,,Telecommunications Regulatory Authority ,2024-01-23
12047,xHH6_IDI,Estimated proportion of households with Internet access at home,% of households,ITU World Telecommunication Indicators Database,2018,Uganda,UGA,,,,9.1122731882706,,ITU estimate,2021-11-29
12047,xHH6_IDI,Estimated proportion of households with Internet access at home,% of households,ITU World Telecommunication Indicators Database,2018,Ukraine,UKR,,,,61.8762630214114,,State Statistics Service of Ukraine,2024-01-23
8819,HHA4213-%_HH-RURAL-,HH06 - Households with Internet access at home - %_HH - RURAL,% of households,ITU Households Database,2018,Ukraine,UKR,Location,Rural,,40.66510369302792,,State Statistics Service of Ukraine,2026-07-06
8820,HHA4213-%_HH-URBAN-,HH06 - Households with Internet access at home - %_HH - URBAN,% of households,ITU Households Database,2018,Ukraine,UKR,Location,Urban,,72.15077964538398,,State Statistics Service of Ukraine,2026-07-05
8810,HHA4213-%_HH-CHILDREN-,HH06 - Households with Internet access at home - %_HH - CHILDREN,% of households,ITU Households Database,2018,Ukraine,UKR,Family,Children,,83.93277544039734,,State Statistics Service of Ukraine,2026-07-06
8816,HHA4213-%_HH-NOCHILDREN-,HH06 - Households with Internet access at home - %_HH - NOCHILDREN,% of households,ITU Households Database,2018,Ukraine,UKR,Family,No Children,,48.44563721602459,,State Statistics Service of Ukraine,2026-07-05
8810,HHA4213-%_HH-CHILDREN-,HH06 - Households with Internet access at home - %_HH - CHILDREN,% of households,ITU Households Database,2018,Uruguay,URY,Family,Children,,66.07523883699173,,Instituto Nacional de Estadística,2026-07-06
8816,HHA4213-%_HH-NOCHILDREN-,HH06 - Households with Internet access at home - %_HH - NOCHILDREN,% of households,ITU Households Database,2018,Uruguay,URY,Family,No Children,,66.25744997674484,,Instituto Nacional de Estadística,2026-07-05
12047,xHH6_IDI,Estimated proportion of households with Internet access at home,% of households,ITU World Telecommunication Indicators Database,2018,Uruguay,URY,,,,68.4120618600604,,Instituto Nacional de Estadistica,2024-01-23
12047,xHH6_IDI,Estimated proportion of households with Internet access at home,% of households,ITU World Telecommunication Indicators Database,2018,United States,USA,,,,85.3497942386831,Households with Internet subscription. Does not include access without subscription.  Includes dial-up internet.  ##,US Census Bureau,2024-01-23
12047,xHH6_IDI,Estimated proportion of households with Internet access at home,% of households,ITU World Telecommunication Indicators Database,2018,Uzbekistan,UZB,,,,80.3999918973868,,State Committee of the Republic of Uzbekistan on Statistics ,2024-01-23
8816,HHA4213-%_HH-NOCHILDREN-,HH06 - Households with Internet access at home - %_HH - NOCHILDREN,% of households,ITU Households Database,2018,Uzbekistan,UZB,Family,No Children,,80.10182208250062,,The State Committee of the Republic of Uzbekistan on Statistics,2026-07-05
8817,HHA4213-%_HH-NOCHILDREN-RURAL,HH06 - Households with Internet access at home - %_HH - NOCHILDREN - RURAL,% of households,ITU Households Database,2018,Uzbekistan,UZB,Location,No Children,Rural,74.18052211797719,,The State Committee of the Republic of Uzbekistan on Statistics,2026-07-05
8818,HHA4213-%_HH-NOCHILDREN-URBAN,HH06 - Households with Internet access at home - %_HH - NOCHILDREN - URBAN,% of households,ITU Households Database,2018,Uzbekistan,UZB,Location,No Children,Urban,83.71369244952292,,The State Committee of the Republic of Uzbekistan on Statistics,2026-07-05
8811,HHA4213-%_HH-CHILDREN-RURAL,HH06 - Households with Internet access at home - %_HH - CHILDREN - RURAL,% of households,ITU Households Database,2018,Uzbekistan,UZB,Location,Children,Rural,73.82000021431686,,The State Committee of the Republic of Uzbekistan on Statistics,2026-07-06
8810,HHA4213-%_HH-CHILDREN-,HH06 - Households with Internet access at home - %_HH - CHILDREN,% of households,ITU Households Database,2018,Uzbekistan,UZB,Family,Children,,80.50268364664726,,The State Committee of the Republic of Uzbekistan on Statistics,2026-07-06
8819,HHA4213-%_HH-RURAL-,HH06 - Households with Internet access at home - %_HH - RURAL,% of households,ITU Households Database,2018,Uzbekistan,UZB,Location,Rural,,73.89498506277812,,The State Committee of the Republic of Uzbekistan on Statistics,2026-07-06
8812,HHA4213-%_HH-CHILDREN-URBAN,HH06 - Households with Internet access at home - %_HH - CHILDREN - URBAN,% of households,ITU Households Database,2018,Uzbekistan,UZB,Location,Children,Urban,87.09999381538601,,The State Committee of the Republic of Uzbekistan on Statistics,2026-07-05
8820,HHA4213-%_HH-URBAN-,HH06 - Households with Internet access at home - %_HH - URBAN,% of households,ITU Households Database,2018,Uzbekistan,UZB,Location,Urban,,86.09000669560959,,The State Committee of the Republic of Uzbekistan on Statistics,2026-07-05
12047,xHH6_IDI,Estimated proportion of households with Internet access at home,% of households,ITU World Telecommunication Indicators Database,2018,Viet Nam,VNM,,,,46.0052139242447,,Ministry of Information and Communications,2024-01-23
12047,xHH6_IDI,Estimated proportion of households with Internet access at home,% of households,ITU World Telecommunication Indicators Database,2018,Wallis and Futuna,WLF,,,,37,,Census.,2024-01-23
12047,xHH6_IDI,Estimated proportion of households with Internet access at home,% of households,ITU World Telecommunication Indicators Database,2018,Yemen,YEM,,,,7.99982961587666,,ITU estimate,2021-11-29
12047,xHH6_IDI,Estimated proportion of households with Internet access at home,% of households,ITU World Telecommunication Indicators Database,2018,Serbia,SRB,,,,72.9059806945432,,Statistical Office of the Republic of Serbia,2024-01-23
8818,HHA4213-%_HH-NOCHILDREN-URBAN,HH06 - Households with Internet access at home - %_HH - NOCHILDREN - URBAN,% of households,ITU Households Database,2018,Serbia,SRB,Location,No Children,Urban,73.62733501636939,,Statistical office of the Republic of Serbia,2026-07-05
8816,HHA4213-%_HH-NOCHILDREN-,HH06 - Households with Internet access at home - %_HH - NOCHILDREN,% of households,ITU Households Database,2018,Serbia,SRB,Family,No Children,,66.76811396209543,,Statistical office of the Republic of Serbia,2026-07-05
8817,HHA4213-%_HH-NOCHILDREN-RURAL,HH06 - Households with Internet access at home - %_HH - NOCHILDREN - RURAL,% of households,ITU Households Database,2018,Serbia,SRB,Location,No Children,Rural,54.93014249103718,,Statistical office of the Republic of Serbia,2026-07-05
8820,HHA4213-%_HH-URBAN-,HH06 - Households with Internet access at home - %_HH - URBAN,% of households,ITU Households Database,2018,Serbia,SRB,Location,Urban,,78.26069668132702,,Statistical office of the Republic of Serbia,2026-07-05
8812,HHA4213-%_HH-CHILDREN-URBAN,HH06 - Households with Internet access at home - %_HH - CHILDREN - URBAN,% of households,ITU Households Database,2018,Serbia,SRB,Location,Children,Urban,90.41255517713275,,Statistical office of the Republic of Serbia,2026-07-05
8819,HHA4213-%_HH-RURAL-,HH06 - Households with Internet access at home - %_HH - RURAL,% of households,ITU Households Database,2018,Serbia,SRB,Location,Rural,,63.85639472370492,,Statistical office of the Republic of Serbia,2026-07-06
8810,HHA4213-%_HH-CHILDREN-,HH06 - Households with Internet access at home - %_HH - CHILDREN,% of households,ITU Households Database,2018,Serbia,SRB,Family,Children,,88.56318689151985,,Statistical office of the Republic of Serbia,2026-07-06
8811,HHA4213-%_HH-CHILDREN-RURAL,HH06 - Households with Internet access at home - %_HH - CHILDREN - RURAL,% of households,ITU Households Database,2018,Serbia,SRB,Location,Children,Rural,85.59854538257923,,Statistical office of the Republic of Serbia,2026-07-06
12047,xHH6_IDI,Estimated proportion of households with Internet access at home,% of households,ITU World Telecommunication Indicators Database,2018,Zambia,ZMB,,,,17.6999878081518,,Central Statistical Office,2024-01-23
12047,xHH6_IDI,Estimated proportion of households with Internet access at home,% of households,ITU World Telecommunication Indicators Database,2018,Zimbabwe,ZWE,,,,30.30363978,,Multiple Indicator Cluster Survey 2018-19,2024-01-23
12047,xHH6_IDI,Estimated proportion of households with Internet access at home,% of households,ITU World Telecommunication Indicators Database,2018,Moldova,MDA,,,,54.2113613834953,,National Bureau of Statistics of the Republic of Moldova,2024-01-23
8816,HHA4213-%_HH-NOCHILDREN-,HH06 - Households with Internet access at home - %_HH - NOCHILDREN,% of households,ITU Households Database,2018,Moldova,MDA,Family,No Children,,44.69599382862017,,National Bureau of Statistics of the Republic of Moldova,2026-07-05
8818,HHA4213-%_HH-NOCHILDREN-URBAN,HH06 - Households with Internet access at home - %_HH - NOCHILDREN - URBAN,% of households,ITU Households Database,2018,Moldova,MDA,Location,No Children,Urban,57.32061328973478,,National Bureau of Statistics of the Republic of Moldova,2026-07-05
8817,HHA4213-%_HH-NOCHILDREN-RURAL,HH06 - Households with Internet access at home - %_HH - NOCHILDREN - RURAL,% of households,ITU Households Database,2018,Moldova,MDA,Location,No Children,Rural,36.04123218597882,,National Bureau of Statistics of the Republic of Moldova,2026-07-05
8820,HHA4213-%_HH-URBAN-,HH06 - Households with Internet access at home - %_HH - URBAN,% of households,ITU Households Database,2018,Moldova,MDA,Location,Urban,,66.9230097393423,,National Bureau of Statistics of the Republic of Moldova,2024-07-08
8812,HHA4213-%_HH-CHILDREN-URBAN,HH06 - Households with Internet access at home - %_HH - CHILDREN - URBAN,% of households,ITU Households Database,2018,Moldova,MDA,Location,Children,Urban,89.13249880161456,,National Bureau of Statistics of the Republic of Moldova,2026-07-05
8819,HHA4213-%_HH-RURAL-,HH06 - Households with Internet access at home - %_HH - RURAL,% of households,ITU Households Database,2018,Moldova,MDA,Location,Rural,,44.960231621467734,,National Bureau of Statistics of the Republic of Moldova,2026-07-06
8811,HHA4213-%_HH-CHILDREN-RURAL,HH06 - Households with Internet access at home - %_HH - CHILDREN - RURAL,% of households,ITU Households Database,2018,Moldova,MDA,Location,Children,Rural,70.49727586507784,,National Bureau of Statistics of the Republic of Moldova,2026-07-06
8810,HHA4213-%_HH-CHILDREN-,HH06 - Households with Internet access at home - %_HH - CHILDREN,% of households,ITU Households Database,2018,Moldova,MDA,Family,Children,,79.05208935424794,,National Bureau of Statistics of the Republic of Moldova,2026-07-06
8810,HHA4213-%_HH-CHILDREN-,HH06 - Households with Internet access at home - %_HH - CHILDREN,% of households,ITU Households Database,2018,Bosnia and Herzegovina,BIH,Family,Children,,82.03864110609041,,Agency for statistics of Bosnia and Herzegovina,2026-07-06
8816,HHA4213-%_HH-NOCHILDREN-,HH06 - Households with Internet access at home - %_HH - NOCHILDREN,% of households,ITU Households Database,2018,Bosnia and Herzegovina,BIH,Family,No Children,,61.29945431628987,,Agency for statistics of Bosnia and Herzegovina,2026-07-05
8811,HHA4213-%_HH-CHILDREN-RURAL,HH06 - Households with Internet access at home - %_HH - CHILDREN - RURAL,% of households,ITU Households Database,2018,Bosnia and Herzegovina,BIH,Location,Children,Rural,79.00916331733569,,Agency for statistics of Bosnia and Herzegovina,2026-07-06
8819,HHA4213-%_HH-RURAL-,HH06 - Households with Internet access at home - %_HH - RURAL,% of households,ITU Households Database,2018,Bosnia and Herzegovina,BIH,Location,Rural,,64.58628225312067,,Agency for statistics of Bosnia and Herzegovina,2026-07-06
8820,HHA4213-%_HH-URBAN-,HH06 - Households with Internet access at home - %_HH - URBAN,% of households,ITU Households Database,2018,Bosnia and Herzegovina,BIH,Location,Urban,,75.0866638017476,,Agency for statistics of Bosnia and Herzegovina,2024-07-08
8818,HHA4213-%_HH-NOCHILDREN-URBAN,HH06 - Households with Internet access at home - %_HH - NOCHILDREN - URBAN,% of households,ITU Households Database,2018,Bosnia and Herzegovina,BIH,Location,No Children,Urban,67.96800575966566,,Agency for statistics of Bosnia and Herzegovina,2026-07-05
8817,HHA4213-%_HH-NOCHILDREN-RURAL,HH06 - Households with Internet access at home - %_HH - NOCHILDREN - RURAL,% of households,ITU Households Database,2018,Bosnia and Herzegovina,BIH,Location,No Children,Rural,56.46326942546593,,Agency for statistics of Bosnia and Herzegovina,2026-07-05
8812,HHA4213-%_HH-CHILDREN-URBAN,HH06 - Households with Internet access at home - %_HH - CHILDREN - URBAN,% of households,ITU Households Database,2018,Bosnia and Herzegovina,BIH,Location,Children,Urban,85.47040290976153,,Agency for statistics of Bosnia and Herzegovina,2026-07-05
12047,xHH6_IDI,Estimated proportion of households with Internet access at home,% of households,ITU World Telecommunication Indicators Database,2018,Bosnia and Herzegovina,BIH,,,,69.1941519211296,,Agency for Statistics of Bosnia and Herzegovina,2024-01-23
12047,xHH6_IDI,Estimated proportion of households with Internet access at home,% of households,ITU World Telecommunication Indicators Database,2018,Georgia,GEO,,,,75.8005076084444,,National Statistics Office of Georgia,2024-01-23
8812,HHA4213-%_HH-CHILDREN-URBAN,HH06 - Households with Internet access at home - %_HH - CHILDREN - URBAN,% of households,ITU Households Database,2018,Georgia,GEO,Location,Children,Urban,93.97718879356049,,National Statistics Office of Georgia - GEOSTAT,2026-07-05
8818,HHA4213-%_HH-NOCHILDREN-URBAN,HH06 - Households with Internet access at home - %_HH - NOCHILDREN - URBAN,% of households,ITU Households Database,2018,Georgia,GEO,Location,No Children,Urban,78.78213458635175,,National Statistics Office of Georgia - GEOSTAT,2026-07-05
8810,HHA4213-%_HH-CHILDREN-,HH06 - Households with Internet access at home - %_HH - CHILDREN,% of households,ITU Households Database,2018,Georgia,GEO,Family,Children,,91.46663730194773,,National Statistics Office of Georgia - GEOSTAT,2026-07-06
8811,HHA4213-%_HH-CHILDREN-RURAL,HH06 - Households with Internet access at home - %_HH - CHILDREN - RURAL,% of households,ITU Households Database,2018,Georgia,GEO,Location,Children,Rural,88.13784285370528,,National Statistics Office of Georgia - GEOSTAT,2026-07-06
8820,HHA4213-%_HH-URBAN-,HH06 - Households with Internet access at home - %_HH - URBAN,% of households,ITU Households Database,2018,Georgia,GEO,Location,Urban,,84.22263614753801,,National Statistics Office of Georgia - GEOSTAT,2026-07-05
8817,HHA4213-%_HH-NOCHILDREN-RURAL,HH06 - Households with Internet access at home - %_HH - NOCHILDREN - RURAL,% of households,ITU Households Database,2018,Georgia,GEO,Location,No Children,Rural,52.02501801884407,,National Statistics Office of Georgia - GEOSTAT,2026-07-05
8816,HHA4213-%_HH-NOCHILDREN-,HH06 - Households with Internet access at home - %_HH - NOCHILDREN,% of households,ITU Households Database,2018,Georgia,GEO,Family,No Children,,67.14132440795775,,National Statistics Office of Georgia - GEOSTAT,2026-07-05
8819,HHA4213-%_HH-RURAL-,HH06 - Households with Internet access at home - %_HH - RURAL,% of households,ITU Households Database,2018,Georgia,GEO,Location,Rural,,64.78245248616619,,National Statistics Office of Georgia - GEOSTAT,2026-07-06
8818,HHA4213-%_HH-NOCHILDREN-URBAN,HH06 - Households with Internet access at home - %_HH - NOCHILDREN - URBAN,% of households,ITU Households Database,2018,Kazakhstan,KAZ,Location,No Children,Urban,83.86692167999328,,"Ministry of National Economy of the Republic of Kazakhstan
Committee on Statistics",2026-07-05
8819,HHA4213-%_HH-RURAL-,HH06 - Households with Internet access at home - %_HH - RURAL,% of households,ITU Households Database,2018,Kazakhstan,KAZ,Location,Rural,,85.47511309512781,,"Ministry of National Economy of the Republic of Kazakhstan
Committee on Statistics",2026-07-06
8810,HHA4213-%_HH-CHILDREN-,HH06 - Households with Internet access at home - %_HH - CHILDREN,% of households,ITU Households Database,2018,Kazakhstan,KAZ,Family,Children,,95.92100534168753,,"Ministry of National Economy of the Republic of Kazakhstan
Committee on Statistics",2026-07-06
8820,HHA4213-%_HH-URBAN-,HH06 - Households with Internet access at home - %_HH - URBAN,% of households,ITU Households Database,2018,Kazakhstan,KAZ,Location,Urban,,88.6342833518835,,"Ministry of National Economy of the Republic of Kazakhstan
Committee on Statistics",2024-07-08
8812,HHA4213-%_HH-CHILDREN-URBAN,HH06 - Households with Internet access at home - %_HH - CHILDREN - URBAN,% of households,ITU Households Database,2018,Kazakhstan,KAZ,Location,Children,Urban,96.79147130841092,,"Ministry of National Economy of the Republic of Kazakhstan
Committee on Statistics",2026-07-05
8811,HHA4213-%_HH-CHILDREN-RURAL,HH06 - Households with Internet access at home - %_HH - CHILDREN - RURAL,% of households,ITU Households Database,2018,Kazakhstan,KAZ,Location,Children,Rural,94.36763293116456,,"Ministry of National Economy of the Republic of Kazakhstan
Committee on Statistics",2026-07-06
8817,HHA4213-%_HH-NOCHILDREN-RURAL,HH06 - Households with Internet access at home - %_HH - NOCHILDREN - RURAL,% of households,ITU Households Database,2018,Kazakhstan,KAZ,Location,No Children,Rural,79.10270589707865,,"Ministry of National Economy of the Republic of Kazakhstan
Committee on Statistics",2026-07-05
8816,HHA4213-%_HH-NOCHILDREN-,HH06 - Households with Internet access at home - %_HH - NOCHILDREN,% of households,ITU Households Database,2018,Kazakhstan,KAZ,Family,No Children,,82.37254154216488,,"Ministry of National Economy of the Republic of Kazakhstan
Committee on Statistics",2026-07-05
12047,xHH6_IDI,Estimated proportion of households with Internet access at home,% of households,ITU World Telecommunication Indicators Database,2018,Kazakhstan,KAZ,,,,87.5880692187046,,"Committee on Statistics, Ministry of National Economy of the Republic of Kazakhstan",2024-01-23
12047,xHH6_IDI,Estimated proportion of households with Internet access at home,% of households,ITU World Telecommunication Indicators Database,2018,Tajikistan,TJK,,,,26.9259153840533,,ITU estimate,2021-11-29
12047,xHH6_IDI,Estimated proportion of households with Internet access at home,% of households,ITU World Telecommunication Indicators Database,2018,Turkmenistan,TKM,,,,48.4863092178516,,ITU estimate,2021-11-29
12047,xHH6_IDI,Estimated proportion of households with Internet access at home,% of households,ITU World Telecommunication Indicators Database,2018,Kyrgyzstan,KGZ,,,,70.05895132,,Multiple Indicator Cluster Survey 2018,2024-01-23
12047,xHH6_IDI,Estimated proportion of households with Internet access at home,% of households,ITU World Telecommunication Indicators Database,2018,Slovakia,SVK,,,,80.8442387634519,,Statistical Office of the Slovak Republic,2024-01-23
12047,xHH6_IDI,Estimated proportion of households with Internet access at home,% of households,ITU World Telecommunication Indicators Database,2018,North Macedonia,MKD,,,,79.3179107360914,,State Statistical Office,2024-01-23
8811,HHA4213-%_HH-CHILDREN-RURAL,HH06 - Households with Internet access at home - %_HH - CHILDREN - RURAL,% of households,ITU Households Database,2018,North Macedonia,MKD,Location,Children,Rural,94.11990538348174,,State Statistical Office,2026-07-06
8818,HHA4213-%_HH-NOCHILDREN-URBAN,HH06 - Households with Internet access at home - %_HH - NOCHILDREN - URBAN,% of households,ITU Households Database,2018,North Macedonia,MKD,Location,No Children,Urban,74.45502869125608,,State Statistical Office,2026-07-05
8810,HHA4213-%_HH-CHILDREN-,HH06 - Households with Internet access at home - %_HH - CHILDREN,% of households,ITU Households Database,2018,North Macedonia,MKD,Family,Children,,95.5299603899205,,State Statistical Office,2024-07-08
8816,HHA4213-%_HH-NOCHILDREN-,HH06 - Households with Internet access at home - %_HH - NOCHILDREN,% of households,ITU Households Database,2018,North Macedonia,MKD,Family,No Children,,71.84739496494517,,State Statistical Office,2026-07-05
8820,HHA4213-%_HH-URBAN-,HH06 - Households with Internet access at home - %_HH - URBAN,% of households,ITU Households Database,2018,North Macedonia,MKD,Location,Urban,,80.75623496239507,,State Statistical Office,2026-07-05
8817,HHA4213-%_HH-NOCHILDREN-RURAL,HH06 - Households with Internet access at home - %_HH - NOCHILDREN - RURAL,% of households,ITU Households Database,2018,North Macedonia,MKD,Location,No Children,Rural,67.27015921931176,,State Statistical Office,2026-07-05
8819,HHA4213-%_HH-RURAL-,HH06 - Households with Internet access at home - %_HH - RURAL,% of households,ITU Households Database,2018,North Macedonia,MKD,Location,Rural,,77.08334276312515,,State Statistical Office,2026-07-06
8812,HHA4213-%_HH-CHILDREN-URBAN,HH06 - Households with Internet access at home - %_HH - CHILDREN - URBAN,% of households,ITU Households Database,2018,North Macedonia,MKD,Location,Children,Urban,96.70190666200456,,State Statistical Office,2026-07-05
12047,xHH6_IDI,Estimated proportion of households with Internet access at home,% of households,ITU World Telecommunication Indicators Database,2018,Eritrea,ERI,,,,1.69404844208969,,ITU estimate,2021-11-29
12047,xHH6_IDI,Estimated proportion of households with Internet access at home,% of households,ITU World Telecommunication Indicators Database,2018,"Taiwan, Province of China",TWN,,,,89,,National Communications Commission,2024-01-23
12047,xHH6_IDI,Estimated proportion of households with Internet access at home,% of households,ITU World Telecommunication Indicators Database,2018,Timor-Leste,TLS,,,,15.7790298966541,,ITU estimate,2021-11-29
12047,xHH6_IDI,Estimated proportion of households with Internet access at home,% of households,ITU World Telecommunication Indicators Database,2018,Montenegro,MNE,,,,72.1776964924339,,Statistical Office of Montenegro,2024-01-23
8820,HHA4213-%_HH-URBAN-,HH06 - Households with Internet access at home - %_HH - URBAN,% of households,ITU Households Database,2018,Montenegro,MNE,Location,Urban,,76.26578759234252,,Statistical Office of Montenegro,2026-07-05
8819,HHA4213-%_HH-RURAL-,HH06 - Households with Internet access at home - %_HH - RURAL,% of households,ITU Households Database,2018,Montenegro,MNE,Location,Rural,,60.93982007162197,,Statistical Office of Montenegro,2026-07-06
12047,xHH6_IDI,Estimated proportion of households with Internet access at home,% of households,ITU World Telecommunication Indicators Database,2018,South Sudan,SSD,,,,4.83238444688804,,ITU estimate,2021-11-29
