"MUNICIPIO","TIPO DE EMPRESA","ENTIDAD","TIENE RESIDUOS POSTCONSUMO EN SU CASA?","DONDE ENTREGA LOS RESIDUOS","SABE QUE SIGNIFICA LA SIGLA RAEE","HA PARTICIPADO EN LAS JORNADAS DE RECOLECCION DE RESIDUOS POSTCONSUMO RAEE","COMO SE ENTERARON DE ESTA JORNADA","HA USADO APLICACIONES","UTILIZARIA UNA APP PARA RAEE?"
"CÚCUTA","PÚBLICA","GOBERNACIÓN DE NORTE DE SANTANDER","SI","LOS ENTREGA A LOS PUNTOS DE RECOLECCIÓN AUTORIZADOS (GESTORES DE RECOLECCIÓN DE RESIDUOS POSTCONSUMO)","SI","SI","INFORMACIÓN DIRECTA","SI","Sí"
"CÚCUTA","PÚBLICA","GOBERNACIÓN DE NORTE DE SANTANDER","NO","LOS DEJO EN CASA","SI","SI","INFORMACIÓN DIRECTA","SI","Sí"
"CÚCUTA","PÚBLICA","GOBERNACIÓN DE NORTE DE SANTANDER","NO","LOS DEJO EN CASA","SI","SI","INFORMACIÓN DIRECTA","NO","Sí"
"CÚCUTA","PÚBLICA","GOBERNACIÓN DE NORTE DE SANTANDER","SI","LOS ENTREGA A LOS PUNTOS DE RECOLECCIÓN AUTORIZADOS (GESTORES DE RECOLECCIÓN DE RESIDUOS POSTCONSUMO)","SI","SI","PUBLICACIÓN EN SEDE  ELECTRÓNICA, CORREO ELECTRÓNICO","SI","Sí"
"CÚCUTA","PÚBLICA","GOBERNACIÓN NORTE DE SANTANDER","NO","LOS ENTREGA A LOS PUNTOS DE RECOLECCIÓN AUTORIZADOS (GESTORES DE RECOLECCIÓN DE RESIDUOS POSTCONSUMO)","SI","SI","INFORMACIÓN DIRECTA","NO","Sí"
"CÚCUTA","PÚBLICA","GOBERNACION DE NORTE DE SANTANDER","SI","LOS REGALA A UN FAMILIAR, AMIGO O VECINO","SI","SI","INFORMACIÓN DIRECTA","SI","Sí"
"CÚCUTA","PÚBLICA","GOBERNACIÓN DE NORTE DE SANTANDER","SI","LOS ENTREGA A LOS PUNTOS DE RECOLECCIÓN AUTORIZADOS (GESTORES DE RECOLECCIÓN DE RESIDUOS POSTCONSUMO)","SI","SI","INFORMACIÓN DIRECTA","NO","Sí"
"CÚCUTA","PÚBLICA","GOBERNACIÓN NORTE DE SANTANDER","NO","LOS DEJO EN CASA","SI","SI","INFORMACIÓN DIRECTA","SI","Sí"
"CÚCUTA","PÚBLICA","GOBERNACIÓN NORTE DE SANTANDER","SI","LOS ENTREGA A LOS PUNTOS DE RECOLECCIÓN AUTORIZADOS (GESTORES DE RECOLECCIÓN DE RESIDUOS POSTCONSUMO)","SI","SI","REDES SOCIALES, INFORMACIÓN DIRECTA, PUBLICACIÓN EN SEDE  ELECTRÓNICA, CORREO ELECTRÓNICO","SI","Sí"
"CÚCUTA","PÚBLICA","GOBERNACION  NORTE DE SANTANDER","SI","LOS ENTREGA A LOS PUNTOS DE RECOLECCIÓN AUTORIZADOS (GESTORES DE RECOLECCIÓN DE RESIDUOS POSTCONSUMO)","SI","SI","REDES SOCIALES, CORREO ELECTRÓNICO","SI","Sí"
"CÚCUTA","PÚBLICA","GOBERNACIÓN DE NORTE DE SANTANDER","NO","LOS DEJO EN CASA","SI","SI","REDES SOCIALES","SI","Sí"
"VILLA DEL ROSARIO","PÚBLICA","GOBERNACIÓN DE NORTE DE SANTANDER","SI","LOS REGALA A UN FAMILIAR, AMIGO O VECINO","SI","SI","PUBLICACIÓN EN SEDE  ELECTRÓNICA","SI","Sí"
"VILLA DEL ROSARIO","PUBLICA","GOBERNACIÓN DE NORTE DE SANTANDER","NO","LOS DEJO EN CASA","SI","SI","REDES SOCIALES","SI","No"
"CÚCUTA","PÚBLICA","GOBERNACIÓN DE N DE S","SI","LOS ENTREGA A LA EMPRESA DEL ASEO, LOS ENTREGA A LOS PUNTOS DE RECOLECCIÓN AUTORIZADOS (GESTORES DE RECOLECCIÓN DE RESIDUOS POSTCONSUMO)","SI","SI","REDES SOCIALES, PUBLICACIÓN EN SEDE  ELECTRÓNICA","SI","No"
"CÚCUTA","PÚBLICA","GOBERNACIÓN SECRETARÍA TIC","NO","LOS DEJO EN CASA","NO","NO","PÁGINA OFICIAL DE LA GOBERNACIÓN","NO","Sí"
"CÚCUTA","PÚBLICA","GOBERNACIÓN DE NORTE DE SANTANDER","NO","LOS DEJO EN CASA","SI","SI","REDES SOCIALES, INFORMACIÓN DIRECTA, PUBLICACIÓN EN SEDE  ELECTRÓNICA","SI","Sí"
"TOLEDO","PÚBLICA","ALCALDÍA DE TOLEDO","SI","LOS ENTREGA A LOS PUNTOS DE RECOLECCIÓN AUTORIZADOS (GESTORES DE RECOLECCIÓN DE RESIDUOS POSTCONSUMO)","SI","SI","REDES SOCIALES, PUBLICACIÓN EN SEDE  ELECTRÓNICA, RADIO","SI","Sí"
"SANTIAGO","PÚBLICA","ALCALDÍA DE SANTIAGO","NO","LOS DEJO EN CASA","SI","SI","REDES SOCIALES","SI","Sí"
"CÚCUTA","PÚBLICA","GOBERNACIÓN DE NORTE DE SANTANDER","NO","LOS ENTREGA A LA EMPRESA DEL ASEO, LOS ENTREGA A LOS PUNTOS DE RECOLECCIÓN AUTORIZADOS (GESTORES DE RECOLECCIÓN DE RESIDUOS POSTCONSUMO)","SI","NO","CORREO ELECTRÓNICO","SI","Sí"
"CÚCUTA","PÚBLICA","COLEGIO FRAY MANUEL ALVAREZ","NO","LOS DEJO EN CASA","SI","SI","INFORMACIÓN DIRECTA","SI","Sí"
"CÚCUTA","PÚBLICA","TOLEDO PLATA","SI","LOS ENTREGA A LOS PUNTOS DE RECOLECCIÓN AUTORIZADOS (GESTORES DE RECOLECCIÓN DE RESIDUOS POSTCONSUMO)","SI","SI","CORREO ELECTRÓNICO","SI","Sí"
"CÚCUTA","PÚBLICA","GOBERNACIÓN NORTE DE SANTANDER","SI","LOS ENTREGA A LOS PUNTOS DE RECOLECCIÓN AUTORIZADOS (GESTORES DE RECOLECCIÓN DE RESIDUOS POSTCONSUMO)","SI","SI","REDES SOCIALES, INFORMACIÓN DIRECTA, PUBLICACIÓN EN SEDE  ELECTRÓNICA","NO","Sí"
"CÚCUTA","PÚBLICA","IMSALUD","SI","LOS ENTREGA A LOS PUNTOS DE RECOLECCIÓN AUTORIZADOS (GESTORES DE RECOLECCIÓN DE RESIDUOS POSTCONSUMO)","SI","NO","REDES SOCIALES","SI","Sí"
"CÚCUTA","PÚBLICA","IDS NORTE DE SANTANDER","SI","LOS REGALA A UN FAMILIAR, AMIGO O VECINO","SI","SI","INFORMACIÓN DIRECTA","SI","Sí"
"CÚCUTA","PÚBLICA","GOBERNACION DE NORTE DE SANTANDER","SI","LOS ENTREGA A LA EMPRESA DEL ASEO, LOS VENDE A UNA EMPRESA RECICLADORA, LOS REGALA A UN FAMILIAR, AMIGO O VECINO","SI","NO","INFORMACIÓN DIRECTA, PUBLICACIÓN EN SEDE  ELECTRÓNICA","SI","Sí"
"CÚCUTA","PRIVADA","UNIVERSIDAD SIMÓN BOLÍVAR","SI","LOS ENTREGA A LOS PUNTOS DE RECOLECCIÓN AUTORIZADOS (GESTORES DE RECOLECCIÓN DE RESIDUOS POSTCONSUMO)","SI","SI","REDES SOCIALES, INFORMACIÓN DIRECTA","SI","Sí"
"LOS PATIOS","PÚBLICA","ALCALDÍA DE LOS PATIOS","NO","LOS DEJO EN CASA","SI","SI","INFORMACIÓN DIRECTA","SI","Sí"
"LOS PATIOS","PÚBLICA","ALCALDIA DE LOS PATIOS","SI","LOS ENTREGA A LOS PUNTOS DE RECOLECCIÓN AUTORIZADOS (GESTORES DE RECOLECCIÓN DE RESIDUOS POSTCONSUMO)","SI","SI","REDES SOCIALES, CORREO ELECTRÓNICO","SI","Sí"
"CÚCUTA","PÚBLICA","SECRETARÍA EDUCACIÓN DEPARTAMENTAL","NO","LOS ENTREGA A LOS PUNTOS DE RECOLECCIÓN AUTORIZADOS (GESTORES DE RECOLECCIÓN DE RESIDUOS POSTCONSUMO)","SI","SI","INFORMACIÓN DIRECTA","SI","Sí"
"SALAZAR DE LAS PALMAS","PÚBLICA","CER MONTECRISTO","SI","LOS VENDE A UNA EMPRESA RECICLADORA, LOS REGALA A UN FAMILIAR, AMIGO O VECINO","NO","NO","REDES SOCIALES","SI","Sí"
"CÚCUTA","PÚBLICA","GOBERNACIÓN","SI","LOS REGALA A UN FAMILIAR, AMIGO O VECINO","NO","NO","INFORMACION DIRECTA","SI","No"
"CÚCUTA","ESTUDIANTE","GREMIOS UNIDOS","NO","LOS DEJO EN CASA","NO","NO","REDES SOCIALES","SI","No"
"CÚCUTA","TRABAJADOR INDEPENDIENTE","CAROLINAFMODA","NO","LOS DEJO EN CASA","SI","NO","REDES SOCIALES","SI","Sí"
"CÚCUTA","ESTUDIANTE","I. E. SAGRADO CORAZON DE JESUS","SI","LOS ENTREGA A LA EMPRESA DEL ASEO","NO","NO","NO SABIA QUE EXISTE","SI","No me interesa el tema"
"LOS PATIOS","DESEMPLEADO","DESEMPLEADO","NO","LOS DEJO EN CASA","NO","NO","INFORMACIÓN DIRECTA","NO","Sí"
"CÚCUTA","PÚBLICA","COLEGIO SAGRADO CORAZON DE JESUS","NO","LOS VENDE A UNA EMPRESA RECICLADORA, LOS REGALA A UN FAMILIAR, AMIGO O VECINO","NO","NO","INFORMACION DIRECTA","NO","N/A"
"CÚCUTA","ESTUDIANTE","SAGRADO CORAZÓN DE JESÚS","SI","LOS ENTREGA A LA EMPRESA DEL ASEO","NO","NO","NO SABIA QUE EXISTE","NO","No"
"CÚCUTA","PRIVADA","EMPRESA DE VENTA DE ARTÍCULOS ELECTRÓNICOS","NO","LOS DEJO EN CASA","NO","NO","REDES SOCIALES","NO","No me interesa el tema"
"CÚCUTA","DESEMPLEADO","NO TENGO TRABAJO","NO","LOS DEJO EN CASA","SI","NO","INFORMACIÓN DIRECTA","NO","No"
"CÚCUTA","DESEMPLEADO","DESEMPLEADO","NO","LOS DEJO EN CASA","SI","NO","PUBLICACIÓN EN SEDE  ELECTRÓNICA","SI","Sí"
"CÚCUTA","DESEMPLEADO","SENA","NO","LOS VENDE A UNA EMPRESA RECICLADORA, LOS REGALA A UN FAMILIAR, AMIGO O VECINO","SI","NO","REDES SOCIALES, TELEVISIÓN","SI","Sí"
"CÚCUTA","DESEMPLEADO","NO TENGO TRABAJO","NO","LOS DEJO EN CASA","NO","NO","REDES SOCIALES","SI","Sí"
"CÚCUTA","DESEMPLEADO","GREMIOS UNIDOS","NO","LOS DEJO EN CASA","SI","NO","INFORMACIÓN DIRECTA","NO","Sí"
"CÚCUTA","DESEMPLEADO","NO TENGO TRABAJO","NO","LOS VENDE A UNA EMPRESA RECICLADORA, LOS REGALA A UN FAMILIAR, AMIGO O VECINO","SI","NO","NO SABIA QUE EXISTE","NO","No"
"CÚCUTA","DESEMPLEADO","NO TENGO TRABAJO","NO","LOS DEJO EN CASA","NO","NO","INFORMACION DIRECTA","NO","Ninguno"
"CÚCUTA","DESEMPLEADO","NO TENGO TRABAJO","SI","LOS ENTREGA A LOS PUNTOS DE RECOLECCIÓN AUTORIZADOS (GESTORES DE RECOLECCIÓN DE RESIDUOS POSTCONSUMO)","SI","SI","RADIO","NO","No conozco de tecnología"
"CÚCUTA","DESEMPLEADO","NO TENGO TRABAJO","NO","LOS VENDE A UNA EMPRESA RECICLADORA, LOS REGALA A UN FAMILIAR, AMIGO O VECINO","SI","NO","REDES SOCIALES","NO","Sí"
"CÚCUTA","DESEMPLEADO","NO TENGO TRABAJO","SI","LOS ENTREGA A LOS PUNTOS DE RECOLECCIÓN AUTORIZADOS (GESTORES DE RECOLECCIÓN DE RESIDUOS POSTCONSUMO)","NO","NO","CORREO ELECTRÓNICO","NO","Sí"
"CÚCUTA","ESTUDIANTE","COLEGIO GREMIOS UNIDO","NO","LOS VENDE A UNA EMPRESA RECICLADORA, LOS REGALA A UN FAMILIAR, AMIGO O VECINO","SI","NO","REDES SOCIALES","SI","Sí"
"CÚCUTA","DESEMPLEADO","NO TENGO TRABAJO","SI","LOS REGALA A UN FAMILIAR, AMIGO O VECINO","NO","NO","NO SABIA QUE EXISTE","NO","Sí"
"LOS PATIOS","TRABAJADOR INDEPENDIENTE","NO TENGO TRABAJO","SI","LOS ENTREGA A LA EMPRESA DEL ASEO","NO","NO","REDES SOCIALES","SI","No me interesa el tema"
"CÚCUTA","ESTUDIANTE","COLEGIO SAGRADO CORAZON DE JESUS","NO","LOS ENTREGA A LA EMPRESA DEL ASEO","NO","NO","INFORMACIÓN DIRECTA","SI","No"
"CÚCUTA","DESEMPLEADO","NO TENGO TRABAJO","SI","LOS ENTREGA A LOS PUNTOS DE RECOLECCIÓN AUTORIZADOS (GESTORES DE RECOLECCIÓN DE RESIDUOS POSTCONSUMO)","NO","NO","REDES SOCIALES, ENVIO POR GRUPO DE WHATSAPP","NO","No"
"CÚCUTA","DESEMPLEADO","NO TENGO TRABAJO","SI","LOS ENTREGA A LOS PUNTOS DE RECOLECCIÓN AUTORIZADOS (GESTORES DE RECOLECCIÓN DE RESIDUOS POSTCONSUMO)","SI","NO","REDES SOCIALES","SI","Sí"
"CÚCUTA","DESEMPLEADO","NO TENGO TRABAJO","NO","LOS DEJO EN CASA","SI","NO","INFORMACIÓN DIRECTA","SI","Sí"
"CÚCUTA","TRABAJADOR INDEPENDIENTE","HOTEL BRUCELAS","SI","LOS VENDE A UNA EMPRESA RECICLADORA, LOS REGALA A UN FAMILIAR, AMIGO O VECINO","SI","NO","REDES SOCIALES","SI","No me interesa el tema"
"LOS PATIOS","PÚBLICA","SAGRADO CORAZÓN DE JESÚS","NO","LOS DEJO EN CASA","SI","NO","GRUPO DE WHATSAPP","SI","Sí"
"CÚCUTA","DESEMPLEADO","NO TENGO TRABAJO","NO","LOS VENDE A UNA EMPRESA RECICLADORA, LOS REGALA A UN FAMILIAR, AMIGO O VECINO","SI","NO","REDES SOCIALES","NO","Sí"
"CÚCUTA","PÚBLICA","COLEGIO CLUB DE LEONES","NO","LOS DEJO EN CASA","SI","NO","CORREO ELECTRÓNICO","NO","Sí"
"CÚCUTA","TRABAJADOR INDEPENDIENTE","INSTITUTO SALESIANO SAN JUAN BOSCO","SI","LOS ENTREGA A LA EMPRESA DEL ASEO","SI","NO","REDES SOCIALES","NO","Sí"
"CÚCUTA","DESEMPLEADO","DESEMPLEADO","NO","LOS DEJO EN CASA","NO","NO","REDES SOCIALES","SI","Sí"
"CÚCUTA","DESEMPLEADO","NO TENGO TRABAJO","NO","LOS VENDE A UNA EMPRESA RECICLADORA, LOS REGALA A UN FAMILIAR, AMIGO O VECINO","SI","NO","REDES SOCIALES","NO","No"
"CÚCUTA","TRABAJADOR INDEPENDIENTE","ES UNA PÁGINA","SI","LOS DEJO EN CASA","NO","NO","NO SABIA QUE EXISTE","NO","No me interesa el tema"
"CÚCUTA","DESEMPLEADO","NO TENGO TRABAJO","SI","LOS REGALA A UN FAMILIAR, AMIGO O VECINO","SI","NO","REDES SOCIALES","NO","Sí"
"CÚCUTA","TRABAJADOR INDEPENDIENTE","MI CASA","NO","LOS VENDE A UNA EMPRESA RECICLADORA, LOS REGALA A UN FAMILIAR, AMIGO O VECINO","NO","NO","NO SABIA QUE EXISTE","SI","Sí"
"CÚCUTA","DESEMPLEADO","NO TENGO TRABAJO","NO","LOS ENTREGA A LA EMPRESA DEL ASEO","SI","NO","INFORMACIÓN DIRECTA","SI","Sí"
"CÚCUTA","DESEMPLEADO","NO TENGO TRABAJO","NO","LOS VENDE A UNA EMPRESA RECICLADORA, LOS REGALA A UN FAMILIAR, AMIGO O VECINO","NO","NO","REDES SOCIALES","NO","No"
"CÚCUTA","PÚBLICA","GREMIOS UNIDOS","NO","LOS DEJO EN CASA","NO","NO","REDES SOCIALES","NO","Sí"
"CÚCUTA","TRABAJADOR INDEPENDIENTE","NO TENGO TRABAJO","SI","LOS DEJO EN CASA","SI","NO","INFORMACIÓN DIRECTA","NO","No me interesa el tema"
"CÚCUTA","TRABAJADOR INDEPENDIENTE","INDEPENDIENTE","SI","LOS ENTREGA A LOS PUNTOS DE RECOLECCIÓN AUTORIZADOS (GESTORES DE RECOLECCIÓN DE RESIDUOS POSTCONSUMO)","NO","NO","REDES SOCIALES","SI","Sí"
"LOS PATIOS","DESEMPLEADO","NO TENGO TRABAJO","SI","LOS ENTREGA A LOS PUNTOS DE RECOLECCIÓN AUTORIZADOS (GESTORES DE RECOLECCIÓN DE RESIDUOS POSTCONSUMO)","NO","NO","REDES SOCIALES","SI","Sí"
"CÚCUTA","DESEMPLEADO","NO TENGO TRABAJO","SI","LOS ENTREGA A LA EMPRESA DEL ASEO","NO","NO","CORREO ELECTRÓNICO","SI","Sí, No"
"CÚCUTA","DESEMPLEADO","NO TENGO TRABAJO","SI","LOS ENTREGA A LOS PUNTOS DE RECOLECCIÓN AUTORIZADOS (GESTORES DE RECOLECCIÓN DE RESIDUOS POSTCONSUMO)","SI","NO","CORREO ELECTRÓNICO","NO","Sí"
"CÚCUTA","DESEMPLEADO","NO TENGO TRABAJO","NO","LOS DEJO EN CASA","SI","NO","REDES SOCIALES","NO","Sí"
"CÚCUTA","DESEMPLEADO","NO TENGO TRABAJO","NO","LOS VENDE A UNA EMPRESA RECICLADORA, LOS REGALA A UN FAMILIAR, AMIGO O VECINO","SI","NO","NO SABIA QUE EXISTE","NO","Sí"
"LOS PATIOS","PÚBLICA","GOBERNACIÓN DE NORTE DE SANTANDER","SI","LOS ENTREGA A LOS PUNTOS DE RECOLECCIÓN AUTORIZADOS (GESTORES DE RECOLECCIÓN DE RESIDUOS POSTCONSUMO)","SI","SI","INFORMACIÓN DIRECTA, PUBLICACIÓN EN SEDE  ELECTRÓNICA","SI","Sí"
"CÚCUTA","DESEMPLEADO","NO TENGO TRABAJO","NO","LOS DEJO EN CASA","NO","NO","REDES SOCIALES","NO","No"
"CÚCUTA","DESEMPLEADO","NO TENGO TRABAJO","SI","LOS ENTREGA A LA EMPRESA DEL ASEO","SI","NO","REDES SOCIALES, TELEVISIÓN","SI","No me interesa el tema"
"CÚCUTA","TRABAJADOR INDEPENDIENTE","NO TENGO TRABAJO","NO","LOS VENDE A UNA EMPRESA RECICLADORA, LOS REGALA A UN FAMILIAR, AMIGO O VECINO","NO","NO","INFORMACIÓN DIRECTA","NO","No"
"CÚCUTA","PRIVADA","INSTITUTO SALESIANO SAN JUAN BOSCO","SI","LOS REGALA A UN FAMILIAR, AMIGO O VECINO","NO","NO","INFORMACIÓN DIRECTA","NO","Sí"
"CÚCUTA","DESEMPLEADO","NO TENGO TRABAJO","NO","LOS DEJO EN CASA","SI","NO","REDES SOCIALES, RADIO, TELEVISIÓN","NO","Sí"
"CÚCUTA","TRABAJADOR INDEPENDIENTE","TRABAJADOR INDEPENDIENTE","NO","LOS ENTREGA A LA EMPRESA DEL ASEO","NO","NO","REDES SOCIALES","NO","No"
"CÚCUTA","TRABAJADOR INDEPENDIENTE","EMASHOES","SI","LOS REGALA A UN FAMILIAR, AMIGO O VECINO","NO","NO","CORREO ELECTRÓNICO","SI","Sí"
"LOS PATIOS","ESTUDIANTE","I.E SAGRADO CORAZÓN DE JESÚS","NO","LOS DEJO EN CASA","NO","NO","PUBLICACIÓN EN SEDE  ELECTRÓNICA","SI","Sí"
"CÚCUTA","TRABAJADOR INDEPENDIENTE","NO TENGO TRABAJO","SI","LOS ENTREGA A LA EMPRESA DEL ASEO","NO","NO","INFORMACIÓN DIRECTA","NO","Sí"
"CÚCUTA","PÚBLICA","CASA","SI","LOS REGALA A UN FAMILIAR, AMIGO O VECINO","SI","NO","REDES SOCIALES","NO","No, No me interesa el tema"
"CÚCUTA","DESEMPLEADO","NO TENGO TRABAJO","NO","LOS VENDE A UNA EMPRESA RECICLADORA, LOS REGALA A UN FAMILIAR, AMIGO O VECINO","SI","NO","REDES SOCIALES","NO","No"
"CÚCUTA","TRABAJADOR INDEPENDIENTE","PRODUCTOS FAUMACERTICOS EDUARDO JAVIER BARCO","NO","LOS VENDE A UNA EMPRESA RECICLADORA, LOS REGALA A UN FAMILIAR, AMIGO O VECINO","NO","NO","REDES SOCIALES","SI","Sí"
"CÚCUTA","DESEMPLEADO","NO TENGO TRABAJO","SI","LOS DEJO EN CASA","NO","NO","TELEVISIÓN","NO","Sí"
"CÚCUTA","ESTUDIANTE","COLEGIO CLUB DE LEONES","SI","LOS ENTREGA A LOS PUNTOS DE RECOLECCIÓN AUTORIZADOS (GESTORES DE RECOLECCIÓN DE RESIDUOS POSTCONSUMO)","SI","SI","REDES SOCIALES, INFORMACIÓN DIRECTA, RADIO","SI","Sí"
"CÚCUTA","DESEMPLEADO","NO TENGO TRABAJO","NO","LOS DEJO EN CASA","SI","NO","NO SABIA QUE EXISTE","NO","No"
"CÚCUTA","TRABAJADOR INDEPENDIENTE","NO TENGO TRABAJO","SI","LOS ENTREGA A LOS PUNTOS DE RECOLECCIÓN AUTORIZADOS (GESTORES DE RECOLECCIÓN DE RESIDUOS POSTCONSUMO)","NO","NO","SENA","SI","Sí"
"CÚCUTA","DESEMPLEADO","ESTUDIANTE COLGREMIOS CUCUTA","NO","LOS VENDE A UNA EMPRESA RECICLADORA, LOS REGALA A UN FAMILIAR, AMIGO O VECINO","SI","NO","REDES SOCIALES","NO","Sí"
"CÚCUTA","DESEMPLEADO","NO TENGO TRABAJO","NO","LOS VENDE A UNA EMPRESA RECICLADORA, LOS REGALA A UN FAMILIAR, AMIGO O VECINO","NO","SI","REDES SOCIALES","SI","Sí"
"CÚCUTA","DESEMPLEADO","NO TENGO TRABAJO","NO","LOS VENDE A UNA EMPRESA RECICLADORA, LOS REGALA A UN FAMILIAR, AMIGO O VECINO","NO","NO","REDES SOCIALES","SI","Sí"
"CÚCUTA","DESEMPLEADO","NO TENGO TRABAJO","NO","LOS DEJO EN CASA","NO","NO","REDES SOCIALES","NO","Sí"
"CÚCUTA","DESEMPLEADO","NO TENGO TRABAJO","NO","LOS VENDE A UNA EMPRESA RECICLADORA, LOS REGALA A UN FAMILIAR, AMIGO O VECINO","SI","NO","CORREO ELECTRÓNICO","NO","Sí"
"CÚCUTA","DESEMPLEADO","NO TENGO TRABAJO","NO","LOS DEJO EN CASA","SI","NO","REDES SOCIALES","NO","Sí"
"CÚCUTA","DESEMPLEADO","NO TENGO TRABAJO","NO","LOS DEJO EN CASA","SI","NO","REDES SOCIALES","SI","Sí"
"CÚCUTA","DESEMPLEADO","NO TENGO TRABAJO","NO","LOS DEJO EN CASA","NO","NO","INFORMACIÓN DIRECTA","SI","No conozco de tecnología"
"CÚCUTA","ESTUDIANTE","COLEGIO GREMIOS UNIDOS","NO","LOS DEJO EN CASA","SI","SI","REDES SOCIALES, INFORMACIÓN DIRECTA","SI","Sí"
"CÚCUTA","DESEMPLEADO","NO TENGO TRABAJO","SI","LOS DEJO EN CASA","NO","NO","REDES SOCIALES","SI","Sí"
"CÚCUTA","TRABAJADOR INDEPENDIENTE","SAGRADO CORAZÓN DE JESÚS","NO","LOS ENTREGA A LOS PUNTOS DE RECOLECCIÓN AUTORIZADOS (GESTORES DE RECOLECCIÓN DE RESIDUOS POSTCONSUMO)","SI","NO","INFORMACIÓN DIRECTA","SI","Sí"
"CÚCUTA","DESEMPLEADO",,"NO","LOS DEJO EN CASA","SI","NO","REDES SOCIALES, RADIO","NO","No"
"CÚCUTA","TRABAJADOR INDEPENDIENTE","UNIVERSIDAD NACIONAL DE COLOMBIA","SI","LOS ENTREGA A LOS PUNTOS DE RECOLECCIÓN AUTORIZADOS (GESTORES DE RECOLECCIÓN DE RESIDUOS POSTCONSUMO)","NO","NO","REDES SOCIALES","SI","Sí"
"CÚCUTA","DESEMPLEADO","NO TENGO TRABAJO","NO","LOS VENDE A UNA EMPRESA RECICLADORA, LOS REGALA A UN FAMILIAR, AMIGO O VECINO","SI","NO","INFORMACION DIRECTA","NO","No"
"CÚCUTA","DESEMPLEADO","NO TENGO TRABAJO","SI","LOS ENTREGA A LOS PUNTOS DE RECOLECCIÓN AUTORIZADOS (GESTORES DE RECOLECCIÓN DE RESIDUOS POSTCONSUMO)","SI","NO","CORREO ELECTRÓNICO","NO","No"
"CÚCUTA","TRABAJADOR INDEPENDIENTE","NO TENGO TRABAJO","SI","LOS ENTREGA A LA EMPRESA DEL ASEO, LOS REGALA A UN FAMILIAR, AMIGO O VECINO","SI","NO","NO SABIA QUE EXISTE","SI","Sí"
"CÚCUTA","TRABAJADOR INDEPENDIENTE","OTRO","NO","LOS DEJO EN CASA","SI","NO","REDES SOCIALES, INFORMACIÓN DIRECTA","NO","No me interesa el tema"
"CÚCUTA","DESEMPLEADO","NO TENGO TRABAJO","SI","LOS ENTREGA A LOS PUNTOS DE RECOLECCIÓN AUTORIZADOS (GESTORES DE RECOLECCIÓN DE RESIDUOS POSTCONSUMO)","NO","SI","INFORMACION DIRECTA","SI","Sí"
"CÚCUTA","DESEMPLEADO","INSTITUTO SALESIANO SAN JUAN BOSCO","NO","LOS REGALA A UN FAMILIAR, AMIGO O VECINO","SI","NO","CORREO ELECTRÓNICO","SI","No"
"CÚCUTA","DESEMPLEADO","NO TENGO TRABAJO","SI","LOS DEJO EN CASA","NO","NO","CORREO ELECTRÓNICO","NO","No"
"CÚCUTA","PÚBLICA","SAGRADO CORAZÓN DE JESUS","NO","LOS VENDE A UNA EMPRESA RECICLADORA, LOS REGALA A UN FAMILIAR, AMIGO O VECINO","SI","NO","REDES SOCIALES","SI","Sí"
"CÚCUTA","TRABAJADOR INDEPENDIENTE","TRABAJADOR INDEPENDIENTE","NO","LOS DEJO EN CASA","NO","NO","REDES SOCIALES","NO","No me interesa el tema"
"CÚCUTA","PRIVADA","COLEGIO HISPANOAMERICANO","SI","LOS VENDE A UNA EMPRESA RECICLADORA, LOS REGALA A UN FAMILIAR, AMIGO O VECINO","NO","NO","REDES SOCIALES","NO","Sí"
"CÚCUTA","TRABAJADOR INDEPENDIENTE","INDEPENDIENTE","NO","LOS DEJO EN CASA","NO","NO","REDES SOCIALES","NO","No"
"CÚCUTA","DESEMPLEADO","NO TENGO TRABAJO","NO","LOS DEJO EN CASA","SI","NO","REDES SOCIALES, CORREO ELECTRÓNICO","SI","Sí"
"CÚCUTA","ESTUDIANTE","COLEGIO CLUB DE LEONES","SI","LOS ENTREGA A LA EMPRESA DEL ASEO, LOS VENDE A UNA EMPRESA RECICLADORA, LOS REGALA A UN FAMILIAR, AMIGO O VECINO","SI","NO","REDES SOCIALES","SI","Sí, No me interesa el tema"
"CÚCUTA","TRABAJADOR INDEPENDIENTE","TAXISTA","SI","LOS ENTREGA A LA EMPRESA DEL ASEO","NO","NO","REDES SOCIALES","NO","Sí"
"CÚCUTA","DESEMPLEADO","NO TENGO TRABAJO","NO","LOS VENDE A UNA EMPRESA RECICLADORA, LOS REGALA A UN FAMILIAR, AMIGO O VECINO","SI","NO","REDES SOCIALES","NO","No"
"CÚCUTA","PÚBLICA","GOBERNACION DE NORTE DE SANTANDER","NO","LOS DEJO EN CASA","NO","SI","REDES SOCIALES, INFORMACIÓN DIRECTA, PUBLICACIÓN EN SEDE  ELECTRÓNICA","SI","Sí"
"CÚCUTA","PRIVADA","INSTITUTO SALESIANO SAN JUAN BOSCO","NO","LOS DEJO EN CASA","NO","NO","REDES SOCIALES","NO","Sí"
"CÚCUTA","ESTUDIANTE","COLEGIO SAGRADO CORAZON DE JESUS","NO","LOS DEJO EN CASA","NO","NO","REDES SOCIALES","NO","Sí"
"CÚCUTA","ESTUDIANTE","COLEGIO CLUB DE LEONES","NO","LOS VENDE A UNA EMPRESA RECICLADORA, LOS REGALA A UN FAMILIAR, AMIGO O VECINO","NO","NO","NO SABIA QUE EXISTE","NO","No conozco de tecnología"
"CÚCUTA","PÚBLICA","INSTITUTO DEPARTAMENTAL DE SALUD NORTE DE SANTANDER","SI","LOS ENTREGA A LOS PUNTOS DE RECOLECCIÓN AUTORIZADOS (GESTORES DE RECOLECCIÓN DE RESIDUOS POSTCONSUMO)","SI","SI","REDES SOCIALES","SI","Sí"
"CÚCUTA","DESEMPLEADO","NO TENGO TRABAJO","NO","LOS VENDE A UNA EMPRESA RECICLADORA, LOS REGALA A UN FAMILIAR, AMIGO O VECINO","SI","NO","REDES SOCIALES","NO","Sí"
"SARDINATA","PÚBLICA","COLEGIO SARMIENTO PERALTA","SI","LOS VENDE A UNA EMPRESA RECICLADORA, LOS REGALA A UN FAMILIAR, AMIGO O VECINO","SI","NO","PUBLICACIÓN EN SEDE  ELECTRÓNICA","SI","No"
"CÚCUTA","DESEMPLEADO","NO TENGO TRABAJO","NO","LOS VENDE A UNA EMPRESA RECICLADORA, LOS REGALA A UN FAMILIAR, AMIGO O VECINO","SI","NO","REDES SOCIALES","SI","Sí"
"CÚCUTA","TRABAJADOR INDEPENDIENTE","INDEPENDIENTE","NO","LOS REGALA A UN FAMILIAR, AMIGO O VECINO","NO","NO","REDES SOCIALES","SI","No"
"TOLEDO","PÚBLICA","IE. GUILLERMO COTE BAUTISTA","SI","LOS ENTREGA A LOS PUNTOS DE RECOLECCIÓN AUTORIZADOS (GESTORES DE RECOLECCIÓN DE RESIDUOS POSTCONSUMO)","SI","NO","CORREO ELECTRÓNICO","SI","Sí"
"ABREGO","PÚBLICA","SED NORTE SANTANDER","NO","LOS DEJO EN CASA","SI","SI","CORREO ELECTRÓNICO","SI","Sí"
"CÚCUTA","DESEMPLEADO","INSTITUCION EDUCATIVA SAGRADO CORAZÓN DE JESUS","NO","LOS DEJO EN CASA","NO","NO","REDES SOCIALES","NO","Sí"
"CÚCUTA","PÚBLICA","ESE HUEM","SI","LOS ENTREGA A LOS PUNTOS DE RECOLECCIÓN AUTORIZADOS (GESTORES DE RECOLECCIÓN DE RESIDUOS POSTCONSUMO)","SI","NO","REDES SOCIALES","SI","Sí"
"OCAÑA","PÚBLICA","AGUSTINA FERRO","NO","LOS DEJO EN CASA","NO","NO","INFORMACIÓN DIRECTA","SI","Sí"
"CÚCUTA","PÚBLICA","I.E. SAGRADO CORAZÓN DE JESÚS","NO","LOS DEJO EN CASA","NO","NO","REDES SOCIALES","SI","Sí"
"CHITAGÁ","PÚBLICA","CER PUENTE REAL","SI","LOS ENTREGA A LOS PUNTOS DE RECOLECCIÓN AUTORIZADOS (GESTORES DE RECOLECCIÓN DE RESIDUOS POSTCONSUMO)","SI","SI","REDES SOCIALES, CORREO ELECTRÓNICO","SI","Sí"
"CÚCUTA","DESEMPLEADO","NO TENGO TRABAJO","SI","LOS REGALA A UN FAMILIAR, AMIGO O VECINO","NO","NO","CORREO ELECTRÓNICO","SI","No"
"CÚCUTA","PÚBLICA","CORPONOR","SI","LOS ENTREGA A LOS PUNTOS DE RECOLECCIÓN AUTORIZADOS (GESTORES DE RECOLECCIÓN DE RESIDUOS POSTCONSUMO)","NO","SI","REDES SOCIALES","SI","Sí"
"CÚCUTA","PÚBLICA","HOSPITAL UNIVERSITARIO ERASMO MEOZ","SI","LOS ENTREGA A LA EMPRESA DEL ASEO","SI","SI","INFORMACIÓN DIRECTA","SI","Sí"
"CÚCUTA","PÚBLICA","ESE HOSPITAL UNIVERSITARIO ERASMO MEOZ","SI","LOS REGALA A UN FAMILIAR, AMIGO O VECINO","SI","NO","REDES SOCIALES","SI","Sí"
"CÚCUTA","PENSIONADO","EJERCITO","SI","LOS ENTREGA A LOS PUNTOS DE RECOLECCIÓN AUTORIZADOS (GESTORES DE RECOLECCIÓN DE RESIDUOS POSTCONSUMO)","SI","SI","REDES SOCIALES","SI","Sí"
"CÚCUTA","TRABAJADOR INDEPENDIENTE","HOGAR","SI","LOS ENTREGA A LOS PUNTOS DE RECOLECCIÓN AUTORIZADOS (GESTORES DE RECOLECCIÓN DE RESIDUOS POSTCONSUMO)","NO","SI","INFORMACIÓN DIRECTA","NO","Sí"
"CÚCUTA","PÚBLICA","I.E","SI","LOS ENTREGA A LOS PUNTOS DE RECOLECCIÓN AUTORIZADOS (GESTORES DE RECOLECCIÓN DE RESIDUOS POSTCONSUMO)","SI","SI","REDES SOCIALES, INFORMACIÓN DIRECTA, CORREO ELECTRÓNICO","SI","Sí"
"TOLEDO","PÚBLICA","I E COLEGIO SAN BERNARDO","SI","LOS ENTREGA A LOS PUNTOS DE RECOLECCIÓN AUTORIZADOS (GESTORES DE RECOLECCIÓN DE RESIDUOS POSTCONSUMO)","SI","SI","INFORMACION DIRECTA","SI","Sí"
"VILLA DEL ROSARIO","AMA DE CASA","CASA","SI","LOS ENTREGA A LOS PUNTOS DE RECOLECCIÓN AUTORIZADOS (GESTORES DE RECOLECCIÓN DE RESIDUOS POSTCONSUMO)","NO","SI","REDES SOCIALES","SI","Sí"
"OCAÑA","PÚBLICA","SED NORTE DE SANTANDER","NO","LOS DEJO EN CASA","NO","NO","REDES SOCIALES","SI","No"
"CÚCUTA","PRIVADA","TERMINAL FE TRANSPORTES","SI","LOS ENTREGA A LOS PUNTOS DE RECOLECCIÓN AUTORIZADOS (GESTORES DE RECOLECCIÓN DE RESIDUOS POSTCONSUMO)","NO","SI","INFORMACIÓN DIRECTA","NO","Sí"
"CÚCUTA","PRIVADA","TOP AUTOS","NO","LOS ENTREGA A LOS PUNTOS DE RECOLECCIÓN AUTORIZADOS (GESTORES DE RECOLECCIÓN DE RESIDUOS POSTCONSUMO)","NO","NO","INFORMACIÓN DIRECTA","SI","Sí"
"CHINÁCOTA","PÚBLICA","CENTRO EDUCATIVO RURAL ISCALA SUR","NO","LOS DEJO EN CASA","SI","NO","REDES SOCIALES","SI","Sí"
"CÚCUTA","DESEMPLEADO","SAGRADO CORAZON DE JESUS","NO","LOS VENDE A UNA EMPRESA RECICLADORA, LOS REGALA A UN FAMILIAR, AMIGO O VECINO","NO","NO","CORREO ELECTRÓNICO","NO","No me interesa el tema"
"CÚCUTA","PÚBLICA","INSTITUTO DEPARTAMENTAL DE SALUD","SI","LOS ENTREGA A LOS PUNTOS DE RECOLECCIÓN AUTORIZADOS (GESTORES DE RECOLECCIÓN DE RESIDUOS POSTCONSUMO)","SI","SI","REDES SOCIALES, INFORMACIÓN DIRECTA","SI","Sí"
"OCAÑA","PÚBLICA","AGUSTINA FERRO","NO","LOS DEJO EN CASA","NO","SI","INFORMACIÓN DIRECTA","SI","Sí"
"SARDINATA","PÚBLICA","SECRETARIA DE EDUCACIÓN DEPARTAMENTAL","SI","LOS VENDE A UNA EMPRESA RECICLADORA, LOS REGALA A UN FAMILIAR, AMIGO O VECINO","SI","SI","REDES SOCIALES, CORREO ELECTRÓNICO","NO","Sí"
"CÚCUTA","PÚBLICA","IDS ETV","SI","LOS ENTREGA A LA EMPRESA DEL ASEO","SI","SI","REDES SOCIALES","SI","Sí"
"CÚCUTA","ESTUDIANTE","COLEGIO SAGRADO CORAZÓN DE JESÚS","NO","LOS DEJO EN CASA","SI","NO","REDES SOCIALES","SI","Sí, No me interesa el tema"
"CÚCUTA","PÚBLICA","IDS ETV","SI","LOS ENTREGA A LA EMPRESA DEL ASEO","SI","SI","REDES SOCIALES","SI","Sí"
"CÚCUTA","TRABAJADOR INDEPENDIENTE","VENDEDOR INFORMAL","NO","LOS DEJO EN CASA","NO","NO","INFORMACIÓN DIRECTA","SI","No"
"CÚCUTA","PÚBLICA","NO TENGO TRABAJO","NO","LOS DEJO EN CASA","SI","NO","INFORMACIÓN DIRECTA","NO","Sí"
"CÚCUTA","PÚBLICA","SENA","NO","LOS ENTREGA A LOS PUNTOS DE RECOLECCIÓN AUTORIZADOS (GESTORES DE RECOLECCIÓN DE RESIDUOS POSTCONSUMO)","SI","SI","REDES SOCIALES","SI","Sí"
"CONVENCIÓN","PÚBLICA","CER HONDURAS MTILONIA","SI","LOS VENDE A UNA EMPRESA RECICLADORA, LOS REGALA A UN FAMILIAR, AMIGO O VECINO","NO","NO","CORREO ELECTRÓNICO","NO","Sí"
"CÚCUTA","DESEMPLEADO","NO TENGO TRABAJO","SI","LOS ENTREGA A LOS PUNTOS DE RECOLECCIÓN AUTORIZADOS (GESTORES DE RECOLECCIÓN DE RESIDUOS POSTCONSUMO)","NO","NO","REDES SOCIALES, CORREO ELECTRÓNICO","NO","Sí, No"
"CÚCUTA","PÚBLICA","INSTITUCIÓN EDUCATIVA","NO","LOS DEJO EN CASA","SI","NO","REDES SOCIALES","SI","Sí"
"CÚCUTA","PRIVADA","SCOTIABANK COLPATRIA","SI","LOS ENTREGA A LOS PUNTOS DE RECOLECCIÓN AUTORIZADOS (GESTORES DE RECOLECCIÓN DE RESIDUOS POSTCONSUMO)","SI","SI","INFORMACIÓN DIRECTA","SI","Sí"
"CÚCUTA","TRABAJADOR INDEPENDIENTE","INDEPENDIENTE","NO","LOS ENTREGA A LOS PUNTOS DE RECOLECCIÓN AUTORIZADOS (GESTORES DE RECOLECCIÓN DE RESIDUOS POSTCONSUMO)","SI","SI","REDES SOCIALES, TELEVISIÓN","SI","Sí"
"CÚCUTA","PÚBLICA","I D S","NO","LOS DEJO EN CASA","SI","NO","REDES SOCIALES","NO","Sí"
"EL TARRA","PÚBLICA","I.E. FILO EL GRINGO","SI","LOS ENTREGA A LA EMPRESA DEL ASEO","NO","NO","NO SABIA QUE EXISTE","SI","No"
"CÚCUTA","PÚBLICA","UNIVERSIDAD DISTRITAL","SI","LOS REGALA A UN FAMILIAR, AMIGO O VECINO","NO","NO","REDES SOCIALES","SI","Sí"
"VILLA DEL ROSARIO","PÚBLICA","I.E. COLEGIO GENERAL SANTANDER","NO","LOS DEJO EN CASA","SI","SI","INFORMACIÓN DIRECTA","SI","Sí"
"LA PLAYA DE BELÉN","PÚBLICA","IE COLEGIO FRAY JOSE MARIA ARÉVALO","SI","LOS REGALA A UN FAMILIAR, AMIGO O VECINO","NO","NO","REDES SOCIALES","SI","No"
"VILLA DEL ROSARIO","PÚBLICA","COLEGIO GENERAL SANTANDER","NO","LOS DEJO EN CASA","SI","NO","REDES SOCIALES","SI","Sí"
"LA PLAYA DE BELÉN","PÚBLICA","SECRETARIA DE EDUCACIÓN.","NO","LOS DEJO EN CASA","NO","NO","REDES SOCIALES","SI","Sí"
"LA PLAYA DE BELÉN","PÚBLICA","IE FRAY JOSÉ MARÍA AREVALO","SI","LOS REGALA A UN FAMILIAR, AMIGO O VECINO","NO","NO","REDES SOCIALES","SI","Sí"
"RAGONVALIA","PÚBLICA","I.E. NUESTRA SEÑORA DE LA MERCED","SI","LOS VENDE A UNA EMPRESA RECICLADORA, LOS REGALA A UN FAMILIAR, AMIGO O VECINO","SI","NO","REDES SOCIALES","SI","Sí"
"LA PLAYA DE BELÉN","PÚBLICA","IE. FRAY JOSÉ MARÍA ARÉVALO","SI","LOS DEJO EN CASA","SI","NO","REDES SOCIALES","SI","Sí"
"PAMPLONA","PÚBLICA","I. E. ÁGUEDA GALLARDO DE  VILLAMIZAR","SI","LOS VENDE A UNA EMPRESA RECICLADORA, LOS REGALA A UN FAMILIAR, AMIGO O VECINO","SI","SI","REDES SOCIALES, INFORMACIÓN DIRECTA, CORREO ELECTRÓNICO","SI","Sí"
"CÚCUTA","DESEMPLEADO","NO TENGO TRABAJO","NO","LOS DEJO EN CASA","NO",,"INFORMACIÓN DIRECTA","SI","Sí"
"CÚCUTA","PRIVADA","ESCUELA AUXILIARES DE EMFERMERIA","NO","LOS VENDE A UNA EMPRESA RECICLADORA, LOS REGALA A UN FAMILIAR, AMIGO O VECINO","SI","NO","REDES SOCIALES","SI","Sí"
"CÚCUTA","PÚBLICA","COLEGIO GREMIOS UNIDOS","SI","LOS ENTREGA A LOS PUNTOS DE RECOLECCIÓN AUTORIZADOS (GESTORES DE RECOLECCIÓN DE RESIDUOS POSTCONSUMO)","NO","NO","REDES SOCIALES","SI","Sí"
"OCAÑA","PÚBLICA","SED NORTE DE SANTANDER","NO","LOS DEJO EN CASA","NO","NO","NO SABIA QUE EXISTE","SI","No"
"CÚCUTA","TRABAJADOR INDEPENDIENTE","NO TENGO TRABAJO","NO","LOS DEJO EN CASA","SI","SI","REDES SOCIALES","SI","Sí"
"CÚCUTA","DESEMPLEADO","NO TENGO TRABAJO","NO","LOS DEJO EN CASA","NO","NO","POR MEDIO DE ESTE ENLACE","NO","Sí"
"CÚCUTA","ESTUDIANTE","COLEGIO MUNICIPAL GREMIOS UNIDOS","NO","LOS VENDE A UNA EMPRESA RECICLADORA, LOS REGALA A UN FAMILIAR, AMIGO O VECINO","SI","NO","POR NINGUNA PARTE","SI","Sí"
"HERRÁN","PÚBLICA","IE COLEGIO INTEGRADO PERPETUO SOCORRO","SI","LOS DEJO EN CASA","SI","NO","REDES SOCIALES","SI","Sí"
"LA ESPERANZA","PÚBLICA","SECRETARIA DE EDUCACIÓN DEPARTAMENTAL NORTE DE SANTANDER","SI","LOS ENTREGA A LA EMPRESA DEL ASEO","SI","SI","REDES SOCIALES","NO","Sí"
"TEORAMA","PÚBLICA","INSTITUCIÓN EDUCATIVA EL ASERRIO","SI","ESPERAMOS QUE DEL PROGRAMA COMPUTADOR PARA EDUCAR RECOGAN LOS EQUIPOS EN DESUSO","SI","NO","INFORMACIÓN DIRECTA","NO","No"
"CÚCUTA","PRIVADA","DAVIVIENDA","SI","LOS ENTREGA A LOS PUNTOS DE RECOLECCIÓN AUTORIZADOS (GESTORES DE RECOLECCIÓN DE RESIDUOS POSTCONSUMO)","NO","SI","INFORMACIÓN DIRECTA","NO","Sí"
"CÚCUTA","PÚBLICA","GOBERNACION NORTE DE SANTANDER","NO","LOS DEJO EN CASA","NO","NO","INFORMACIÓN DIRECTA","SI","Sí"
"LA ESPERANZA","PÚBLICA","I. E. CONDE SAN GERMÁN","SI","LOS REGALA A UN FAMILIAR, AMIGO O VECINO","SI","NO","REDES SOCIALES","NO","Sí"
"CÚCUTA","PÚBLICA","GOBERNACION","NO","LOS REGALA A UN FAMILIAR, AMIGO O VECINO","NO","NO","REDES SOCIALES","NO","Sí"
"CÚCUTA","PÚBLICA","IE FRANCISCO JOSÉ DE CALDAS","SI","LOS ENTREGA A LA EMPRESA DEL ASEO","SI","NO","NO SABIA QUE EXISTE","NO","Sí"
"CHITAGÁ","PÚBLICA","CENTRO EDUCATIVO RURAL TANE","SI","LOS ENTREGA A LOS PUNTOS DE RECOLECCIÓN AUTORIZADOS (GESTORES DE RECOLECCIÓN DE RESIDUOS POSTCONSUMO)","SI","SI","CORREO ELECTRÓNICO","NO","No"
"CUCUTILLA","PÚBLICA","SED","NO","LOS DEJO EN CASA","SI","SI","REDES SOCIALES","SI","Sí"
"CÚCUTA","PÚBLICA","IE PRESBITERO DANIEL JORDAN","SI","LOS VENDE A UNA EMPRESA RECICLADORA, LOS REGALA A UN FAMILIAR, AMIGO O VECINO","SI","NO","CORREO ELECTRÓNICO","SI","No"
"CÚCUTA","PÚBLICA","SECRETARIA DE EDUCACIÓN DEK DEPARTAMENTO","NO","LOS DEJO EN CASA","NO","NO","REDES SOCIALES","SI","Sí"
"SALAZAR DE LAS PALMAS","PÚBLICA","CER MONTECRISTO","NO","LOS DEJO EN CASA","SI","SI","REDES SOCIALES","SI","Sí"
"OCAÑA","PÚBLICA","I,E AGUSTINA FERRO","NO","LOS DEJO EN CASA","NO","NO","REDES SOCIALES","SI","No"
"CÚCUTA","DESEMPLEADO","NO TENGO TRABAJO","NO","LOS ENTREGA A LOS PUNTOS DE RECOLECCIÓN AUTORIZADOS (GESTORES DE RECOLECCIÓN DE RESIDUOS POSTCONSUMO)","NO","NO","INFORMACION DIRECTA","NO","Sí"
"OCAÑA","PÚBLICA","SED NORTE DE SANTANDEE","NO","LOS DEJO EN CASA","SI","NO","CORREO ELECTRÓNICO","SI","Sí"
"CÚCUTA","PÚBLICA","IE MANUEL FERNÁNDEZ DE NOVOA","SI","LOS ENTREGA A LOS PUNTOS DE RECOLECCIÓN AUTORIZADOS (GESTORES DE RECOLECCIÓN DE RESIDUOS POSTCONSUMO)","SI","NO","REDES SOCIALES","SI","No"
"ABREGO","PÚBLICA","CER BAJO PAVES ÁBREGO NORTE DE SANTANDER","NO","LOS DEJO EN CASA","SI","NO","CORREO ELECTRÓNICO","SI","Sí"
"CÚCUTA","DESEMPLEADO","NO TENGO TRABAJO","NO","LOS VENDE A UNA EMPRESA RECICLADORA, LOS REGALA A UN FAMILIAR, AMIGO O VECINO","NO","NO","REDES SOCIALES","NO","Sí"
"OCAÑA","PÚBLICA","I. E. AGUSTINA FERRO","SI","LOS ENTREGA A LOS PUNTOS DE RECOLECCIÓN AUTORIZADOS (GESTORES DE RECOLECCIÓN DE RESIDUOS POSTCONSUMO)","NO","NO","INFORMACIÓN DIRECTA","SI","Sí"
"DURANIA","PÚBLICA","CER JUANA BERBESÍ","SI","LOS VENDE A UNA EMPRESA RECICLADORA, LOS REGALA A UN FAMILIAR, AMIGO O VECINO","SI","SI","INFORMACIÓN DIRECTA, CORREO ELECTRÓNICO","SI","Sí"
"CÚCUTA","PRIVADA","INSTITUTO SALESIANO SAN JUAN BOSCO","NO","LOS DEJO EN CASA","SI","NO","REDES SOCIALES, INFORMACIÓN DIRECTA","NO","Sí"
"SALAZAR DE LAS PALMAS","PÚBLICA","CER MONTECRISTO","NO","LOS DEJO EN CASA","SI","NO","INFORMACIÓN DIRECTA","SI","Sí"
"CÚCUTA","PÚBLICA","COLEGIO PRESBITERO DANIEL JORDAN SEDE TERESA GUASCH","SI","LOS ENTREGA A LA EMPRESA DEL ASEO","NO","NO","REDES SOCIALES","NO","No conozco de tecnología"
"CÚCUTA","TRABAJADOR INDEPENDIENTE","MI CASA","NO","LOS DEJO EN CASA","NO","NO","REDES SOCIALES","SI","Sí"
"ABREGO","PÚBLICA","CENTRO EDUCATIVO RURAL LA VEGA DEL TIGRE","NO","LOS DEJO EN CASA","SI","NO","CORREO ELECTRÓNICO","SI","Sí"
"SARDINATA","PÚBLICA","I. E. COLEGIO ARGELINO DURÁN QUINTERO","SI","LOS ENTREGA A LA EMPRESA DEL ASEO","NO","NO","CORREO ELECTRÓNICO","SI","Sí"
"SALAZAR DE LAS PALMAS","PÚBLICA","INSTITUTO TÉCNICO AGRÍCOLA","SI","LOS VENDE A UNA EMPRESA RECICLADORA, LOS REGALA A UN FAMILIAR, AMIGO O VECINO","SI","SI","CORREO ELECTRÓNICO","SI","Sí"
"SALAZAR DE LAS PALMAS","PÚBLICA","SECRETARÍA DEPARTAMENTAL N DE SANTANDER","NO","LOS DEJO EN CASA","SI","NO","REDES SOCIALES","SI","Sí"
"SALAZAR DE LAS PALMAS","PÚBLICA","SEDNORTEDESANTANDER","NO","LOS DEJO EN CASA","NO","NO","REDES SOCIALES","NO","No conozco de tecnología"
"OCAÑA","PÚBLICA","SECRETARÍA DE EDUCACIÓN DEPARTAMENTAL","NO","LOS DEJO EN CASA","SI","NO","REDES SOCIALES","SI","Sí"
"CÚCUTA","PÚBLICA","INSTITUCION EDUCATIVA PRESBITERO DANIEL JORDAN","NO","LOS DEJO EN CASA","SI","NO","CORREO ELECTRÓNICO","SI","Sí"
"CÚCUTA","PÚBLICA","SECRETARIA EDUCACIÓN MUNICIPAL CÚCUTA","SI","LOS ENTREGA A LA EMPRESA DEL ASEO","NO","NO","INFORMACIÓN DIRECTA","SI","Sí"
"TIBÚ","PÚBLICA","SECRETARIA DE EDUCACIÓN DEPARTAMENTAL","SI","LOS ENTREGA A LA EMPRESA DEL ASEO","SI","NO","INFORMACIÓN DIRECTA","NO","Sí"
"CÚCUTA","PÚBLICA","COLEGIO PRESBITERO DANIEL JORDAN","NO","LOS VENDE A UNA EMPRESA RECICLADORA, LOS REGALA A UN FAMILIAR, AMIGO O VECINO","SI","NO","REDES SOCIALES","SI","Sí"
"LOS PATIOS","PÚBLICA","SEM CÚCUTA","SI","LOS ENTREGA A LOS PUNTOS DE RECOLECCIÓN AUTORIZADOS (GESTORES DE RECOLECCIÓN DE RESIDUOS POSTCONSUMO)","SI","SI","REDES SOCIALES","SI","Sí"
"LA ESPERANZA","PÚBLICA","IE JESUS ANTONIO RAMIREZ","SI","LOS ENTREGA A LA EMPRESA DEL ASEO","SI","NO","REDES SOCIALES","NO","Sí"
"OCAÑA","PÚBLICA","I. E AGUSTINA FERRO","SI","LOS REGALA A UN FAMILIAR, AMIGO O VECINO","NO","NO","REDES SOCIALES","NO","Sí"
"SALAZAR DE LAS PALMAS","PÚBLICA","SECRETARIA DEPARTAMENTAL INSTITUTO TECNICO AGRICOLA SEDE ALTO ARENAL","SI","LOS ENTREGA A LA EMPRESA DEL ASEO","SI","NO","REDES SOCIALES","SI","Sí"
"SALAZAR DE LAS PALMAS","PÚBLICA","SECRETARÍA DE EDUCACIÓN N. DE S.","NO","LOS DEJO EN CASA","NO","NO","PUBLICACIÓN EN SEDE  ELECTRÓNICA","SI","Sí"
"SARDINATA","PÚBLICA","COLARDUQUIN","NO","LOS DEJO EN CASA","NO","NO","REDES SOCIALES","SI","Sí"
"CÚCUTA","PÚBLICA","PROMONORTE I.P.S","NO","LOS VENDE A UNA EMPRESA RECICLADORA, LOS REGALA A UN FAMILIAR, AMIGO O VECINO","SI","SI","RADIO","SI","Sí"
"SALAZAR DE LAS PALMAS","PÚBLICA","SECRETARIA DE EDUCACION DEPARTAMENTAL","NO","LOS DEJO EN CASA","SI","NO","REDES SOCIALES","SI","Sí"
"SALAZAR DE LAS PALMAS","PÚBLICA","SECRETARÍA DE EDUCACIÓN DEPARTAMENTAL","NO","LOS DEJO EN CASA","SI","NO","REDES SOCIALES","SI","Sí"
"CÚCUTA","PÚBLICA","GOBERNACIÓN DE NORTE DE SANTANDER","SI","LOS ENTREGA A LA EMPRESA DEL ASEO","NO","NO","INFORMACIÓN DIRECTA","SI","Sí"
"CÚCUTA","PÚBLICA","SECRETARÍA DE AGRICULTURA Y DESARROLLO RURAL","NO","LOS DEJO EN CASA","SI","NO","CORREO ELECTRÓNICO","SI","Sí"
"LA ESPERANZA","TRABAJADOR INDEPENDIENTE","GOBERNACION NORTE DE SANTANDER","NO","LOS DEJO EN CASA","SI","NO","REDES SOCIALES","SI","No"
"SAN CAYETANO","PÚBLICA","SECRETARÍA DE AGRICULTURA","NO","LOS DEJO EN CASA","SI","NO","INFORMACIÓN DIRECTA","NO","Sí"
"CÚCUTA","PÚBLICA","SECRETARIA DE AGRICULTURA Y DESARROLLO RURAL","NO","LOS VENDE A UNA EMPRESA RECICLADORA, LOS REGALA A UN FAMILIAR, AMIGO O VECINO","NO","NO","CORREO ELECTRÓNICO","SI","Sí"
"CÚCUTA","PÚBLICA","GOBERNACIÓN DE NORTE DE SANTANDER","NO","LOS DEJO EN CASA","SI","NO","REDES SOCIALES","SI","Sí"
"OCAÑA","PRIVADA","GOBERNACIÓN DE NORTE DE SANTANDER","NO","LOS DEJO EN CASA","SI","NO","REDES SOCIALES","NO","No"
"DURANIA","PÚBLICA","SECRETARIA DE  DESARROLLO ECONOMICO","NO","LOS DEJO EN CASA","NO","NO","REDES SOCIALES","SI","Sí"
"CÚCUTA","DESEMPLEADO","NO TENGO TRABAJO","SI","LOS REGALA A UN FAMILIAR, AMIGO O VECINO","NO","NO","INFORMACIÓN DIRECTA, CORREO ELECTRÓNICO","SI","Sí"
"CÚCUTA","PÚBLICA","SECRETARIA DE AGRICULTURA Y DESARROLLO RURAL","SI","LOS REGALA A UN FAMILIAR, AMIGO O VECINO","SI","NO","REDES SOCIALES","SI","Sí"
"OCAÑA","PÚBLICA","SECRETARIA DE AGRICULTURA NORTE DE SANTANDER","SI","LOS VENDE A UNA EMPRESA RECICLADORA, LOS REGALA A UN FAMILIAR, AMIGO O VECINO","SI","SI","REDES SOCIALES, INFORMACIÓN DIRECTA","SI","Sí"
"CÚCUTA","PÚBLICA","SECRETARIA AGRICULTURA","NO","LOS DEJO EN CASA","NO","NO","REDES SOCIALES","NO","No"
"CÚCUTA","TRABAJADOR INDEPENDIENTE","CASA","NO","LOS DEJO EN CASA","NO","NO","REDES SOCIALES","SI","Sí"
"CÚCUTA","PÚBLICA","GOBERNACION","SI","LOS ENTREGA A LA EMPRESA DEL ASEO","NO","NO","REDES SOCIALES","SI","Sí"
"OCAÑA","PÚBLICA","GOBERNACIÓN DE NORTE DE SANTANDER","SI","LOS ENTREGA A LOS PUNTOS DE RECOLECCIÓN AUTORIZADOS (GESTORES DE RECOLECCIÓN DE RESIDUOS POSTCONSUMO)","SI","SI","INFORMACIÓN DIRECTA","SI","Sí"
"SALAZAR DE LAS PALMAS","PÚBLICA","INSTITUTO TÉCNICO AGRÍCOLA","SI","LOS ENTREGA A LOS PUNTOS DE RECOLECCIÓN AUTORIZADOS (GESTORES DE RECOLECCIÓN DE RESIDUOS POSTCONSUMO)","SI","SI","INFORMACIÓN DIRECTA","NO","Sí"
"SALAZAR DE LAS PALMAS","PÚBLICA","SECRETARIA DE EDUACACION DEPARTAMENTAL","NO","LOS DEJO EN CASA","SI","NO","REDES SOCIALES","SI","Sí"
"CÚCUTA","PÚBLICA","ALCALDIA","NO","LOS ENTREGA A LOS PUNTOS DE RECOLECCIÓN AUTORIZADOS (GESTORES DE RECOLECCIÓN DE RESIDUOS POSTCONSUMO)","SI","SI","REDES SOCIALES","SI","Sí"
"ABREGO","PÚBLICA","SECRETARÍA DE AGRICULTURA Y DESARROLLO RURAL","SI","LOS REGALA A UN FAMILIAR, AMIGO O VECINO","SI","NO","INFORMACIÓN DIRECTA","SI","Sí"
"CÚCUTA","PÚBLICA","GOBERNACIN NORTE DE SANTANDER","SI","LOS ENTREGA A LOS PUNTOS DE RECOLECCIÓN AUTORIZADOS (GESTORES DE RECOLECCIÓN DE RESIDUOS POSTCONSUMO)","NO","NO","REDES SOCIALES","SI","Sí"
"CÚCUTA","PÚBLICA","GOBERNACION NORTE DE SDER","SI","LOS ENTREGA A LA EMPRESA DEL ASEO, LOS REGALA A UN FAMILIAR, AMIGO O VECINO","SI","SI","REDES SOCIALES","SI","Sí"
"CÚCUTA","TRABAJADOR INDEPENDIENTE","VANESSA LOZANO","SI","LOS ENTREGA A LA EMPRESA DEL ASEO","NO","NO","REDES SOCIALES","NO","No"
"CÚCUTA","TRABAJADOR INDEPENDIENTE","VICTOR REY","SI","LOS ENTREGA A LA EMPRESA DEL ASEO","NO","NO","INFORMACIÓN DIRECTA","NO","Sí"
"CÚCUTA","PÚBLICA","GOBERNACIÓN NORTE DE SANTANDER","NO","LOS DEJO EN CASA","NO","NO","REDES SOCIALES","SI","Sí"
"CÚCUTA","PÚBLICA","SECRETARIA DE AGRICULTURA Y DESARROLLO RURAL","SI","LOS REGALA A UN FAMILIAR, AMIGO O VECINO","NO","NO","REDES SOCIALES","NO","Sí"
"CÚCUTA","PÚBLICA","BULEVAR","NO","LOS DEJO EN CASA","SI","NO","REDES SOCIALES","NO","Sí"
"CÚCUTA","AMA DE CASA","CASA","NO","LOS VENDE A UNA EMPRESA RECICLADORA, LOS REGALA A UN FAMILIAR, AMIGO O VECINO","SI","NO","INFORMACION DIRECTA","NO","Sí"
"VILLA DEL ROSARIO","PÚBLICA","GOBERNACIÓN NORTE DE SANTANDER","NO","LOS DEJO EN CASA","SI","SI","REDES SOCIALES","SI","Sí"
"CÚCUTA","PÚBLICA","GOBERNACION DE NORTE DE SANTANDER","SI","LOS ENTREGA A LA EMPRESA DEL ASEO","NO","NO","REDES SOCIALES","SI","Sí"
"VILLA DEL ROSARIO","AMA DE CASA","CASA","NO","LOS REGALA A UN FAMILIAR, AMIGO O VECINO","SI","NO","REDES SOCIALES","NO","Sí"
"LA ESPERANZA","PÚBLICA","SECRETARIA DE EDUCACIÓN NORTE DE SANTANDER","NO","LOS DEJO EN CASA","NO","NO","REDES SOCIALES","NO","No"
"CÚCUTA","AMA DE CASA","CASA","NO","LOS VENDE A UNA EMPRESA RECICLADORA, LOS REGALA A UN FAMILIAR, AMIGO O VECINO","SI","NO","INFORMACION DIRECTA","NO","Sí"
"CHINÁCOTA","PÚBLICA","SECRETARIA DE AGRICULTURA","SI","LOS VENDE A UNA EMPRESA RECICLADORA, LOS REGALA A UN FAMILIAR, AMIGO O VECINO","SI","NO","REDES SOCIALES","SI","Sí"
"LOS PATIOS","PÚBLICA","GOBERNACIÓN NORTE DE SANTANDER","SI","LOS ENTREGA A LOS PUNTOS DE RECOLECCIÓN AUTORIZADOS (GESTORES DE RECOLECCIÓN DE RESIDUOS POSTCONSUMO)","NO","SI","REDES SOCIALES","SI","Sí"
"LOS PATIOS","PÚBLICA","SECRETARÍA DE AGRICULTURA Y DESARROLLO RURAL","NO","LOS DEJO EN CASA","NO","NO","REDES SOCIALES","SI","Sí"
"CÚCUTA","DESEMPLEADO","ESTUDIO","NO","LOS VENDE A UNA EMPRESA RECICLADORA, LOS REGALA A UN FAMILIAR, AMIGO O VECINO","SI","NO","INFORMACION DIRECTA","NO","Sí"
"CÚCUTA","PÚBLICA","GOBERNACIÓN DE NORTE DE ANTANDER","NO","LOS DEJO EN CASA","NO","SI","INFORMACIÓN DIRECTA","SI","Sí, No"
"CÚCUTA","PÚBLICA","SECRETARIA DE EDUCACIÓN MUNICIPAL DE CÚCUTA","NO","LOS DEJO EN CASA","SI","NO","CORREO ELECTRÓNICO","SI","No"
"CÚCUTA","PÚBLICA","IDS","NO","LOS DEJO EN CASA","NO","NO","REDES SOCIALES","SI","Sí"
"CÚCUTA","PÚBLICA","GOBERNACIÓN N DE S","NO","LOS DEJO EN CASA","NO","NO","REDES SOCIALES","SI","Sí"
"PAMPLONITA","PÚBLICA","GOBERNACIÓN DE NORTE DE SANTANDER","SI","LOS REGALA A UN FAMILIAR, AMIGO O VECINO","NO","NO","REDES SOCIALES","NO","No"
"CÚCUTA","PÚBLICA","CONCEJO MUNICIPAL DE SAN JOSÉ DE CÚCUTA","SI","LOS VENDE A UNA EMPRESA RECICLADORA, LOS REGALA A UN FAMILIAR, AMIGO O VECINO","NO","SI","REDES SOCIALES, INFORMACIÓN DIRECTA","SI","Sí"
"CÚCUTA","TRABAJADOR INDEPENDIENTE","NOA ABOGADOS","NO","LOS DEJO EN CASA","NO","SI","INFORMACIÓN DIRECTA","SI","Sí"
"SALAZAR DE LAS PALMAS","PÚBLICA",". INSTITUTO TÉCNICO AGRÍCOLA SEDE ZULIA","SI","LOS REGALA A UN FAMILIAR, AMIGO O VECINO","NO","NO","REDES SOCIALES","SI","Sí"
"CÚCUTA","PÚBLICA","INSTITUTO COLOMBIANO AGROPECUARIO ICA","NO","LOS DEJO EN CASA","NO","NO","REDES SOCIALES","SI","Sí, No"
"LOS PATIOS","PÚBLICA","PROGRAMA DE ALIMENTACIÓN ESCOLAR (PAE)","SI","LOS ENTREGA A LA EMPRESA DEL ASEO","NO","NO","INFORMACIÓN DIRECTA","NO","Sí"
"SAN CAYETANO","PÚBLICA","UNIVERSIDAD FRANCISCO DE PAULA SANTANDER","NO","LOS VENDE A UNA EMPRESA RECICLADORA, LOS REGALA A UN FAMILIAR, AMIGO O VECINO","NO","NO","REDES SOCIALES","SI","Sí"
"PAMPLONITA","PÚBLICA","GOBERNACION DE NORTE DE SANTANDER","SI","LOS ENTREGA A LOS PUNTOS DE RECOLECCIÓN AUTORIZADOS (GESTORES DE RECOLECCIÓN DE RESIDUOS POSTCONSUMO)","SI","SI","REDES SOCIALES","SI","Sí"
"CÚCUTA","TRABAJADOR INDEPENDIENTE","OFICIOS VARIOS","SI","LOS ENTREGA A LA EMPRESA DEL ASEO","NO","NO","REDES SOCIALES","SI","Sí"
"CÚCUTA","PÚBLICA","UNIVERSIDAD FRANCISCO DE PAULA SANTANDER","NO","LOS ENTREGA A LOS PUNTOS DE RECOLECCIÓN AUTORIZADOS (GESTORES DE RECOLECCIÓN DE RESIDUOS POSTCONSUMO)","NO","NO","INFORMACIÓN DIRECTA","SI","Sí"
"CÚCUTA","PÚBLICA","SERVIESPECIALES","SI","LOS ENTREGA A LA EMPRESA DEL ASEO","NO","NO","REDES SOCIALES","SI","Sí"
"CÚCUTA","PÚBLICA","SENA","SI","LOS VENDE A UNA EMPRESA RECICLADORA, LOS REGALA A UN FAMILIAR, AMIGO O VECINO","SI","NO","REDES SOCIALES, INFORMACIÓN DIRECTA","SI","Sí"
"VILLA DEL ROSARIO","PÚBLICA","GOBERNACION DE NORTE DE SANTANDER","SI","LOS ENTREGA A LOS PUNTOS DE RECOLECCIÓN AUTORIZADOS (GESTORES DE RECOLECCIÓN DE RESIDUOS POSTCONSUMO)","NO","NO","REDES SOCIALES","NO","Sí"
"CÚCUTA","PÚBLICA","CONCEJO DE CÙCUTA","NO","LOS DEJO EN CASA","NO","SI","REDES SOCIALES","SI","Sí"
"CÚCUTA","AMA DE CASA","CASA","NO","LOS VENDE A UNA EMPRESA RECICLADORA, LOS REGALA A UN FAMILIAR, AMIGO O VECINO","SI","NO","INFORMACION DIRECTA","NO","Sí"
"CÚCUTA","PÚBLICA","SECRETARIA DE AGRICULTURA Y DESARROLLO RURAL","SI","LOS ENTREGA A LOS PUNTOS DE RECOLECCIÓN AUTORIZADOS (GESTORES DE RECOLECCIÓN DE RESIDUOS POSTCONSUMO)","SI","NO","REDES SOCIALES","SI","Sí"
"CÚCUTA","PÚBLICA","INSTITUCION EDUCATIVA INSTITUTO AGRICOLA RISARALDA","SI","LOS ENTREGA A LA EMPRESA DEL ASEO","NO","NO","REDES SOCIALES","NO","Sí"
"CÚCUTA","AMA DE CASA","CASA","NO","LOS VENDE A UNA EMPRESA RECICLADORA, LOS REGALA A UN FAMILIAR, AMIGO O VECINO","NO","NO","POR EL COLEGIO","NO","Sí"
"CÚCUTA","PÚBLICA","GOBERNACION DE NORTE DE SANTANDER","NO","LOS DEJO EN CASA","NO","NO","INFORMACIÓN DIRECTA","SI","Sí"
"CÚCUTA","PÚBLICA","GOBERNACIÓN DE NORTE DE SANTANDER","NO","LOS DEJO EN CASA","SI","SI","REDES SOCIALES","SI","Sí"
"CÚCUTA","TRABAJADOR INDEPENDIENTE","INDEPENDIENTE","SI","LOS REGALA A UN FAMILIAR, AMIGO O VECINO","SI","NO","REDES SOCIALES","NO","No"
"CÚCUTA","PÚBLICA","ALCALDÍA DE CÚCUTA","SI","LOS ENTREGA A LA EMPRESA DEL ASEO","NO","NO","REDES SOCIALES, INFORMACIÓN DIRECTA","SI","Sí"
"CÚCUTA","PÚBLICA","GOBERNACION DE NORTE DE SANTANDER","NO","LOS DEJO EN CASA","NO","NO","INFORMACIÓN DIRECTA","SI","Sí"
"CÚCUTA","PÚBLICA","GOBERNACIÓN DE NORTE DE SANTANDER","NO","LOS DEJO EN CASA","SI","SI","REDES SOCIALES","SI","Sí"
"CÚCUTA","TRABAJADOR INDEPENDIENTE","COMIDAS RAPIDAS","NO","LOS DEJO EN CASA","NO","NO","REDES SOCIALES","SI","Sí"
"CÚCUTA","PÚBLICA","GOBERNACIÓN DE NORTE DE SANTANDER","NO","LOS DEJO EN CASA","NO","NO","REDES SOCIALES","SI","Sí"
"CÚCUTA","PÚBLICA","SECRETARIA DE AGRICULTURA Y DESARROLLO RURAL","SI","LOS ENTREGA A LOS PUNTOS DE RECOLECCIÓN AUTORIZADOS (GESTORES DE RECOLECCIÓN DE RESIDUOS POSTCONSUMO)","SI","NO","REDES SOCIALES","SI","Sí"
"VILLA DEL ROSARIO","PRIVADA","MANUFACTURAS MONEC","SI","LOS VENDE A UNA EMPRESA RECICLADORA, LOS REGALA A UN FAMILIAR, AMIGO O VECINO","NO","NO","REDES SOCIALES","SI","Sí"
"CÚCUTA","PÚBLICA","PAE","NO","LOS DEJO EN CASA","SI","NO","REDES SOCIALES","NO","Sí"
"CÚCUTA","TRABAJADOR INDEPENDIENTE","CHICAS NAILS","SI","LOS ENTREGA A LA EMPRESA DEL ASEO","NO","NO","REDES SOCIALES","NO","Sí"
"CÚCUTA","PÚBLICA","GOBERNACION","SI","LOS ENTREGA A LA EMPRESA DEL ASEO","NO","NO","REDES SOCIALES, PUBLICACIÓN EN SEDE  ELECTRÓNICA","NO","No"
"CÚCUTA","PÚBLICA","ESE IMSALUD","NO","LOS ENTREGA A LA EMPRESA DEL ASEO","SI","NO","REDES SOCIALES","NO","Sí, No"
"CÚCUTA","PÚBLICA","GOBERNACIÓN DE NORTE DE SANTANDER","NO","LOS DEJO EN CASA","SI","SI","REDES SOCIALES, PUBLICACIÓN EN SEDE  ELECTRÓNICA, RADIO, TELEVISIÓN","SI","Sí"
"CÚCUTA","PÚBLICA","INDENORTE","SI","LOS ENTREGA A LA EMPRESA DEL ASEO","NO","SI","REDES SOCIALES, INFORMACIÓN DIRECTA, PUBLICACIÓN EN SEDE  ELECTRÓNICA","SI","No"
"CÚCUTA","PÚBLICA","GOBERNACIÓN DE NORTE DE SANTANDER","NO","LOS DEJO EN CASA","SI","NO","REDES SOCIALES","NO","No"
"VILLA DEL ROSARIO","PÚBLICA","GOBERNACIÓN","SI","LOS VENDE A UNA EMPRESA RECICLADORA, LOS REGALA A UN FAMILIAR, AMIGO O VECINO","SI","SI","REDES SOCIALES","SI","Sí"
"CÚCUTA","PÚBLICA","GOBERNACIÓN NORTE DE SANTANDER","SI","LOS VENDE A UNA EMPRESA RECICLADORA, LOS REGALA A UN FAMILIAR, AMIGO O VECINO","SI","SI","INFORMACIÓN DIRECTA","NO","Sí"
"CHINÁCOTA","TRABAJADOR INDEPENDIENTE","INDIPENDIENTE","NO","LOS DEJO EN CASA","NO","NO","REDES SOCIALES","SI","Sí"
"CÚCUTA","AMA DE CASA","CASA","SI","LOS ENTREGA A LOS PUNTOS DE RECOLECCIÓN AUTORIZADOS (GESTORES DE RECOLECCIÓN DE RESIDUOS POSTCONSUMO)","NO","SI","REDES SOCIALES","NO","Sí"
"CÚCUTA","PÚBLICA","SECRETARIA DE AGRICULTURA Y DESARROLLO RURAL","SI","LOS ENTREGA A LOS PUNTOS DE RECOLECCIÓN AUTORIZADOS (GESTORES DE RECOLECCIÓN DE RESIDUOS POSTCONSUMO)","NO","SI","REDES SOCIALES","SI","No"
"CÚCUTA","PÚBLICA","GOBERNACIÓN NORTE DE SANTANDER","NO","LOS DEJO EN CASA","SI","NO","INFORMACIÓN DIRECTA","NO","Sí"
"CÚCUTA","PÚBLICA","MUNICIPIO DE LOS PATIOS","SI","LOS ENTREGA A LA EMPRESA DEL ASEO","NO","NO","REDES SOCIALES","SI","No"
"CÚCUTA","PÚBLICA","IFINORTE","SI","LOS ENTREGA A LOS PUNTOS DE RECOLECCIÓN AUTORIZADOS (GESTORES DE RECOLECCIÓN DE RESIDUOS POSTCONSUMO)","SI","SI","REDES SOCIALES","SI","Sí"
"CÚCUTA","PÚBLICA","GOBERNACIÓN NORTE DE SANTANDER","SI","LOS ENTREGA A LOS PUNTOS DE RECOLECCIÓN AUTORIZADOS (GESTORES DE RECOLECCIÓN DE RESIDUOS POSTCONSUMO)","SI","SI","REDES SOCIALES","SI","Sí"
"OCAÑA","PÚBLICA","GOBERNACIÓN NORTE DE SANTANDER","NO","LOS DEJO EN CASA","SI","NO","REDES SOCIALES","SI","Sí"
"CÚCUTA","PÚBLICA","INDENORTE","SI","LOS VENDE A UNA EMPRESA RECICLADORA, LOS REGALA A UN FAMILIAR, AMIGO O VECINO","NO","NO","REDES SOCIALES","SI","Sí"
"CÚCUTA","PÚBLICA","ALCALDIA DE CUCUTA","NO","LOS DEJO EN CASA","SI","SI","INFORMACIÓN DIRECTA","SI","Sí"
"CÚCUTA","PRIVADA","COMERCIAL INDUSTRIAL NACIONAL S.A.S.","NO","LOS DEJO EN CASA","SI","NO","REDES SOCIALES","SI","Sí"
"CÚCUTA","PÚBLICA","COLMARCO","NO","LOS DEJO EN CASA","NO","SI","REDES SOCIALES","SI","Sí"
"PAMPLONA","TRABAJADOR INDEPENDIENTE","EMPOPAMPLONA","SI","LOS ENTREGA A LA EMPRESA DEL ASEO","SI","SI","INFORMACIÓN DIRECTA","NO","Sí"
"VILLA DEL ROSARIO","TRABAJADOR INDEPENDIENTE","NO TENGO TRABAJO","SI","LOS VENDE A UNA EMPRESA RECICLADORA, LOS REGALA A UN FAMILIAR, AMIGO O VECINO","NO","NO","INFORMACIÓN DIRECTA","SI","Sí"
"CÚCUTA","PÚBLICA","GOBERNACIÓN NORTE DE SANTANDER","SI","LOS ENTREGA A LA EMPRESA DEL ASEO","SI","SI","INFORMACIÓN DIRECTA","SI","Sí"
"OCAÑA","PÚBLICA","GOBERNACIÓN DE NORTE DE SANTANDER","SI","LOS DEJO EN CASA","SI","NO","INFORMACIÓN DIRECTA","NO","Sí"
"CÚCUTA","PÚBLICA","INDENORTE","NO","LOS VENDE A UNA EMPRESA RECICLADORA, LOS REGALA A UN FAMILIAR, AMIGO O VECINO","NO","NO","REDES SOCIALES","SI","Sí"
"EL CARMEN","TRABAJADOR INDEPENDIENTE","IDENPDIENTE","NO","LOS DEJO EN CASA","NO",,"INFORMACIÓN DIRECTA","SI","No conozco de tecnología"
"RAGONVALIA","PÚBLICA","GOBERNACIÓN DEL DEPARTAMENTO NORTE DE SANTANDER","SI","VOTO A LA BASURA","NO","NO","REDES SOCIALES","SI","Sí"
"CÚCUTA","PÚBLICA","P.A.E","NO","LOS DEJO EN CASA","NO","NO","REDES SOCIALES","SI","No"
"CÚCUTA","PÚBLICA","INSTITUTO DEPARTAMENTAL DE SALUD","NO","LOS DEJO EN CASA","NO","NO","NO SABIA QUE EXISTE","SI","Sí"
"CÚCUTA","PÚBLICA","SECRE EDU  NORTE DE SANTADER","SI","LOS ENTREGA A LOS PUNTOS DE RECOLECCIÓN AUTORIZADOS (GESTORES DE RECOLECCIÓN DE RESIDUOS POSTCONSUMO)","SI","NO","REDES SOCIALES","SI","Sí"
"CÚCUTA","TRABAJADOR INDEPENDIENTE","CUADROS AGUIRRE CONSTRUCTORES SAS","SI","LOS VENDE A UNA EMPRESA RECICLADORA, LOS REGALA A UN FAMILIAR, AMIGO O VECINO","SI","NO","CORREO ELECTRÓNICO","SI","Sí"
"PAMPLONA","PÚBLICA","GOBERNACIÓN","SI","LOS ENTREGA A LA EMPRESA DEL ASEO","SI","SI","REDES SOCIALES, RADIO","SI","Sí"
"LOS PATIOS","PÚBLICA","SECRETARIA AGRICULTURA DEPARTAMENTAL","SI","LOS ENTREGA A LA EMPRESA DEL ASEO","NO","NO","INFORMACIÓN DIRECTA","SI","No"
"VILLA DEL ROSARIO","PÚBLICA","INDENORTE","NO","LOS DEJO EN CASA","NO","NO","REDES SOCIALES","SI","Sí"
"VILLA DEL ROSARIO","PÚBLICA","GOBERNACIÓN DE NORTE DE SANTANDER","SI","LOS ENTREGA A LOS PUNTOS DE RECOLECCIÓN AUTORIZADOS (GESTORES DE RECOLECCIÓN DE RESIDUOS POSTCONSUMO)","SI","SI","REDES SOCIALES","SI","Sí"
"CÚCUTA","PÚBLICA","GOBERNACIÓN NORTE DE SANTANDER","NO","LOS DEJO EN CASA","SI","NO","INFORMACIÓN DIRECTA","SI","Sí"
"PAMPLONA","PÚBLICA","ISER","SI","LOS ENTREGA A LA EMPRESA DEL ASEO","SI","NO","REDES SOCIALES","SI","Sí"
"CÚCUTA","PÚBLICA","GOBERNACIÓN DEL NORTE DE SANTANDER","NO","LOS DEJO EN CASA","SI","NO","REDES SOCIALES","SI","Sí"
"CÚCUTA","PÚBLICA","CENTRO EDUCATIVO RURAL CARMEN DE TONCHALA","SI","LOS ENTREGA A LOS PUNTOS DE RECOLECCIÓN AUTORIZADOS (GESTORES DE RECOLECCIÓN DE RESIDUOS POSTCONSUMO)","NO","NO","REDES SOCIALES","NO","Sí"
"CÚCUTA","PÚBLICA","GOBERNACION DE NORTE DE SANTANDER","NO","LOS DEJO EN CASA","SI","SI","INFORMACIÓN DIRECTA","SI","Sí"
"PAMPLONA","PÚBLICA","SECRETARIA DE EDUCACION NORTE DE SANTANDER","SI","LOS ENTREGA A LA EMPRESA DEL ASEO","NO","NO","REDES SOCIALES","SI","No"
"VILLA DEL ROSARIO","DESEMPLEADO","INTERNET","SI","LOS VENDE A UNA EMPRESA RECICLADORA, LOS REGALA A UN FAMILIAR, AMIGO O VECINO","NO","NO","CORREO ELECTRÓNICO","NO","Sí"
"CÚCUTA","DESEMPLEADO","NO TENGO TRABAJO","NO","LOS VENDE A UNA EMPRESA RECICLADORA, LOS REGALA A UN FAMILIAR, AMIGO O VECINO","SI","NO","REDES SOCIALES","NO","Sí"
"CÚCUTA","PÚBLICA","GOBERNACION NORTE DE SANTANDER","SI","LOS ENTREGA A LOS PUNTOS DE RECOLECCIÓN AUTORIZADOS (GESTORES DE RECOLECCIÓN DE RESIDUOS POSTCONSUMO)","SI","SI","REDES SOCIALES","SI","Sí"
"LOS PATIOS","PÚBLICA","GOBERNACION NS","NO","LOS DEJO EN CASA","SI","SI","INFORMACIÓN DIRECTA","SI","Sí"
"CÚCUTA","PÚBLICA","SECRETARÍA DE DESARROLLO","NO","LOS DEJO EN CASA","NO","NO","REDES SOCIALES","NO","No"
"CÚCUTA","TRABAJADOR INDEPENDIENTE","NO TENGO TRABAJO","NO","LOS DEJO EN CASA","NO","NO","REDES SOCIALES","SI","Sí"
"CÚCUTA","PÚBLICA","ALCALDÍA DE SAN JOSÉ DE CÚCUTA","SI","LOS VENDE A UNA EMPRESA RECICLADORA, LOS REGALA A UN FAMILIAR, AMIGO O VECINO","SI","SI","REDES SOCIALES, INFORMACIÓN DIRECTA","SI","Sí"
"CÚCUTA","DESEMPLEADO","NO TENGO TRABAJO","NO","LOS ENTREGA A LA EMPRESA DEL ASEO","NO","NO","INFORMACIÓN DIRECTA","NO","Sí"
"CÚCUTA","PÚBLICA","INSTITUTO DEPARTAMENTAL DE SALUD","SI","LOS ENTREGA A LA EMPRESA DEL ASEO","NO","NO","REDES SOCIALES","SI","Sí"
"CÚCUTA","TRABAJADOR INDEPENDIENTE","AMA DE CASA","SI","LOS REGALA A UN FAMILIAR, AMIGO O VECINO","NO","NO","INFORMACIÓN DIRECTA","NO","Sí"
"PAMPLONA","PÚBLICA","GOBERNACION DE NORTE DE SANTANDER","NO","LOS DEJO EN CASA","SI","NO","REDES SOCIALES","SI","No"
"CÚCUTA","PÚBLICA","GOBERNACIÓN DE N DE S","SI","LOS ENTREGA A LA EMPRESA DEL ASEO","NO","SI","INFORMACIÓN DIRECTA","SI","Sí"
"PAMPLONA","DESEMPLEADO","NO TENGO TRABAJO","SI","LOS ENTREGA A LA EMPRESA DEL ASEO","SI","NO","REDES SOCIALES","NO","Sí"
"CÚCUTA","PÚBLICA","GOBERNACIÓN","NO","LOS DEJO EN CASA","SI","NO","REDES SOCIALES","SI","No"
"CÚCUTA","PÚBLICA","HUEM","NO","LOS DEJO EN CASA","SI","SI","REDES SOCIALES","NO","Sí"
"CÚCUTA","PÚBLICA","GOBERNACIÓN DE NORTE DE SANTANDER","NO","LOS DEJO EN CASA","NO","NO","REDES SOCIALES, CORREO","SI","Sí"
"CÚCUTA","PÚBLICA","SUPERINTENDENCIA DE NOTARIADO YREGISTRO","SI","LOS ENTREGA A LA EMPRESA DEL ASEO","SI","NO","REDES SOCIALES","SI","Sí"
"CÚCUTA","PÚBLICA","INSTITUTO TÉCNICO PATIO CENTRO N-2","NO","LOS DEJO EN CASA","NO","NO","INFORMACIÓN DIRECTA","SI","Sí"
"CÚCUTA","PÚBLICA","INSTITUTO DEPARTAMENTAL DE SALUD","SI","LOS ENTREGA A LA EMPRESA DEL ASEO","SI","NO","REDES SOCIALES","SI","Sí"
"CÚCUTA","PÚBLICA","POLICIA","NO","LOS VENDE A UNA EMPRESA RECICLADORA, LOS REGALA A UN FAMILIAR, AMIGO O VECINO","SI","NO","REDES SOCIALES","SI","Sí"
"CÚCUTA","PRIVADA","PREESCOLAR MUNDO INFANTIL PACHI","SI","LOS REGALA A UN FAMILIAR, AMIGO O VECINO","NO","SI","INFORMACION DIRECTA","SI","Sí"
"CÚCUTA","PÚBLICA","PONAL","NO","LOS ENTREGA A LA EMPRESA DEL ASEO","NO","NO","REDES SOCIALES","NO","Sí"
"LOS PATIOS","DESEMPLEADO","EN LA CASA","SI","LOS REGALA A UN FAMILIAR, AMIGO O VECINO","SI","NO","REDES SOCIALES, PUBLICACIÓN EN SEDE  ELECTRÓNICA","NO","Sí"
"CÚCUTA","PÚBLICA","SEDNORTEDESANTANDER","SI","LOS ENTREGA A LA EMPRESA DEL ASEO","NO","NO","INFORMACIÓN DIRECTA","NO","Sí"
"LOS PATIOS","DESEMPLEADO","NO TENGO TRABAJO","SI","LOS VENDE A UNA EMPRESA RECICLADORA, LOS REGALA A UN FAMILIAR, AMIGO O VECINO","SI","NO","REDES SOCIALES","NO","Sí"
"VILLA DEL ROSARIO","TRABAJADOR INDEPENDIENTE","LABORO EN MI CASA DE FORMA INDEPENDIENTE","SI","LOS REGALA A UN FAMILIAR, AMIGO O VECINO, ALGUNOS LOS TENGO ALMACENADOS EN MI CASA","NO","NO","REDES SOCIALES","SI","Sí"
"CÚCUTA","PÚBLICA","SECRETARÍA DE EDUCACIÓN DEPARTAMENTAL","SI","LOS ENTREGA A LA EMPRESA DEL ASEO","SI","SI","REDES SOCIALES, INFORMACIÓN DIRECTA, PUBLICACIÓN EN SEDE  ELECTRÓNICA","SI","Sí"
"CÚCUTA","PÚBLICA","GOBERNACION","SI","LOS REGALA A UN FAMILIAR, AMIGO O VECINO","NO","SI","REDES SOCIALES, INFORMACIÓN DIRECTA, PUBLICACIÓN EN SEDE  ELECTRÓNICA","SI","Sí"
"CÚCUTA","PRIVADA","CONSTRUCTORA YADEL","NO","LOS DEJO EN CASA","NO","NO","INFORMACIÓN DIRECTA","NO","Sí"
"CÚCUTA","PÚBLICA","ALCALDÍA DE CÚCUTA","NO","LOS REGALA A UN FAMILIAR, AMIGO O VECINO","SI","SI","INFORMACION DIRECTA","SI","Sí"
"CÚCUTA","PÚBLICA","GOBERBACION KORTE SE SANTANDER","SI","LOS ENTREGA A LOS PUNTOS DE RECOLECCIÓN AUTORIZADOS (GESTORES DE RECOLECCIÓN DE RESIDUOS POSTCONSUMO)","SI","SI","INFORMACIÓN DIRECTA","SI","Sí"
"PAMPLONA","PRIVADA","MITRA2 COMUNICACIONES","SI","LOS ENTREGA A LOS PUNTOS DE RECOLECCIÓN AUTORIZADOS (GESTORES DE RECOLECCIÓN DE RESIDUOS POSTCONSUMO)","SI","SI","REDES SOCIALES, TELEVISIÓN","SI","Sí"
"CÚCUTA","PÚBLICA","GOBERNACIÓN SECRETARIA DE EDUCACIÓN DEPARTAMENTAL","NO","LOS ENTREGA A LOS PUNTOS DE RECOLECCIÓN AUTORIZADOS (GESTORES DE RECOLECCIÓN DE RESIDUOS POSTCONSUMO)","SI","SI","POR LA DRA HILSE ALDANA QUE ENVÍO POR WASSAPT GRUPO FUNCIONARIOS DE LA SED","SI","Sí"
"CÚCUTA","TRABAJADOR INDEPENDIENTE","EMPRENDIMIENTO FAMILIAR","NO","LOS VENDE A UNA EMPRESA RECICLADORA, LOS REGALA A UN FAMILIAR, AMIGO O VECINO","SI","SI","REDES SOCIALES","NO","Sí"
"LOS PATIOS","TRABAJADOR INDEPENDIENTE","TIENDA APICOLA NAPOLES","SI","TENGO LUGAR GUARDADOS","NO","NO","REDES SOCIALES","SI","Sí"
"CÚCUTA","DESEMPLEADO","NO TENGO TRABAJO","NO","LOS DEJO EN CASA","NO","NO","REDES SOCIALES","SI","Sí"
"CÚCUTA","PÚBLICA","GOBERNACION DE NORTE DE SANTANDER","NO","LOS DEJO EN CASA","SI","SI","REDES SOCIALES","SI","Sí"
"CÚCUTA","PÚBLICA","GOBERNACION N. S.","NO","LOS DEJO EN CASA","NO","SI","REDES SOCIALES, INFORMACIÓN DIRECTA","SI","Sí"
"PAMPLONA","PÚBLICA","I.E.BETHLEMITAS BRIGTHON","NO","LOS DEJO EN CASA","NO","NO","INFORMACIÓN DIRECTA","SI","Sí"
"CÚCUTA","PÚBLICA","GOBER NORTE","NO","LOS DEJO EN CASA","NO","NO","REDES SOCIALES","SI","Sí"
"CÚCUTA","TRABAJADOR INDEPENDIENTE","DISTRIBUCIÓN AMIRA DE LA ROSA","SI","LOS REGALA A UN FAMILIAR, AMIGO O VECINO","NO","NO","REDES SOCIALES","SI","Sí"
"CÚCUTA","PRIVADA","EPAGO","NO","LOS DEJO EN CASA","SI","NO","INFORMACIÓN DIRECTA","NO","No"
"SALAZAR DE LAS PALMAS","PRIVADA","INSTITUTO TÉCNICO AGRICOLA","SI","LOS VENDE A UNA EMPRESA RECICLADORA, LOS REGALA A UN FAMILIAR, AMIGO O VECINO","NO","NO","REDES SOCIALES","SI","Sí"
"CÚCUTA","PÚBLICA","ESCUELA NORMAL SUPERIOR MARÍA AUXILIADORA /SECRETARÍA DE EDUCACIÓN CÚCUTA","SI","LOS REGALA A UN FAMILIAR, AMIGO O VECINO","SI","NO","INFORMACIÓN DIRECTA","SI","Sí"
"CÚCUTA","PÚBLICA","SEM CUCUTA","NO","LOS DEJO EN CASA","SI","SI","INFORMACIÓN DIRECTA","SI","Sí"
"CÚCUTA","PÚBLICA","INSTITUTO DEPARTAMENTAL DE SALUD","NO","LOS ENTREGA A LA EMPRESA DEL ASEO","NO","NO","INFORMACIÓN DIRECTA","SI","Sí"
"CÚCUTA","TRABAJADOR INDEPENDIENTE","DOMICILIARIA, MOTOTAXISTA","NO","LOS DEJO EN CASA","NO","NO","REDES SOCIALES","NO","Sí"
"CÚCUTA","PÚBLICA","GOBERNACIÓN DE NORTE DE SANTANDER","SI","LOS ENTREGA A LOS PUNTOS DE RECOLECCIÓN AUTORIZADOS (GESTORES DE RECOLECCIÓN DE RESIDUOS POSTCONSUMO)","NO","SI","INFORMACIÓN DIRECTA","SI","Sí"
"CÚCUTA","TRABAJADOR INDEPENDIENTE","ALUMIMAXI","NO","LOS REGALA A UN FAMILIAR, AMIGO O VECINO","NO","NO","INFORMACIÓN DIRECTA","NO","Sí"
"CÚCUTA","PÚBLICA","GOBERNACION NORTE DE SANTANDER","NO","LOS DEJO EN CASA","NO","SI","REDES SOCIALES, TELEVISIÓN","SI","Sí"
"CÚCUTA","PÚBLICA","GOBERNACIÓN DE NORTE DE SANTANDER","NO","LOS DEJO EN CASA","NO","SI","REDES SOCIALES, RADIO, TELEVISIÓN","SI","Sí"
"SALAZAR DE LAS PALMAS","PÚBLICA","INSTITUTO TÉCNICO AGRÍCOLA","NO","LOS DEJO EN CASA","NO","NO","REDES SOCIALES","SI","Sí"
"CÚCUTA","PÚBLICA","GOBERNACIÓN NORTE DE SANTANDER","NO","LOS ENTREGA A LOS PUNTOS DE RECOLECCIÓN AUTORIZADOS (GESTORES DE RECOLECCIÓN DE RESIDUOS POSTCONSUMO)","SI","SI","INFORMACIÓN DIRECTA","SI","Sí"
"PAMPLONA","DESEMPLEADO","CASA","SI","LOS ENTREGA A LOS PUNTOS DE RECOLECCIÓN AUTORIZADOS (GESTORES DE RECOLECCIÓN DE RESIDUOS POSTCONSUMO)","SI","SI","RADIO","NO","No"
"CÚCUTA","PÚBLICA","INSTITUTO DEPARTAMENTAL DE SALUD","NO","LOS REGALA A UN FAMILIAR, AMIGO O VECINO","SI","NO","REDES SOCIALES","SI","Sí"
"CÚCUTA","PÚBLICA","POLICIA","SI","LOS ENTREGA A LOS PUNTOS DE RECOLECCIÓN AUTORIZADOS (GESTORES DE RECOLECCIÓN DE RESIDUOS POSTCONSUMO)","SI","SI","REDES SOCIALES","NO","No"
"CÚCUTA","AMA DE CASA","EL HOGAR","NO","LOS DEJO EN CASA","NO","NO","GRUPO DE WHATSAPP","NO","No tenemos acceso a internet"
"CÚCUTA","PÚBLICA","GOBERNACIÓN NORTE DE SANTANDER","NO","LOS DEJO EN CASA","NO","NO","INFORMACIÓN DIRECTA","NO","Sí"
"PAMPLONA","PRIVADA","LATINCO","SI","LOS ENTREGA A LA EMPRESA DEL ASEO","SI","NO","REDES SOCIALES","SI","No"
"CÚCUTA","PÚBLICA","CASA DE FAMILIA","SI","LOS VENDE A UNA EMPRESA RECICLADORA, LOS REGALA A UN FAMILIAR, AMIGO O VECINO","SI","NO","REDES SOCIALES","SI","Sí"
"CÚCUTA","DESEMPLEADO","CASA","NO","LOS VENDE A UNA EMPRESA RECICLADORA, LOS REGALA A UN FAMILIAR, AMIGO O VECINO","SI","NO","INFORMACION DIRECTA","NO","Sí"
"CÚCUTA","PÚBLICA","SECRETARIA EDUCACIÓN DEPARTAMENTAL","SI","LOS REGALA A UN FAMILIAR, AMIGO O VECINO","NO","NO","REDES SOCIALES","NO","Sí"
"CÚCUTA","PÚBLICA","GOBERNACIÓN DE NORTE DE SANTANDER","SI","LOS ENTREGA A LOS PUNTOS DE RECOLECCIÓN AUTORIZADOS (GESTORES DE RECOLECCIÓN DE RESIDUOS POSTCONSUMO)","SI","SI","INFORMACIÓN DIRECTA","SI","Sí"
"CÚCUTA","PÚBLICA","GOBERNACIÓN NORTE DE SANTANDER","SI","LOS REGALA A UN FAMILIAR, AMIGO O VECINO","SI","SI","REDES SOCIALES, RADIO","SI","Sí"
"CÚCUTA","PRIVADA","ZONA FRANCA","NO","LOS DEJO EN CASA","SI","SI","INFORMACIÓN DIRECTA","SI","Sí"
"CÚCUTA","PÚBLICA","GOBERNACION NORTE DE SANTANDER","SI","LOS REGALA A UN FAMILIAR, AMIGO O VECINO","NO","NO","REDES SOCIALES","SI","Sí"
"CÚCUTA","PÚBLICA","GOBERNACIÓN NORTE DE SANTANDER","NO","LOS DEJO EN CASA","SI","SI","INFORMACIÓN DIRECTA","SI","Sí"
"CÚCUTA","PÚBLICA","SECRETARIA DE SEGURIDAD CIUDADANA","NO","LOS DEJO EN CASA","NO","NO","REDES SOCIALES","SI","Sí"
"CÚCUTA","AMA DE CASA","EL HOGAR","NO","LOS DEJO EN CASA","NO","NO","PO ESTÁ ENCUESTA","NO","No tenemos acceso a internet"
"CÚCUTA","TRABAJADOR INDEPENDIENTE","INTERNET GUAIMARAL","NO","LOS DEJO EN CASA","SI","NO","INFORMACIÓN DIRECTA","NO","Sí"
"CÚCUTA","TRABAJADOR INDEPENDIENTE","GOBERNACIÓN DE NORTE DE SANTANDER","SI","LOS VENDE A UNA EMPRESA RECICLADORA, LOS REGALA A UN FAMILIAR, AMIGO O VECINO","NO","NO","NO SABIA QUE EXISTE","SI","No"
"CÚCUTA","PÚBLICA","SECRETARIA MEDIO AMBIENTE. RECURSOS NATURALES Y SOSTENIBILIDAD","NO","LOS DEJO EN CASA","SI","NO","REDES SOCIALES","SI","Sí"
"CÚCUTA","PÚBLICA","GOBERNACIÓN NORTE DE SANTANDER","NO","LOS DEJO EN CASA","NO","SI","INFORMACIÓN DIRECTA","SI","No"
"CÚCUTA","PÚBLICA","GOBERNACIÓN NORTE DE SANTANDER","SI","LOS ENTREGA A LOS PUNTOS DE RECOLECCIÓN AUTORIZADOS (GESTORES DE RECOLECCIÓN DE RESIDUOS POSTCONSUMO)","SI","SI","INFORMACIÓN DIRECTA","SI","Sí"
"CÚCUTA","TRABAJADOR INDEPENDIENTE","DECORACIONES","NO","LOS DEJO EN CASA","NO","NO","REDES SOCIALES, RADIO","SI","No"
"CÚCUTA","PÚBLICA","SECRETARÍA DE SEGURIDAD CIUDADANA","SI","LOS REGALA A UN FAMILIAR, AMIGO O VECINO","NO","SI","INFORMACIÓN DIRECTA","SI","No, No conozco de tecnología"
"CÚCUTA","PÚBLICA","GOBERNACIÓN","NO","LOS DEJO EN CASA","SI","SI","INFORMACIÓN DIRECTA","SI","Sí"
"CÚCUTA","PENSIONADO","POLICÍA NACIONAL","NO","LOS DEJO EN CASA","SI","NO","INFORMACIÓN DIRECTA, PUBLICACIÓN EN SEDE  ELECTRÓNICA","NO","No"
"CÚCUTA","PÚBLICA","GOBERNACIÓN DE NORTE DE SANTANDER","SI","LOS ENTREGA A LOS PUNTOS DE RECOLECCIÓN AUTORIZADOS (GESTORES DE RECOLECCIÓN DE RESIDUOS POSTCONSUMO)","NO","SI","REDES SOCIALES","SI","Sí"
"CÚCUTA","PÚBLICA","SECRETARIA DE EDUCACIÓN DEPARTAMENTAL","NO","LOS ENTREGA A LOS PUNTOS DE RECOLECCIÓN AUTORIZADOS (GESTORES DE RECOLECCIÓN DE RESIDUOS POSTCONSUMO)","SI","SI","REDES SOCIALES","SI","Sí"
"OCAÑA","PÚBLICA","GOBERNACIÓN DE NORTE DE SANTANDER","SI","LOS ENTREGA A LA EMPRESA DEL ASEO","NO","SI","REDES SOCIALES","SI","Sí"
"PAMPLONA","PÚBLICA","PROVINCIAL SAN JOSÉ","NO","LOS DEJO EN CASA","SI","NO","INFORMACIÓN DIRECTA","SI","Sí"
"LOS PATIOS","PÚBLICA","GOBERNACIÓN","SI","LOS ENTREGA A LOS PUNTOS DE RECOLECCIÓN AUTORIZADOS (GESTORES DE RECOLECCIÓN DE RESIDUOS POSTCONSUMO)","SI","SI","REDES SOCIALES, INFORMACIÓN DIRECTA","SI","Sí"
"CÚCUTA","PÚBLICA","GOBERNACIÓN NORTE DE SANTANDER","SI","LOS REGALA A UN FAMILIAR, AMIGO O VECINO","NO","NO","REDES SOCIALES","SI","Sí"
"CÚCUTA","PÚBLICA","GOBERNACIÓN DE NORTE DE SANTANDER","SI","LOS REGALA A UN FAMILIAR, AMIGO O VECINO","SI","SI","INFORMACIÓN DIRECTA","SI","Sí"
"CÚCUTA","TRABAJADOR INDEPENDIENTE","DESEMPLEADA","NO","LOS DEJO EN CASA","NO","NO","REDES SOCIALES","NO","Sí"
"CÚCUTA","PÚBLICA","GOBERNACIÓN NORTE DE SANTANDER","SI","LOS ENTREGA A LOS PUNTOS DE RECOLECCIÓN AUTORIZADOS (GESTORES DE RECOLECCIÓN DE RESIDUOS POSTCONSUMO)","SI","SI","INFORMACIÓN DIRECTA","SI","Sí"
"CÚCUTA","PÚBLICA","GOBERNACIÓN  N DE S","SI","LOS ENTREGA A LOS PUNTOS DE RECOLECCIÓN AUTORIZADOS (GESTORES DE RECOLECCIÓN DE RESIDUOS POSTCONSUMO)","NO","SI","REDES SOCIALES","SI","Sí"
"CÚCUTA","PÚBLICA","GOBERNACIÓN DE NORTE DE SANTANDER","SI","LOS REGALA A UN FAMILIAR, AMIGO O VECINO","NO","NO","INFORMACIÓN DIRECTA","SI","No"
"CÚCUTA","TRABAJADOR INDEPENDIENTE","DANE","SI","LOS REGALA A UN FAMILIAR, AMIGO O VECINO","NO","NO","INFORMACION DIRECTA","SI","Sí"
"CÚCUTA","PÚBLICA","GOBERNACION DE NORTE DE SANTANDER","NO","LOS DEJO EN CASA","SI","NO","INFORMACIÓN DIRECTA","SI","Sí"
"CÚCUTA","PÚBLICA","SECRETARÍA DE MEDIO AMBIENTE, RECURSOS NATURALES Y SOSTENIBILIDAD","NO","LOS DEJO EN CASA","SI","SI","REDES SOCIALES","SI","Sí"
"CÚCUTA","TRABAJADOR INDEPENDIENTE","HELADERIA YETI","NO","LOS DEJO EN CASA","SI","SI","REDES SOCIALES, TELEVISIÓN","SI","Sí"
"GRAMALOTE","PÚBLICA","GOBERNACION NORTE DE SANTANDER","SI","LOS VENDE A UNA EMPRESA RECICLADORA, LOS REGALA A UN FAMILIAR, AMIGO O VECINO","NO","NO","REDES SOCIALES","SI","Sí"
"CÚCUTA","PÚBLICA","GOBERNACIÓN DE NORTE DE SANTANDER","SI","LOS REGALA A UN FAMILIAR, AMIGO O VECINO","NO","NO","REDES SOCIALES","SI","Sí"
"CÚCUTA","PÚBLICA","IE COLEGIO LUIS CARLOS GALÁN SARMIENTO","SI","LOS REGALA A UN FAMILIAR, AMIGO O VECINO","SI","NO","REDES SOCIALES","SI","Sí"
"SALAZAR DE LAS PALMAS","PÚBLICA","SECRETARIA DE EDUCACIÓN DEPARTAMENTAL","NO","LOS DEJO EN CASA","SI","NO","REDES SOCIALES","NO","Sí"
"CÚCUTA","PÚBLICA","GOBERNACIÓN NORTE DE SANTANDER","NO","LOS DEJO EN CASA","SI","SI","CORREO ELECTRÓNICO","SI","Sí"
"CÚCUTA","TRABAJADOR INDEPENDIENTE","COMERCIANTES","SI","LOS ENTREGA A LA EMPRESA DEL ASEO","NO","NO","INFORMACIÓN DIRECTA","NO","Sí"
"CÚCUTA","TRABAJADOR INDEPENDIENTE","COMERCIANTE","SI","LOS REGALA A UN FAMILIAR, AMIGO O VECINO","SI","SI","REDES SOCIALES","NO","No"
"CÚCUTA","PÚBLICA","INDENORTE","NO","LOS DEJO EN CASA","NO","NO","INFORMACIÓN DIRECTA","SI","Sí"
"CÚCUTA","PÚBLICA","GOBERNACION NORTE DE SANTANDER","NO","LOS DEJO EN CASA","NO","SI","INFORMACIÓN DIRECTA","SI","No"
"CÚCUTA","PÚBLICA","GOBERNACIÓN DEL DEPARTAMENTO NORTE DE SANTANDER","SI","LOS ENTREGA A LOS PUNTOS DE RECOLECCIÓN AUTORIZADOS (GESTORES DE RECOLECCIÓN DE RESIDUOS POSTCONSUMO)","SI","NO","INFORMACIÓN DIRECTA","SI","Sí"
"CÚCUTA","PÚBLICA","GOBERNACIÓN DE NORTE DE SANTANDER","SI","LOS ENTREGA A LA EMPRESA DEL ASEO","NO","NO","REDES SOCIALES","SI","Sí"
"CÚCUTA","PENSIONADO","NO TENGO TRABAJO","NO","LOS DEJO EN CASA","NO","NO","REDES SOCIALES","SI","Sí"
"OCAÑA","PÚBLICA","SDEYP","NO","LOS DEJO EN CASA","SI","SI","REDES SOCIALES","SI","Sí"
"CÚCUTA","PRIVADA","SERVÍ ESPECIALES","NO","LOS ENTREGA A LOS PUNTOS DE RECOLECCIÓN AUTORIZADOS (GESTORES DE RECOLECCIÓN DE RESIDUOS POSTCONSUMO)","SI","NO","REDES SOCIALES","NO","Sí"
"CÚCUTA","TRABAJADOR INDEPENDIENTE","OFICIOS VARIOS","SI","LOS VENDE A UNA EMPRESA RECICLADORA, LOS REGALA A UN FAMILIAR, AMIGO O VECINO","NO","NO","INFORMACIÓN DIRECTA","NO","Sí"
"LOS PATIOS","AMA DE CASA","LA CASA","NO","LOS DEJO EN CASA","NO","NO","INFORMACION DIRECTA","SI","Sí"
"CÚCUTA","PÚBLICA","GOBERNACIÓN NORTE DE SANTANDER","NO","LOS DEJO EN CASA","SI","SI","INFORMACIÓN DIRECTA","NO","Sí"
"SALAZAR DE LAS PALMAS","PÚBLICA","INSTITUTO TÉCNICO AGRICOLA","SI","LOS ENTREGA A LOS PUNTOS DE RECOLECCIÓN AUTORIZADOS (GESTORES DE RECOLECCIÓN DE RESIDUOS POSTCONSUMO)","SI","SI","INFORMACIÓN DIRECTA","SI","Sí"
"CÚCUTA","TRABAJADOR INDEPENDIENTE","LA CASA","NO","LOS VENDE A UNA EMPRESA RECICLADORA, LOS REGALA A UN FAMILIAR, AMIGO O VECINO","NO","NO","TELEVISIÓN","SI","No"
"CÚCUTA","DESEMPLEADO","NO TENGO TRABAJO","NO","LOS DEJO EN CASA","SI","NO","INFORMACIÓN DIRECTA","NO","No conozco de tecnología"
"SALAZAR DE LAS PALMAS","PÚBLICA","INSTITUTO TÉCNICO AGRÍCOLA","SI","LOS VENDE A UNA EMPRESA RECICLADORA, LOS REGALA A UN FAMILIAR, AMIGO O VECINO","NO","NO","INFORMACIÓN DIRECTA","SI","Sí"
"PAMPLONA","PÚBLICA","GOBERNACIÓN NORTE DE SANTANDER","NO","LOS DEJO EN CASA","NO","SI","REDES SOCIALES","SI","Sí"
"CÚCUTA","TRABAJADOR INDEPENDIENTE","MI CASA","NO","LOS DEJO EN CASA","NO","NO","REDES SOCIALES","NO","No"
"CÚCUTA","PÚBLICA","DEPARTAMENTO ADMINISTRATIVO BIENESTAR SOCIAL","NO","LOS VENDE A UNA EMPRESA RECICLADORA, LOS REGALA A UN FAMILIAR, AMIGO O VECINO","NO","NO","REDES SOCIALES","SI","Sí"
"CÚCUTA","TRABAJADOR INDEPENDIENTE","COMERCIANTE","SI","LOS ENTREGA A LOS PUNTOS DE RECOLECCIÓN AUTORIZADOS (GESTORES DE RECOLECCIÓN DE RESIDUOS POSTCONSUMO)","NO","SI","INFORMACIÓN DIRECTA","SI","Sí"
"DURANIA","PÚBLICA","SECRETARIA DE DESARROLLO","NO","LOS REGALA A UN FAMILIAR, AMIGO O VECINO","SI","SI","PUBLICACIÓN EN SEDE  ELECTRÓNICA","SI","Sí"
"CÚCUTA","PÚBLICA","GOBERNACIÓN NORTE DE SANTANDER","SI","LOS ENTREGA A LA EMPRESA DEL ASEO","NO","NO","CORREO ELECTRÓNICO","NO","Sí"
"CÚCUTA","PÚBLICA","UNIVERSIDAD FRANCISCO DE PAULA SANTANDER","NO","LOS ENTREGA A LOS PUNTOS DE RECOLECCIÓN AUTORIZADOS (GESTORES DE RECOLECCIÓN DE RESIDUOS POSTCONSUMO)","SI","NO","INFORMACIÓN DIRECTA","SI","Sí"
"CÚCUTA","PÚBLICA","GOBERNACION DE NORTE DE SANTANDER","NO","LOS DEJO EN CASA","SI","NO","REDES SOCIALES","SI","No"
"SALAZAR DE LAS PALMAS","PÚBLICA","SECRETARÍA DE  EDUCACIÓN N. DE S.","NO","LOS DEJO EN CASA","NO","NO","INFORMACIÓN DIRECTA","SI","Sí"
"CÚCUTA","TRABAJADOR INDEPENDIENTE","AMA DE CASA","NO","LOS ENTREGA A LA EMPRESA DEL ASEO","NO","NO","REDES SOCIALES","NO","Sí"
"SARDINATA","PÚBLICA","SECRETARIA DE AGRICULTURA Y DESARROLLO RURAL","SI","LOS REGALA A UN FAMILIAR, AMIGO O VECINO","NO","NO","REDES SOCIALES","NO","Sí"
"CÚCUTA","PÚBLICA","IDS","NO","LOS DEJO EN CASA","SI","NO","INFORMACIÓN DIRECTA","NO","Sí"
"CÚCUTA","PÚBLICA","GOBERNACIÓN NORTE DE SANTANDER","SI","LOS ENTREGA A LOS PUNTOS DE RECOLECCIÓN AUTORIZADOS (GESTORES DE RECOLECCIÓN DE RESIDUOS POSTCONSUMO)","SI","SI","REDES SOCIALES","NO","Sí"
"CÚCUTA","PÚBLICA","INDENORTE","SI","LOS DEJO EN CASA","SI","NO","INFORMACION DIRECTA","NO","Sí"
"CÚCUTA","PRIVADA","DAMAR AGENCIA DE VIAJES","SI","LOS DEJO EN CASA","NO","NO","REDES SOCIALES","SI","Sí"
"EL TARRA","PÚBLICA","ALCALDIA MUNICIPAL EL TARRA","NO","LOS DEJO EN CASA","SI","NO","REDES SOCIALES","SI","No"
"CÁCOTA","PÚBLICA","GOBERNACION","SI","LOS ENTREGA A LOS PUNTOS DE RECOLECCIÓN AUTORIZADOS (GESTORES DE RECOLECCIÓN DE RESIDUOS POSTCONSUMO)","NO","SI","REDES SOCIALES","SI","Sí"
"CÚCUTA","PÚBLICA","INDENORTE","SI","LOS VENDE A UNA EMPRESA RECICLADORA, LOS REGALA A UN FAMILIAR, AMIGO O VECINO","NO","NO","INFORMACION DIRECTA","SI","Sí"
"CÚCUTA","PÚBLICA","GOBERNACIÓN DE NORTE DE SANTANDER","NO","LOS DEJO EN CASA","SI","SI","REDES SOCIALES","SI","Sí"
"SALAZAR DE LAS PALMAS","PÚBLICA","INSTITUTO TÉCNICO AGRÍCOLA","NO","LOS DEJO EN CASA","NO","NO","INFORMACIÓN DIRECTA","SI","Sí"
"CÚCUTA","PÚBLICA","GOBERNACIÓN - NORTE DE SANTANDER","NO","LOS DEJO EN CASA","NO","NO","REDES SOCIALES","SI","Sí"
"CÚCUTA","TRABAJADOR INDEPENDIENTE","INDEPENDIENTE","SI","LOS ENTREGA A LOS PUNTOS DE RECOLECCIÓN AUTORIZADOS (GESTORES DE RECOLECCIÓN DE RESIDUOS POSTCONSUMO)","NO","NO","INFORMACIÓN DIRECTA","NO","Sí"
"LOS PATIOS","PÚBLICA","SECRETARIA DE EDUCACION","SI","LOS ENTREGA A LA EMPRESA DEL ASEO","NO","NO","INFORMACIÓN DIRECTA","SI","No"
"CÚCUTA","TRABAJADOR INDEPENDIENTE","COMERCIANTE","NO","LOS ENTREGA A LA EMPRESA DEL ASEO","SI","NO","REDES SOCIALES","SI","Sí"
"TIBÚ","PÚBLICA","CONCEJO MUNICIPAL DE TIBU.","SI","LOS REGALA A UN FAMILIAR, AMIGO O VECINO","SI","NO","REDES SOCIALES","SI","Sí"
"LOS PATIOS","DESEMPLEADO","NO TENGO TRABAJO","NO","LOS DEJO EN CASA","NO","NO","REDES SOCIALES","SI","No"
"PAMPLONA","PÚBLICA","SECRETARÍA DE MEDIO AMBIENTE RECURSOS NATURALES Y SOSTENIBILIDAD","NO","LOS DEJO EN CASA","SI","SI","REDES SOCIALES, INFORMACIÓN DIRECTA, RADIO, TELEVISIÓN","SI","Sí"
"EL ZULIA","PÚBLICA","I.E AGRÍCOLA RISARALDA","SI","LOS ENTREGA A LOS PUNTOS DE RECOLECCIÓN AUTORIZADOS (GESTORES DE RECOLECCIÓN DE RESIDUOS POSTCONSUMO)","SI","SI","INFORMACIÓN DIRECTA","SI","Sí"
"CÚCUTA","TRABAJADOR INDEPENDIENTE","INGNIERIA Y SUMINISTROS GEF","SI","LOS ENTREGA A LA EMPRESA DEL ASEO","NO","NO","NO SABIA QUE EXISTE","NO","No"
"CÚCUTA","PÚBLICA","HOSPITAL ERASMO MEOZ","NO","LOS DEJO EN CASA","SI","NO","REDES SOCIALES","NO","Sí"
"EL ZULIA","PÚBLICA","INSTITUTO AGRÍCOLA RISARALDA","NO","LOS DEJO EN CASA","SI","SI","REDES SOCIALES","SI","Sí"
"PAMPLONA","PÚBLICA","INSTITUCIÓN EDUCATIVA BETHLEMITAS BRIGHTON","SI","LOS ENTREGA A LA EMPRESA DEL ASEO","SI","NO","INFORMACIÓN DIRECTA","SI","Sí"
"CÚCUTA","TRABAJADOR INDEPENDIENTE","OFICIOS VARIOS","NO","LOS DEJO EN CASA","NO","NO","REDES SOCIALES","NO","No conozco de tecnología"
"CÚCUTA","PÚBLICA","IFINORTE","SI","LOS REGALA A UN FAMILIAR, AMIGO O VECINO","NO","NO","INFORMACIÓN DIRECTA","SI","Sí"
"CÚCUTA","TRABAJADOR INDEPENDIENTE","TECNO PC CÚCUTA 2050","SI","LOS ENTREGA A LOS PUNTOS DE RECOLECCIÓN AUTORIZADOS (GESTORES DE RECOLECCIÓN DE RESIDUOS POSTCONSUMO)","NO","SI","INFORMACIÓN DIRECTA","SI","Sí"
"CÚCUTA","PÚBLICA","GREMIOS UNIDOS","NO","LOS VENDE A UNA EMPRESA RECICLADORA, LOS REGALA A UN FAMILIAR, AMIGO O VECINO","SI","NO","NO SABIA QUE EXISTE","SI","Sí"
"CÚCUTA","TRABAJADOR INDEPENDIENTE","COMERCIANTE","SI","LOS ENTREGA A LA EMPRESA DEL ASEO","NO","NO","INFORMACIÓN DIRECTA","NO","No conozco de tecnología"
"EL ZULIA","PÚBLICA","INSTITUCIÓN EDUCATIVA INSTITUTO AGRÍCOLA RISARALDA","SI","LOS DEJO EN CASA","SI","NO","INFORMACIÓN DIRECTA","SI","Sí"
"LABATECA","AMA DE CASA","CASA","NO","LOS DEJO EN CASA","NO","NO","REDES SOCIALES","SI","Sí"
"EL ZULIA","PÚBLICA","SECRETARIA DE EDUCACIÓN DEPARTAMENTAL","NO","LOS DEJO EN CASA","SI","NO","REDES SOCIALES","SI","Sí"
"EL ZULIA","PÚBLICA","SECRETATIA DE EDUCACIÓN DEL DEPARTAMENTO.","NO","LOS DEJO EN CASA","SI","NO","REDES SOCIALES","SI","Sí"
"SALAZAR DE LAS PALMAS","PÚBLICA","INSTITUTO TÉCNICO AGRÍCOLA","NO","LOS DEJO EN CASA","SI","NO","INFORMACIÓN DIRECTA","SI","Sí"
"PAMPLONA","PÚBLICA","UNIVERSIDAD DE PAMPLONA","NO","LOS ENTREGA A LOS PUNTOS DE RECOLECCIÓN AUTORIZADOS (GESTORES DE RECOLECCIÓN DE RESIDUOS POSTCONSUMO)","SI","NO","NO SABIA QUE EXISTE","NO","No"
"EL ZULIA","PÚBLICA","SECRETARIA DE EDUCACIÓN DEPARTAMENTO","NO","LOS DEJO EN CASA","SI","NO","REDES SOCIALES","SI","Sí"
"CÚCUTA","PÚBLICA","COLEGIO LUIS CARLOS GALÁN SARMIENTO","SI","LOS DEJO EN CASA","NO","NO","INFORMACION DIRECTA","SI","Sí"
"CÚCUTA","PÚBLICA","GOBERNACIÓN NORTE DE SANTANDER","SI","LOS VENDE A UNA EMPRESA RECICLADORA, LOS REGALA A UN FAMILIAR, AMIGO O VECINO","SI","SI","INFORMACIÓN DIRECTA","SI","Sí"
"EL ZULIA","PÚBLICA","INSTITUCIÓN EDUCATIVA INSTITUTO AGRICOLA RISARALDA","SI","LOS ENTREGA A LA EMPRESA DEL ASEO","NO","NO","REDES SOCIALES","SI","Sí"
"EL ZULIA","PÚBLICA","I.E INSTITUTO AGRÍCOLA RISARALDA","NO","LOS DEJO EN CASA","SI","NO","INFORMACIÓN DIRECTA","SI","Sí"
"LOS PATIOS","TRABAJADOR INDEPENDIENTE","S.L.C. GROUP S.A.S.","SI","LOS ENTREGA A LOS PUNTOS DE RECOLECCIÓN AUTORIZADOS (GESTORES DE RECOLECCIÓN DE RESIDUOS POSTCONSUMO)","SI","NO","REDES SOCIALES","NO","Sí"
"CÚCUTA","PRIVADA","PERFUMERÍA DULCE SALOME","NO","LOS DEJO EN CASA","NO","SI","INFORMACION DIRECTA","SI","No"
"OCAÑA","PRIVADA","COLFONDOS","NO","LOS DEJO EN CASA","SI","NO","REDES SOCIALES","SI","No"
"LOS PATIOS","PÚBLICA","INDENORTE","SI","LOS ENTREGA A LOS PUNTOS DE RECOLECCIÓN AUTORIZADOS (GESTORES DE RECOLECCIÓN DE RESIDUOS POSTCONSUMO)","SI","SI","REDES SOCIALES, PUBLICACIÓN EN SEDE  ELECTRÓNICA","SI","Sí"
"CÚCUTA","PÚBLICA","GOBERNACION NORTE DE SANTANDER","NO","LOS DEJO EN CASA","SI","SI","INFORMACIÓN DIRECTA","SI","No"
"EL ZULIA","PÚBLICA","INSTITUTO AGRÍCOLA RISARALDA","NO","LOS DEJO EN CASA","NO","NO","REDES SOCIALES","SI","Sí"
"EL ZULIA","PÚBLICA","INSTITUTO AGRÍCOLA RISARALDA","SI","LOS ENTREGA A LOS PUNTOS DE RECOLECCIÓN AUTORIZADOS (GESTORES DE RECOLECCIÓN DE RESIDUOS POSTCONSUMO)","NO","NO","RADIO","NO","Sí"
"CÚCUTA","PÚBLICA","GOBERNACIÓN","SI","LOS VENDE A UNA EMPRESA RECICLADORA, LOS REGALA A UN FAMILIAR, AMIGO O VECINO","NO","NO","REDES SOCIALES","SI","Sí"
"CÚCUTA","PRIVADA","ASGOC","SI","LOS VENDE A UNA EMPRESA RECICLADORA, LOS REGALA A UN FAMILIAR, AMIGO O VECINO","NO",,"REDES SOCIALES","SI","Sí"
"CÚCUTA","PÚBLICA","GREMIOS UNIDOS","NO","LOS DEJO EN CASA","SI","SI","REDES SOCIALES, RADIO","SI","Sí"
"CÚCUTA","TRABAJADOR INDEPENDIENTE","AP SYSTEM SAS","SI","LOS ENTREGA A LA EMPRESA DEL ASEO","SI","SI","INFORMACION DIRECTA","SI","Sí"
"CÚCUTA","TRABAJADOR INDEPENDIENTE","DULCES MAGOLITA","SI","LOS VENDE A UNA EMPRESA RECICLADORA, LOS REGALA A UN FAMILIAR, AMIGO O VECINO","NO","NO","REDES SOCIALES","SI","Sí"
"CÚCUTA","PÚBLICA","GOBERNACIÓN DE NORTE DE SANTANDER","NO","LOS DEJO EN CASA","SI","SI","INFORMACIÓN DIRECTA","SI","Sí"
"CÚCUTA","TRABAJADOR INDEPENDIENTE","INDEPENDIENTE","NO","LOS DEJO EN CASA","NO","NO","REDES SOCIALES","NO","Sí"
"CÚCUTA","TRABAJADOR INDEPENDIENTE","GENUINO JEANS","SI","LOS VENDE A UNA EMPRESA RECICLADORA, LOS REGALA A UN FAMILIAR, AMIGO O VECINO","NO","NO","RADIO","SI","Sí"
"CÚCUTA","PÚBLICA","HACIENDA DEPARTAMENTAL","NO","LOS ENTREGA A LOS PUNTOS DE RECOLECCIÓN AUTORIZADOS (GESTORES DE RECOLECCIÓN DE RESIDUOS POSTCONSUMO)","NO","SI","REDES SOCIALES","SI","Sí"
"CÚCUTA","PÚBLICA","GOBERNACIÓN DE NORTE DE SANTANDER","NO","LOS ENTREGA A LA EMPRESA DEL ASEO","SI","NO","PUBLICACIÓN EN SEDE  ELECTRÓNICA","SI","Sí"
"CÚCUTA","PÚBLICA","GOBERNACION","SI","LOS ENTREGA A LOS PUNTOS DE RECOLECCIÓN AUTORIZADOS (GESTORES DE RECOLECCIÓN DE RESIDUOS POSTCONSUMO)","SI","SI","REDES SOCIALES","SI","Sí"
"CÚCUTA","PÚBLICA","ALCALDIA SAN JOSÉ DE CÚCUTA","NO","LOS DEJO EN CASA","SI","SI","INFORMACIÓN DIRECTA","SI","Sí"
"CÚCUTA","PÚBLICA","SECRETARÍA DE AGUA POTABLE Y SANEAMIENTO BÁSICO DE NORTE DE SANTANDER","SI","LOS ENTREGA A LA EMPRESA DEL ASEO","NO","SI","INFORMACIÓN DIRECTA","SI","Sí"
"EL ZULIA","PÚBLICA","INSTITUCION EDUCATIVA INSTITUTO AGRÍCOLA RISARALDA","SI","LOS ENTREGA A LOS PUNTOS DE RECOLECCIÓN AUTORIZADOS (GESTORES DE RECOLECCIÓN DE RESIDUOS POSTCONSUMO)","SI","NO","INFORMACIÓN DIRECTA","SI","Sí"
"CÚCUTA","PÚBLICA","GOBERNACION","SI","LOS ENTREGA A LOS PUNTOS DE RECOLECCIÓN AUTORIZADOS (GESTORES DE RECOLECCIÓN DE RESIDUOS POSTCONSUMO)","SI","SI","REDES SOCIALES","SI","Sí"
"CÚCUTA","PÚBLICA","IDS","NO","LOS ENTREGA A LOS PUNTOS DE RECOLECCIÓN AUTORIZADOS (GESTORES DE RECOLECCIÓN DE RESIDUOS POSTCONSUMO)","SI","NO","RADIO","NO","Sí"
"CÚCUTA","PÚBLICA","VIHONCO","NO","LOS DEJO EN CASA","NO","NO","REDES SOCIALES","SI","Sí"
"OCAÑA","PÚBLICA","ALCALDÍA DE OCAÑA","SI","LOS ENTREGA A LOS PUNTOS DE RECOLECCIÓN AUTORIZADOS (GESTORES DE RECOLECCIÓN DE RESIDUOS POSTCONSUMO)","SI","SI","INFORMACION DIRECTA","NO","Sí"
"CÚCUTA","PÚBLICA","ALCALDÍA DE CÚCUTA","SI","LOS DEJO EN CASA","NO","NO","NO SABIA QUE EXISTE","NO","Sí"
"TIBÚ","PÚBLICA","ALCALDÍA  DE TIBU","SI","LOS VENDE A UNA EMPRESA RECICLADORA, LOS REGALA A UN FAMILIAR, AMIGO O VECINO","SI","SI","INFORMACIÓN DIRECTA","SI","Sí"
"CÚCUTA","AMA DE CASA","AMA DE CASA","SI","LOS ENTREGA A LOS PUNTOS DE RECOLECCIÓN AUTORIZADOS (GESTORES DE RECOLECCIÓN DE RESIDUOS POSTCONSUMO)","SI","SI","REDES SOCIALES, INFORMACIÓN DIRECTA","SI","Sí"
"VILLA DEL ROSARIO","PÚBLICA","I.E. INSTITUTO AGRÍCOLA RISARALDA","SI","LOS DEJO EN CASA","SI","NO","INFORMACIÓN DIRECTA","SI","Sí"
"CÚCUTA","PÚBLICA","EJC","NO","LOS DEJO EN CASA","SI","NO","REDES SOCIALES","SI","Sí"
"CÚCUTA","AMA DE CASA","MI HOGAR","NO","LOS DEJO EN CASA","NO","NO","NO SABIA QUE EXISTE","NO","No conozco de tecnología"
"CÚCUTA","TRABAJADOR INDEPENDIENTE","INDEPENDIENTE","NO","LOS DEJO EN CASA","NO","NO","INFORMACIÓN DIRECTA","SI","Sí"
"SALAZAR DE LAS PALMAS","PÚBLICA","GOBERNACIÓN DE NORTE DE SANTANDER","SI","LOS DEJO EN CASA","SI","SI","REDES SOCIALES, INFORMACIÓN DIRECTA","NO","Sí"
"CÚCUTA","DESEMPLEADO","NO TENGO TRABAJO","SI","LOS ENTREGA A LOS PUNTOS DE RECOLECCIÓN AUTORIZADOS (GESTORES DE RECOLECCIÓN DE RESIDUOS POSTCONSUMO)","SI","SI","REDES SOCIALES, INFORMACIÓN DIRECTA","SI","Sí"
"LOS PATIOS","AMA DE CASA","AMA DE CASA","SI","LOS ENTREGA A LA EMPRESA DEL ASEO","SI","SI","REDES SOCIALES, INFORMACIÓN DIRECTA","SI","Sí"
"CÚCUTA","TRABAJADOR INDEPENDIENTE","COMERCIANTE","SI","LOS VENDE A UNA EMPRESA RECICLADORA, LOS REGALA A UN FAMILIAR, AMIGO O VECINO","SI","NO","REDES SOCIALES, INFORMACIÓN DIRECTA","SI","Sí"
"CÚCUTA","PÚBLICA","GOBERNACIÓN DE NORTE DE SANTANDER","NO","LOS DEJO EN CASA","SI","SI","REDES SOCIALES, INFORMACIÓN DIRECTA","SI","Sí"
"LOS PATIOS","DESEMPLEADO","NO TENGO TRABAJO","SI","LOS ENTREGA A LA EMPRESA DEL ASEO","SI","NO","INFORMACIÓN DIRECTA","SI","Sí, No"
"CÚCUTA","PRIVADA","VANESSA","NO","LOS DEJO EN CASA","NO","NO","INFORMACION DIRECTA","NO","Sí"
"CÚCUTA","AMA DE CASA","AMA DE CASA","SI","LOS ENTREGA A LA EMPRESA DEL ASEO","SI","NO","INFORMACION DIRECTA","SI","Sí"
"CHINÁCOTA","PÚBLICA","GOBERNACIÓN DE NORTE DE SANTANDER","SI","LOS ENTREGA A LOS PUNTOS DE RECOLECCIÓN AUTORIZADOS (GESTORES DE RECOLECCIÓN DE RESIDUOS POSTCONSUMO)","NO","NO","PUBLICACIÓN EN SEDE  ELECTRÓNICA","SI","Sí"
"CÚCUTA","PRIVADA","ALKIEQUIPOS S.A.S","NO","LOS DEJO EN CASA","NO","NO","REDES SOCIALES","NO","No conozco de tecnología"
"CUCUTILLA","TRABAJADOR INDEPENDIENTE","INDEPENDIENTE","SI","LOS REGALA A UN FAMILIAR, AMIGO O VECINO","SI","NO","REDES SOCIALES","SI","Sí"
"CÚCUTA","TRABAJADOR INDEPENDIENTE","SOY INDEPENDIENTE","NO","LOS DEJO EN CASA","NO","NO","PUBLICACIÓN EN SEDE  ELECTRÓNICA","NO","Sí"
"EL ZULIA","PÚBLICA","INSTITUTO AGRÍCOLA RISARALDA DE EL ZULIA","SI","LOS ENTREGA A LOS PUNTOS DE RECOLECCIÓN AUTORIZADOS (GESTORES DE RECOLECCIÓN DE RESIDUOS POSTCONSUMO)","SI","NO","REDES SOCIALES","NO","Sí"
"VILLA DEL ROSARIO","PÚBLICA","GOBERNACIÓN DE NORTE DE SANTANDER","NO","LOS DEJO EN CASA","SI","SI","REDES SOCIALES, INFORMACIÓN DIRECTA","SI","Sí"
"CÚCUTA","PRIVADA","TNS SAS","SI","LOS DEJO EN CASA","SI","NO","CORREO ELECTRÓNICO","NO","Sí"
"CÚCUTA","PÚBLICA","SECRETARIA DE EDUCACIÓN MUNICIPAL","NO","LOS DEJO EN CASA","SI","NO","REDES SOCIALES","SI","Sí"
"SAN CAYETANO","DESEMPLEADO","COLEGUIO","NO","VOTO A LA BASURA","NO","NO","PORMEDIO DE PERSONAS","NO","No"
"CÚCUTA","PRIVADA","OPE COLOMBIA","SI","LOS ENTREGA A LA EMPRESA DEL ASEO","NO","NO","REDES SOCIALES","SI","No"
"CUCUTILLA","PÚBLICA","ALCALDÍA CUCUTILLA","SI","LOS ENTREGA A LOS PUNTOS DE RECOLECCIÓN AUTORIZADOS (GESTORES DE RECOLECCIÓN DE RESIDUOS POSTCONSUMO)","NO","NO","REDES SOCIALES","SI","Sí"
"CÚCUTA","PRIVADA","BDC","SI","LOS ENTREGA A LA EMPRESA DEL ASEO","NO","NO","REDES SOCIALES","NO","Sí"
"CÚCUTA","PÚBLICA","GOBERNACIÓN NORTE DE SANTANDER","NO","LOS ENTREGA A LOS PUNTOS DE RECOLECCIÓN AUTORIZADOS (GESTORES DE RECOLECCIÓN DE RESIDUOS POSTCONSUMO)","SI","SI","PROGRAMAS DE LA GOBERNACION","SI","Sí"
"CÚCUTA","TRABAJADOR INDEPENDIENTE","ARMADA","SI","LOS ENTREGA A LA EMPRESA DEL ASEO","SI","NO","INFORMACIÓN DIRECTA","SI","No me interesa el tema"
"CÚCUTA","PÚBLICA","GOBERNACIÓN NORTE DE SANTANDER","NO","LOS DEJO EN CASA","NO","SI","REDES SOCIALES","SI","No"
"LOS PATIOS","PÚBLICA","I.E. PATIOS CENTRO NO. 2 SEDE SABANA","NO","LOS DEJO EN CASA","NO","SI","INFORMACIÓN DIRECTA","SI","Sí"
"CÚCUTA","TRABAJADOR INDEPENDIENTE","EL PORTICO","NO","LOS ENTREGA A LOS PUNTOS DE RECOLECCIÓN AUTORIZADOS (GESTORES DE RECOLECCIÓN DE RESIDUOS POSTCONSUMO)","SI","NO","REDES SOCIALES","NO","No"
"CÚCUTA","PÚBLICA","ALCALDIA DE EL ZULIA","SI","LOS ENTREGA A LOS PUNTOS DE RECOLECCIÓN AUTORIZADOS (GESTORES DE RECOLECCIÓN DE RESIDUOS POSTCONSUMO)","SI","SI","REDES SOCIALES","NO","Sí"
"CÚCUTA","PÚBLICA","GOBERNACION DE NORTE DE SANTANDER","NO","LOS DEJO EN CASA","SI","SI","INFORMACIÓN DIRECTA, PUBLICACIÓN EN SEDE  ELECTRÓNICA","SI","Sí"
"CUCUTILLA","TRABAJADOR INDEPENDIENTE","HOGAR","SI","LOS ENTREGA A LA EMPRESA DEL ASEO","SI","SI","REDES SOCIALES","NO","Sí"
"EL ZULIA","PÚBLICA","SECRETARIA EDUCACIÓN DEPARTAMENTAL","NO","LOS DEJO EN CASA","NO","NO","REDES SOCIALES","SI","Sí"
"CÚCUTA","TRABAJADOR INDEPENDIENTE","GOBERNACION NORTE DE SANTANDER","NO","LOS DEJO EN CASA","SI","NO","SECRETARIA DE VIAS -GOBERNACION NORTE DE SANTANDER","SI","No"
"CUCUTILLA","TRABAJADOR INDEPENDIENTE","SALÓN DE BELLEZA","SI","LOS ENTREGA A LA EMPRESA DEL ASEO","SI","NO","REDES SOCIALES","SI","Sí"
"OCAÑA","PÚBLICA","COLEGIO LA SALLE","NO","LOS DEJO EN CASA","SI","NO","REDES SOCIALES","SI","Sí"
"OCAÑA","PÚBLICA","COLEGIO LA SALLE","NO","LOS DEJO EN CASA","SI","NO","REDES SOCIALES","SI","Sí"
"CUCUTILLA","TRABAJADOR INDEPENDIENTE","VENTAS","SI","LOS ENTREGA A LA EMPRESA DEL ASEO, LOS VENDE A UNA EMPRESA RECICLADORA","NO","NO","REDES SOCIALES","NO","Sí"
"OCAÑA","PÚBLICA","COLEGIO LA SALLE","SI","LOS ENTREGA A LA EMPRESA DEL ASEO","SI","NO","REDES SOCIALES","SI","Sí"
"CÚCUTA","TRABAJADOR INDEPENDIENTE","SECRETARIA AGRICULTURA","SI","LOS ENTREGA A LOS PUNTOS DE RECOLECCIÓN AUTORIZADOS (GESTORES DE RECOLECCIÓN DE RESIDUOS POSTCONSUMO)","NO","SI","INFORMACIÓN DIRECTA","SI","Sí"
"CÚCUTA","TRABAJADOR INDEPENDIENTE","LEISER","NO","LOS DEJO EN CASA","NO","NO","REDES SOCIALES","NO","Sí"
"CÚCUTA","TRABAJADOR INDEPENDIENTE","INDEPENDIENTE","NO","LOS DEJO EN CASA","NO","NO","INFORMACIÓN DIRECTA","NO","No"
"OCAÑA","PÚBLICA","COL SALLE","SI","LOS ENTREGA A LA EMPRESA DEL ASEO","SI","NO","CORREO ELECTRÓNICO","SI","Sí"
"VILLA DEL ROSARIO","PÚBLICA","UNIVERSIDAD DE PAMPLONA","SI","LOS DEJO EN CASA","NO","NO","CORREO ELECTRÓNICO","SI","Sí"
"VILLA DEL ROSARIO","PRIVADA","MERQUEO","SI","LOS ENTREGA A LOS PUNTOS DE RECOLECCIÓN AUTORIZADOS (GESTORES DE RECOLECCIÓN DE RESIDUOS POSTCONSUMO)","NO","NO","REDES SOCIALES","SI","Sí"
"CÚCUTA","PÚBLICA","IDS","SI","LOS ENTREGA A LA EMPRESA DEL ASEO, LOS REGALA A UN FAMILIAR, AMIGO O VECINO","NO","SI","REDES SOCIALES, INFORMACIÓN DIRECTA","SI","Sí"
"CHINÁCOTA","PÚBLICA","SECRETARIA DE EDUCACIÓN","SI","LOS ENTREGA A LA EMPRESA DEL ASEO","NO","NO","REDES SOCIALES","SI","Sí"
"OCAÑA","PÚBLICA","INSTITUCIÓN EDUCATIVA AGUSTINA FERRO","SI","LOS REGALA A UN FAMILIAR, AMIGO O VECINO","NO","NO","INFORMACIÓN DIRECTA","SI","Sí"
"CÚCUTA","PÚBLICA","GOBERNACIÓN NORTE DE SANTANDER SECRETARIA DE AGRICULTURA","NO","LOS DEJO EN CASA","NO","NO","REDES SOCIALES, INFORMACIÓN DIRECTA","NO","Sí"
"CÚCUTA","TRABAJADOR INDEPENDIENTE","CASA","NO","LOS DEJO EN CASA","NO","NO","REDES SOCIALES","SI","Sí"
"LOS PATIOS","PÚBLICA","SECRETARIA DEPARTAMENTAL DE EDUCACIÓN","NO","LOS DEJO EN CASA","NO","NO","INFORMACIÓN DIRECTA","SI","Sí"
"CÚCUTA","PÚBLICA","GOBERNACIÓN NORTE DE SANTANDER","SI","LOS ENTREGA A LOS PUNTOS DE RECOLECCIÓN AUTORIZADOS (GESTORES DE RECOLECCIÓN DE RESIDUOS POSTCONSUMO)","SI","SI","REDES SOCIALES, INFORMACIÓN DIRECTA, CORREO ELECTRÓNICO","SI","Sí"
"CÚCUTA","PRIVADA","GOPACK365","SI","LOS ENTREGA A LA EMPRESA DEL ASEO","NO","NO","RADIO","SI","Sí"
"CÚCUTA","PÚBLICA","INSTITUTO DEPARTAMENTAL DE SALUD","NO","LOS DEJO EN CASA","SI","SI","REDES SOCIALES, INFORMACIÓN DIRECTA, PUBLICACIÓN EN SEDE  ELECTRÓNICA","NO","Sí"
"CÚCUTA","PÚBLICA","ALCALDÍA DE CÚCUTA","SI","VOTO A LA BASURA","SI","SI","REDES SOCIALES","SI","Sí"
"CÚCUTA","TRABAJADOR INDEPENDIENTE","NO TENGO TRABAJO","NO","LOS REGALA A UN FAMILIAR, AMIGO O VECINO","NO","NO","REDES SOCIALES","SI","Sí"
"CÚCUTA","PÚBLICA","GOBERNACIÓN DE NORTE DE SANTANDER","SI","LOS REGALA A UN FAMILIAR, AMIGO O VECINO","SI","SI","REDES SOCIALES","SI","No"
"CÚCUTA","TRABAJADOR INDEPENDIENTE","CENTRALES ELECTRICAS DEL NORTE DE SANTANDER","NO","LOS DEJO EN CASA","SI","NO","NO SABIA QUE EXISTE","SI","Sí"
"OCAÑA","TRABAJADOR INDEPENDIENTE","CONTRATISTA CON LA SECRETARÍA DE AGRICULTURA","SI","LOS ENTREGA A LOS PUNTOS DE RECOLECCIÓN AUTORIZADOS (GESTORES DE RECOLECCIÓN DE RESIDUOS POSTCONSUMO)","SI","SI","REDES SOCIALES, RADIO","SI","Sí"
"EL ZULIA","PÚBLICA","I.E FRANCISCO DE PAULA SANTANDER DE EL ZULIA","SI","LOS ENTREGA A LOS PUNTOS DE RECOLECCIÓN AUTORIZADOS (GESTORES DE RECOLECCIÓN DE RESIDUOS POSTCONSUMO)","SI","SI","INFORMACIÓN DIRECTA","SI","Sí"
"CÚCUTA","PÚBLICA","GOBERNACIÓN NORTE DE SANTANDER","NO","LOS DEJO EN CASA","SI","NO","REDES SOCIALES, SECRETARÍA TIC","SI","Sí"
"CÚCUTA","PÚBLICA","MAGISTERIO","SI","LOS ENTREGA A LA EMPRESA DEL ASEO","NO","NO","REDES SOCIALES","SI","Sí"
"CÁCHIRA","PÚBLICA","INSTITUTO TÉCNICO AGRÍCOLA","SI","LOS ENTREGO A LA EMPRESA DE ASEO EN UNA BOLSA JUNTO CON LOS DEMAS DESPERDICIOS.","NO","NO","INFORMACIÓN DIRECTA","NO","Sí"
"CÚCUTA","PÚBLICA","GOBERNACIÓN NORTE DE SANTANDER","NO","LOS DEJO EN CASA","SI","SI","INFORMACIÓN DIRECTA","SI","Sí"
"OCAÑA","PÚBLICA","I E COLEGIO LA SALLE","SI","LOS ENTREGA A LOS PUNTOS DE RECOLECCIÓN AUTORIZADOS (GESTORES DE RECOLECCIÓN DE RESIDUOS POSTCONSUMO)","NO","NO","REDES SOCIALES","NO","Sí"
"CÚCUTA","PRIVADA","NPI","NO","LOS ENTREGA A LOS PUNTOS DE RECOLECCIÓN AUTORIZADOS (GESTORES DE RECOLECCIÓN DE RESIDUOS POSTCONSUMO)","NO","NO","CORREO ELECTRÓNICO","NO","Sí"
"CÚCUTA","PRIVADA","TRANSPORTE SANCHEZ","NO","LOS VENDE A UNA EMPRESA RECICLADORA, LOS REGALA A UN FAMILIAR, AMIGO O VECINO","SI","NO","NO SABIA QUE EXISTE","SI","Sí"
"CÚCUTA","PÚBLICA","CORPONOR","SI","LOS ENTREGA A LOS PUNTOS DE RECOLECCIÓN AUTORIZADOS (GESTORES DE RECOLECCIÓN DE RESIDUOS POSTCONSUMO)","NO","SI","REDES SOCIALES","SI","Sí"
"LOS PATIOS","PRIVADA","ÓPTICA VISUAL","NO","LOS ENTREGA A LOS PUNTOS DE RECOLECCIÓN AUTORIZADOS (GESTORES DE RECOLECCIÓN DE RESIDUOS POSTCONSUMO)","NO","NO","REDES SOCIALES, PUBLICACIÓN EN SEDE  ELECTRÓNICA, RADIO, TELEVISIÓN, CORREO ELECTRÓNICO","SI","Sí"
"CÚCUTA","PRIVADA","COLEGIO SAGRADOS CORAZONES","SI","LOS ENTREGA A LOS PUNTOS DE RECOLECCIÓN AUTORIZADOS (GESTORES DE RECOLECCIÓN DE RESIDUOS POSTCONSUMO)","NO","NO","REDES SOCIALES","NO","Sí"
"PAMPLONA","PÚBLICA","UNIVERSIDAD DE PAMPLONA","NO","LOS ENTREGA A LOS PUNTOS DE RECOLECCIÓN AUTORIZADOS (GESTORES DE RECOLECCIÓN DE RESIDUOS POSTCONSUMO)","SI","NO","NO SABIA QUE EXISTE","NO","No"
"CÚCUTA","PÚBLICA","GOBERNACION DE NORTE DE SANTANDER","NO","LOS DEJO EN CASA","SI","SI","INFORMACIÓN DIRECTA","SI","Sí"
"BOCHALEMA","DESEMPLEADO","UNIVERSIDAD DE PAMPLONA","NO","LOS DEJO EN CASA","SI","NO","INFORMACIÓN DIRECTA","SI","Sí"
"CÚCUTA","PRIVADA","RED SALUD INTEGRAL","SI","LOS VENDE A UNA EMPRESA RECICLADORA, LOS REGALA A UN FAMILIAR, AMIGO O VECINO","NO","NO","REDES SOCIALES","SI","Sí"
"CÚCUTA","DESEMPLEADO","SENA","NO","LOS DEJO EN CASA","NO","NO","TELEVISIÓN","SI","Sí"
"CÚCUTA","TRABAJADOR INDEPENDIENTE","PANADERÍA LAS RICURAS DE YANITH","SI","LOS VENDE A UNA EMPRESA RECICLADORA, LOS REGALA A UN FAMILIAR, AMIGO O VECINO","NO","NO","NO SABIA QUE EXISTE","NO","Sí"
"LOS PATIOS","TRABAJADOR INDEPENDIENTE","INDEPENDIENTE","NO","LOS DEJO EN CASA","SI","NO","REDES SOCIALES","SI","Sí"
"CÚCUTA","PRIVADA","QUINTA ORIENTAL","SI","LOS REGALA A UN FAMILIAR, AMIGO O VECINO","NO","SI","REDES SOCIALES, INFORMACIÓN DIRECTA, PUBLICACIÓN EN SEDE  ELECTRÓNICA","NO","Sí"
"CÚCUTA","DESEMPLEADO","SIN EMPLEO","NO","LOS VENDE A UNA EMPRESA RECICLADORA, LOS REGALA A UN FAMILIAR, AMIGO O VECINO","NO","NO","REDES SOCIALES, INFORMACIÓN DIRECTA","SI","Sí"
"CÚCUTA","PÚBLICA","DIAN","SI","LOS REGALA A UN FAMILIAR, AMIGO O VECINO","NO","SI","REDES SOCIALES, INFORMACIÓN DIRECTA, PUBLICACIÓN EN SEDE  ELECTRÓNICA","NO","Sí"
"CÚCUTA","PRIVADA","CENTRALES ELÉCTRICAS DE NORTE DE SANTANDER","SI","LOS ENTREGA A LA EMPRESA DEL ASEO","SI","NO","REDES SOCIALES","SI","Sí"
"VILLA DEL ROSARIO","TRABAJADOR INDEPENDIENTE","TERRACRAFT","SI","LOS VENDE A UNA EMPRESA RECICLADORA, LOS REGALA A UN FAMILIAR, AMIGO O VECINO","NO","NO","REDES SOCIALES","SI","Sí"
"CÚCUTA","TRABAJADOR INDEPENDIENTE","NO TENGO TRABAJO","NO","LOS DEJO EN CASA","SI","SI","REDES SOCIALES","NO","No"
"CÚCUTA","PRIVADA","MEDICLINICOS SUMINISTROS","SI","LOS ENTREGA A LOS PUNTOS DE RECOLECCIÓN AUTORIZADOS (GESTORES DE RECOLECCIÓN DE RESIDUOS POSTCONSUMO)","SI","SI","REDES SOCIALES, INFORMACIÓN DIRECTA","SI","Sí"
"CÚCUTA","PRIVADA","EMPRESA DE TRANSPORTES TONCHALA S.A","SI","LOS ENTREGA A LA EMPRESA DEL ASEO","SI","SI","REDES SOCIALES","NO","Sí"
"LOS PATIOS","TRABAJADOR INDEPENDIENTE","LAS CACHANAS","SI","LOS VENDE A UNA EMPRESA RECICLADORA, LOS REGALA A UN FAMILIAR, AMIGO O VECINO","NO","NO","REDES SOCIALES, INFORMACIÓN DIRECTA, PUBLICACIÓN EN SEDE  ELECTRÓNICA, RADIO, TELEVISIÓN","SI","Sí"
"CÚCUTA","PRIVADA","MEDMOVIL","SI","LOS ENTREGA A LA EMPRESA DEL ASEO","NO","NO","REDES SOCIALES","NO","Sí"
"CÚCUTA","PRIVADA","TERRITORIO ALMANCEN","SI","LOS VENDE A UNA EMPRESA RECICLADORA, LOS REGALA A UN FAMILIAR, AMIGO O VECINO","SI","SI","REDES SOCIALES","SI","Sí"
"CÚCUTA","TRABAJADOR INDEPENDIENTE","TRABAJADOR INDEPENDIENTE","SI","LOS ENTREGA A LA EMPRESA DEL ASEO","NO","NO","REDES SOCIALES","NO","Sí"
"LOS PATIOS","TRABAJADOR INDEPENDIENTE","NO TENGO TRABAJO","SI","LOS VENDE A UNA EMPRESA RECICLADORA, LOS REGALA A UN FAMILIAR, AMIGO O VECINO","NO","NO","INFORMACIÓN DIRECTA","NO","Sí"
"CÚCUTA","TRABAJADOR INDEPENDIENTE","INDEPENDIENTE","SI","LOS ENTREGA A LA EMPRESA DEL ASEO","SI","NO","REDES SOCIALES","NO","No me interesa el tema"
"CÚCUTA","PÚBLICA","SECRETARIA DE AGRICULTURA","SI","LOS ENTREGA A LA EMPRESA DEL ASEO","NO","NO","REDES SOCIALES","SI","Sí"
"CÚCUTA","AMA DE CASA","CASA","SI","LOS REGALA A UN FAMILIAR, AMIGO O VECINO","NO","NO","INFORMACION DIRECTA","SI","Sí"
"CÚCUTA","PÚBLICA","SEMGERD","SI","LOS ENTREGA A LA EMPRESA DEL ASEO","SI","SI","INFORMACIÓN DIRECTA","SI","Sí"
"CÚCUTA","PÚBLICA","SECRETARIA DE DESARROLLO SOCIAL","NO","LOS DEJO EN CASA","SI","NO","REDES SOCIALES","SI","Sí"
"VILLA DEL ROSARIO","PÚBLICA","ALCALDIA DE VILLA DEL ROSARIO","SI","LOS REGALA A UN FAMILIAR, AMIGO O VECINO","NO","NO","REDES SOCIALES","SI","Sí"
"CÚCUTA","PÚBLICA","GOBERNACIÓN","NO","LOS VENDE A UNA EMPRESA RECICLADORA, LOS REGALA A UN FAMILIAR, AMIGO O VECINO","NO","NO","REDES SOCIALES","SI","Sí"
"CÚCUTA","PÚBLICA","GOBERNACIÓN","SI","LOS ENTREGA A LOS PUNTOS DE RECOLECCIÓN AUTORIZADOS (GESTORES DE RECOLECCIÓN DE RESIDUOS POSTCONSUMO)","SI","SI","REDES SOCIALES","SI","Sí"
"CÚCUTA","PÚBLICA","GOBERNACIÓN NORTE DE SANTANDER","NO","LOS DEJO EN CASA","NO","NO","REDES SOCIALES","SI","Sí"
"LOS PATIOS","PÚBLICA","SECRETARIA DE DESARROLLO SOCIAL","SI","LOS REGALA A UN FAMILIAR, AMIGO O VECINO","SI","SI","INFORMACIÓN DIRECTA","SI","No"
"CÚCUTA","PRIVADA","CENTRO ODONTOLOGICO","NO","LOS VENDE A UNA EMPRESA RECICLADORA, LOS REGALA A UN FAMILIAR, AMIGO O VECINO","NO","NO","REDES SOCIALES","SI","Sí"
"CÚCUTA","PÚBLICA","INSTITUTO DEPARTAMENTAL DE SALUD","SI","LOS REGALA A UN FAMILIAR, AMIGO O VECINO","SI","NO","REDES SOCIALES, INFORMACIÓN DIRECTA","SI","Sí"
"CÚCUTA","TRABAJADOR INDEPENDIENTE","INDEPENDIENTE","SI","LOS VENDE A UNA EMPRESA RECICLADORA, LOS REGALA A UN FAMILIAR, AMIGO O VECINO","NO","SI","REDES SOCIALES","SI","No"
"LOS PATIOS","PÚBLICA","GOBERNACION NORTE DE SANTANDER","NO","LOS DEJO EN CASA","SI","SI","REDES SOCIALES, INFORMACIÓN DIRECTA","SI","Sí"
"CÚCUTA","TRABAJADOR INDEPENDIENTE","TRABAJO INDEPENDIENTE","SI","LOS ENTREGA A LA EMPRESA DEL ASEO","SI","NO","REDES SOCIALES","SI","Sí"
"CÚCUTA","TRABAJADOR INDEPENDIENTE","CLIPTECH","SI","LOS ENTREGA A LA EMPRESA DEL ASEO","NO","NO","REDES SOCIALES","SI","No"
"CÚCUTA","PÚBLICA","GOBERNACIÓN DE NORTE DE SANTANDER","SI","LOS ENTREGA A LA EMPRESA DEL ASEO","SI","SI","INFORMACIÓN DIRECTA","SI","Sí"
"GRAMALOTE","PÚBLICA","SECRETARIA DE DESARROLLO SOCIAL","NO","LOS VENDE A UNA EMPRESA RECICLADORA, LOS REGALA A UN FAMILIAR, AMIGO O VECINO","SI","SI","REDES SOCIALES","SI","Sí"
"OCAÑA","PÚBLICA","SEC.  DE DESARROLLO SOCIAL, GOBERNACION N.S.","NO","LOS ENTREGA A LOS PUNTOS DE RECOLECCIÓN AUTORIZADOS (GESTORES DE RECOLECCIÓN DE RESIDUOS POSTCONSUMO)","SI","SI","REDES SOCIALES, RADIO, TELEVISIÓN","NO","Sí"
"CÚCUTA","TRABAJADOR INDEPENDIENTE","FABRICA DE CALZADO","NO","LOS DEJO EN CASA","NO","NO","INFORMACION DIRECTA","SI","Sí"
"LOS PATIOS","TRABAJADOR INDEPENDIENTE","COMERCIO","NO","LOS REGALA A UN FAMILIAR, AMIGO O VECINO","NO","SI","POR MEDIO DE CARRO AVISANDO QUE SE SAQUEN LOS ELECTRODOMESTIXOS","NO","No conozco de tecnología"
"SALAZAR DE LAS PALMAS","PÚBLICA","SECRETARIA DE EDUCACIÓN, NORTE/SANTANDER","NO","LOS DEJO EN CASA","NO","NO","REDES SOCIALES","SI","Sí"
"CÚCUTA","PÚBLICA","GOBERNACIÓN DE NORTE DE SANTANDER","NO","LOS DEJO EN CASA","SI","SI","REDES SOCIALES, INFORMACIÓN DIRECTA, CORREO ELECTRÓNICO","SI","Sí"
"CÁCOTA","TRABAJADOR INDEPENDIENTE","METALURGICA","NO","LOS VENDE A UNA EMPRESA RECICLADORA, LOS REGALA A UN FAMILIAR, AMIGO O VECINO","NO","NO","REDES SOCIALES","NO","No"
"LOS PATIOS","PÚBLICA","GOBERNACIÓN","NO","LOS DEJO EN CASA","SI",,"REDES SOCIALES","SI","Sí"
"LA PLAYA DE BELÉN","PÚBLICA","SECRETARIA DE EDUCACIÓN NORTE DE SANTANDER","NO","LOS DEJO EN CASA","SI","SI","REDES SOCIALES, CORREO ELECTRÓNICO","NO","Sí"
"CÚCUTA","TRABAJADOR INDEPENDIENTE","INDEPENDIENTE","NO","LOS VENDE A UNA EMPRESA RECICLADORA, LOS REGALA A UN FAMILIAR, AMIGO O VECINO","NO","NO","REDES SOCIALES","NO","Sí"
"HERRÁN","PÚBLICA","COLEGIO PERPETUO SOCORRO","SI","LOS VENDE A UNA EMPRESA RECICLADORA, LOS REGALA A UN FAMILIAR, AMIGO O VECINO","SI","SI","INFORMACIÓN DIRECTA","SI","Sí"
"EL ZULIA","PÚBLICA","COLEGIO FRANCISCO DE PAULA SANTANDER","NO","LOS DEJO EN CASA","SI","SI","REDES SOCIALES","SI","Sí"
"CÚCUTA","PÚBLICA","GOBERNACIÓN DE NORTE DE SANTANDER","SI","LOS ENTREGA A LOS PUNTOS DE RECOLECCIÓN AUTORIZADOS (GESTORES DE RECOLECCIÓN DE RESIDUOS POSTCONSUMO)","SI","NO","INFORMACIÓN DIRECTA","SI","Sí"
"CÚCUTA","PÚBLICA","SECRETARÍA EDUCACIÓN DEPARATMENTAL","SI","LOS ENTREGA A LOS PUNTOS DE RECOLECCIÓN AUTORIZADOS (GESTORES DE RECOLECCIÓN DE RESIDUOS POSTCONSUMO)","NO","NO","REDES SOCIALES","SI","Sí"
"CÚCUTA","PÚBLICA","INSTITUCIÓN EDUCATIVA","NO","LOS DEJO EN CASA","SI","NO","REDES SOCIALES","SI","Sí"
"CÚCUTA","PÚBLICA","GOBERNACIÓN NORTE DE SANTANDER","NO","LOS VENDE A UNA EMPRESA RECICLADORA, LOS REGALA A UN FAMILIAR, AMIGO O VECINO","SI","SI","REDES SOCIALES, INFORMACIÓN DIRECTA, RADIO, TELEVISIÓN","SI","No"
"CÚCUTA","TRABAJADOR INDEPENDIENTE","EN CASA","NO","LOS DEJO EN CASA","NO","NO","REDES SOCIALES","SI","Sí"
"CÚCUTA","TRABAJADOR INDEPENDIENTE","INDEPENDIENTE","SI","LOS VENDE A UNA EMPRESA RECICLADORA, LOS REGALA A UN FAMILIAR, AMIGO O VECINO","NO","NO","REDES SOCIALES","SI","Sí"
"CÚCUTA","PRIVADA","ACUEDUCTO METROPOLITANO","NO","LOS REGALA A UN FAMILIAR, AMIGO O VECINO","NO","NO","REDES SOCIALES","SI","Sí"
"CÚCUTA","TRABAJADOR INDEPENDIENTE","INDEPENDIENTE","NO","LOS DEJO EN CASA","SI","NO","REDES SOCIALES","SI","Sí"
"CÚCUTA","PÚBLICA","COLEGIO SAN BARTOLOMÉ","SI","LOS ENTREGA A LOS PUNTOS DE RECOLECCIÓN AUTORIZADOS (GESTORES DE RECOLECCIÓN DE RESIDUOS POSTCONSUMO)","SI","NO","REDES SOCIALES","SI","Sí"
"CÚCUTA","TRABAJADOR INDEPENDIENTE","EN MI CASA","NO","LOS DEJO EN CASA","NO","SI","REDES SOCIALES","NO","Sí"
"CÁCHIRA","PÚBLICA","INSTITUTO TÉCNICO AGRÍCOLA","SI","LOS ENTREGA A LOS PUNTOS DE RECOLECCIÓN AUTORIZADOS (GESTORES DE RECOLECCIÓN DE RESIDUOS POSTCONSUMO)","SI","SI","CORREO ELECTRÓNICO","SI","Sí"
"LOS PATIOS","TRABAJADOR INDEPENDIENTE","GOBERNACIÓN NDS","NO","LOS DEJO EN CASA","SI","NO","INFORMACIÓN DIRECTA","SI","Sí"
"LOS PATIOS","PÚBLICA","S. E. M. COLEGIO SAN BARTOLOMÉ","NO","LOS DEJO EN CASA","NO","NO","REDES SOCIALES","NO","Sí"
"CÚCUTA","PÚBLICA","SAN BARTOLOMÉ","SI","LOS REGALA A UN FAMILIAR, AMIGO O VECINO","NO","NO","REDES SOCIALES","NO","No"
"CÚCUTA","PÚBLICA","IDS","NO","LOS DEJO EN CASA","SI","SI","INFORMACIÓN DIRECTA","SI","Sí"
"CÚCUTA","PÚBLICA","GOBERNACIÓN DE NORTE DE SANTANDER","NO","LOS DEJO EN CASA","SI","SI","INFORMACIÓN DIRECTA","SI","Sí"
"CÚCUTA","PÚBLICA","GOBERNACION","NO","LOS DEJO EN CASA","SI","SI","REDES SOCIALES, RADIO","SI","Sí"
"CÚCUTA","PRIVADA","SPACE SPORT SAS","SI","LOS ENTREGA A LA EMPRESA DEL ASEO, LOS VENDE A UNA EMPRESA RECICLADORA, LOS REGALA A UN FAMILIAR, AMIGO O VECINO","NO","NO","REDES SOCIALES","SI","Sí"
"HERRÁN","PÚBLICA","I.E COLEGIO PERPETUO SOCIRRO SEDE CORRALES","SI","LOS ENTREGA A LOS PUNTOS DE RECOLECCIÓN AUTORIZADOS (GESTORES DE RECOLECCIÓN DE RESIDUOS POSTCONSUMO)","SI","NO","REDES SOCIALES","SI","Sí"
"CÚCUTA","PRIVADA","INCOLMINE","SI","LOS REGALA A UN FAMILIAR, AMIGO O VECINO","SI","SI","REDES SOCIALES","SI","Sí"
"EL ZULIA","PÚBLICA","I.E FRANCISCO DE PAULA SANTANDER","NO","LOS DEJO EN CASA","SI","SI","INFORMACIÓN DIRECTA","SI","Sí"
"CÚCUTA","PÚBLICA","GOBERNACIÓN NORTE DE SANTANDER","NO","LOS DEJO EN CASA","NO","SI","REDES SOCIALES","NO","No"
"CÚCUTA","TRABAJADOR INDEPENDIENTE","INDEPENDIENTE","SI","LOS ENTREGA A LA EMPRESA DEL ASEO","SI","SI","INFORMACION DIRECTA","SI","Sí"
"CÚCUTA","DESEMPLEADO","NO TENGO TRABAJO","NO","LOS VENDE A UNA EMPRESA RECICLADORA, LOS REGALA A UN FAMILIAR, AMIGO O VECINO","NO","NO","REDES SOCIALES","NO","Sí"
"CÚCUTA","DESEMPLEADO","1.090401873E9","NO","LOS VENDE A UNA EMPRESA RECICLADORA, LOS REGALA A UN FAMILIAR, AMIGO O VECINO","SI","NO","REDES SOCIALES","NO","Sí"
"PAMPLONA","PÚBLICA","UNIVERSIDAD DE PAMPLONA","SI","LOS ENTREGA A LOS PUNTOS DE RECOLECCIÓN AUTORIZADOS (GESTORES DE RECOLECCIÓN DE RESIDUOS POSTCONSUMO)","NO","NO","CORREO ELECTRÓNICO","SI","Sí"
"PAMPLONA","PÚBLICA","SECRETARIA DE EDUCACIÓN DPTAL","NO","LOS DEJO EN CASA","SI","SI","REDES SOCIALES, TELEVISIÓN, CORREO ELECTRÓNICO","NO","Sí"
"HERRÁN","TRABAJADOR INDEPENDIENTE","GRANJA ECOLOGICA LA ALQUITRANA","SI","LOS DEJO EN CASA","SI","NO","INFORMACIÓN DIRECTA","NO","Sí"
"CÚCUTA","PÚBLICA","COLEGIO JULIO PÉREZ FERRERO","NO","LOS DEJO EN CASA","SI","NO","REDES SOCIALES","SI","Sí"
"LABATECA","PÚBLICA","CER CHONA","SI","LOS ENTREGA A LOS PUNTOS DE RECOLECCIÓN AUTORIZADOS (GESTORES DE RECOLECCIÓN DE RESIDUOS POSTCONSUMO)","SI","SI","CORREO ELECTRÓNICO","NO","Sí"
"LOS PATIOS","DESEMPLEADO","HOGAR","NO","LOS ENTREGA A LA EMPRESA DEL ASEO","NO","NO","POR EL COLEGIO","NO","No"
"CÚCUTA","PÚBLICA","GOBERNACIÓN DE NORTE DE SANTANDER","NO","LOS DEJO EN CASA","SI","SI","REDES SOCIALES","SI","Sí"
"CÚCUTA","PÚBLICA","GOBERNACIÓN NORTE DE SANTANDER","SI","LOS ENTREGA A LOS PUNTOS DE RECOLECCIÓN AUTORIZADOS (GESTORES DE RECOLECCIÓN DE RESIDUOS POSTCONSUMO)","SI","SI","REDES SOCIALES, RADIO, TELEVISIÓN","SI","Sí"
"LOURDES","TRABAJADOR INDEPENDIENTE","HOGAR","NO","LOS DEJO EN CASA","NO","SI","REDES SOCIALES","SI","Sí"
"CÚCUTA","TRABAJADOR INDEPENDIENTE","MERCADOLIBRE","NO","LOS DEJO EN CASA","SI","NO","RADIO","SI","Sí"
"CÚCUTA","PÚBLICA","SECRETARIA DE GESTIÓN DE RIESGOS","NO","LOS DEJO EN CASA","SI","SI","REDES SOCIALES, INFORMACIÓN DIRECTA","SI","Sí"
"ABREGO","PÚBLICA","SECRETARIA DE AGRICULTURA Y DESARROLLO","NO","LOS DEJO EN CASA","NO","NO","INFORMACIÓN DIRECTA","SI","Sí"
"CÚCUTA","TRABAJADOR INDEPENDIENTE","HELADOS YETY CÚCUTA","NO","LOS DEJO EN CASA","SI","NO","REDES SOCIALES","SI","Sí"
"ARBOLEDAS","TRABAJADOR INDEPENDIENTE","BSISK","NO","LOS REGALA A UN FAMILIAR, AMIGO O VECINO","NO","NO","RADIO","NO","No me interesa el tema"
"CÚCUTA","PÚBLICA","GOBERNACIÓN DE NORTE DE SANTANDER","NO","LOS DEJO EN CASA","NO","SI","REDES SOCIALES, PUBLICACIÓN EN SEDE  ELECTRÓNICA","SI","Sí"
"CÚCUTA","AMA DE CASA","HOGAR","NO","LOS DEJO EN CASA","SI","NO","REDES SOCIALES","SI","Sí"
"CÚCUTA","TRABAJADOR INDEPENDIENTE","CANAL TELENORTE","NO","LOS DEJO EN CASA","SI","NO","REDES SOCIALES","SI","Sí"
"CÚCUTA","PÚBLICA","ALCALDÍA DE CUCUTA","SI","LOS VENDE A UNA EMPRESA RECICLADORA, LOS REGALA A UN FAMILIAR, AMIGO O VECINO","NO","NO","INFORMACIÓN DIRECTA","SI","Sí"
"HERRÁN","PÚBLICA","I. E. COLEGIO PERPETUO SOCORRO","NO","LOS DEJO EN CASA","NO","NO","REDES SOCIALES","SI","Sí"
"CÚCUTA","PÚBLICA","SECRETARÍA DE AGRICULTURA Y DESARROLLO RURAL","NO","LOS DEJO EN CASA","SI","SI","INFORMACIÓN DIRECTA","SI","Sí"
"VILLA DEL ROSARIO","TRABAJADOR INDEPENDIENTE","SUPPLA S. A.","NO","LOS DEJO EN CASA","NO","NO","REDES SOCIALES","SI","Sí"
"CÚCUTA","PÚBLICA","GOBERNACIÓN DE NORTE DE SANTANDER","SI","LOS ENTREGA A LOS PUNTOS DE RECOLECCIÓN AUTORIZADOS (GESTORES DE RECOLECCIÓN DE RESIDUOS POSTCONSUMO)","SI","SI","REDES SOCIALES","SI","Sí"
"CÚCUTA","PÚBLICA","GOBERNACIÓN NORTE DE SANTANDER","SI","LOS ENTREGA A LA EMPRESA DEL ASEO","SI","SI","INFORMACIÓN DIRECTA","NO","Sí"
"CÚCUTA","DESEMPLEADO","NO TENGO TRABAJO","NO","LOS DEJO EN CASA","SI","NO","INFORMACIÓN DIRECTA","NO","Sí"
"CÚCUTA","PÚBLICA","CLUB DE LEONES","NO","LOS DEJO EN CASA","SI","NO","REDES SOCIALES","SI","Sí"
"CÚCUTA","PÚBLICA","GOBERNACIÓN NORTE DE SANTANDER","NO","LOS DEJO EN CASA","SI","NO","CORREO ELECTRÓNICO","SI","Sí"
"CÚCUTA","PRIVADA","ELECTRO ARCO DEL ORIENTE S.A.S.","SI","LOS VENDE A UNA EMPRESA RECICLADORA, LOS REGALA A UN FAMILIAR, AMIGO O VECINO","NO","NO","REDES SOCIALES","SI","Sí"
"CHITAGÁ","TRABAJADOR INDEPENDIENTE","TODO A MIL","NO","VOTO A LA BASURA","NO","NO","REDES SOCIALES","SI","No conozco de tecnología"
"CÚCUTA","PÚBLICA","GOBERNACIÓN DE NORTE DE SANTANDER","SI","LOS ENTREGA A LOS PUNTOS DE RECOLECCIÓN AUTORIZADOS (GESTORES DE RECOLECCIÓN DE RESIDUOS POSTCONSUMO)","SI","NO","PERSONAL","SI","Sí"
"HERRÁN","PÚBLICA","ALCALDÍA MUNICIPAL","NO","LOS DEJO EN CASA","SI","NO","INFORMACIÓN DIRECTA","SI","Sí"
"HERRÁN","PÚBLICA","INSTITUCIÓN EDUCATIVA PERPETUO SOCORRO","SI","LOS VENDE A UNA EMPRESA RECICLADORA, LOS REGALA A UN FAMILIAR, AMIGO O VECINO","SI","NO","REDES SOCIALES","NO","Sí"
"EL ZULIA","PÚBLICA","SECRETARIA DE EDUCACION DEPARTAMENTAL","SI","LOS ENTREGA A LOS PUNTOS DE RECOLECCIÓN AUTORIZADOS (GESTORES DE RECOLECCIÓN DE RESIDUOS POSTCONSUMO)","SI","SI","INFORMACIÓN DIRECTA","SI","Sí"
"CÚCUTA","PRIVADA","COLEGIO CLÁSICO","SI","LOS ENTREGA A LA EMPRESA DEL ASEO","SI","NO","REDES SOCIALES","SI","Sí"
"CÚCUTA","TRABAJADOR INDEPENDIENTE","NO TENGO TRABAJO","NO","LOS DEJO EN CASA","NO","NO","REDES SOCIALES","SI","No conozco de tecnología"
"CÚCUTA","TRABAJADOR INDEPENDIENTE","TRABAJO INDEPENDIENTE","NO","LOS ENTREGA A LOS PUNTOS DE RECOLECCIÓN AUTORIZADOS (GESTORES DE RECOLECCIÓN DE RESIDUOS POSTCONSUMO)","NO","NO","REDES SOCIALES","NO","No conozco de tecnología"
"HERRÁN","PÚBLICA","I.E. COLEGIO INTEGRADO PERPETUO SOCORRO","NO","LOS ENTREGA A LA EMPRESA DEL ASEO","SI","NO","INFORMACIÓN DIRECTA","SI","No"
"CONVENCIÓN","PÚBLICA","SECRETARIA DE EDUCACION DEPARTAMENTAL","NO","LOS DEJO EN CASA","SI","SI","CORREO ELECTRÓNICO","SI","Sí"
"CÚCUTA","PÚBLICA","UNIVERSIDAD FRANCISCO DE PAULA SANTANDER","SI","LOS ENTREGA A LA EMPRESA DEL ASEO","NO","NO","CORREO ELECTRÓNICO","SI","Sí"
"VILLA DEL ROSARIO","PRIVADA","CENTRALES ELÉCTRICAS DE NORTE DE SANTANDER","SI","LOS ENTREGA A LOS PUNTOS DE RECOLECCIÓN AUTORIZADOS (GESTORES DE RECOLECCIÓN DE RESIDUOS POSTCONSUMO)","SI","NO","REDES SOCIALES","NO","Sí"
"HERRÁN","AMA DE CASA","CASA","NO","LOS DEJO EN CASA","NO","NO","REDES SOCIALES","NO","No conozco de tecnología"
"CÚCUTA","PÚBLICA","UNIVERSIDAD FRANCISCO DE PAULA SANTANDER","SI","LOS ENTREGA A LA EMPRESA DEL ASEO","NO","NO","REDES SOCIALES","SI","Sí"
"CHINÁCOTA","PÚBLICA","ALCALDIA DE CHINÁCOTA","NO","LOS DEJO EN CASA","SI","NO","PUBLICACIÓN EN SEDE  ELECTRÓNICA","SI","Sí"
"LOS PATIOS","AMA DE CASA","CASA","NO","LOS DEJO EN CASA","NO","NO","REDES SOCIALES","SI","No"
"CÚCUTA","PÚBLICA","GOBERNACIÓN NORTE DE SANTANDER/ SECRETARIA DE VICTIMAS PAZ Y POSTCONFLICTO","SI","LOS ENTREGA A LA EMPRESA DEL ASEO","NO","NO","INFORMACIÓN DIRECTA","SI","Sí"
"CÚCUTA","TRABAJADOR INDEPENDIENTE","INDEPENDIENTE","SI","LOS VENDE A UNA EMPRESA RECICLADORA, LOS REGALA A UN FAMILIAR, AMIGO O VECINO","NO","NO","INFORMACION DIRECTA","NO","Sí"
"CÚCUTA","PÚBLICA","GOBERNACIÓN NORTE DE SANTANDER","SI","LOS ENTREGA A LOS PUNTOS DE RECOLECCIÓN AUTORIZADOS (GESTORES DE RECOLECCIÓN DE RESIDUOS POSTCONSUMO)","SI","SI","REDES SOCIALES","NO","Sí"
"CÚCUTA","PÚBLICA","IDS","NO","LOS DEJO EN CASA","NO","NO","REDES SOCIALES","NO","Sí"
"VILLA CARO","PÚBLICA","INSTITUCIÓN EDUCATIVA SAN PEDRO APÓSTOL","SI","LOS ENTREGA A LOS PUNTOS DE RECOLECCIÓN AUTORIZADOS (GESTORES DE RECOLECCIÓN DE RESIDUOS POSTCONSUMO)","SI","SI","CORREO ELECTRÓNICO","SI","Sí"
"CÚCUTA","AMA DE CASA","HOGAR","SI","LOS DEJO EN CASA","NO","NO","REDES SOCIALES, INSTITUCIÓN EDUCATIVA DE MIS HIJAS","SI","Sí"
"OCAÑA","PÚBLICA","PUEBLO NUEVO OCAÑA","NO","LOS DEJO EN CASA","SI","NO","REDES SOCIALES, INFORMACIÓN DIRECTA","SI","Sí"
"CÚCUTA","TRABAJADOR INDEPENDIENTE","CASA","NO","LOS DEJO EN CASA","NO","NO","INFORMACIÓN DIRECTA","SI","Sí"
"CÚCUTA","PÚBLICA","GOBERNACION NORTE DE SANTANDER","SI","LOS ENTREGA A LOS PUNTOS DE RECOLECCIÓN AUTORIZADOS (GESTORES DE RECOLECCIÓN DE RESIDUOS POSTCONSUMO)","SI","SI","INFORMACIÓN INTERNA","SI","Sí"
"EL ZULIA","PÚBLICA","SECRETARIA DE DESARROLLO ECONOMICO","SI","LOS ENTREGA A LA EMPRESA DEL ASEO, LOS VENDE A UNA EMPRESA RECICLADORA","NO","NO","INFORMACIÓN DIRECTA","SI","Sí"
"CÚCUTA","PÚBLICA","GOBERNACIÓN DE NORTE DE SANTANDER","NO","LOS DEJO EN CASA","NO","SI","PUBLICACIÓN EN SEDE  ELECTRÓNICA","SI","Sí"
"HERRÁN","PÚBLICA","INSTITUCIÓN EDUCATIVA PERPETUO SOCORRO","SI","LOS ENTREGA A LOS PUNTOS DE RECOLECCIÓN AUTORIZADOS (GESTORES DE RECOLECCIÓN DE RESIDUOS POSTCONSUMO)","NO","NO","REDES SOCIALES","SI","Sí"
"CÚCUTA","PÚBLICA","X MI CUENTA","NO","LOS ENTREGA A LA EMPRESA DEL ASEO","NO","NO","RADIO, TELEVISIÓN","SI","Sí"
"CUCUTILLA","DESEMPLEADO","EN CASA","NO","LOS ENTREGA A LOS PUNTOS DE RECOLECCIÓN AUTORIZADOS (GESTORES DE RECOLECCIÓN DE RESIDUOS POSTCONSUMO)","SI","NO","REDES SOCIALES","NO","Sí"
"CÚCUTA","TRABAJADOR INDEPENDIENTE","TRABAJO INDEPENDIENTE","NO","LOS ENTREGA A LA EMPRESA DEL ASEO","SI","NO","REDES SOCIALES","SI","Sí"
"CÚCUTA","PÚBLICA","SECRETARÍA DE EDUCACIÓN DEPARTAMENTAL","SI","LOS ENTREGA A LOS PUNTOS DE RECOLECCIÓN AUTORIZADOS (GESTORES DE RECOLECCIÓN DE RESIDUOS POSTCONSUMO)","SI","SI","REDES SOCIALES, PUBLICACIÓN EN SEDE  ELECTRÓNICA","SI","No"
"PAMPLONITA","PÚBLICA","GOBERNACIÓN","NO","LOS DEJO EN CASA","SI","NO","REDES SOCIALES","SI","Sí"
"CÚCUTA","PÚBLICA","GOBERNACIÓN NORTE DE SANTANDER","SI","LOS ENTREGA A LOS PUNTOS DE RECOLECCIÓN AUTORIZADOS (GESTORES DE RECOLECCIÓN DE RESIDUOS POSTCONSUMO)","SI","NO","REDES SOCIALES","NO","Sí"
"SARDINATA","PRIVADA","GOBERNACIÓN NORTE DE SANTANDER","SI","LOS ENTREGA A LA EMPRESA DEL ASEO","NO","SI","REDES SOCIALES","SI","Sí"
"CÚCUTA","PÚBLICA","LOGÍSTICA ADUANERA JH LTDA","SI","LOS ENTREGA A LA EMPRESA DEL ASEO, LOS VENDE A UNA EMPRESA RECICLADORA","SI","NO","REDES SOCIALES, INFORMACIÓN DIRECTA, RADIO, TELEVISIÓN","SI","No"
"CÚCUTA","PÚBLICA","GOBERNACION","NO","LOS DEJO EN CASA","NO","SI","REDES SOCIALES","SI","Sí"
"CÚCUTA","PÚBLICA","GOBERNACIÓN DE NORTE DE SANTANDER","NO","LOS DEJO EN CASA","NO","NO","CORREO ELECTRÓNICO","SI","Sí"
"CÚCUTA","PÚBLICA","GOBERNACIÓN DE NORTE DE SANTANDER","SI","LOS ENTREGA A LOS PUNTOS DE RECOLECCIÓN AUTORIZADOS (GESTORES DE RECOLECCIÓN DE RESIDUOS POSTCONSUMO)","NO","SI","CORREO ELECTRÓNICO","SI","Sí"
"OCAÑA","PÚBLICA","GOBERNACIÓN NORTE DE SANTANDER","NO","LOS DEJO EN CASA","NO","NO","REDES SOCIALES","SI","Sí"
"HERRÁN","PÚBLICA","COLEGIO INTEGRADO PERPETUO SOCORRO","SI","LOS VENDE A UNA EMPRESA RECICLADORA, LOS REGALA A UN FAMILIAR, AMIGO O VECINO","NO","NO","REDES SOCIALES","SI","Sí"
"CÚCUTA","TRABAJADOR INDEPENDIENTE","SECRETARIA DE DESARROLLO ECONÓMICO Y PRODUCTIVIDAD","NO","LOS DEJO EN CASA","SI","NO","REDES SOCIALES","SI","Sí"
"CÚCUTA","PÚBLICA","GOBERNACIÓN DE NORTE DE SANTANDER","SI","LOS DEJO EN CASA","NO","NO","REDES SOCIALES","SI","Sí"
"CÚCUTA","PÚBLICA","GOBERNACIÓN DE NORTE DE SANTANDER","NO","LOS DEJO EN CASA","NO","NO","INFORMACIÓN DIRECTA","SI","Sí"
"CÚCUTA","TRABAJADOR INDEPENDIENTE","LABORATORISTA DENTAL","NO","LOS DEJO EN CASA","SI",,"INFORMACION DIRECTA","NO","No"
"CÚCUTA","PÚBLICA","GOBERNACIÓN DE NORTE DE SANTANDER","NO","LOS DEJO EN CASA","NO","NO","REDES SOCIALES","SI","Sí"
"EL ZULIA","TRABAJADOR INDEPENDIENTE","AVICULTURA","SI","LOS VENDE A UNA EMPRESA RECICLADORA, LOS REGALA A UN FAMILIAR, AMIGO O VECINO","SI","NO","REDES SOCIALES","NO","Sí"
"DURANIA","PRIVADA","TERRACRAFT","NO","LOS DEJO EN CASA","NO","SI","INFORMACIÓN DIRECTA","SI","Sí"
"CÚCUTA","PRIVADA","TIVIT","NO","LOS DEJO EN CASA","NO","NO","INFORMACIÓN DIRECTA","SI","No"
"CÚCUTA","TRABAJADOR INDEPENDIENTE","RESTAURANTE BELENCITA","NO","LOS REGALA A UN FAMILIAR, AMIGO O VECINO","NO","SI","REDES SOCIALES","NO","Sí"
"CÚCUTA","PÚBLICA","I. E. COLEGIO TOLEDO PLATA","SI","LOS ENTREGA A LOS PUNTOS DE RECOLECCIÓN AUTORIZADOS (GESTORES DE RECOLECCIÓN DE RESIDUOS POSTCONSUMO)","SI","SI","CORREO ELECTRÓNICO","SI","Sí"
"CÚCUTA","TRABAJADOR INDEPENDIENTE","COMERCIANTE","SI","LOS ENTREGA A LA EMPRESA DEL ASEO","NO","NO","REDES SOCIALES","NO","Sí"
"CÚCUTA","DESEMPLEADO","UNIPAMPLONA","NO","LOS ENTREGA A LA EMPRESA DEL ASEO","SI","SI","REDES SOCIALES","SI","No me interesa el tema"
"EL ZULIA","PRIVADA","EMPRESA INDUSTRIAL Y COMERCIAL DEL ESTADO FARO DEL CATATUMBO S.A.S","SI","LOS ENTREGA A LOS PUNTOS DE RECOLECCIÓN AUTORIZADOS (GESTORES DE RECOLECCIÓN DE RESIDUOS POSTCONSUMO)","SI","SI","INFORMACIÓN DIRECTA","SI","Sí"
"CÚCUTA","PRIVADA","EMPRESA INDUSTRIAL Y COMERCIAL DEL ESTADO FARO DEL CATATUMBO S.A.S","NO","LOS DEJO EN CASA","NO","SI","INFORMACIÓN DIRECTA","NO","Sí"
"CÚCUTA","PRIVADA","EMPRESA INDUSTRIAL Y COMERCIAL DEL ESTADO FARO DEL CATATUMBO S.A.S","SI","LOS REGALA A UN FAMILIAR, AMIGO O VECINO, LOS ENTREGA A LOS PUNTOS DE RECOLECCIÓN AUTORIZADOS (GESTORES DE RECOLECCIÓN DE RESIDUOS POSTCONSUMO)","SI","SI","INFORMACIÓN DIRECTA","SI","No"
"CÚCUTA","DESEMPLEADO","NO TENGO TRABAJO","SI","LOS DEJO EN CASA","NO","NO","REDES SOCIALES","SI","Sí"
"SARDINATA","PRIVADA","GOBERNACIÓN NORTE DE SANTANDER","SI","LOS ENTREGA A LA EMPRESA DEL ASEO","SI","SI","REDES SOCIALES","SI","Sí"
"CÚCUTA","PRIVADA","CIDEMOS","NO","LOS DEJO EN CASA","NO","NO","INFORMACIÓN DIRECTA","NO","Sí"
"CUCUTILLA","PÚBLICA","SECRETARIA DESARROLLO ECONÓMICO","SI","LOS ENTREGA A LA EMPRESA DEL ASEO","SI","NO","REDES SOCIALES","SI","Sí"
"CÚCUTA","AMA DE CASA","AMA DE CASA","NO","LOS DEJO EN CASA","SI","NO","INFORMACION DIRECTA","SI","Sí"
"CÚCUTA","PÚBLICA","GOBERNACION","NO","LOS DEJO EN CASA","SI","SI","REDES SOCIALES, INFORMACIÓN DIRECTA","SI","Sí"
"CÚCUTA","TRABAJADOR INDEPENDIENTE","TIENDA VAOR","SI","LOS ENTREGA A LA EMPRESA DEL ASEO","NO","NO","REDES SOCIALES, UN AMIGO","SI","Sí"
"EL ZULIA","DESEMPLEADO","NO TENGO TRABAJO","NO","LOS REGALA A UN FAMILIAR, AMIGO O VECINO","NO","SI","REDES SOCIALES","SI","Sí"
"CÚCUTA","AMA DE CASA","AMA DE CASA","NO","LOS DEJO EN CASA","SI","NO","INFORMACION DIRECTA","SI","Sí"
"CÚCUTA","PÚBLICA","IE JULIO PÉREZ FERRERO","SI","LOS LLEVO A PUNTOS INSTALADOS EN CENTROS COMERCIALES","SI","SI","INFORMACIÓN DIRECTA, CORREO ELECTRÓNICO","SI","No"
"CÚCUTA","PÚBLICA","SECRETARIA DE DESARROLLO ECONOMICO","NO","LOS DEJO EN CASA","NO","NO","INFORMACIÓN DIRECTA","NO","Sí"
"CÚCUTA","AMA DE CASA","AMA DE CASA","NO","LOS DEJO EN CASA","SI","NO","INFORMACION DIRECTA","SI","Sí"
"LOS PATIOS","TRABAJADOR INDEPENDIENTE","STAR INDUSTRIES 101","NO","LOS DEJO EN CASA","NO","NO","REDES SOCIALES","SI","No, No conozco de tecnología"
"CÚCUTA","PÚBLICA","CLUB DE LEONES","NO","LOS DEJO EN CASA","SI","NO","REDES SOCIALES","SI","Sí"
"CÚCUTA","PÚBLICA","INSTITUCION EDUCATIVA COLEGIO CLUB DE LEONES","SI","LOS REGALA A UN FAMILIAR, AMIGO O VECINO","SI","NO","REDES SOCIALES, CORREO ELECTRÓNICO","NO","Sí"
"CÚCUTA","PÚBLICA","ALCALDÍA","NO","LOS DEJO EN CASA","SI","NO","INFORMACIÓN DIRECTA","NO","Sí"
"CÚCUTA","PÚBLICA","SEM","NO","LOS DEJO EN CASA","SI","NO","REDES SOCIALES","SI","Sí"
"CÚCUTA","PRIVADA","EICE FARO DEL CATATUMBO","SI","LOS ENTREGA A LOS PUNTOS DE RECOLECCIÓN AUTORIZADOS (GESTORES DE RECOLECCIÓN DE RESIDUOS POSTCONSUMO)","SI",,"REDES SOCIALES","NO","Sí"
"EL ZULIA","PÚBLICA","INSTITUTO AGRÍCOLA RISARALDA","SI","LOS ENTREGA A LA EMPRESA DEL ASEO, LOS REGALA A UN FAMILIAR, AMIGO O VECINO","SI","NO","REDES SOCIALES","SI","Sí"
"CÚCUTA","PÚBLICA","GOBERNACIÓN NORTE DE SANTANDER","SI","LOS ENTREGA A LOS PUNTOS DE RECOLECCIÓN AUTORIZADOS (GESTORES DE RECOLECCIÓN DE RESIDUOS POSTCONSUMO)","SI","SI","REDES SOCIALES","SI","Sí"
"MUTISCUA","PÚBLICA","GOBERNACIÓN DE NORTE DE SANTANDER","SI","LOS ENTREGA A LA EMPRESA DEL ASEO","NO","NO","REDES SOCIALES","SI","Sí"
"VILLA DEL ROSARIO","PRIVADA","CIDEMOS","NO","LOS DEJO EN CASA","NO","NO","INFORMACIÓN DIRECTA","NO","Sí"
"CÚCUTA","PÚBLICA","SENA","NO","LOS DEJO EN CASA","NO","NO","INFORMACION DIRECTA","SI","Sí"
"VILLA DEL ROSARIO","PRIVADA","CIDEMOS","NO","LOS DEJO EN CASA","NO","NO","INFORMACIÓN DIRECTA","NO","Sí"
"VILLA DEL ROSARIO","PRIVADA","KAMILA","NO","LOS DEJO EN CASA","NO","NO","REDES SOCIALES","SI","Sí"
"EL ZULIA","AMA DE CASA","CASA","NO","LOS VENDE A UNA EMPRESA RECICLADORA, LOS REGALA A UN FAMILIAR, AMIGO O VECINO","NO","NO","INFORMACIÓN DIRECTA","NO","Sí"
"OCAÑA","PÚBLICA","IE AGUSTINA FERRO","SI","LOS ENTREGA A LA EMPRESA DEL ASEO","SI","NO","CORREO INSTITUCIONAL POR PARTE DE RECTORIA","SI","No"
"CÚCUTA","TRABAJADOR INDEPENDIENTE","EMPLEADO INDEPENDIENTE","NO","LOS DEJO EN CASA","NO","NO","POR EL COLEGIO DE MIS HIJAS","NO","No conozco de tecnología"
"CÚCUTA","AMA DE CASA","AMA DE CASA","SI","LOS ENTREGA A LA EMPRESA DEL ASEO","SI","SI","REDES SOCIALES","SI","Sí"
"CÚCUTA","PRIVADA","CIDEMOS","SI","LOS ENTREGA A LOS PUNTOS DE RECOLECCIÓN AUTORIZADOS (GESTORES DE RECOLECCIÓN DE RESIDUOS POSTCONSUMO)","NO","NO","REDES SOCIALES","SI","Sí"
"VILLA DEL ROSARIO","TRABAJADOR INDEPENDIENTE","JURISCONSULTO","NO","LOS DEJO EN CASA","NO","NO","REDES SOCIALES","NO","Sí"
"LA PLAYA DE BELÉN","PÚBLICA","I. E. COLEGIO FRAY JOSÉ MARÍA ARÉVALO","SI","LOS REGALA A UN FAMILIAR, AMIGO O VECINO","NO","SI","INFORMACIÓN DIRECTA","SI","Sí, No"
"CÚCUTA","PÚBLICA","ASGOC","NO","LOS VENDE A UNA EMPRESA RECICLADORA, LOS REGALA A UN FAMILIAR, AMIGO O VECINO","NO","SI","INFORMACION DIRECTA","NO","Sí"
"CUCUTILLA","TRABAJADOR INDEPENDIENTE","NO TENGO TRABAJO","SI","LOS REGALA A UN FAMILIAR, AMIGO O VECINO","NO","NO","REDES SOCIALES","NO","No conozco de tecnología"
"CUCUTILLA","TRABAJADOR INDEPENDIENTE","NO TENGO TRABAJO","SI","LOS REGALA A UN FAMILIAR, AMIGO O VECINO","NO","NO","REDES SOCIALES","NO","No conozco de tecnología"
"EL ZULIA","AMA DE CASA","EN EL HOGAR","NO","LOS DEJO EN CASA","NO","NO","INFORMACIÓN DIRECTA","NO","Sí"
"CÚCUTA","PRIVADA","INMOBILIARIA TONCHALA","SI","LOS REGALA A UN FAMILIAR, AMIGO O VECINO","NO","NO","INFORMACION DIRECTA","NO","Sí"
"PUERTO SANTANDER","PÚBLICA","GOBERNACIÒN DE NORTE DE SANTANDER","NO","LOS DEJO EN CASA","NO","SI","REDES SOCIALES","SI","Sí"
"CÚCUTA","PÚBLICA","SECRETRIA DE DESARROLLO ECONOMICO Y PRODUCTIVIDAD","NO","LOS DEJO EN CASA","SI","NO","REDES SOCIALES","NO","Sí"
"CÚCUTA","PÚBLICA","INDENORTE","SI","LOS ENTREGA A LOS PUNTOS DE RECOLECCIÓN AUTORIZADOS (GESTORES DE RECOLECCIÓN DE RESIDUOS POSTCONSUMO)","SI","SI","REDES SOCIALES, PUBLICACIÓN EN SEDE  ELECTRÓNICA, RADIO","SI","Sí"
"CÚCUTA","PÚBLICA","ALCALDÍA MUNICIPAL DE EL ZULIA","SI","LOS ENTREGA A LA EMPRESA DEL ASEO, LOS ENTREGA A LOS PUNTOS DE RECOLECCIÓN AUTORIZADOS (GESTORES DE RECOLECCIÓN DE RESIDUOS POSTCONSUMO)","NO","SI","REDES SOCIALES, INFORMACIÓN DIRECTA","SI","Sí"
"CÚCUTA","PRIVADA","INMOBILIARIA TONCHALA","SI","LOS REGALA A UN FAMILIAR, AMIGO O VECINO","NO","NO","INFORMACION DIRECTA","NO","Sí"
"CÚCUTA","PÚBLICA","GOBERNACION DE NORTE DE SANTANDER","SI","LOS VENDE A UNA EMPRESA RECICLADORA, LOS REGALA A UN FAMILIAR, AMIGO O VECINO","SI","SI","INFORMACIÓN DIRECTA","SI","Sí"
"CÚCUTA","AMA DE CASA","HOGAR","NO","LOS DEJO EN CASA","NO","NO","INFORMACION DIRECTA","NO","No conozco de tecnología"
"CÚCUTA","PÚBLICA","SECRETARIA JURÍDICA DE LA GOBERNACION DPTO. NO DE S.","NO","LOS DEJO EN CASA","SI","SI","REDES SOCIALES","SI","Sí"
"CÚCUTA","PRIVADA","VEHIMAQ ZONA FRANCA S.A.S","SI","LOS ENTREGA A LA EMPRESA DEL ASEO","NO","NO","REDES SOCIALES","SI","Sí"
"OCAÑA","PÚBLICA","LA SALLE","NO","LOS DEJO EN CASA","SI","NO","REDES SOCIALES","SI","No"
"CÚCUTA","TRABAJADOR INDEPENDIENTE","COMERCIO","NO","LOS DEJO EN CASA","NO","NO","REDES SOCIALES","NO","Sí"
"CÚCUTA","PRIVADA","CIDEMOS","NO","LOS DEJO EN CASA","NO","NO","REDES SOCIALES","NO","Sí"
"CÚCUTA","PÚBLICA","GOBERNACIÓN NORTE DE SANTANDER","NO","LOS DEJO EN CASA","SI","NO","PÁGINA WEB DE LA ENTIDAD","SI","Sí"
"CÚCUTA","TRABAJADOR INDEPENDIENTE","INDEPENDIENTE","SI","LOS ENTREGA A LA EMPRESA DEL ASEO","NO","NO","TELEVISIÓN","NO","No conozco de tecnología, No me interesa el tema"
"CÚCUTA","PÚBLICA","GOBERNACIÓN DE NORTE DE SANTANDER","NO","LOS DEJO EN CASA","SI","SI","PUBLICACIÓN EN SEDE  ELECTRÓNICA","SI","Sí"
"CÚCUTA","AMA DE CASA","EN MI CASA","SI","LOS VENDE A UNA EMPRESA RECICLADORA, LOS REGALA A UN FAMILIAR, AMIGO O VECINO","SI","NO","REDES SOCIALES","NO","Yo en mi casa reciclo con mis hijos y esa cultuta la tengo hace varios años"
"LOS PATIOS","PÚBLICA","EJÉRCITO","NO","LOS VENDE A UNA EMPRESA RECICLADORA, LOS REGALA A UN FAMILIAR, AMIGO O VECINO","SI","NO","INFORMACIÓN DIRECTA","SI","Sí"
"CÚCUTA","PÚBLICA","UNIVERSIDAD FRANCISCO DE PAULA SANTANDER","SI","LOS ENTREGA A LA EMPRESA DEL ASEO","NO","SI","REDES SOCIALES","SI","Sí"
"PAMPLONA","PÚBLICA","COLEGIO  PROVINCIAL","SI","LOS REGALA A UN FAMILIAR, AMIGO O VECINO","NO","NO","REDES SOCIALES","SI","Sí"
"CÚCUTA","PÚBLICA","IE JULIO PÉREZ FERRETO","NO","LOS REGALA A UN FAMILIAR, AMIGO O VECINO","SI","NO","PUBLICACIÓN EN SEDE  ELECTRÓNICA","SI","Sí"
"CÚCUTA","PRIVADA","GLOBAL SAFE SALUD","NO","LOS ENTREGA A LA EMPRESA DEL ASEO","NO","NO","REDES SOCIALES","SI","Sí"
"CÚCUTA","PÚBLICA","GOBERNACIÓN DE NORTE DE SANTANDER","SI","LOS ENTREGA A LA EMPRESA DEL ASEO, LOS VENDE A UNA EMPRESA RECICLADORA","SI","NO","REDES SOCIALES","SI","Sí"
"CÚCUTA","DESEMPLEADO","NO TENGO TRABAJO","NO","LOS DEJO EN CASA","NO","NO","REDES SOCIALES","NO","No conozco de tecnología"
"CÚCUTA","PÚBLICA","GOBERNACION DE NORTE DE SANTANDER","SI","LOS ENTREGA A LA EMPRESA DEL ASEO","NO","SI","REDES SOCIALES, INFORMACIÓN DIRECTA, PUBLICACIÓN EN SEDE  ELECTRÓNICA","SI","Sí"
"EL ZULIA","AMA DE CASA","MI HOGAR","NO","LOS DEJO EN CASA","NO","SI","REDES SOCIALES, INFORMACIÓN DIRECTA","NO","Sí"
"CÚCUTA","PÚBLICA","COLEGIO JULIO PÉREZ FERRERO","NO","LOS DEJO EN CASA","SI","NO","INFORMACIÓN DIRECTA","SI","Sí"
"CÚCUTA","PÚBLICA","EDUCACION","NO","LOS DEJO EN CASA","SI","NO","REDES SOCIALES","NO","Sí"
"EL ZULIA","TRABAJADOR INDEPENDIENTE","ALCALDÍA MUNICIPAL","SI","LOS ENTREGA A LOS PUNTOS DE RECOLECCIÓN AUTORIZADOS (GESTORES DE RECOLECCIÓN DE RESIDUOS POSTCONSUMO)","SI","SI","INFORMACIÓN DIRECTA","SI","Sí"
"CÚCUTA","PÚBLICA","INSTITUCIÓN EDUCATIVA JULIO PÉREZ FERRERO","SI","LOS ENTREGA A LOS PUNTOS DE RECOLECCIÓN AUTORIZADOS (GESTORES DE RECOLECCIÓN DE RESIDUOS POSTCONSUMO)","SI","NO","INFORMACIÓN DIRECTA","SI","Sí"
"EL ZULIA","PRIVADA","NORCARNICOS","NO","LOS DEJO EN CASA","NO","NO","REDES SOCIALES","SI","No me interesa el tema"
"CÚCUTA","PÚBLICA","IE JULIO PÉREZ FERRERO","NO","LOS ENTREGA A LA EMPRESA DEL ASEO","SI","NO","REDES SOCIALES","NO","Puede que sirva"
"LOS PATIOS","PRIVADA","COLCLASICO","SI","LOS DEJO EN CASA","NO","NO","INFORMACIÓN DIRECTA","NO","No"
"CÚCUTA","PÚBLICA","I.E. JULIO PÉREZ FERRERO","SI","LOS ENTREGA A LA EMPRESA DEL ASEO","SI","NO","RECTOR DE LA INSTITUCIÓN EDUCATIVA","SI","Sí"
"CÚCUTA","PÚBLICA","COLEGIO JULIO PÉREZ FERRERO","SI","LOS ENTREGA A LA EMPRESA DEL ASEO, LOS REGALA A UN FAMILIAR, AMIGO O VECINO, LOS ACUMULO MUCHAS VECES, PORQUE NO SÉ QUÉ HACER CON ELLOS","NO","NO","REDES SOCIALES","SI","Sí"
"CÚCUTA","PÚBLICA","SECRETARÍA DE EDUCACIÓN MUNICIPAL","NO","LOS DEJO EN CASA","NO","NO","REDES SOCIALES","SI","Sí"
"CÚCUTA","PRIVADA","LUJESAN","SI","LOS VENDE A UNA EMPRESA RECICLADORA, LOS REGALA A UN FAMILIAR, AMIGO O VECINO","NO","SI","REDES SOCIALES","NO","No"
"ABREGO","PÚBLICA","SECRETARÍA DE DESARROLLO ECONÓMICO","NO","LOS DEJO EN CASA","SI","NO","REDES SOCIALES","NO","Sí"
"EL ZULIA","AMA DE CASA","AMA DE CASA","SI","LOS VENDE A UNA EMPRESA RECICLADORA, LOS REGALA A UN FAMILIAR, AMIGO O VECINO","SI","SI","INFORMACION DIRECTA","SI","No"
"CÚCUTA","PÚBLICA","INDENORTE","SI","LOS ENTREGA A LA EMPRESA DEL ASEO","NO","SI","REDES SOCIALES, INFORMACIÓN DIRECTA","SI","Sí"
"EL ZULIA","DESEMPLEADO","NO TENGO TRABAJO","SI","LOS VENDE A UNA EMPRESA RECICLADORA, LOS REGALA A UN FAMILIAR, AMIGO O VECINO","SI","NO","POR EL COLEGUIO","NO","No"
"CÚCUTA","PÚBLICA","IDS","NO","LOS DEJO EN CASA","SI","SI","INFORMACIÓN DIRECTA","SI","Sí"
"CÚCUTA","PÚBLICA","GOBERNACIÓN DE NORTE DE SANTANDER","NO","LOS DEJO EN CASA","SI","SI","INFORMACIÓN DIRECTA","NO","No me interesa el tema"
"CÚCUTA","PÚBLICA","UNIVERSIDAD FRANCISCO DE PAULA SANTANDER","SI","LOS ENTREGA A LA EMPRESA DEL ASEO","SI","NO","CORREO ELECTRÓNICO","NO","Sí"
"CÚCUTA","TRABAJADOR INDEPENDIENTE","TRABAJO INDEPENDIENTE","SI","LOS REGALA A UN FAMILIAR, AMIGO O VECINO","SI","SI","CORREO ELECTRÓNICO","NO","No"
"CÚCUTA","PÚBLICA","I.E.JULIO PEREZ FERRERO","SI","LOS REGALA A UN FAMILIAR, AMIGO O VECINO","NO","NO","NO SABIA QUE EXISTE","NO","No"
"CÚCUTA","PÚBLICA","GOBERNACIÓN DE NORTE DE SANTANDER","NO","LOS DEJO EN CASA","NO","NO","REDES SOCIALES","SI","Sí"
"HERRÁN","PÚBLICA","SECRETARIA DE EDUCACIÓN","NO","LOS DEJO EN CASA","NO","NO","REDES SOCIALES","NO","Sí"
"VILLA DEL ROSARIO","PÚBLICA","INDENORTE","NO","LOS DEJO EN CASA","NO","NO","REDES SOCIALES","SI","Sí"
"CÚCUTA","PÚBLICA","CONSEJERÍA DE TURISMO NDS","SI","LOS ENTREGA A LOS PUNTOS DE RECOLECCIÓN AUTORIZADOS (GESTORES DE RECOLECCIÓN DE RESIDUOS POSTCONSUMO)","SI","SI","REDES SOCIALES, INFORMACIÓN DIRECTA","SI","Sí"
"EL ZULIA","PÚBLICA","IE FRANCISCO DE PAULA SANTANDER","SI","LOS ENTREGA A LOS PUNTOS DE RECOLECCIÓN AUTORIZADOS (GESTORES DE RECOLECCIÓN DE RESIDUOS POSTCONSUMO)","SI","SI","REDES SOCIALES, CORREO ELECTRÓNICO","SI","Sí"
"CÚCUTA","PÚBLICA","I.E.LA GARITA","SI","LOS REGALA A UN FAMILIAR, AMIGO O VECINO","SI","SI","INFORMACION DIRECTA","NO","Sí"
"LOS PATIOS","TRABAJADOR INDEPENDIENTE","INDEPENDIENTE","SI","LOS REGALA A UN FAMILIAR, AMIGO O VECINO","NO","NO","GRUPO DE WHATSAPP","SI","Sí"
"CÁCHIRA","PRIVADA","GTBYTE SAS","SI","LOS ENTREGA A LA EMPRESA DEL ASEO","SI","SI","REDES SOCIALES","SI","Sí"
"CÚCUTA","PÚBLICA","SEM CUCUTA","NO","LOS ENTREGA A LA EMPRESA DEL ASEO","NO","NO","REDES SOCIALES","NO","Sí"
"CÁCHIRA","PRIVADA","QUIMARA CR","SI","LOS ENTREGA A LA EMPRESA DEL ASEO","SI","SI","REDES SOCIALES","SI","Sí"
"CÚCUTA","TRABAJADOR INDEPENDIENTE","RESTAURANTES","NO","LOS DEJO EN CASA","SI","SI","INFORMACIÓN DIRECTA","SI","No"
"CÚCUTA","PÚBLICA","SEM CÚCUTA","NO","LOS DEJO EN CASA","SI","NO","INFORMACION DIRECTA","SI","Sí"
"OCAÑA","PÚBLICA","GOBERNACIÓN DE NORTE DE SANTANDER","SI","LOS REGALA A UN FAMILIAR, AMIGO O VECINO","NO","NO","REDES SOCIALES","SI","Sí"
"CÚCUTA","PÚBLICA","SECRETARIA DE EDUCACIÓN MUNICIPAL","SI","LOS VENDE A UNA EMPRESA RECICLADORA, LOS REGALA A UN FAMILIAR, AMIGO O VECINO","SI","NO","REDES SOCIALES","SI","Sí"
"CÚCUTA","PÚBLICA","SECRETARIA DE EDUCACION N DE SANTANDER","NO","LOS DEJO EN CASA","SI","NO","REDES SOCIALES","SI","Sí"
"TOLEDO","PÚBLICA","IE SAN BERNARDO","SI","LOS ENTREGA A LOS PUNTOS DE RECOLECCIÓN AUTORIZADOS (GESTORES DE RECOLECCIÓN DE RESIDUOS POSTCONSUMO)","SI","SI","REDES SOCIALES","NO","Sí"
"CÚCUTA","PÚBLICA","GOBERNACIÓN NORTE DE SANTANDER","SI","POR EL MOMENTO NO SE A QUIEN ENTREGARLOS","NO","NO","NO SABIA QUE EXISTE","SI","Sí"
"CÁCHIRA","TRABAJADOR INDEPENDIENTE","INDEPENDIENTE","SI","LOS VENDE A UNA EMPRESA RECICLADORA, LOS REGALA A UN FAMILIAR, AMIGO O VECINO","SI","SI","REDES SOCIALES","SI","Sí"
"CÚCUTA","TRABAJADOR INDEPENDIENTE","EMPLEADA DE SERVICIO","NO","LOS DEJO EN CASA","NO","NO","REDES SOCIALES","SI","Sí"
"CÚCUTA","PÚBLICA","S.E.M","SI","LOS VENDE A UNA EMPRESA RECICLADORA, LOS REGALA A UN FAMILIAR, AMIGO O VECINO","SI","NO","INFORMACION DIRECTA","SI","Sí"
"CÚCUTA","PRIVADA","INDRA SISTEMAS SA","NO","LOS DEJO EN CASA","NO","NO","REDES SOCIALES","NO","No"
"LOS PATIOS","PÚBLICA","SEM CÚCUTA","SI","LOS ENTREGA A LOS PUNTOS DE RECOLECCIÓN AUTORIZADOS (GESTORES DE RECOLECCIÓN DE RESIDUOS POSTCONSUMO)","SI","SI","REDES SOCIALES","SI","Sí"
"OCAÑA","PÚBLICA","SED NORTE DE SANTANDER, COLEGIO LA SALLE.","SI","LOS ENTREGA A LA EMPRESA DEL ASEO, LOS VENDE A UNA EMPRESA RECICLADORA","NO","NO","INFORMACIÓN DIRECTA","NO","Sí"
"CÚCUTA","TRABAJADOR INDEPENDIENTE","UNIVERSIDAD FRANCISCO DE PAULA SANTANDER","NO","LOS DEJO EN CASA","NO","SI","REDES SOCIALES, INFORMACIÓN DIRECTA, CORREO ELECTRÓNICO","SI","Sí"
"CÚCUTA","PÚBLICA","GOBERNACION DEL DEPARTAMENTO NORTE DE SANTANDER","NO","LOS DEJO EN CASA","SI","NO","REDES SOCIALES","SI","Sí"
"EL ZULIA","PÚBLICA","RESTAURANTE LA NOVILLA","NO","LOS DEJO EN CASA","SI","NO","REDES SOCIALES","SI","Sí"
"CÚCUTA","PÚBLICA","SECRETARIA DE EDUCACIÓN DEL NORTE DE SANTANDER","NO","LOS DEJO EN CASA","SI","NO","REDES SOCIALES","SI","Sí"
"PAMPLONA","PÚBLICA","UNIVERSIDAD DE PAMPLONA","SI","LOS ENTREGA A LOS PUNTOS DE RECOLECCIÓN AUTORIZADOS (GESTORES DE RECOLECCIÓN DE RESIDUOS POSTCONSUMO)","SI","NO","INFORMACIÓN DIRECTA","SI","Sí"
"PAMPLONA","PÚBLICA","SEDE ESCOLAR FONTIBON CER CHICHIRA","SI","LOS REGALA A UN FAMILIAR, AMIGO O VECINO","SI","NO","CORREO ELECTRÓNICO","SI","Sí"
"CÚCUTA","PÚBLICA","UNIVERSIDAD FRANCISCO DE PAULA SANTANDER OCAÑA","SI","LOS ENTREGA A LOS PUNTOS DE RECOLECCIÓN AUTORIZADOS (GESTORES DE RECOLECCIÓN DE RESIDUOS POSTCONSUMO)","NO","SI","INFORMACIÓN DIRECTA","SI","Sí"
"CÚCUTA","PÚBLICA","SEN","SI","LOS REGALA A UN FAMILIAR, AMIGO O VECINO","NO","NO","NO SABIA QUE EXISTE","SI","Sí"
"CÚCUTA","PÚBLICA","GOBERNACIÓN DE NORTE DE SANTANDER","NO","LOS DEJO EN CASA","SI","SI","INFORMACIÓN DIRECTA","SI","Sí"
"CHITAGÁ","PÚBLICA","UNIVERSIDAD DE PAMPLONA","SI","LOS DEJO EN CASA","NO","NO","REDES SOCIALES","SI","Sí"
"PAMPLONA","PÚBLICA","UNIVERSIDAD DE PAMPLONA","SI","LOS ENTREGA A LOS PUNTOS DE RECOLECCIÓN AUTORIZADOS (GESTORES DE RECOLECCIÓN DE RESIDUOS POSTCONSUMO)","SI","NO","REDES SOCIALES","NO","Sí"
"LOS PATIOS","TRABAJADOR INDEPENDIENTE","TALLER DE COSTURA","NO","LOS DEJO EN CASA","NO","NO","REDES SOCIALES","SI","No conozco de tecnología"
"LOS PATIOS","PÚBLICA","COLEGIO ANDRÉS BELLO-BOCHALEMA","SI","LOS REGALA A UN FAMILIAR, AMIGO O VECINO","SI","NO","REDES SOCIALES","SI","Sí"
"PAMPLONA","TRABAJADOR INDEPENDIENTE","INDEPENDIENTE","NO","LOS VENDE A UNA EMPRESA RECICLADORA, LOS REGALA A UN FAMILIAR, AMIGO O VECINO","NO","NO","NO SABIA QUE EXISTE","NO","No"
"LABATECA","PÚBLICA","CENTRO EDUCATIVO CHONA - SEDE MORGUA","SI","EN LA SEDE EDUCATIVA","SI","NO","REDES SOCIALES","NO","Sí"
"LA PLAYA DE BELÉN","PÚBLICA","ALCALDÍA MUNICIPAL","NO","LOS DEJO EN CASA","NO","SI","INFORMACIÓN DIRECTA","SI","No conozco de tecnología"
"CÚCUTA","PÚBLICA","GOBERNACIÓN DE NORTE DE SANTANDER","NO","LOS DEJO EN CASA","SI","SI","INFORMACIÓN DIRECTA","SI","Sí"
"CÚCUTA","PÚBLICA","SEM","SI","LOS ENTREGA A LA EMPRESA DEL ASEO, LOS ENTREGA A LOS PUNTOS DE RECOLECCIÓN AUTORIZADOS (GESTORES DE RECOLECCIÓN DE RESIDUOS POSTCONSUMO)","SI","NO","REDES SOCIALES","SI","Sí"
"CÚCUTA","TRABAJADOR INDEPENDIENTE","RESTAURANTE SANDRA","NO","LOS ENTREGA A LA EMPRESA DEL ASEO","NO","NO","REDES SOCIALES","NO","No"
"SALAZAR DE LAS PALMAS","PÚBLICA","CENTRO DE BIENESTAR Y VIDA","NO","LOS DEJO EN CASA","NO","NO","REDES SOCIALES","SI","Sí"
"SALAZAR DE LAS PALMAS","PRIVADA","ALING SAS","SI","VOTO A LA BASURA","NO","NO","REDES SOCIALES","NO","Sí"
"EL ZULIA","PÚBLICA","FRANCISCO DE PAULA SANTANDER","NO","LOS DEJO EN CASA","SI","SI","INFORMACIÓN DIRECTA, CORREO ELECTRÓNICO","SI","Sí"
"CÚCUTA","AMA DE CASA","EN EL HOGAR","SI","LOS VENDE A UNA EMPRESA RECICLADORA, LOS REGALA A UN FAMILIAR, AMIGO O VECINO","NO","NO","INFORMACIÓN DIRECTA","NO","No conozco de tecnología"
"CÚCUTA","PÚBLICA","GOBERNACION DE NORTE DE SANTANDER- SAPSB","SI","LOS ENTREGA A LOS PUNTOS DE RECOLECCIÓN AUTORIZADOS (GESTORES DE RECOLECCIÓN DE RESIDUOS POSTCONSUMO)","SI","SI","REDES SOCIALES","SI","Sí"
"CÚCUTA","PRIVADA","UNIVERSIDAD DE SANTANDER","SI","LOS ENTREGA A LA EMPRESA DEL ASEO, LOS REGALA A UN FAMILIAR, AMIGO O VECINO","NO","NO","REDES SOCIALES","SI","Sí"
"CÚCUTA","PÚBLICA","SECRETARIA DE EDUCACIÓN MUNICIPAL CÚCUTA","SI","LOS VENDE A UNA EMPRESA RECICLADORA, LOS REGALA A UN FAMILIAR, AMIGO O VECINO","NO","NO","INFORMACIÓN DIRECTA","SI","Sí"
"CÚCUTA","PÚBLICA","INSTITUCIÓN EDUCATIVA SAN BARTOLOMÉ","SI","LOS REGALA A UN FAMILIAR, AMIGO O VECINO","SI","NO","REDES SOCIALES","SI","No"
"CÚCUTA","PÚBLICA","SECRETARÍA MUNICIPAL DE CÚCUTA","NO","LOS DEJO EN CASA","NO","NO","REDES SOCIALES","SI","Sí"
"CÚCUTA","PÚBLICA","GOBERNACION DE NORTE DE SANTANDER","SI","LOS ENTREGA A LOS PUNTOS DE RECOLECCIÓN AUTORIZADOS (GESTORES DE RECOLECCIÓN DE RESIDUOS POSTCONSUMO)","SI","SI","INFORMACIÓN DIRECTA","SI","No"
"CÚCUTA","TRABAJADOR INDEPENDIENTE","DIGIPLOTT","SI","LOS DEJO EN CASA","NO",,"GRUPO DE WHATSAPP","NO","Sí"
"LOS PATIOS","PÚBLICA","IE COLEGIO ONCE DE NOVIEMBRE","NO","LOS DEJO EN CASA","NO","NO","REDES SOCIALES","SI","Sí"
"CÚCUTA","PÚBLICA","SECRETARIA DE EDUCACION","SI","LOS DEJO EN CASA","NO","NO","REDES SOCIALES","NO","No conozco de tecnología"
"CÚCUTA","PRIVADA","MUNDITIENDAS","SI","LOS ENTREGA A LA EMPRESA DEL ASEO","NO","NO","INFORMACIÓN DIRECTA","SI","Sí"
"CÚCUTA","TRABAJADOR INDEPENDIENTE","EL SABOR OCAÑERO","NO","LOS VENDE A UNA EMPRESA RECICLADORA, LOS REGALA A UN FAMILIAR, AMIGO O VECINO","NO","NO","REDES SOCIALES","NO","No conozco de tecnología"
"LOURDES","PÚBLICA","INSTITUCIONEDUCATIVA RAIMUNDO ORDOÑEZ YAÑEZ.","NO","LOS DEJO EN CASA","SI","NO","REDES SOCIALES","SI","Sí"
"CÚCUTA","PÚBLICA","IE LUIS GABRIEL CASTRO","NO","LOS DEJO EN CASA","SI","SI","INFORMACIÓN DIRECTA","NO","Sí"
"CÁCOTA","PÚBLICA","ALCALDÍA DE CÁCOTA","SI","VOTO A LA BASURA","NO","NO","REDES SOCIALES","SI","Sí"
"VILLA DEL ROSARIO","PRIVADA","CORPORACIÓN CIDEMOS","NO","LOS DEJO EN CASA","NO","NO","REDES SOCIALES","NO","Sí"
"PAMPLONA","PÚBLICA","ALCALDIA","SI","LOS ENTREGA A LOS PUNTOS DE RECOLECCIÓN AUTORIZADOS (GESTORES DE RECOLECCIÓN DE RESIDUOS POSTCONSUMO)","NO","NO","REDES SOCIALES","SI","Sí"
"CÚCUTA","TRABAJADOR INDEPENDIENTE","INDEPENDIENTE","NO","LOS ENTREGA A LOS PUNTOS DE RECOLECCIÓN AUTORIZADOS (GESTORES DE RECOLECCIÓN DE RESIDUOS POSTCONSUMO)","NO","NO","PUBLICACIÓN EN SEDE  ELECTRÓNICA","NO","No conozco de tecnología"
"LOS PATIOS","PÚBLICA","COLEGIO SAN JOSÉ DE CÚCUTA","NO","LOS DEJO EN CASA","NO","NO","REDES SOCIALES","SI","Sí"
"CÚCUTA","PÚBLICA","INSTITUTO TÉCNICO BUENA ESPERANZA","NO","LOS DEJO EN CASA","NO","NO","REDES SOCIALES","NO","No"
"CHITAGÁ","PÚBLICA","I. E. ALONSO CARVAJAL PERALTA","SI","LOS ENTREGA A LOS PUNTOS DE RECOLECCIÓN AUTORIZADOS (GESTORES DE RECOLECCIÓN DE RESIDUOS POSTCONSUMO)","NO","SI","RADIO","SI","Sí"
"CÚCUTA","PRIVADA","IMSALUD IPS ARROPUERTO","NO","LOS DEJO EN CASA","NO","NO","REDES SOCIALES","SI","No conozco de tecnología"
"CÚCUTA","TRABAJADOR INDEPENDIENTE","INDEPENDIENTE","NO","LOS ENTREGA A LOS PUNTOS DE RECOLECCIÓN AUTORIZADOS (GESTORES DE RECOLECCIÓN DE RESIDUOS POSTCONSUMO)","SI","NO","REDES SOCIALES","SI","Sí"
"CÚCUTA","PÚBLICA","UNIVERSIDAD DE PAMPLONA","SI","LOS DEJO EN CASA","NO","NO","INFORMACIÓN DIRECTA","SI","Sí"
"CÚCUTA","PÚBLICA","GOBERNACIÓN DE NORTE DE SANTANDER","NO","LOS DEJO EN CASA","SI","NO","INFORMACIÓN DIRECTA","SI","Sí"
"CÚCUTA","PÚBLICA","IE.JULIO PEREZ FERRERO","NO","LOS DEJO EN CASA","SI","NO","CORREO ELECTRÓNICO","NO","No"
"LOURDES","PÚBLICA","I.E RAIMUNDO ORDÓÑEZ YÁÑEZ","NO","LOS REGALA A UN FAMILIAR, AMIGO O VECINO","SI","SI","INFORMACIÓN DIRECTA","NO","No"
"CÚCUTA","PÚBLICA","GOBERNACION DE NORTE DE SANTANDER","SI","LOS REGALA A UN FAMILIAR, AMIGO O VECINO","NO","NO","REDES SOCIALES, INFORMACIÓN DIRECTA","NO","Sí"
"CÚCUTA","PÚBLICA","GOBERNACION NORTE DE SANTANDER","SI","LOS ENTREGA A LOS PUNTOS DE RECOLECCIÓN AUTORIZADOS (GESTORES DE RECOLECCIÓN DE RESIDUOS POSTCONSUMO)","SI","SI","REDES SOCIALES, INFORMACIÓN DIRECTA","SI","Sí"
"CÚCUTA","TRABAJADOR INDEPENDIENTE","CASA DE FAMILIA","NO","LOS ENTREGA A LOS PUNTOS DE RECOLECCIÓN AUTORIZADOS (GESTORES DE RECOLECCIÓN DE RESIDUOS POSTCONSUMO)","SI","NO","CORREO ELECTRÓNICO","NO","Sí"
"CONVENCIÓN","PÚBLICA","CONCEJO MUNICIPAL DE CONVENCION","NO","LOS DEJO EN CASA","NO","NO","INFORMACIÓN DIRECTA","SI","NO PORQUE VIVO EN LA ZONA RURAL Y LA SEÑAL DE COMUNICACION ES MALA"
"LOURDES","PÚBLICA","I.E RAIMUNDO ORDÓÑEZ YAÑEZ","SI","LOS REGALA A UN FAMILIAR, AMIGO O VECINO","SI","NO","INFORMACIÓN DIRECTA","SI","Sí"
"CÚCUTA","PÚBLICA","IDS","NO","LOS DEJO EN CASA","SI","SI","REDES SOCIALES","SI","Sí"
"CÚCUTA","PRIVADA","BONN GUSTO","SI","LOS ENTREGA A LOS PUNTOS DE RECOLECCIÓN AUTORIZADOS (GESTORES DE RECOLECCIÓN DE RESIDUOS POSTCONSUMO)","NO","SI","REDES SOCIALES","NO","Sí"
"CÚCUTA","PÚBLICA","CORPONOR","SI","LOS ENTREGA A LA EMPRESA DEL ASEO","NO","NO","REDES SOCIALES","SI","Sí"
"CÚCUTA","PÚBLICA","IE JULIO PEREZ FERRERO","NO","LOS DEJO EN CASA","SI",,"REDES SOCIALES","SI","Sí"
"VILLA DEL ROSARIO","TRABAJADOR INDEPENDIENTE","CASA","SI","LOS VENDE A UNA EMPRESA RECICLADORA, LOS REGALA A UN FAMILIAR, AMIGO O VECINO","NO","NO","REDES SOCIALES","SI","Sí"
"CÁCOTA","PÚBLICA","CER LA FENICIA SEDE ESCALONES","SI","LOS ENTREGA A LA EMPRESA DEL ASEO","SI","NO","REDES SOCIALES","SI","Sí"
"EL ZULIA","DESEMPLEADO","NO TENGO TRABAJO","NO","LOS DEJO EN CASA","NO","NO","INFORMACIÓN DIRECTA","NO","No conozco de tecnología"
"EL ZULIA","PÚBLICA","I.E. FRANCISCO DE PAULA SANTANDER","NO","LOS DEJO EN CASA","SI","SI","INFORMACIÓN DIRECTA","SI","No"
"CÚCUTA","PÚBLICA","SECRETARIA DE LA","NO","LOS ENTREGA A LOS PUNTOS DE RECOLECCIÓN AUTORIZADOS (GESTORES DE RECOLECCIÓN DE RESIDUOS POSTCONSUMO)","SI","NO","REDES SOCIALES","NO","Sí"
"LOURDES","PÚBLICA","COLEGIO RAIMUNDO ORDOÑEZ YANEZ","NO","LOS DEJO EN CASA","SI","NO","REDES SOCIALES","SI","Sí"
"CÚCUTA","PRIVADA","ASINORT","SI","LOS REGALA A UN FAMILIAR, AMIGO O VECINO","NO","NO","REDES SOCIALES","SI","Sí"
"LOURDES","PÚBLICA","COL. RAIMUNDO ORDÓÑEZ YAÑEZ","SI","LOS ENTREGA A LA EMPRESA DEL ASEO","NO","NO","POR LA RECTORA","NO","No"
"CÚCUTA","PÚBLICA","SECRETARIA TICS","SI","LOS DEJO EN CASA","NO","NO","INFORMACIÓN DIRECTA","SI","Sí"
"VILLA DEL ROSARIO","PÚBLICA","UNIVERSIDAD DISTRITAL FRANCISCO JOSE DE CALDAS","SI","LOS ENTREGA A LOS PUNTOS DE RECOLECCIÓN AUTORIZADOS (GESTORES DE RECOLECCIÓN DE RESIDUOS POSTCONSUMO)","NO","NO","REDES SOCIALES","NO","Sí"
"CÚCUTA","PÚBLICA","EICE FARO DEL CATATUMBO SAS","SI","LOS ENTREGA A LOS PUNTOS DE RECOLECCIÓN AUTORIZADOS (GESTORES DE RECOLECCIÓN DE RESIDUOS POSTCONSUMO)","SI","SI","REDES SOCIALES, INFORMACIÓN DIRECTA","SI","Sí"
"CÚCUTA","TRABAJADOR INDEPENDIENTE","ALCALDIA DE CHITAGÁ","NO","LOS ENTREGA A LOS PUNTOS DE RECOLECCIÓN AUTORIZADOS (GESTORES DE RECOLECCIÓN DE RESIDUOS POSTCONSUMO)","SI","SI","CORREO ELECTRÓNICO","SI","Sí"
"CÚCUTA","TRABAJADOR INDEPENDIENTE","INFORMAL","NO","LOS DEJO EN CASA","NO","NO","INFORMACIÓN DIRECTA, RADIO","SI","No"
"CÚCUTA","PÚBLICA","ALCALDÍA DE SAN JOSÉ DE CÚCUTA","NO","LOS DEJO EN CASA","SI","NO","INFORMACIÓN DIRECTA","SI","Sí"
"CÚCUTA","DESEMPLEADO","NO TENGO TRABAJO","NO","LOS DEJO EN CASA","SI","SI","INFORMACIÓN DIRECTA","SI","No"
"CÚCUTA","TRABAJADOR INDEPENDIENTE","COMERCIO","NO","LOS DEJO EN CASA","SI","NO","REDES SOCIALES, INFORMACIÓN DIRECTA","SI","Sí"
"CÚCUTA","DESEMPLEADO","NO TENGO TRABAJO","NO","LOS DEJO EN CASA","SI","NO","INFORMACIÓN DIRECTA","SI","No"
"CÚCUTA","TRABAJADOR INDEPENDIENTE","VIVERO LAS LEONAS","SI","LOS REGALA A UN FAMILIAR, AMIGO O VECINO, LOS ENTREGA A LOS PUNTOS DE RECOLECCIÓN AUTORIZADOS (GESTORES DE RECOLECCIÓN DE RESIDUOS POSTCONSUMO)","SI","SI","INFORMACIÓN DIRECTA","NO","No, No conozco de tecnología"
"CÚCUTA","AMA DE CASA","HOGAR","NO","LOS DEJO EN CASA","NO","NO","INFORMACIÓN DIRECTA","SI","Sí"
"CÚCUTA","AMA DE CASA","AMA DE CASA","SI","LOS VENDE A UNA EMPRESA RECICLADORA, LOS REGALA A UN FAMILIAR, AMIGO O VECINO","NO","NO","NO SABIA QUE EXISTE","NO","No conozco de tecnología"
"CUCUTILLA","TRABAJADOR INDEPENDIENTE","INDEPENDIENTE","NO","LOS ENTREGA A LA EMPRESA DEL ASEO","SI","NO","REDES SOCIALES","SI","Sí"
"PAMPLONA","PÚBLICA","EICE FARO DEL CATATUMBO SAS","SI","LOS REGALA A UN FAMILIAR, AMIGO O VECINO","NO","NO","REDES SOCIALES","SI","Sí"
"CÚCUTA","PENSIONADO","TELECOM","SI","LOS ENTREGA A LOS PUNTOS DE RECOLECCIÓN AUTORIZADOS (GESTORES DE RECOLECCIÓN DE RESIDUOS POSTCONSUMO)","SI","NO","REDES SOCIALES","SI","Sí"
"CÚCUTA","AMA DE CASA","AMA DE CASA","SI","LOS ENTREGA A LOS PUNTOS DE RECOLECCIÓN AUTORIZADOS (GESTORES DE RECOLECCIÓN DE RESIDUOS POSTCONSUMO)","SI","NO","INFORMACIÓN DIRECTA","NO","Sí"
"CÚCUTA","PÚBLICA","SECRETARIA MUNICIPAL DE CUCUTA","SI","LOS REGALA A UN FAMILIAR, AMIGO O VECINO","NO","NO","INFORMACIÓN DIRECTA","NO","Sí"
"VILLA DEL ROSARIO","PÚBLICA","INSTITUTO TÉCNICO AGROPECUARIO JUAN FRÍO","SI","LOS DEJO EN CASA","SI","NO","REDES SOCIALES","SI","Sí"
"CÚCUTA","TRABAJADOR INDEPENDIENTE","COMITÉ INTERNACIONAL DE RESCATE","SI","LOS DEJO EN CASA","NO","NO","REDES SOCIALES","NO","Sí"
"HERRÁN","AMA DE CASA","AMA DE CASA","NO","LOS ENTREGA A LA EMPRESA DEL ASEO","SI","NO","REDES SOCIALES","NO","Sí"
"ARBOLEDAS","PÚBLICA","PENSIONADA","SI","LOS ENTREGA A LOS PUNTOS DE RECOLECCIÓN AUTORIZADOS (GESTORES DE RECOLECCIÓN DE RESIDUOS POSTCONSUMO)","SI","NO","REDES SOCIALES","SI","Sí"
"CÚCUTA","PÚBLICA","ICBF","SI","LOS ENTREGA A LA EMPRESA DEL ASEO","NO","NO","NO SABIA QUE EXISTE","NO","No"
"CÚCUTA","TRABAJADOR INDEPENDIENTE","INDEPENDIENTE","NO","LOS DEJO EN CASA","SI","NO","REDES SOCIALES","NO","Sí"
"CÚCUTA","PÚBLICA","GOBERNACION DE NORTE DE SANTANDER","SI","LOS ENTREGA A LA EMPRESA DEL ASEO","NO","SI","INFORMACIÓN DIRECTA","SI","Sí"
"CÚCUTA","PÚBLICA","JULIO PEREZ FERRERO","NO","LOS DEJO EN CASA","SI","NO","INFORMACIÓN DIRECTA","SI","No"
"CÚCUTA","PÚBLICA","COLEGIO PRESBÍTERO DANIEL JORDAN","NO","LOS DEJO EN CASA","NO","NO","INFORMACIÓN DIRECTA","SI","Sí"
"CÚCUTA","PÚBLICA","I. E . JULIO PÉREZ FERRERO","NO","LOS DEJO EN CASA","NO","NO","REDES SOCIALES","SI","No"
"OCAÑA","TRABAJADOR INDEPENDIENTE","CONTADOR","SI","LOS ENTREGA A LA EMPRESA DEL ASEO","NO","SI","REDES SOCIALES","NO","Sí"
"CÚCUTA","PRIVADA","ATALAYA 1 SECURITY GROUP LTDA","SI","LOS DEJO EN CASA","NO","NO","NO SABIA QUE EXISTE","SI","No"
"SANTIAGO","PÚBLICA","INSTITUCIÓN EDUCATIVA SANTIAGO APÓSTOL","SI","LOS VENDE A UNA EMPRESA RECICLADORA, LOS REGALA A UN FAMILIAR, AMIGO O VECINO","SI","NO","NO SABIA QUE EXISTE","SI","Sí"
"OCAÑA","PÚBLICA","GOBERNACIÓN DEL NS","NO","LOS DEJO EN CASA","SI","SI","REDES SOCIALES","SI","Sí"
"CÚCUTA","DESEMPLEADO","NO TENGO TRABAJO","NO","LOS DEJO EN CASA","NO","NO","INFORMACION DIRECTA","SI","No conozco de tecnología"
"CÚCUTA","PÚBLICA","SEM CUCUTA","SI","LOS ENTREGA A LOS PUNTOS DE RECOLECCIÓN AUTORIZADOS (GESTORES DE RECOLECCIÓN DE RESIDUOS POSTCONSUMO)","NO","NO","REDES SOCIALES","NO","Sí"
"CÚCUTA","TRABAJADOR INDEPENDIENTE","COSTRUCCION","SI","LOS ENTREGA A LA EMPRESA DEL ASEO, LOS VENDE A UNA EMPRESA RECICLADORA","SI","NO","REDES SOCIALES, INFORMACIÓN DIRECTA","SI","Sí"
"EL ZULIA","PÚBLICA","I. E. FRANCISCO DE PAULA SANTANDER","NO","LOS DEJO EN CASA","SI","SI","INFORMACIÓN DIRECTA","SI","Sí"
"CUCUTILLA","TRABAJADOR INDEPENDIENTE","INDEPENDIENTE","SI","LOS VENDE A UNA EMPRESA RECICLADORA, LOS REGALA A UN FAMILIAR, AMIGO O VECINO","NO","NO","REDES SOCIALES","SI","Sí"
"CÚCUTA","TRABAJADOR INDEPENDIENTE","NO TENGO TRABAJO","SI","LOS REGALA A UN FAMILIAR, AMIGO O VECINO, LOS ENTREGA A LOS PUNTOS DE RECOLECCIÓN AUTORIZADOS (GESTORES DE RECOLECCIÓN DE RESIDUOS POSTCONSUMO)","NO","NO","REDES SOCIALES","SI","No"
"CÚCUTA","TRABAJADOR INDEPENDIENTE","DOMICILIARIO","SI","LOS ENTREGA A LA EMPRESA DEL ASEO, LOS VENDE A UNA EMPRESA RECICLADORA","SI","NO","REDES SOCIALES, INFORMACIÓN DIRECTA","SI","Sí"
"CÚCUTA","TRABAJADOR INDEPENDIENTE","TERMINAL DE TRANSPORTE","SI","LOS ENTREGA A LA EMPRESA DEL ASEO","NO","NO","INFORMACIÓN DIRECTA","NO","Sí"
"CÚCUTA","PÚBLICA","I.E PRESBITERO DANIEL JORDAN","NO","LOS DEJO EN CASA","SI","NO","CORREO ELECTRÓNICO","SI","Sí"
"LOS PATIOS","TRABAJADOR INDEPENDIENTE","TRABAJADOR INDEPENDIENTE","SI","LOS ENTREGA A LOS PUNTOS DE RECOLECCIÓN AUTORIZADOS (GESTORES DE RECOLECCIÓN DE RESIDUOS POSTCONSUMO)","SI","SI","INFORMACIÓN DIRECTA","SI","Sí"
"CÚCUTA","TRABAJADOR INDEPENDIENTE","ARTE MUSICAL","SI","LOS ENTREGA A LA EMPRESA DEL ASEO","NO",,"INFORMACIÓN DIRECTA","NO","No"
"CÚCUTA","PÚBLICA","SECRETARIA DE EDUCACION MUNICIPAL","NO","LOS DEJO EN CASA","SI","NO","REDES SOCIALES","SI","Sí"
"CÚCUTA","PRIVADA","ZONA FRANCA DE CÚCUTA","SI","LOS REGALA A UN FAMILIAR, AMIGO O VECINO","NO","NO","INFORMACIÓN DIRECTA","SI","No, Porque los ciudadanos del norte de Santander no tienen acceso ni a un teléfono móvil con datos"
"CÁCHIRA","TRABAJADOR INDEPENDIENTE","CONSTRUCCIÓN","SI","LOS ENTREGA A LOS PUNTOS DE RECOLECCIÓN AUTORIZADOS (GESTORES DE RECOLECCIÓN DE RESIDUOS POSTCONSUMO)","SI","SI","REDES SOCIALES","SI","Sí"
"PAMPLONA","PENSIONADO","CASA","SI","LOS ENTREGA A LOS PUNTOS DE RECOLECCIÓN AUTORIZADOS (GESTORES DE RECOLECCIÓN DE RESIDUOS POSTCONSUMO)","SI","NO","REDES SOCIALES","NO","No"
"CÚCUTA","TRABAJADOR INDEPENDIENTE","CONSULTORIO DE PSICOLÓGICO PARTICULAR O PRIVADO","SI","LOS DEJO EN CASA","NO","NO","REDES SOCIALES","SI","No"
"OCAÑA","PÚBLICA","SEDP","SI","LOS ENTREGA A LA EMPRESA DEL ASEO, LOS ENTREGA A LOS PUNTOS DE RECOLECCIÓN AUTORIZADOS (GESTORES DE RECOLECCIÓN DE RESIDUOS POSTCONSUMO)","SI","NO","REDES SOCIALES, INFORMACIÓN DIRECTA","SI","Sí"
"CÚCUTA","PRIVADA","REVAL","NO","LOS DEJO EN CASA","NO","NO","REDES SOCIALES","SI","Sí"
"CÚCUTA","DESEMPLEADO","SENA","NO","LOS VENDE A UNA EMPRESA RECICLADORA, LOS REGALA A UN FAMILIAR, AMIGO O VECINO","NO","NO","NO SABIA QUE EXISTE","NO","Sí"
"CÚCUTA","PRIVADA","CHAKAR","NO","LOS REGALA A UN FAMILIAR, AMIGO O VECINO","NO","NO","PUBLICACIÓN EN SEDE  ELECTRÓNICA","NO","Sí"
"CÚCUTA","PÚBLICA","COLMARJ","SI","LOS ENTREGA A LOS PUNTOS DE RECOLECCIÓN AUTORIZADOS (GESTORES DE RECOLECCIÓN DE RESIDUOS POSTCONSUMO)","NO","NO","REDES SOCIALES","SI","Sí"
"CÚCUTA","PÚBLICA","SEM CUCUTA","NO","LOS DEJO EN CASA","NO","NO","INFORMACIÓN DIRECTA","SI","Sí"
"CÚCUTA","AMA DE CASA","AMA DE CASA","NO","LOS DEJO EN CASA","NO","NO","REDES SOCIALES","NO","Sí"
"CÚCUTA","TRABAJADOR INDEPENDIENTE","COMERCIANTE","NO","LOS VENDE A UNA EMPRESA RECICLADORA, LOS REGALA A UN FAMILIAR, AMIGO O VECINO","NO","SI","REDES SOCIALES","SI","Sí"
"CÚCUTA","TRABAJADOR INDEPENDIENTE","CHAKAR","NO","LOS DEJO EN CASA","SI","NO","INFORMACIÓN DIRECTA","SI","Sí"
"CÚCUTA","PÚBLICA","COLEGIO MANUEL ANTONIO RUEDA'JARA","SI","LOS ENTREGA A LA EMPRESA DEL ASEO","SI","SI","PUBLICACIÓN EN SEDE  ELECTRÓNICA","SI","Sí"
"OCAÑA","PÚBLICA","COLEGIO LA SALLE","SI","LOS VENDE A UNA EMPRESA RECICLADORA, LOS REGALA A UN FAMILIAR, AMIGO O VECINO","SI","SI","POR LA INSTITUCIÓN EDUCATIVA","SI","Sí"
"OCAÑA","PÚBLICA","ASOMUNICIPIOS","NO","LOS DEJO EN CASA","SI","SI","REDES SOCIALES","SI","Sí"
"CÚCUTA","PÚBLICA","ALCALDIA CÚCUTA","SI","LOS ENTREGA A LA EMPRESA DEL ASEO","NO","NO","REDES SOCIALES","SI","Sí"
"CÚCUTA","PÚBLICA","COLEGIO PRESBÍTERO DANIEL JORDAN","SI","LOS ENTREGA A LOS PUNTOS DE RECOLECCIÓN AUTORIZADOS (GESTORES DE RECOLECCIÓN DE RESIDUOS POSTCONSUMO)","SI","NO","CORREO ELECTRÓNICO","SI","Sí"
"LA PLAYA DE BELÉN","PÚBLICA","CENTRO EDUCATIVO RURAL SAN PEDRO","SI","LOS REGALA A UN FAMILIAR, AMIGO O VECINO","NO","NO","CORREO ELECTRÓNICO","SI","No conozco de tecnología"
"CUCUTILLA","TRABAJADOR INDEPENDIENTE","INDEPENDIENTE","NO","LOS DEJO EN CASA","SI","NO","INFORMACIÓN DIRECTA","SI","Sí"
"CÚCUTA","TRABAJADOR INDEPENDIENTE","HADASSA NAILS","NO","LOS DEJO EN CASA","NO","NO","INFORMACIÓN DIRECTA","NO","Sí"
"CÚCUTA","PÚBLICA","GOBERNACIÓN","SI","LOS ENTREGA A LA EMPRESA DEL ASEO","SI","SI","REDES SOCIALES","SI","Sí"
"PAMPLONA","PÚBLICA","GOBERNACIÓN","SI","LOS REGALA A UN FAMILIAR, AMIGO O VECINO","NO","NO","REDES SOCIALES","SI","Sí"
"CÚCUTA","PÚBLICA","GOBERNACIÓN","NO","LOS DEJO EN CASA","NO","NO","REDES SOCIALES","SI","Sí"
"CONVENCIÓN","PÚBLICA","I. E. PEDRO CARREÑO LEMUS","NO","LOS DEJO EN CASA","SI","NO","CORREO ELECTRÓNICO","SI","Sí"
"CÚCUTA","PRIVADA","TRABAJO EN CASA DE FAMILIA","NO","LOS DEJO EN CASA","SI","NO","REDES SOCIALES","SI","Sí"
"CÚCUTA","AMA DE CASA","RN","NO","LOS DEJO EN CASA","SI","NO","INFORMACIÓN DIRECTA","SI","Sí"
"CÚCUTA","PÚBLICA","COLEGIO PRESBÍTERO DANIEL JORDÁN","NO","LOS DEJO EN CASA","NO","NO","CORREO ELECTRÓNICO","NO","Sí"
"OCAÑA","PÚBLICA","ALCALDÍA MUNICIPAL DE OCAÑA","SI","LOS ENTREGA A LOS PUNTOS DE RECOLECCIÓN AUTORIZADOS (GESTORES DE RECOLECCIÓN DE RESIDUOS POSTCONSUMO)","SI","SI","REDES SOCIALES","SI","Sí"
"CÚCUTA","DESEMPLEADO","NO TENGO TRABAJO","NO","LOS DEJO EN CASA","SI","SI","REDES SOCIALES","SI","Sí"
"VILLA CARO","PÚBLICA","MAGISTERIO","SI","VOTO A LA BASURA","NO","NO","REDES SOCIALES","NO","Sí"
"CUCUTILLA","TRABAJADOR INDEPENDIENTE","NO TENGO TRABAJO","NO","LOS ENTREGA A LA EMPRESA DEL ASEO","NO","NO","REDES SOCIALES","NO","Sí"
"CÚCUTA","AMA DE CASA","CASA","NO","LOS DEJO EN CASA","NO","NO","REDES SOCIALES","NO","No conozco de tecnología"
"CÚCUTA","PÚBLICA","GOBERNACIÓN NORTE DE SANTANDER","NO","LOS DEJO EN CASA","SI","SI","INFORMACIÓN DIRECTA","SI","Sí"
"CÚCUTA","TRABAJADOR INDEPENDIENTE","AMA DE CASA","NO","LOS DEJO EN CASA","NO","NO","INFORMACIÓN DIRECTA","NO","Sí"
"EL ZULIA","PÚBLICA","IE. FRANCISCO DE PAULA SANTANDER","NO","LOS DEJO EN CASA","SI","SI","INFORMACIÓN DIRECTA","NO","No"
"EL ZULIA","PÚBLICA","SECRETARIA DE EDUCACION DEPARTAMENTAL","SI","LOS ENTREGA A LOS PUNTOS DE RECOLECCIÓN AUTORIZADOS (GESTORES DE RECOLECCIÓN DE RESIDUOS POSTCONSUMO)","SI","SI","REDES SOCIALES, RADIO, CORREO ELECTRÓNICO","SI","Sí"
"EL ZULIA","PÚBLICA","I. E FRANCISCO DE PAULA SANTANDER","NO","LOS DEJO EN CASA","SI","SI","CORREO ELECTRÓNICO","SI","Sí"
"EL ZULIA","PÚBLICA","I.E.FRANCISCO PAULA SANTANDER","NO","LOS DEJO EN CASA","SI","SI","CORREO ELECTRÓNICO","SI","Sí"
"EL ZULIA","PÚBLICA","SECRETARÍA DE EDUCACIÓN DEPARTAMENTAL","SI","LOS ENTREGA A LOS PUNTOS DE RECOLECCIÓN AUTORIZADOS (GESTORES DE RECOLECCIÓN DE RESIDUOS POSTCONSUMO)","NO","NO","REDES SOCIALES","SI","Sí"
"CÚCUTA","AMA DE CASA","AMA DE CASA","NO","LOS DEJO EN CASA","NO","NO","INFORMACIÓN DIRECTA","NO","Sí"
"HERRÁN","PÚBLICA","SECRETARIA DE EDUCACIÓN DEPARTAMENTAL","NO","LOS DEJO EN CASA","NO","NO","PUBLICACIÓN EN SEDE  ELECTRÓNICA","SI","Sí"
"SALAZAR DE LAS PALMAS","PÚBLICA","INSTITUTO TÉCNICO AGRÍCOLA","NO","LOS DEJO EN CASA","NO","SI","REDES SOCIALES","SI","Sí"
"HERRÁN","PÚBLICA","SECRETARIA EDUCACIÓN NORTE DE SANTA","SI","LOS ENTREGA A LA EMPRESA DEL ASEO","SI","NO","REDES SOCIALES","NO","Sí"
"HERRÁN","PÚBLICA","I. E. COLEGIO PERPETUO SOCORRO","NO","LOS DEJO EN CASA","SI","NO","REDES SOCIALES","SI","Sí"
"EL ZULIA","PÚBLICA","I.E FRANCISCO DE PAULA SANTANDER","NO","LOS DEJO EN CASA","NO","SI","CORREO ELECTRÓNICO","SI","Sí"
"EL ZULIA","PÚBLICA","I.E.FRANCISCO DE PAULA SANTANDER","NO","LOS DEJO EN CASA","NO","SI","CORREO ELECTRÓNICO","SI","Sí"
"SAN CAYETANO","PÚBLICA","COLTEGUC SAN CAYETANO","SI","LOS ENTREGA A LOS PUNTOS DE RECOLECCIÓN AUTORIZADOS (GESTORES DE RECOLECCIÓN DE RESIDUOS POSTCONSUMO)","SI","SI","INFORMACIÓN DIRECTA, TELEVISIÓN","SI","Sí, No me interesa el tema"
"HERRÁN","PÚBLICA","COLEGIO PERPETUA SOCORRO","NO","LOS DEJO EN CASA","SI","NO","REDES SOCIALES","SI","Sí"
"EL ZULIA","PÚBLICA","I. E FRANCISCO DE PAULA SANTANDER","NO","LOS DEJO EN CASA","NO","SI","CORREO ELECTRÓNICO","SI","Sí"
"HERRÁN","PÚBLICA","IE COLEGIO PERPETUO SOCORRO","SI","LOS DEJO EN CASA","SI","NO","REDES SOCIALES","SI","Sí"
"CÚCUTA","PRIVADA","SAC","SI","LOS REGALA A UN FAMILIAR, AMIGO O VECINO","NO","NO","REDES SOCIALES","NO","Sí"
"CÚCUTA","TRABAJADOR INDEPENDIENTE","DALIANTO STILE","SI","LOS DEJO EN CASA","SI","NO","REDES SOCIALES","SI","Sí"
"EL ZULIA","PÚBLICA","COLEGIO FRANCISCO DE PAULA SANTANDER","SI","LOS ENTREGA A LOS PUNTOS DE RECOLECCIÓN AUTORIZADOS (GESTORES DE RECOLECCIÓN DE RESIDUOS POSTCONSUMO)","NO","NO","REDES SOCIALES","SI","No conozco de tecnología"
"CÚCUTA","PÚBLICA","SENA","SI","VOTO A LA BASURA","NO","NO","REDES SOCIALES","SI","Sí"
"CUCUTILLA","DESEMPLEADO","NO TENGO TRABAJO","SI","LOS ENTREGA A LA EMPRESA DEL ASEO","NO","NO","INFORMACION DIRECTA","NO","Sí"
"CÚCUTA","TRABAJADOR INDEPENDIENTE","HOGAR","SI","LOS VENDE A UNA EMPRESA RECICLADORA, LOS REGALA A UN FAMILIAR, AMIGO O VECINO","NO","NO","REDES SOCIALES","SI","Sí"
"CÚCUTA","DESEMPLEADO","EN CASA","NO","LOS DEJO EN CASA","NO","NO","INFORMACIÓN DIRECTA","SI","Sí"
"CÚCUTA","PÚBLICA","CANAL TRO","NO","LOS DEJO EN CASA","NO","NO","REDES SOCIALES","SI","No"
"CÚCUTA","PRIVADA","CDS LA FLORESTA","NO","LOS DEJO EN CASA","SI","SI","REDES SOCIALES","NO","No"
"CÚCUTA","TRABAJADOR INDEPENDIENTE","INDEPENDIENTE","NO","LOS DEJO EN CASA","NO","NO","INFORMACIÓN DIRECTA","NO","Sí"
"CÚCUTA","TRABAJADOR INDEPENDIENTE","FUNDACIÓN VALIENTES DEL FUTURO","NO","LOS DEJO EN CASA","NO","NO","REDES SOCIALES","SI","Sí"
"CÚCUTA","TRABAJADOR INDEPENDIENTE","CASA DE.FAMILIA","NO","LOS DEJO EN CASA","NO","NO","REDES SOCIALES","NO","No conozco de tecnología"
"CÚCUTA","PENSIONADO","COLPENSIONES","NO","LOS DEJO EN CASA","NO",,"TELEVISIÓN","SI","Sí"
"CÚCUTA","TRABAJADOR INDEPENDIENTE","EN UNA PEQUEÑA PAPELERIA EN MI CASA","NO","LOS DEJO EN CASA","NO","NO","INFORMACIÓN DIRECTA","NO","Sí"
"CÚCUTA","PÚBLICA","POLICÍA","SI","LOS ENTREGA A LA EMPRESA DEL ASEO","NO","NO","REDES SOCIALES","NO","No"
"CÚCUTA","TRABAJADOR INDEPENDIENTE","TIENDA YARA","NO","LOS DEJO EN CASA","NO","NO","REDES SOCIALES","SI","No"
"OCAÑA","PÚBLICA","I.E. LA PRESENTACIÓN","SI","LOS ENTREGA A LA EMPRESA DEL ASEO","NO","NO","REDES SOCIALES","SI","Sí"
"CÚCUTA","PÚBLICA","INSTITUTO DEPARTAMENTAL DE SALUD","SI","LOS ENTREGA A LA EMPRESA DEL ASEO","SI","SI","REDES SOCIALES","SI","Sí"
"CÚCUTA","PÚBLICA","SECRETARÍA DE EDUCACIÓN DEPARTAMENTO","SI","LOS ENTREGA A LA EMPRESA DEL ASEO","SI","SI","REDES SOCIALES","SI","Sí"
"CÚCUTA","AMA DE CASA","AMA DE CASA","NO","LOS VENDE A UNA EMPRESA RECICLADORA, LOS REGALA A UN FAMILIAR, AMIGO O VECINO","SI","NO","NO SABIA QUE EXISTE","NO","No"
"CÚCUTA","TRABAJADOR INDEPENDIENTE","AMA DE CASA","NO","LOS DEJO EN CASA","SI","NO","REDES SOCIALES","SI","Sí"
"EL ZULIA","PÚBLICA","ALCALDÍA EL ZULIA","SI","LOS ENTREGA A LOS PUNTOS DE RECOLECCIÓN AUTORIZADOS (GESTORES DE RECOLECCIÓN DE RESIDUOS POSTCONSUMO)","SI","SI","REDES SOCIALES, INFORMACIÓN DIRECTA, CORREO ELECTRÓNICO","SI","Sí, No conozco de tecnología"
"EL ZULIA","PÚBLICA","ALCALDIA MUNICIPIO DE EL ZULIA","SI","LOS ENTREGA A LA EMPRESA DEL ASEO","NO","SI","INFORMACIÓN DIRECTA","SI","Sí"
"EL CARMEN","PÚBLICA","COLEGIO SANTO ANGEL","NO","LOS DEJO EN CASA","SI","NO","INFORMACIÓN DIRECTA","NO","No"
"TOLEDO","TRABAJADOR INDEPENDIENTE","SERVICIO DE CAFETERÍA","NO","LOS DEJO EN CASA","NO","NO","REDES SOCIALES","NO","Sí"
"CÚCUTA","PRIVADA","A&P CONSULTORES SAS","NO","LOS DEJO EN CASA","NO","NO","REDES SOCIALES","SI","Sí"
"OCAÑA","PÚBLICA","I E LA PRESENTACIÓN.","SI","LOS ENTREGA A LOS PUNTOS DE RECOLECCIÓN AUTORIZADOS (GESTORES DE RECOLECCIÓN DE RESIDUOS POSTCONSUMO)","SI","SI","INFORMACIÓN EN NUESTRA SEDE.","SI","Sí"
"CÚCUTA","AMA DE CASA","AMA DE CASA","SI","LOS ENTREGA A LA EMPRESA DEL ASEO","NO","NO","INFORMACIÓN DIRECTA","NO","Sí"
"OCAÑA","PÚBLICA","COLPRESENTACION","NO","LOS DEJO EN CASA","SI","SI","REDES SOCIALES","SI","Sí"
"CÚCUTA","PÚBLICA","INSTITURO DEPARTAMENTALNORTE DE SANTANDER","NO","LOS ENTREGA A LOS PUNTOS DE RECOLECCIÓN AUTORIZADOS (GESTORES DE RECOLECCIÓN DE RESIDUOS POSTCONSUMO)","NO","SI","REDES SOCIALES","NO","Sí"
"CÚCUTA","TRABAJADOR INDEPENDIENTE","VENDEDORA DE CATALOGO","NO","LOS VENDE A UNA EMPRESA RECICLADORA, LOS REGALA A UN FAMILIAR, AMIGO O VECINO","NO","NO","REDES SOCIALES","NO","No conozco de tecnología"
"EL CARMEN","PÚBLICA","ENRIQUE PARDO FARELO","SI","LOS VENDE A UNA EMPRESA RECICLADORA, LOS REGALA A UN FAMILIAR, AMIGO O VECINO","SI","SI","CORREO ELECTRÓNICO","SI","No"
"CÚCUTA","PÚBLICA","I.E JULIO PÉREZ FERRERO","NO","LOS DEJO EN CASA","SI","NO","REDES SOCIALES","SI","Sí"
"CÚCUTA","PÚBLICA","SECRETARIA DE EDUCACIÓN MUNICIPAL","SI","LOS ENTREGA A LA EMPRESA DEL ASEO","NO","NO","INFORMACIÓN DIRECTA","SI","Sí"
"CÚCUTA","TRABAJADOR INDEPENDIENTE","CASA DE FAMILA","NO","LOS DEJO EN CASA","NO","NO","REDES SOCIALES","NO","Sí"
"CÚCUTA","TRABAJADOR INDEPENDIENTE","ORDEX CONSULTORES","NO","LOS DEJO EN CASA","NO","NO","INFORMACIÓN DIRECTA","SI","Sí"
"VILLA DEL ROSARIO","TRABAJADOR INDEPENDIENTE","NO TENGO TRABAJO","SI","LOS VENDE A UNA EMPRESA RECICLADORA, LOS REGALA A UN FAMILIAR, AMIGO O VECINO","NO","NO","INFORMACIÓN DIRECTA","SI","Sí"
"VILLA DEL ROSARIO","TRABAJADOR INDEPENDIENTE","ELIZADESAYUNOS","SI","LOS VENDE A UNA EMPRESA RECICLADORA, LOS REGALA A UN FAMILIAR, AMIGO O VECINO","NO","NO","REDES SOCIALES","SI","Sí"
"CÚCUTA","TRABAJADOR INDEPENDIENTE","INDEPENDIENTE","SI","LOS DEJO EN CASA","NO","NO","INFORMACIÓN DIRECTA","NO","Sí"
"EL ZULIA","PÚBLICA","I.E. FRANCISCO DE PAULA SANTANDER","NO","LOS DEJO EN CASA","SI","SI","INFORMACIÓN DIRECTA","SI","Sí"
"CÚCUTA","PRIVADA","INSTITUTO HUMANISTA INDEP","NO","LOS DEJO EN CASA","NO","NO","INFORMACIÓN DIRECTA","NO","Sí"
"CÚCUTA","AMA DE CASA","AMA DE CASA","NO","LOS ENTREGA A LA EMPRESA DEL ASEO","NO","NO","REDES SOCIALES","SI","Sí"
"VILLA DEL ROSARIO","PÚBLICA","GOBERNACIÓN","SI","LOS ENTREGA A LOS PUNTOS DE RECOLECCIÓN AUTORIZADOS (GESTORES DE RECOLECCIÓN DE RESIDUOS POSTCONSUMO)","SI","SI","INFORMACIÓN DIRECTA","NO","Sí"
"LOS PATIOS","PRIVADA","BARI ENERGY","SI","LOS ENTREGA A LA EMPRESA DEL ASEO","SI","NO","REDES SOCIALES","SI","Sí"
"CÚCUTA","PÚBLICA","SECRETARIA DE EDUCACIÓN DEPARTAMENTAL","NO","LOS DEJO EN CASA","NO","NO","INFORMACIÓN DIRECTA","SI","No conozco de tecnología"
"CÚCUTA","TRABAJADOR INDEPENDIENTE","INDEPENDIENTE","NO","LOS DEJO EN CASA","NO","NO","REDES SOCIALES","NO","Sí"
"CÚCUTA","PÚBLICA","PRESBÍTERO DANIEL JORDAN","NO","LOS DEJO EN CASA","NO","NO","CORREO ELECTRÓNICO","SI","Sí"
"CÚCUTA","TRABAJADOR INDEPENDIENTE","CASA","NO","LOS REGALA A UN FAMILIAR, AMIGO O VECINO","SI","NO","REDES SOCIALES","NO","Sí"
"VILLA DEL ROSARIO","AMA DE CASA","APHCB BARRIO SANTANDER","NO","LOS DEJO EN CASA","NO","NO","REDES SOCIALES","NO","Sí"
"CÚCUTA","TRABAJADOR INDEPENDIENTE","HOGAR","NO","LOS DEJO EN CASA","NO","NO","REDES SOCIALES","NO","Sí"
"CÚCUTA","TRABAJADOR INDEPENDIENTE","CASA","SI","LOS ENTREGA A LA EMPRESA DEL ASEO","NO","NO","INFORMACIÓN DIRECTA","SI","Sí"
"VILLA DEL ROSARIO","AMA DE CASA","MI FAMILIA","NO","LOS DEJO EN CASA","NO","NO","REDES SOCIALES","NO","Sí"
"CÚCUTA","PRIVADA","EXITO","SI","LOS ENTREGA A LA EMPRESA DEL ASEO","NO","NO","INFORMACIÓN DIRECTA","NO","Sí"
"CÚCUTA","PÚBLICA","INDENORTE","SI","LOS REGALA A UN FAMILIAR, AMIGO O VECINO","NO","NO","REDES SOCIALES","SI","Sí"
"CÚCUTA","PÚBLICA","INSTITUCIÓN EDUCATIVA PRESBÍTERO DANIEL JORDÁN","NO","LOS DEJO EN CASA","SI","NO","CORREO ELECTRÓNICO","SI","Sí"
"CÚCUTA","TRABAJADOR INDEPENDIENTE","CIBER INTERNET","SI","LOS VENDE A UNA EMPRESA RECICLADORA, LOS REGALA A UN FAMILIAR, AMIGO O VECINO","NO","NO","REDES SOCIALES","SI","Sí"
"CÚCUTA","PÚBLICA","POLICIA NACIONAL","NO","LOS DEJO EN CASA","SI","NO","INFORMACIÓN DIRECTA","SI","Sí"
"CÚCUTA","TRABAJADOR INDEPENDIENTE","NAYA SHÓES CUCUTA","NO","LOS DEJO EN CASA","NO","NO","REDES SOCIALES","SI","Sí"
"LOS PATIOS","TRABAJADOR INDEPENDIENTE","LUNPINK","NO","LOS DEJO EN CASA","NO","NO","REDES SOCIALES","NO","Sí"
"CÚCUTA","PÚBLICA","COL CLUB DE LEONES","NO","LOS DEJO EN CASA","SI","NO","INFORMACIÓN DIRECTA","SI","Sí"
"CÚCUTA","PRIVADA","FERSAUTOS","NO","LOS DEJO EN CASA","SI","NO","INFORMACION DIRECTA","NO","No"
"CÚCUTA","DESEMPLEADO","NO TENGO TRABAJO","SI","LOS REGALA A UN FAMILIAR, AMIGO O VECINO","NO","NO","REDES SOCIALES","SI","Sí"
"EL ZULIA","TRABAJADOR INDEPENDIENTE","INÉS BOTIQUE","SI","LOS ENTREGA A LA EMPRESA DEL ASEO","NO","NO","REDES SOCIALES","SI","Sí"
"CÚCUTA","TRABAJADOR INDEPENDIENTE","INDEPENDIENTE","NO","LOS REGALA A UN FAMILIAR, AMIGO O VECINO","NO","NO","INFORMACIÓN DIRECTA","SI","No me interesa el tema"
"CÚCUTA","PÚBLICA","SECRETARIA DE ED. MUNICIPAL","NO","LOS VENDE A UNA EMPRESA RECICLADORA, LOS REGALA A UN FAMILIAR, AMIGO O VECINO","NO","NO","REDES SOCIALES, CORREO ELECTRÓNICO","SI","Sí"
"CÚCUTA","DESEMPLEADO","NO TENGO TRABAJO","NO","LOS VENDE A UNA EMPRESA RECICLADORA, LOS REGALA A UN FAMILIAR, AMIGO O VECINO","NO","NO","REDES SOCIALES","SI","Sí"
"CÚCUTA","PÚBLICA","SECRETARIA DE EDUCACION MUNICIPAL","NO","LOS VENDE A UNA EMPRESA RECICLADORA, LOS REGALA A UN FAMILIAR, AMIGO O VECINO","NO","NO","NO SABIA QUE EXISTE","SI","No"
"ABREGO","PÚBLICA","CER BAJO PAVES","NO","LOS DEJO EN CASA","SI","NO","CORREO ELECTRÓNICO","NO","Sí"
"CÚCUTA","TRABAJADOR INDEPENDIENTE","PIJAMA ELY","NO","LOS DEJO EN CASA","SI","NO","REDES SOCIALES","NO","No"
"CÚCUTA","PRIVADA","HENERGO","SI","LOS VENDE A UNA EMPRESA RECICLADORA, LOS REGALA A UN FAMILIAR, AMIGO O VECINO","NO","NO","INFORMACIÓN DIRECTA","SI","Sí"
"CÚCUTA","TRABAJADOR INDEPENDIENTE","KLEIBER PUBLICIDAD","NO","LOS VENDE A UNA EMPRESA RECICLADORA, LOS REGALA A UN FAMILIAR, AMIGO O VECINO","NO","NO","INFORMACIÓN DIRECTA","SI","No me interesa el tema"
"ABREGO","PÚBLICA","SECRETARIA DE EDUCACIÓN","SI","LOS VENDE A UNA EMPRESA RECICLADORA, LOS REGALA A UN FAMILIAR, AMIGO O VECINO","SI","NO","CORREO ELECTRÓNICO","NO","No"
"CÚCUTA","PÚBLICA","EUSTORGIO COLMENARES","SI","LOS ENTREGA A LOS PUNTOS DE RECOLECCIÓN AUTORIZADOS (GESTORES DE RECOLECCIÓN DE RESIDUOS POSTCONSUMO)","SI","NO","REDES SOCIALES","SI","Sí"
"VILLA DEL ROSARIO","TRABAJADOR INDEPENDIENTE","EN CASA DE FAMILIA","SI","LOS REGALA A UN FAMILIAR, AMIGO O VECINO","NO","NO","REDES SOCIALES","SI","Sí"
"LOS PATIOS","AMA DE CASA","HOGAR","SI","LOS DEJO EN CASA","NO","NO","REDES SOCIALES","SI","No"
"ABREGO","PÚBLICA","CER BAJO PAVEZ","SI","REPOSAN EN LA INSTITUCIÓN","SI","NO","INFORMACION DIRECTA","NO","Sí"
"CÚCUTA","TRABAJADOR INDEPENDIENTE","VENTAS INDEPENDIENTES","SI","LOS ENTREGA A LA EMPRESA DEL ASEO","NO","NO","REDES SOCIALES","SI","Sí"
"CÚCUTA","TRABAJADOR INDEPENDIENTE","SALÓN DE BELLEZA EVELYN","NO","LOS VENDE A UNA EMPRESA RECICLADORA, LOS REGALA A UN FAMILIAR, AMIGO O VECINO","NO","NO","REDES SOCIALES","SI","Sí"
"CÚCUTA","PRIVADA","MEDIMAS EPS","SI","LOS REGALA A UN FAMILIAR, AMIGO O VECINO","NO","NO","REDES SOCIALES","NO","Sí"
"ABREGO","PÚBLICA","CER BAJO PAVEZ","NO","LOS DEJO EN CASA","SI","NO","REDES SOCIALES","SI","Sí"
"ABREGO","PÚBLICA","CER BAJO PAVEZ","NO","LOS DEJO EN CASA","SI","NO","REDES SOCIALES","SI","Sí"
"CÚCUTA","PÚBLICA","GOBERNACION NORTE DE SANTANDER","SI","LOS ENTREGA A LOS PUNTOS DE RECOLECCIÓN AUTORIZADOS (GESTORES DE RECOLECCIÓN DE RESIDUOS POSTCONSUMO)","SI","SI","REDES SOCIALES","NO","Sí"
"OCAÑA","PÚBLICA","COLECTURIA DE RENTAS","SI","LOS REGALA A UN FAMILIAR, AMIGO O VECINO, LOS ENTREGA A LOS PUNTOS DE RECOLECCIÓN AUTORIZADOS (GESTORES DE RECOLECCIÓN DE RESIDUOS POSTCONSUMO)","SI","SI","REDES SOCIALES, INFORMACIÓN DIRECTA, CORREO ELECTRÓNICO","SI","Sí"
"CÚCUTA","PÚBLICA","GOBERNACION NORTE DE SANTANDER","SI","LOS ENTREGA A LOS PUNTOS DE RECOLECCIÓN AUTORIZADOS (GESTORES DE RECOLECCIÓN DE RESIDUOS POSTCONSUMO)","NO","NO","INFORMACIÓN DIRECTA","SI","Sí"
"CÚCUTA","DESEMPLEADO","NO TENGO TRABAJO","SI","LOS DEJO EN CASA","NO","NO","INFORMACION DIRECTA","SI","Sí"
"CÚCUTA","PRIVADA","BONN GUSTO","SI","LOS ENTREGA A LOS PUNTOS DE RECOLECCIÓN AUTORIZADOS (GESTORES DE RECOLECCIÓN DE RESIDUOS POSTCONSUMO)","SI","SI","INFORMACIÓN DIRECTA","NO","Sí"
"GRAMALOTE","PÚBLICA","MINISTERIO TIC","NO","LOS DEJO EN CASA","SI","NO","REDES SOCIALES","NO","Sí"
"CÚCUTA","PRIVADA","CAMARA DE COMERCIO","SI","LOS ENTREGA A LOS PUNTOS DE RECOLECCIÓN AUTORIZADOS (GESTORES DE RECOLECCIÓN DE RESIDUOS POSTCONSUMO)","SI","SI","REDES SOCIALES, INFORMACIÓN DIRECTA","SI","Sí"
"CÚCUTA","PÚBLICA","CORPONIR","NO","LOS DEJO EN CASA","NO","NO","INFORMACIÓN DIRECTA","SI","Sí"
"ABREGO","PÚBLICA","CER BAJO PAVEZ","NO","LOS DEJO EN CASA","SI","NO","POR LA DOCTORA DEL CENTRO","NO","Sí"
"LABATECA","PÚBLICA","ALCALDIA DE LABATECA","SI","LOS ENTREGA A LOS PUNTOS DE RECOLECCIÓN AUTORIZADOS (GESTORES DE RECOLECCIÓN DE RESIDUOS POSTCONSUMO)","SI","SI","REDES SOCIALES, INFORMACIÓN DIRECTA, CORREO ELECTRÓNICO","SI","Sí"
"ABREGO","PÚBLICA","C.E.R BAJO PAVEZ","NO","LOS DEJO EN CASA","SI","NO","REDES SOCIALES","NO","No"
"CÚCUTA","PÚBLICA","GOBERNACIÓN DE NORTE DE SANTANDER","NO","LOS REGALA A UN FAMILIAR, AMIGO O VECINO","NO","SI","INFORMACIÓN DIRECTA","SI","Sí"
"LABATECA","PÚBLICA","ALCALDÍA MUNICIPAL LABATECA","NO","LOS DEJO EN CASA","SI","NO","REDES SOCIALES","SI","Sí"
"LABATECA","PÚBLICA","ALCALDIA DE LABATECA","NO","LOS DEJO EN CASA","SI","NO","INFORMACIÓN DIRECTA","SI","Sí"
"LABATECA","PÚBLICA","ALCALDIA MUNICIPAL DE LABATECA","NO","LOS DEJO EN CASA","NO","NO","REDES SOCIALES","SI","Sí"
"LABATECA","PÚBLICA","ALCALDÍA MUNICIPAL LABATECA","NO","LOS DEJO EN CASA","NO","NO","REDES SOCIALES","SI","Sí"
"LABATECA","PÚBLICA","ALCALDIA MUNICIPAL","NO","LOS DEJO EN CASA","SI","NO","REDES SOCIALES","SI","No"
"CÚCUTA","PÚBLICA","SECRETARIA DE TRÁNSITO DEPARTAMENTAL","SI","LOS ENTREGA A LOS PUNTOS DE RECOLECCIÓN AUTORIZADOS (GESTORES DE RECOLECCIÓN DE RESIDUOS POSTCONSUMO)","SI","SI","INFORMACIÓN DIRECTA","SI","Sí"
"LABATECA","PÚBLICA","ALCALDİA LABATECA","SI","LOS VENDE A UNA EMPRESA RECICLADORA, LOS REGALA A UN FAMILIAR, AMIGO O VECINO","NO","NO","REDES SOCIALES","NO","Sí"
"LABATECA","PÚBLICA","ALCALDIA MUNICIPAL","NO","LOS DEJO EN CASA","SI","NO","INFORMACIÓN DIRECTA","SI","No"
"LABATECA","PÚBLICA","ALCALDIA DE LABATECA","NO","LOS VENDE A UNA EMPRESA RECICLADORA, LOS REGALA A UN FAMILIAR, AMIGO O VECINO","SI","SI","REDES SOCIALES","SI","Sí"
"CÚCUTA","PÚBLICA","EDUCACION","NO","LOS DEJO EN CASA","SI","SI","INFORMACIÓN DIRECTA","SI","Sí"
"LABATECA","PÚBLICA","ALCALDIA LABATECA","SI","LOS ENTREGA A LA EMPRESA DEL ASEO","NO","NO","REDES SOCIALES","SI","No"
"LABATECA","PÚBLICA","ALCALDÍA LABATECA","NO","LOS DEJO EN CASA","SI","NO","REDES SOCIALES","SI","No conozco de tecnología"
"LABATECA","PÚBLICA","ALCALDIA DE LABATECA","NO","LOS DEJO EN CASA","NO","NO","REDES SOCIALES","SI","Sí"
"CÚCUTA","TRABAJADOR INDEPENDIENTE","INDEPENDIENTE","NO","LOS DEJO EN CASA","NO","NO","REDES SOCIALES","SI","Sí"
"CÚCUTA","PRIVADA","LOGÍSTICA Y CONTROL EN MINERIA SAS","SI","LOS ENTREGA A LA EMPRESA DEL ASEO, LOS VENDE A UNA EMPRESA RECICLADORA","NO","NO","REDES SOCIALES","SI","Sí"
"VILLA DEL ROSARIO","PRIVADA","COLBEE LADRILLERA SAS","NO","LOS DEJO EN CASA","NO","NO","REDES SOCIALES","SI","Sí"
"CÚCUTA","TRABAJADOR INDEPENDIENTE","EC ASESORIA JURIDICA SAS","SI","LOS ENTREGA A LOS PUNTOS DE RECOLECCIÓN AUTORIZADOS (GESTORES DE RECOLECCIÓN DE RESIDUOS POSTCONSUMO)","SI","NO","INFORMACIÓN DIRECTA","SI","Sí"
"LABATECA","PÚBLICA","ALCALDÍA DE LABATECA","SI","LOS VENDE A UNA EMPRESA RECICLADORA, LOS REGALA A UN FAMILIAR, AMIGO O VECINO","SI","NO","REDES SOCIALES","SI","Sí"
"CÚCUTA","TRABAJADOR INDEPENDIENTE","ESIKA NOVAVENTA","NO","LOS REGALA A UN FAMILIAR, AMIGO O VECINO","SI","NO","RADIO","SI","Sí"
"CONVENCIÓN","PÚBLICA","SECRETARIA DE EDUCACIÓN NORTE DE SANTANDER","SI","LOS REGALA A UN FAMILIAR, AMIGO O VECINO","SI","NO","REDES SOCIALES","SI","Sí"
"CÚCUTA","TRABAJADOR INDEPENDIENTE","INDEPENDIENTE","SI","LOS REGALA A UN FAMILIAR, AMIGO O VECINO","SI","NO","INFORMACIÓN DIRECTA","SI","Sí"
"CÚCUTA","PÚBLICA","SEM","NO","LOS DEJO EN CASA","SI","SI","INFORMACIÓN DIRECTA","SI","Sí"
"CÚCUTA","PÚBLICA","COLEGIO EUSTORGIO COLMENARES BABPTISTA","SI","LOS ENTREGA A LA EMPRESA DEL ASEO","NO","NO","CORREO ELECTRÓNICO","SI","Sí"
"EL ZULIA","PÚBLICA","COLEGIO FRANCISCO DE PAULA SANTANDER","NO","LOS DEJO EN CASA","SI","NO","REDES SOCIALES","SI","Sí"
"LABATECA","PÚBLICA","ALCALDÍA LABATECA","NO","LOS DEJO EN CASA","NO","SI","INFORMACIÓN DIRECTA","SI","Sí"
"LABATECA","PÚBLICA","ALCALDÍA LABATECA","SI","LOS VENDE A UNA EMPRESA RECICLADORA, LOS REGALA A UN FAMILIAR, AMIGO O VECINO","SI","NO","REDES SOCIALES","NO","No conozco de tecnología"
"CÚCUTA","TRABAJADOR INDEPENDIENTE","COSTURA","SI","LOS ENTREGA A LA EMPRESA DEL ASEO","NO","NO","INFORMACIÓN DIRECTA","SI","No conozco de tecnología"
"LABATECA","PÚBLICA","ALCALDIA","SI","LOS REGALA A UN FAMILIAR, AMIGO O VECINO","NO","NO","REDES SOCIALES","SI","Sí"
"LOS PATIOS","AMA DE CASA","HOGAR","SI","LOS REGALA A UN FAMILIAR, AMIGO O VECINO","NO","NO","NO SABIA QUE EXISTE","SI","Sí"
"LABATECA","PÚBLICA","ALCALDIA MUNICIPAL,SALUD PUBLICA. AUX. DE APOYO EN PARTICIPACION SOCIAL EN SALUD","NO","LOS DEJO EN CASA","NO","NO","REDES SOCIALES, INFORMACIÓN DIRECTA","NO","Sí"
"LABATECA","PÚBLICA","ALCALDIA MUNICIPAL","NO","LOS DEJO EN CASA","NO","NO","REDES SOCIALES","NO","Sí"
"SALAZAR DE LAS PALMAS","PÚBLICA","INSTITUTO AGRÍCOLA DE SALAZAR","NO","LOS DEJO EN CASA","NO","NO","INFORMACIÓN DIRECTA","NO","No"
"SARDINATA","PRIVADA","TEXCO COMERCIAL","SI","LOS REGALA A UN FAMILIAR, AMIGO O VECINO","NO","NO","REDES SOCIALES, INFORMACIÓN DIRECTA","SI","Sí"
"CÚCUTA","PRIVADA","ORTODONCIA","NO","LOS DEJO EN CASA","NO","NO","TELEVISIÓN","NO","Sí"
"LOS PATIOS","TRABAJADOR INDEPENDIENTE","NO TENGO TRABAJO","SI","LOS ENTREGA A LA EMPRESA DEL ASEO","NO","NO","INFORMACIÓN DIRECTA","SI","Sí"
"LOS PATIOS","PRIVADA","CLARO","NO","LOS DEJO EN CASA","SI","NO","INFORMACIÓN DIRECTA","SI","Sí"
"CÚCUTA","PRIVADA","GOBERNACIÓN DE NORTE DE SANTANDER","SI","LOS REGALA A UN FAMILIAR, AMIGO O VECINO","SI","SI","REDES SOCIALES","SI","Sí"
"LOS PATIOS","PRIVADA","COMFAORIENTE","SI","LOS ENTREGA A LOS PUNTOS DE RECOLECCIÓN AUTORIZADOS (GESTORES DE RECOLECCIÓN DE RESIDUOS POSTCONSUMO)","SI","SI","INFORMACIÓN DIRECTA","SI","Sí"
"CÚCUTA","TRABAJADOR INDEPENDIENTE","INDENPENDIENTE","NO","LOS DEJO EN CASA","NO","NO","REDES SOCIALES","NO","Sí"
"CÚCUTA","PRIVADA","OFICINA CONTABLE","SI","LOS ENTREGA A LOS PUNTOS DE RECOLECCIÓN AUTORIZADOS (GESTORES DE RECOLECCIÓN DE RESIDUOS POSTCONSUMO)","SI","NO","REDES SOCIALES","SI","Sí"
"CÚCUTA","PRIVADA","OFICINA CONTABLE","NO","LOS DEJO EN CASA","SI","NO","INFORMACIÓN DIRECTA","SI","Sí"
"VILLA DEL ROSARIO","PRIVADA","LSV TECH SAS","NO","LOS DEJO EN CASA","NO","NO","INFORMACIÓN DIRECTA","SI","Sí"
"TOLEDO","TRABAJADOR INDEPENDIENTE","ASESORIA DE PROYECTOS","SI","LOS VENDE A UNA EMPRESA RECICLADORA, LOS REGALA A UN FAMILIAR, AMIGO O VECINO","NO","NO","REDES SOCIALES","SI","Sí"
"CÚCUTA","TRABAJADOR INDEPENDIENTE","RTI","NO","LOS DEJO EN CASA","NO","NO","POR MEDIO DEL COLEGIO","NO","Sí"
"CÚCUTA","TRABAJADOR INDEPENDIENTE","MARÍA DEL ROSARIO CORONEL CONTADOR","NO","LOS DEJO EN CASA","NO","SI","INFORMACIÓN DIRECTA","NO","Sí"
"CÚCUTA","DESEMPLEADO","UFPS","SI","LOS ENTREGA A LA EMPRESA DEL ASEO","NO","SI","INFORMACIÓN DIRECTA","SI","No"
"CÚCUTA","TRABAJADOR INDEPENDIENTE","PARROQUIA SANTA MÓNICA","NO","LOS VENDE A UNA EMPRESA RECICLADORA, LOS REGALA A UN FAMILIAR, AMIGO O VECINO","SI","NO","INFORMACIÓN DIRECTA","SI","Sí"
"CÚCUTA","TRABAJADOR INDEPENDIENTE","INDEPENDIENTE","NO","LOS DEJO EN CASA","NO","NO","REDES SOCIALES","SI","Sí"
"CÚCUTA","TRABAJADOR INDEPENDIENTE","CASA DE FAMILIA","NO","LOS DEJO EN CASA","SI","NO","INFORMACIÓN DIRECTA","SI","Sí"
"VILLA DEL ROSARIO","TRABAJADOR INDEPENDIENTE","VARIEDADES MI PULGUITA","SI","LOS ENTREGA A LOS PUNTOS DE RECOLECCIÓN AUTORIZADOS (GESTORES DE RECOLECCIÓN DE RESIDUOS POSTCONSUMO)","SI","SI","INFORMACIÓN DIRECTA","SI","Sí"
"CÚCUTA","PÚBLICA","UNIVERSIDAD DE PAMPLONA","SI","LOS ENTREGA A LOS PUNTOS DE RECOLECCIÓN AUTORIZADOS (GESTORES DE RECOLECCIÓN DE RESIDUOS POSTCONSUMO)","SI","NO","REDES SOCIALES","SI","Sí"
"ABREGO","PÚBLICA","CURITOS DE PAVEZ","NO","LOS DEJO EN CASA","SI","NO","REDES SOCIALES","NO","Sí"
"PAMPLONA","PÚBLICA","ESE HOSPITAL SAN JUAN DE DIOS DE PAMPLONA","SI","LOS REGALA A UN FAMILIAR, AMIGO O VECINO","SI","SI","REDES SOCIALES","SI","Sí"
"CÚCUTA","PÚBLICA","GOBERNACIÓN DE NORTE DE SANTANDER","NO","LOS DEJO EN CASA","NO","NO","REDES SOCIALES","SI","Sí"
"LOS PATIOS","TRABAJADOR INDEPENDIENTE","MANTENIMIENTO DE MOTOS","SI","LOS VENDE A UNA EMPRESA RECICLADORA, LOS REGALA A UN FAMILIAR, AMIGO O VECINO","NO","NO","REDES SOCIALES","NO","Sí"
"CÚCUTA","PÚBLICA","INDEPENDIENTE","SI","LOS ENTREGA A LA EMPRESA DEL ASEO","NO","SI","REDES SOCIALES","SI","Sí"
"CÚCUTA","PÚBLICA","SECRETARIA DE EDUCACIÓN DEPARTAMENTAL","SI","LOS VENDE A UNA EMPRESA RECICLADORA, LOS REGALA A UN FAMILIAR, AMIGO O VECINO","SI","SI","REDES SOCIALES","SI","Sí"
"CÚCUTA","TRABAJADOR INDEPENDIENTE","INDEPENDIENTE","NO","LOS DEJO EN CASA","NO","NO","REDES SOCIALES","SI","Sí"
"CÚCUTA","TRABAJADOR INDEPENDIENTE","DESDE LA CASA","SI","LOS ENTREGA A LOS PUNTOS DE RECOLECCIÓN AUTORIZADOS (GESTORES DE RECOLECCIÓN DE RESIDUOS POSTCONSUMO)","SI","NO","REDES SOCIALES","NO","No"
"LA ESPERANZA","PÚBLICA","I.E. CONDE SAN GERMÁN","SI","LOS VENDE A UNA EMPRESA RECICLADORA, LOS REGALA A UN FAMILIAR, AMIGO O VECINO","NO","NO","INFORMACIÓN DIRECTA","NO","Sí"
"CÚCUTA","PÚBLICA","SECRETARIA DE EDUCACIÓN DEL DEPARTAMENTO","SI","LOS ENTREGA A LOS PUNTOS DE RECOLECCIÓN AUTORIZADOS (GESTORES DE RECOLECCIÓN DE RESIDUOS POSTCONSUMO)","SI","SI","REDES SOCIALES","SI","Sí"
"ABREGO","PÚBLICA","C.E.R. BAJO VAPEZ SEDE CANUTILLO","SI","LOS REGALA A UN FAMILIAR, AMIGO O VECINO","SI","NO","REDES SOCIALES","NO","Sí"
"CÚCUTA","PÚBLICA","ALCALDÍA MUNICIPAL","NO","LOS ENTREGA A LA EMPRESA DEL ASEO","SI","NO","REDES SOCIALES","SI","Sí"
"CÚCUTA","TRABAJADOR INDEPENDIENTE","PUNTO FIJO","NO","LOS VENDE A UNA EMPRESA RECICLADORA, LOS REGALA A UN FAMILIAR, AMIGO O VECINO","SI","NO","REDES SOCIALES","SI","No"
"CÚCUTA","PENSIONADO","COLPENSIOES","NO","LOS ENTREGA A LA EMPRESA DEL ASEO","SI","NO","REDES SOCIALES","SI","Sí"
"CÚCUTA","PENSIONADO","COLPENSIONES","NO","LOS ENTREGA A LA EMPRESA DEL ASEO","SI","SI","REDES SOCIALES","SI","Sí"
"CÚCUTA","PÚBLICA","BELA CLEAN","SI","LOS VENDE A UNA EMPRESA RECICLADORA, LOS REGALA A UN FAMILIAR, AMIGO O VECINO","NO","NO","REDES SOCIALES","NO","Sí"
"CÚCUTA","PRIVADA","APUESTAS CUCUTA 75 JJ PITA","NO","LOS DEJO EN CASA","SI","NO","REDES SOCIALES","NO","Sí"
"CHINÁCOTA","AMA DE CASA","EN CASA","SI","LOS ENTREGA A LOS PUNTOS DE RECOLECCIÓN AUTORIZADOS (GESTORES DE RECOLECCIÓN DE RESIDUOS POSTCONSUMO)","NO","NO","NO SABIA QUE EXISTE","SI","Sí"
"CÚCUTA","PRIVADA","CREACIONES LAURA","NO","LOS DEJO EN CASA","NO","NO","REDES SOCIALES","SI","Sí"
"CÚCUTA","AMA DE CASA","HOGAR","NO","LOS ENTREGA A LA EMPRESA DEL ASEO","SI","NO","REDES SOCIALES","SI","Sí"
"CÚCUTA","PÚBLICA","RAMA JUDICIAL","SI","LOS ENTREGA A LOS PUNTOS DE RECOLECCIÓN AUTORIZADOS (GESTORES DE RECOLECCIÓN DE RESIDUOS POSTCONSUMO)","NO","NO","REDES SOCIALES","SI","No"
"CÚCUTA","DESEMPLEADO","UNIVERSIDAD LIBRE","NO","LOS ENTREGA A LA EMPRESA DEL ASEO","SI","NO","REDES SOCIALES","SI","Sí"
"CÚCUTA","DESEMPLEADO","INSTITUTO GATO DUMAS","SI","LOS ENTREGA A LA EMPRESA DEL ASEO","NO","NO","INFORMACIÓN DIRECTA","NO","Sí"
"CÚCUTA","PÚBLICA","UNIVERSIDAD PEDAGÓGICA Y TECNOLÓGICA DE TUNJA","SI","LOS ENTREGA A LA EMPRESA DEL ASEO","NO","NO","INFORMACIÓN DIRECTA","SI","Sí"
"ABREGO","PÚBLICA","VER BAJO PAVEZ","NO","LOS VENDE A UNA EMPRESA RECICLADORA, LOS REGALA A UN FAMILIAR, AMIGO O VECINO","SI","NO","CORREO ELECTRÓNICO","SI","Sí"
"LABATECA","PÚBLICA","ALCALDIA DE LABATECA","NO","LOS DEJO EN CASA","NO","SI","INFORMACIÓN DIRECTA","NO","Sí"
"CÚCUTA","PÚBLICA","GOBERNACIÓN DE NORTE DE SANTANDER","SI","LOS ENTREGA A LOS PUNTOS DE RECOLECCIÓN AUTORIZADOS (GESTORES DE RECOLECCIÓN DE RESIDUOS POSTCONSUMO)","SI","SI","REDES SOCIALES","SI","Sí"
"CÚCUTA","PRIVADA","DISTRIBUCIONES CAFÉ TROPICO","SI","LOS ENTREGA A LA EMPRESA DEL ASEO","SI","NO","REDES SOCIALES","SI","Sí"
"CÚCUTA","PÚBLICA","CORPONOR","SI","LOS ENTREGA A LOS PUNTOS DE RECOLECCIÓN AUTORIZADOS (GESTORES DE RECOLECCIÓN DE RESIDUOS POSTCONSUMO)","SI","SI","REDES SOCIALES, INFORMACIÓN DIRECTA, TELEVISIÓN, CORREO ELECTRÓNICO, VOZ A VOZ Y CAMPAÑAS","SI","Sí"
"CÚCUTA","PRIVADA","UNIVERSIDAD UDES","SI","LOS ENTREGA A LOS PUNTOS DE RECOLECCIÓN AUTORIZADOS (GESTORES DE RECOLECCIÓN DE RESIDUOS POSTCONSUMO)","SI","SI","REDES SOCIALES, INFORMACIÓN DIRECTA, RADIO, TELEVISIÓN","SI","Sí"
"DURANIA","PÚBLICA","CER JUANA BERBESÍ","SI","LOS ENTREGA A LOS PUNTOS DE RECOLECCIÓN AUTORIZADOS (GESTORES DE RECOLECCIÓN DE RESIDUOS POSTCONSUMO)","SI","NO","CORREO ELECTRÓNICO","SI","Sí"
"LOURDES","PÚBLICA","I.E RAIMUNDO ORDOÑEZ YAÑEZ","SI","LOS VENDE A UNA EMPRESA RECICLADORA, LOS REGALA A UN FAMILIAR, AMIGO O VECINO","SI","SI","INFORMACIÓN DIRECTA","SI","Sí"
"SARDINATA","PÚBLICA","CER NUESTRA SEÑORA DEL CARMEN","SI","LOS REGALA A UN FAMILIAR, AMIGO O VECINO","NO","NO","CORREO ELECTRÓNICO","SI","Sí"
"LA PLAYA DE BELÉN","PÚBLICA","ESE HOSPITAL ISABEL CELIS YAÑEZ","SI","LOS VENDE A UNA EMPRESA RECICLADORA, LOS REGALA A UN FAMILIAR, AMIGO O VECINO","NO","NO","INFORMACIÓN DIRECTA","SI","Sí"
"OCAÑA","PÚBLICA","ASUCAP TV SAN JORGE","NO","LOS DEJO EN CASA","NO","NO","CORREO ELECTRÓNICO","NO","No"
"CÚCUTA","PÚBLICA","COLEGIO GREMIOS UNIDOS","SI","LOS ENTREGA A LOS PUNTOS DE RECOLECCIÓN AUTORIZADOS (GESTORES DE RECOLECCIÓN DE RESIDUOS POSTCONSUMO)","NO","NO","REDES SOCIALES","SI","Sí"
"CÚCUTA","PÚBLICA","COLEGIO CRISTO OBRERO","SI","LOS VENDE A UNA EMPRESA RECICLADORA, LOS REGALA A UN FAMILIAR, AMIGO O VECINO","SI","SI","REDES SOCIALES","SI","Sí"
"CÚCUTA","TRABAJADOR INDEPENDIENTE","INDEPENDIENTE.","SI","LOS VENDE A UNA EMPRESA RECICLADORA, LOS REGALA A UN FAMILIAR, AMIGO O VECINO","NO","NO","REDES SOCIALES","SI","Sí"
"TIBÚ","PÚBLICA","IE HORACIO OLAVE VELANDIA","SI","LOS DEJO EN CASA","SI","SI","INFORMACIÓN DIRECTA, CORREO ELECTRÓNICO","NO","Sí"
"CÚCUTA","PÚBLICA","IE EUSTORGIO COLMENARES BAPTISTA","SI","LOS REGALO A PERSONAS QUE RECOGEN CHATARRA","NO","NO","REDES SOCIALES","SI","Sí"
"ABREGO","PÚBLICA","CER BAJO PAVEZ SEDE:PALMIRA","SI","LOS ENTREGA A LOS PUNTOS DE RECOLECCIÓN AUTORIZADOS (GESTORES DE RECOLECCIÓN DE RESIDUOS POSTCONSUMO)","SI","NO","PUBLICACIÓN EN SEDE  ELECTRÓNICA","SI","Sí"
"CÚCUTA","DESEMPLEADO","NO TENGO TRABAJO","SI","LOS ENTREGA A LA EMPRESA DEL ASEO","NO","NO","REDES SOCIALES","NO","Sí"
"CÚCUTA","TRABAJADOR INDEPENDIENTE","INDEPENDIENTE","SI","LOS ENTREGA A LOS PUNTOS DE RECOLECCIÓN AUTORIZADOS (GESTORES DE RECOLECCIÓN DE RESIDUOS POSTCONSUMO)","SI","SI","REDES SOCIALES","SI","Sí"
"VILLA DEL ROSARIO","TRABAJADOR INDEPENDIENTE","COMMUNITY MANAGER CARLOS SOCHA","SI","LOS ENTREGA A LOS PUNTOS DE RECOLECCIÓN AUTORIZADOS (GESTORES DE RECOLECCIÓN DE RESIDUOS POSTCONSUMO)","NO","NO","REDES SOCIALES","SI","Sí"
"CÚCUTA","PÚBLICA","UNIVERSIDAD DE PAMPLONA","SI","LOS ENTREGA A LA EMPRESA DEL ASEO, LOS VENDE A UNA EMPRESA RECICLADORA","SI","NO","REDES SOCIALES","SI","Sí"
"SARDINATA","TRABAJADOR INDEPENDIENTE","FINCA","SI","LOS REGALA A UN FAMILIAR, AMIGO O VECINO","NO","NO","REDES SOCIALES","NO","Sí"
"SARDINATA","PÚBLICA","ECOPETROL","SI","LOS VENDE A UNA EMPRESA RECICLADORA, LOS REGALA A UN FAMILIAR, AMIGO O VECINO","NO","NO","REDES SOCIALES","SI","Sí"
"CÚCUTA","PENSIONADO","PENSIONADA","SI","LOS ENTREGA A LOS PUNTOS DE RECOLECCIÓN AUTORIZADOS (GESTORES DE RECOLECCIÓN DE RESIDUOS POSTCONSUMO)","NO","SI","PUBLICACIÓN EN SEDE  ELECTRÓNICA, AMIGOS","SI","Sí"
"CÚCUTA","PÚBLICA","REGISTRADURIA NACIONAL DEL ESTADO CIVIL","NO","LOS DEJO EN CASA","SI","NO","REDES SOCIALES","SI","Sí"
"CÚCUTA","PÚBLICA","CÁMARA","NO","LOS DEJO EN CASA","NO","NO","REDES SOCIALES","SI","Sí"
"VILLA DEL ROSARIO","PRIVADA","SMB","NO","LOS DEJO EN CASA","NO","NO","REDES SOCIALES","SI","Sí"
"CÚCUTA","PÚBLICA","REGISTRADURIA NACIONAL","SI","LOS ENTREGA A LOS PUNTOS DE RECOLECCIÓN AUTORIZADOS (GESTORES DE RECOLECCIÓN DE RESIDUOS POSTCONSUMO)","NO","NO","REDES SOCIALES","SI","Sí"
"CÚCUTA","TRABAJADOR INDEPENDIENTE","NO TENGO TRABAJO","SI","LOS REGALA A UN FAMILIAR, AMIGO O VECINO","SI","NO","REDES SOCIALES","SI","Sí"
"SARDINATA","TRABAJADOR INDEPENDIENTE","HACENDADO","NO","LOS DEJO EN CASA","NO","NO","REDES SOCIALES","NO","Sí"
"LOS PATIOS","PÚBLICA","UNIVERSIDAD FRANCISCO DE PAULA SANTANDER","SI","LOS ENTREGA A LA EMPRESA DEL ASEO","NO","NO","REDES SOCIALES, INFORMACIÓN DIRECTA","SI","Sí"
"CÚCUTA","TRABAJADOR INDEPENDIENTE","LABORATORIO DE BACTERIOLOGÍA","SI","LOS ENTREGA A LOS PUNTOS DE RECOLECCIÓN AUTORIZADOS (GESTORES DE RECOLECCIÓN DE RESIDUOS POSTCONSUMO)","NO","NO","REDES SOCIALES","SI","Sí"
"CÚCUTA","TRABAJADOR INDEPENDIENTE","INDEPENDIENTE","NO","LOS DEJO EN CASA","SI","NO","REDES SOCIALES","SI","Sí"
"CÚCUTA","TRABAJADOR INDEPENDIENTE","ESAP","NO","LOS DEJO EN CASA","SI","SI","REDES SOCIALES","SI","Sí"
"LOS PATIOS","TRABAJADOR INDEPENDIENTE","FINCA LA GARITA","SI","LOS ENTREGA A LOS PUNTOS DE RECOLECCIÓN AUTORIZADOS (GESTORES DE RECOLECCIÓN DE RESIDUOS POSTCONSUMO)","NO","NO","REDES SOCIALES","SI","Sí"
"VILLA DEL ROSARIO","TRABAJADOR INDEPENDIENTE","INDEPENDIENTE","NO","LOS DEJO EN CASA","SI","NO","REDES SOCIALES","SI","Sí"
"CÚCUTA","TRABAJADOR INDEPENDIENTE","EN EL HOGAR","NO","LOS DEJO EN CASA","SI","SI","REDES SOCIALES","NO","No conozco de tecnología"
"CÚCUTA","PÚBLICA","ICBF","SI","LOS ENTREGA A LOS PUNTOS DE RECOLECCIÓN AUTORIZADOS (GESTORES DE RECOLECCIÓN DE RESIDUOS POSTCONSUMO)","SI","NO","REDES SOCIALES","SI","Sí"
"CÚCUTA","PÚBLICA","IDS","SI","LOS ENTREGA A LOS PUNTOS DE RECOLECCIÓN AUTORIZADOS (GESTORES DE RECOLECCIÓN DE RESIDUOS POSTCONSUMO)","SI","SI","INFORMACIÓN DIRECTA","SI","Sí"
"CÚCUTA","PÚBLICA","UNIVERSIDAD FRANCISCO DE PAULA SANTANDER","SI","LOS REGALA A UN FAMILIAR, AMIGO O VECINO","NO","NO","REDES SOCIALES","SI","Sí"
"CÚCUTA","PÚBLICA","IDS","SI","LOS ENTREGA A LOS PUNTOS DE RECOLECCIÓN AUTORIZADOS (GESTORES DE RECOLECCIÓN DE RESIDUOS POSTCONSUMO)","SI","SI","INFORMACIÓN DIRECTA","SI","Sí"
"CÚCUTA","AMA DE CASA","AMA DE CASA","SI","LOS REGALA A UN FAMILIAR, AMIGO O VECINO","NO","NO","REDES SOCIALES","SI","Sí"
"CÚCUTA","PRIVADA","CONSTRUCTORA SIGMA SAS","SI","LOS ENTREGA A LOS PUNTOS DE RECOLECCIÓN AUTORIZADOS (GESTORES DE RECOLECCIÓN DE RESIDUOS POSTCONSUMO)","NO","NO","REDES SOCIALES","SI","Sí"
"CÚCUTA","TRABAJADOR INDEPENDIENTE","INDEPENDIENTE","NO","LOS DEJO EN CASA","SI","NO","REDES SOCIALES","NO","No veo atractiva la idea deberían replantear como generar más interés mediante descuentos o ayudas al ciudadano"
"CÚCUTA","TRABAJADOR INDEPENDIENTE","EN UN CALL CENTER MULTINACIONAL","SI","LOS ENTREGA A LA EMPRESA DEL ASEO","NO","NO","REDES SOCIALES","SI","Sí"
"CÚCUTA","PRIVADA","COLEGIO DE LA PRESENTACION SANTA TERESA CÚCUTA","NO","LOS DEJO EN CASA","SI","SI","INFORMACIÓN DIRECTA","SI","Sí"
"CÚCUTA","PÚBLICA","REGISTRADURIA NACIONAL DEL ESTADO CIVIL","NO","LOS DEJO EN CASA","SI","SI","REDES SOCIALES","SI","Sí"
"ABREGO","PÚBLICA","C.E.R BAJO PAVEZ","NO","LOS DEJO EN CASA","SI","NO","NO SABIA QUE EXISTE","NO","Sí"
"CÚCUTA","TRABAJADOR INDEPENDIENTE","INDEPENDIENTE","SI","LOS ENTREGA A LA EMPRESA DEL ASEO, LOS VENDE A UNA EMPRESA RECICLADORA, LOS REGALA A UN FAMILIAR, AMIGO O VECINO, LOS ENTREGA A LOS PUNTOS DE RECOLECCIÓN AUTORIZADOS (GESTORES DE RECOLECCIÓN DE RESIDUOS POSTCONSUMO)","NO","SI","REDES SOCIALES","NO","Sí"
"CÚCUTA","PÚBLICA","ESE HUEM","NO","LOS DEJO EN CASA","SI","SI","REDES SOCIALES","SI","Sí"
"CÚCUTA","PRIVADA","COLEGIO LOS PROCERES","SI","LOS ENTREGA A LA EMPRESA DEL ASEO, LOS VENDE A UNA EMPRESA RECICLADORA, LOS REGALA A UN FAMILIAR, AMIGO O VECINO, LOS ENTREGA A LOS PUNTOS DE RECOLECCIÓN AUTORIZADOS (GESTORES DE RECOLECCIÓN DE RESIDUOS POSTCONSUMO)","SI","SI","REDES SOCIALES, INFORMACIÓN DIRECTA","SI","Sí"
"CÚCUTA","TRABAJADOR INDEPENDIENTE","DOMICILIOS","SI","LOS ENTREGA A LA EMPRESA DEL ASEO","NO","NO","REDES SOCIALES","SI","Sí"
"CÚCUTA","PÚBLICA","GOBERNACIÓN NORTE DE SANTANDER","NO","LOS DEJO EN CASA","NO","NO","REDES SOCIALES","SI","Sí"
"CÚCUTA","TRABAJADOR INDEPENDIENTE","INDEPENDIENTE","SI","LOS REGALA A UN FAMILIAR, AMIGO O VECINO, LOS ENTREGA A LOS PUNTOS DE RECOLECCIÓN AUTORIZADOS (GESTORES DE RECOLECCIÓN DE RESIDUOS POSTCONSUMO)","SI","SI","REDES SOCIALES, INFORMACIÓN DIRECTA, PUBLICACIÓN EN SEDE  ELECTRÓNICA, RADIO, TELEVISIÓN","SI","Sí"
"CÚCUTA","TRABAJADOR INDEPENDIENTE","ASESOR","SI","LOS ENTREGA A LA EMPRESA DEL ASEO, LOS REGALA A UN FAMILIAR, AMIGO O VECINO, LOS ENTREGA A LOS PUNTOS DE RECOLECCIÓN AUTORIZADOS (GESTORES DE RECOLECCIÓN DE RESIDUOS POSTCONSUMO)","SI","SI","REDES SOCIALES","SI","Sí"
"VILLA DEL ROSARIO","TRABAJADOR INDEPENDIENTE","CASA","NO","LOS DEJO EN CASA","NO","SI","INFORMACIÓN DIRECTA","SI","Sí"
"CÚCUTA","TRABAJADOR INDEPENDIENTE",,"SI","LOS ENTREGA A LA EMPRESA DEL ASEO","NO","SI","REDES SOCIALES","SI","Sí"
"CÚCUTA","PÚBLICA","UNIVERSIDAD FRANCISCO DE PAULA SANTANDER","NO","LOS DEJO EN CASA","SI","NO","REDES SOCIALES, PUBLICACIÓN EN SEDE  ELECTRÓNICA","SI","Sí"
"CÚCUTA","TRABAJADOR INDEPENDIENTE","INDEPENDIENTE","SI","LOS ENTREGA A LA EMPRESA DEL ASEO","SI","NO","REDES SOCIALES","NO","Sí"
"PAMPLONA","TRABAJADOR INDEPENDIENTE","OBRAS","SI","LOS ENTREGA A LA EMPRESA DEL ASEO","SI","SI","REDES SOCIALES","SI","Sí"
"CÚCUTA","TRABAJADOR INDEPENDIENTE","ACARREOS","SI","LOS REGALA A UN FAMILIAR, AMIGO O VECINO","NO","NO","REDES SOCIALES","SI","Sí"
"PAMPLONA","TRABAJADOR INDEPENDIENTE","AULA ESCOLAR","SI","LOS VENDE A UNA EMPRESA RECICLADORA, LOS REGALA A UN FAMILIAR, AMIGO O VECINO","NO","NO","NO SABIA QUE EXISTE","SI","Sí"
"CÚCUTA","TRABAJADOR INDEPENDIENTE","ODONTOLOGÍA","SI","LOS ENTREGA A LOS PUNTOS DE RECOLECCIÓN AUTORIZADOS (GESTORES DE RECOLECCIÓN DE RESIDUOS POSTCONSUMO)","SI","SI","PUBLICACIÓN EN SEDE  ELECTRÓNICA","SI","Sí"
"CÚCUTA","PÚBLICA","UFPS","SI","LOS ENTREGA A LA EMPRESA DEL ASEO","NO","NO","INFORMACIÓN DIRECTA","SI","Sí"
"CÚCUTA","TRABAJADOR INDEPENDIENTE","DESEMPLEADO","SI","LOS DEJO EN CASA","SI","NO","REDES SOCIALES, TELEVISIÓN, CORREO ELECTRÓNICO","NO","No, No conozco de tecnología"
"LOS PATIOS","PRIVADA","AFA S.A.","NO","LOS DEJO EN CASA","NO","NO","REDES SOCIALES","SI","Sí"
"CÚCUTA","PÚBLICA","GOBERNACIÓN DE NORTE DE SANTANDER","NO","LOS DEJO EN CASA","SI","NO","REDES SOCIALES","SI","Sí"
"CÚCUTA","PÚBLICA","HOSPITAL UNIVERSITARIO ERASMO MEOZ","SI","LOS ENTREGA A LA EMPRESA DEL ASEO","NO","NO","REDES SOCIALES","NO","Sí"
"PAMPLONA","TRABAJADOR INDEPENDIENTE","OBRAS DE CONSTRUCCIÓN","SI","LOS ENTREGA A LA EMPRESA DEL ASEO","SI","SI","REDES SOCIALES","SI","Sí"
"PAMPLONA","TRABAJADOR INDEPENDIENTE","AULA DE APOYO ESCOLAR","NO","LOS VENDE A UNA EMPRESA RECICLADORA, LOS REGALA A UN FAMILIAR, AMIGO O VECINO","NO","NO","NO SABIA QUE EXISTE","SI","Sí"
"CÚCUTA","PÚBLICA","SECRETARIA DE EDUCACIÓN DEPARTAMENTAL","SI","LOS ENTREGA A LA EMPRESA DEL ASEO","NO","NO","REDES SOCIALES","SI","No"
"CÚCUTA","PÚBLICA","INSTITUTO DEPARTAMENTAL DE SALUD","NO","LOS VENDE A UNA EMPRESA RECICLADORA, LOS REGALA A UN FAMILIAR, AMIGO O VECINO","NO","NO","REDES SOCIALES, RADIO","SI","Sí"
"LABATECA","DESEMPLEADO","NO TENGO TRABAJO","NO","LOS ENTREGA A LOS PUNTOS DE RECOLECCIÓN AUTORIZADOS (GESTORES DE RECOLECCIÓN DE RESIDUOS POSTCONSUMO)","NO","NO","INFORMACION DIRECTA","NO","Ayuden en serio. No solo nos busquen cuando quieren algo."
"CÚCUTA","PÚBLICA","SECRETARIA DE EDUCACION","NO","LOS VENDE A UNA EMPRESA RECICLADORA, LOS REGALA A UN FAMILIAR, AMIGO O VECINO","NO","NO","INFORMACION DIRECTA","SI","Sí"
"CÚCUTA","DESEMPLEADO","NO TENGO TRABAJO","NO","LOS DEJO EN CASA","NO","NO","INFORMACIÓN DIRECTA","SI","No"
"CÚCUTA","PÚBLICA","HUEM","SI","LOS ENTREGA A LA EMPRESA DEL ASEO","NO","NO","REDES SOCIALES","SI","Sí"
"CÚCUTA","PRIVADA","COLEGIO LA PRESENTACION SANTA TERESA CUCUTA","SI","LOS ENTREGA A LOS PUNTOS DE RECOLECCIÓN AUTORIZADOS (GESTORES DE RECOLECCIÓN DE RESIDUOS POSTCONSUMO)","SI","SI","INFORMACIÓN DIRECTA","SI","Sí"
"PAMPLONA","PRIVADA","CONSTRUARQ DESIGN","NO","LOS DEJO EN CASA","NO","SI","REDES SOCIALES","SI","Sí"
"PAMPLONA","TRABAJADOR INDEPENDIENTE","NO TENGO TRABAJO","NO","LOS DEJO EN CASA","NO","SI","REDES SOCIALES","NO","No"
"CÚCUTA","PÚBLICA","EICE LOTERÍA DE CUCUTA","SI","LOS ENTREGA A LOS PUNTOS DE RECOLECCIÓN AUTORIZADOS (GESTORES DE RECOLECCIÓN DE RESIDUOS POSTCONSUMO)","SI","SI","REDES SOCIALES","SI","No"
"CÚCUTA","TRABAJADOR INDEPENDIENTE","COMERCIANTE","SI","LOS ENTREGA A LA EMPRESA DEL ASEO","NO","NO","INFORMACION DIRECTA","NO","Sí"
"CÚCUTA","PÚBLICA","UNIVERSIDAD FRANCISCO DE PAULA SANTANDER","NO","LOS DEJO EN CASA","NO","SI","REDES SOCIALES","SI","Sí"
"CÚCUTA","TRABAJADOR INDEPENDIENTE","INDEPENDIENTE","NO","LOS ENTREGA A LOS PUNTOS DE RECOLECCIÓN AUTORIZADOS (GESTORES DE RECOLECCIÓN DE RESIDUOS POSTCONSUMO)","SI","NO","REDES SOCIALES","SI","Sí"
"CÚCUTA","PÚBLICA","COOGUASIMALES SERVICE","NO","LOS ENTREGA A LOS PUNTOS DE RECOLECCIÓN AUTORIZADOS (GESTORES DE RECOLECCIÓN DE RESIDUOS POSTCONSUMO)","NO","NO","REDES SOCIALES","SI","Sí"
"CÚCUTA","PRIVADA","NORSIRE","SI","LOS ENTREGA A LA EMPRESA DEL ASEO","SI","NO","REDES SOCIALES","SI","Sí"
"CÚCUTA","PÚBLICA","GOBERNACION NORTE DE SANTANDER","SI","LOS ENTREGA A LOS PUNTOS DE RECOLECCIÓN AUTORIZADOS (GESTORES DE RECOLECCIÓN DE RESIDUOS POSTCONSUMO)","NO","NO","REDES SOCIALES","SI","Sí"
"LOS PATIOS","DESEMPLEADO","INSTITUTO TÉCNICO MARIO PEZZOTTI LEMUS","NO","LOS ENTREGA A LOS PUNTOS DE RECOLECCIÓN AUTORIZADOS (GESTORES DE RECOLECCIÓN DE RESIDUOS POSTCONSUMO)","NO","NO","INFORMACIÓN DIRECTA","SI","Sí"
"ABREGO","PÚBLICA","CONCEJO MUNICIPAL","SI","LOS ENTREGA A LOS PUNTOS DE RECOLECCIÓN AUTORIZADOS (GESTORES DE RECOLECCIÓN DE RESIDUOS POSTCONSUMO)","SI","SI","REDES SOCIALES","SI","Sí"
"CÚCUTA","DESEMPLEADO","NO TENGO TRABAJO","SI","LOS REGALA A UN FAMILIAR, AMIGO O VECINO","SI","NO","REDES SOCIALES","NO","Sí"
"CÚCUTA","PÚBLICA","GOBERNACIÓN NORTE DE SANTANDER","NO","LOS DEJO EN CASA","SI","NO","INFORMACIÓN DIRECTA","SI","Sí"
"CÚCUTA","TRABAJADOR INDEPENDIENTE","COMERCIO","NO","LOS DEJO EN CASA","SI","SI","INFORMACIÓN DIRECTA","SI","Sí"
"CÚCUTA","DESEMPLEADO","UNIVERSIDAD DE PAMPLONA","SI","LOS REGALA A UN FAMILIAR, AMIGO O VECINO","NO","NO","REDES SOCIALES","SI","Sí"
"VILLA DEL ROSARIO","AMA DE CASA","HOGAR","SI","LOS REGALA A UN FAMILIAR, AMIGO O VECINO","NO","NO","REDES SOCIALES","NO","No conozco de tecnología"
"LABATECA","PÚBLICA","ALCALDÍA LABATECA","SI","LOS DEJO EN CASA","NO","NO","REDES SOCIALES","SI","Sí"
"ABREGO","TRABAJADOR INDEPENDIENTE","FINCA","NO","LOS ENTREGA A LOS PUNTOS DE RECOLECCIÓN AUTORIZADOS (GESTORES DE RECOLECCIÓN DE RESIDUOS POSTCONSUMO)","NO","NO","REDES SOCIALES","SI","Sí"
"ABREGO","TRABAJADOR INDEPENDIENTE","AMA DE CASA","SI","LOS ENTREGA A LA EMPRESA DEL ASEO","SI",,"REDES SOCIALES","SI","Sí"
"ABREGO","DESEMPLEADO","ESCUELA NORMAL SUPERIOR OCAÑA","SI","LOS ENTREGA A LA EMPRESA DEL ASEO, LOS VENDE A UNA EMPRESA RECICLADORA","SI","SI","INFORMACIÓN DIRECTA","SI","Sí"
"CÚCUTA","TRABAJADOR INDEPENDIENTE","CONTADOR PÚBLICO","NO","LOS DEJO EN CASA","NO","NO","REDES SOCIALES","NO","No conozco de tecnología"
"CÚCUTA","PRIVADA","TEMPORAL SA","SI","LOS ENTREGA A LOS PUNTOS DE RECOLECCIÓN AUTORIZADOS (GESTORES DE RECOLECCIÓN DE RESIDUOS POSTCONSUMO)","NO","NO","REDES SOCIALES","SI","Sí"
"ABREGO","TRABAJADOR INDEPENDIENTE","NATURA","SI","LOS ENTREGA A LOS PUNTOS DE RECOLECCIÓN AUTORIZADOS (GESTORES DE RECOLECCIÓN DE RESIDUOS POSTCONSUMO)","SI","NO","REDES SOCIALES","SI","Sí"
"ABREGO","PÚBLICA","HOSPITAL REGIONAL NOROCCIDENTAL","NO","LOS DEJO EN CASA","SI","NO","REDES SOCIALES","SI","Sí"
"SARDINATA","PÚBLICA","CONCEJO MUNICIPAL DE SARDINATA","SI","LOS ENTREGA A LA EMPRESA DEL ASEO","SI","SI","REDES SOCIALES","SI","No"
"CÚCUTA","PÚBLICA","GOBERNACION DE NORTE DE SANTANDER","NO","LOS DEJO EN CASA","SI","NO","REDES SOCIALES","SI","Sí"
"ABREGO","TRABAJADOR INDEPENDIENTE","COMERCIO","SI","LOS VENDE A UNA EMPRESA RECICLADORA, LOS REGALA A UN FAMILIAR, AMIGO O VECINO","NO","NO","REDES SOCIALES","SI","Sí"
"CÚCUTA","TRABAJADOR INDEPENDIENTE","CALIOPE","NO","LOS DEJO EN CASA","SI","NO","REDES SOCIALES","SI","Sí"
"CÚCUTA","PRIVADA","MEDIMAS EPS","NO","LOS DEJO EN CASA","NO","NO","REDES SOCIALES","NO","Sí"
"ABREGO","TRABAJADOR INDEPENDIENTE","CASA","SI","LOS VENDE A UNA EMPRESA RECICLADORA, LOS REGALA A UN FAMILIAR, AMIGO O VECINO","NO","NO","REDES SOCIALES","SI","Sí"
"CÚCUTA","AMA DE CASA","CASA","NO","LOS DEJO EN CASA","NO","NO","REDES SOCIALES","SI","Sí"
"CÚCUTA","PRIVADA","JJ PITA","NO","LOS DEJO EN CASA","NO","NO","NO SABIA QUE EXISTE","SI","Sí"
"ABREGO","TRABAJADOR INDEPENDIENTE","AMA DE CASA","SI","LOS REGALA A UN FAMILIAR, AMIGO O VECINO","NO","NO","REDES SOCIALES","NO","Sí"
"CÚCUTA","PÚBLICA","ESE HOSPITAL UNIVERSITARIO ERASMO MEOZ","NO","LOS DEJO EN CASA","SI","NO","REDES SOCIALES","SI","Sí"
"CÚCUTA","PÚBLICA","HOSPITAL UNIVERSITARIO ERASMO  MEOZ","NO","LOS DEJO EN CASA","SI","NO","REDES SOCIALES","SI","Sí"
"ABREGO","TRABAJADOR INDEPENDIENTE","BODEGA DIVINO NIÑO","SI","LOS ENTREGA A LA EMPRESA DEL ASEO","NO","NO","REDES SOCIALES","SI","Sí"
"CÚCUTA","PÚBLICA","UFPSO","NO","LOS DEJO EN CASA","NO","SI","INFORMACIÓN DIRECTA","SI","Sí"
"CÚCUTA","PRIVADA","ACTISALUD","NO","LOS DEJO EN CASA","SI","NO","REDES SOCIALES","NO","Sí"
"CÚCUTA","TRABAJADOR INDEPENDIENTE","SIN EMPLEO","SI","LOS ENTREGA A LOS PUNTOS DE RECOLECCIÓN AUTORIZADOS (GESTORES DE RECOLECCIÓN DE RESIDUOS POSTCONSUMO)","SI","NO","REDES SOCIALES","SI","Sí"
"EL ZULIA","PÚBLICA","SECRETARIA DE TRANSITO DEPARTAMENTAL","SI","LOS ENTREGA A LA EMPRESA DEL ASEO, LOS VENDE A UNA EMPRESA RECICLADORA, LOS REGALA A UN FAMILIAR, AMIGO O VECINO, LOS ENTREGA A LOS PUNTOS DE RECOLECCIÓN AUTORIZADOS (GESTORES DE RECOLECCIÓN DE RESIDUOS POSTCONSUMO)","NO","NO","REDES SOCIALES","SI","Sí"
"CÚCUTA","PÚBLICA","ESE HOSPITAL ERASMOMEOZ","SI","LOS ENTREGA A LA EMPRESA DEL ASEO","NO","NO","INFORMACIÓN DIRECTA","NO","Sí"
"CÚCUTA","PÚBLICA","ESE HUEM","NO","LOS DEJO EN CASA","SI","NO","REDES SOCIALES","SI","Sí"
"EL ZULIA","PÚBLICA","SECRETARÍA DE TRÁNSITO DEPARTAMENTAL","NO","LOS DEJO EN CASA","SI","SI","INFORMACIÓN DIRECTA","SI","Sí"
"CÚCUTA","PÚBLICA","ASGOC","NO","LOS DEJO EN CASA","NO","NO","CORREO ELECTRÓNICO","NO","Sí"
"CÚCUTA","PÚBLICA","HUEM","SI","LOS ENTREGA A LOS PUNTOS DE RECOLECCIÓN AUTORIZADOS (GESTORES DE RECOLECCIÓN DE RESIDUOS POSTCONSUMO)","NO","NO","INFORMACIÓN DIRECTA","NO","No"
"CÚCUTA","PÚBLICA","HOSPITAL ERASMO MEOZ","SI","LOS DEJO EN CASA","NO","NO","NO SABIA QUE EXISTE","SI","No"
"CÚCUTA","PÚBLICA","ASGOC","NO","LOS DEJO EN CASA","NO","NO","CORREO ELECTRÓNICO","NO","Sí"
"CÚCUTA","PÚBLICA","HOSPITAL ERASMO","NO","LOS DEJO EN CASA","SI","SI","REDES SOCIALES","SI","Sí"
"CÚCUTA","PRIVADA","ACTISALUD","NO","LOS DEJO EN CASA","SI","NO","REDES SOCIALES","SI","No"
"CÚCUTA","PÚBLICA","HOSPITAL UNIVERSITARIO ERASMO MEOZ","NO","LOS DEJO EN CASA","NO","NO","REDES SOCIALES","SI","Sí"
"CÚCUTA","PÚBLICA","HUEM","NO","LOS DEJO EN CASA","SI","NO","INFORMACION DIRECTA","NO","Sí"
"CÚCUTA","PÚBLICA","SECRETARIA DE TRANSITO","SI","LOS REGALA A UN FAMILIAR, AMIGO O VECINO","SI","NO","PUBLICACIÓN EN SEDE  ELECTRÓNICA","SI","Sí"
"ABREGO","PÚBLICA","SEDE EL CASTILLO","SI","LOS REGALA A UN FAMILIAR, AMIGO O VECINO","NO","NO","REDES SOCIALES","NO","No"
"CÚCUTA","PRIVADA","ACTISALUD","SI","LOS REGALA A UN FAMILIAR, AMIGO O VECINO","NO","NO","REDES SOCIALES","SI","Sí"
"CÚCUTA","PÚBLICA","SECRETARIA DE TRANSITO DEPARTAMENTAL","SI","LOS REGALA A UN FAMILIAR, AMIGO O VECINO","SI","NO","INFORMACIÓN DIRECTA","SI","Sí"
"CÚCUTA","PÚBLICA","HOSPITAL UNIVERSITARIO ERASMO MEOZ","NO","LOS ENTREGA A LOS PUNTOS DE RECOLECCIÓN AUTORIZADOS (GESTORES DE RECOLECCIÓN DE RESIDUOS POSTCONSUMO)","SI","SI","REDES SOCIALES","SI","Sí"
"CÚCUTA","PRIVADA","CENCOSUD","SI","LOS ENTREGA A LOS PUNTOS DE RECOLECCIÓN AUTORIZADOS (GESTORES DE RECOLECCIÓN DE RESIDUOS POSTCONSUMO)","SI","NO","CORREO ELECTRÓNICO","SI","Sí"
"CÚCUTA","PÚBLICA","HUEM","NO","LOS DEJO EN CASA","NO","NO","INFORMACIÓN DIRECTA","SI","Sí"
"CÚCUTA","PÚBLICA","HOSPITAL UNIVERSITARIO ERASMO MEOZ","NO","LOS DEJO EN CASA","SI","NO","REDES SOCIALES","SI","Sí"
"CÚCUTA","TRABAJADOR INDEPENDIENTE","SANTOS APÓSTOLES","SI","LOS REGALA A UN FAMILIAR, AMIGO O VECINO","NO","NO","INFORMACIÓN DIRECTA","NO","Sí"
"CÚCUTA","PÚBLICA","HUEM","SI","LOS REGALA A UN FAMILIAR, AMIGO O VECINO, AÚN LOS TENGO","NO","NO","INFORMACIÓN DIRECTA","NO","Sí"
"ABREGO","PÚBLICA","SERVICIOS PÚBLICOS ABREGO","SI","LOS REGALA A UN FAMILIAR, AMIGO O VECINO","NO","NO","INFORMACIÓN DIRECTA","NO","No"
"CÚCUTA","PÚBLICA","HUEM","NO","LOS DEJO EN CASA","NO","NO","REDES SOCIALES","NO","Sí"
"CÚCUTA","PÚBLICA","HOSPITAL UNIVERSITARIO ERASMO MEOZ","NO","LOS DEJO EN CASA","NO","NO","REDES SOCIALES","SI","Sí"
"CÚCUTA","PÚBLICA","HOSPITAL ERASMO MEOZ","NO","LOS DEJO EN CASA","NO","NO","REDES SOCIALES","NO","No"
"CÚCUTA","PÚBLICA","HUEM","SI","LOS ENTREGA A LOS PUNTOS DE RECOLECCIÓN AUTORIZADOS (GESTORES DE RECOLECCIÓN DE RESIDUOS POSTCONSUMO)","SI","NO","REDES SOCIALES, INFORMACIÓN DIRECTA","SI","Sí"
"CÚCUTA","PÚBLICA","IMSALUD","NO","LOS DEJO EN CASA","NO","NO","REDES SOCIALES","NO","Sí"
"CÚCUTA","PÚBLICA","HOSPITAL UNIVERSITARIO ERASMO MEOZ","SI","LOS ENTREGA A LA EMPRESA DEL ASEO","SI","NO","INFORMACIÓN DIRECTA","NO","Sí"
"CÚCUTA","PRIVADA","HOSPITAL UNIVERSITARIO ERASMO MEOZ","SI","LOS REGALA A UN FAMILIAR, AMIGO O VECINO","NO","NO","REDES SOCIALES","SI","Sí"
"CÚCUTA","PÚBLICA","HUEM","NO","LOS VENDE A UNA EMPRESA RECICLADORA, LOS REGALA A UN FAMILIAR, AMIGO O VECINO","SI","NO","INFORMACIÓN DIRECTA","NO","Sí, No me interesa el tema"
"CÚCUTA","PÚBLICA","ACTISALUD","NO","LOS ENTREGA A LA EMPRESA DEL ASEO, LOS VENDE A UNA EMPRESA RECICLADORA","NO","NO","INFORMACIÓN DIRECTA","NO","Sí"
"CÚCUTA","PÚBLICA","HUEM","NO","LOS DEJO EN CASA","NO","NO","INFORMACIÓN DIRECTA","SI","Sí"
"CÚCUTA","DESEMPLEADO","DESEMPLEADO","SI","LOS DEJO EN CASA","NO","NO","NO SABIA QUE EXISTE","NO","Sí"
"CÚCUTA","PÚBLICA","HUEM","NO","LOS REGALA A UN FAMILIAR, AMIGO O VECINO","NO","NO","REDES SOCIALES, GRUPO WASSAP DE COOPERATIVA","SI","Sí"
"CÚCUTA","PÚBLICA","UFPS","SI","LOS ENTREGA A LA EMPRESA DEL ASEO","NO","NO","REDES SOCIALES","SI","Sí"
"CÚCUTA","PÚBLICA","HUEM","NO","LOS VENDE A UNA EMPRESA RECICLADORA, LOS REGALA A UN FAMILIAR, AMIGO O VECINO","SI","NO","CORREO ELECTRÓNICO","NO","Sí"
"CÚCUTA","PÚBLICA","UFPS","SI","LOS ENTREGA A LA EMPRESA DEL ASEO, LOS REGALA A UN FAMILIAR, AMIGO O VECINO","SI","NO","REDES SOCIALES","NO","Sí"
"CÚCUTA","PÚBLICA","HOSPITAL UNIVERSITARIO ERASMO MEOZ","NO","LOS DEJO EN CASA","NO","NO","INFORMACIÓN DIRECTA","NO","Sí"
"CÚCUTA","PÚBLICA","ASGOC","SI","LOS VENDE A UNA EMPRESA RECICLADORA, LOS REGALA A UN FAMILIAR, AMIGO O VECINO","NO","NO","REDES SOCIALES","NO","Sí"
"CÚCUTA","PÚBLICA","HOSPITAL ERASMO MEOZ","SI","LOS REGALA A UN FAMILIAR, AMIGO O VECINO","NO","NO","INFORMACIÓN DIRECTA","SI","Sí"
"CÚCUTA","PÚBLICA","HOSPITAL UNIVERSITARIO ERASMO MEOZ","NO","LOS DEJO EN CASA","NO","NO","REDES SOCIALES","NO","Sí"
"CÚCUTA","PÚBLICA","ACTISALUD","NO","LOS DEJO EN CASA","NO","NO","INFORMACION DIRECTA","SI","Sí"
"CÚCUTA","PÚBLICA","DIRECCION DE IMPUESTOS NACIONALES","NO","LOS DEJO EN CASA","SI","NO","REDES SOCIALES","SI","Sí"
"CÚCUTA","PÚBLICA","HOSPITAL UNIVERSITARIO ERASMO MEOZ","NO","LOS ENTREGA A LOS PUNTOS DE RECOLECCIÓN AUTORIZADOS (GESTORES DE RECOLECCIÓN DE RESIDUOS POSTCONSUMO)","SI","NO","REDES SOCIALES","SI","Sí"
"CÚCUTA","PÚBLICA","HUEM","NO","LOS DEJO EN CASA","SI","NO","REDES SOCIALES","SI","Sí"
"LOS PATIOS","PENSIONADO","MI RESIDENCIA","NO","LOS ENTREGA A LOS PUNTOS DE RECOLECCIÓN AUTORIZADOS (GESTORES DE RECOLECCIÓN DE RESIDUOS POSTCONSUMO)","NO","NO","INFORMACIÓN DIRECTA","NO","No"
"CÚCUTA","PÚBLICA","HUEM","NO","LOS DEJO EN CASA","SI","NO","REDES SOCIALES","SI","Sí"
"CÚCUTA","TRABAJADOR INDEPENDIENTE","INDEPENDIENTE","NO","LOS DEJO EN CASA","SI","NO","INFORMACION DIRECTA","NO","No conozco de tecnología"
"CÚCUTA","PÚBLICA","IDS","SI","LOS VENDE A UNA EMPRESA RECICLADORA, LOS REGALA A UN FAMILIAR, AMIGO O VECINO","NO","NO","REDES SOCIALES","SI","Sí"
"CÚCUTA","PRIVADA","ASGOC","NO","LOS DEJO EN CASA","NO","NO","REDES SOCIALES","SI","Sí"
"CÚCUTA","AMA DE CASA","OGAR","NO","LOS DEJO EN CASA","SI","NO","INFORMACION DIRECTA","NO","No"
"LOS PATIOS","PÚBLICA","HUEM","SI","LOS REGALA A UN FAMILIAR, AMIGO O VECINO","NO","NO","REDES SOCIALES","NO","Sí"
"CÚCUTA","PÚBLICA","HOSPITAL UNIVERSITARIO ERASMO MEOZ","SI","LOS REGALA A UN FAMILIAR, AMIGO O VECINO","NO","NO","INFORMACIÓN DIRECTA","SI","Sí"
"CÚCUTA","TRABAJADOR INDEPENDIENTE","OGAR","NO","LOS DEJO EN CASA","SI","NO","INFORMACION DIRECTA","NO","No conozco de tecnología"
"CÚCUTA","PÚBLICA","H E M","NO","LOS REGALA A UN FAMILIAR, AMIGO O VECINO","SI","NO","CORREO ELECTRÓNICO","SI","No"
"ABREGO","PÚBLICA","SECRETARIA DE EDUCACION","SI","LOS ENTREGA A LOS PUNTOS DE RECOLECCIÓN AUTORIZADOS (GESTORES DE RECOLECCIÓN DE RESIDUOS POSTCONSUMO)","SI","NO","PUBLICACIÓN EN SEDE  ELECTRÓNICA","NO","Sí"
"SALAZAR DE LAS PALMAS","PÚBLICA","INSTITUTO TÉCNICO AGRICOLA SEDE LA LAGUNA","NO","LOS VENDE A UNA EMPRESA RECICLADORA, LOS REGALA A UN FAMILIAR, AMIGO O VECINO","SI","NO","PUBLICACIÓN EN SEDE  ELECTRÓNICA","SI","No"
"CÚCUTA","TRABAJADOR INDEPENDIENTE","COMERCIANTE INDEPENDIENTE","SI","LOS REGALA A UN FAMILIAR, AMIGO O VECINO","NO","NO","REDES SOCIALES","SI","Sí"
"CÚCUTA","PÚBLICA","HOSPITAL UNIVERSITARIO ERASMO MEOZ","SI","LOS ENTREGA A LOS PUNTOS DE RECOLECCIÓN AUTORIZADOS (GESTORES DE RECOLECCIÓN DE RESIDUOS POSTCONSUMO)","NO","NO","REDES SOCIALES","NO","Sí"
"CÚCUTA","PÚBLICA","HOSPITAL UNIVERSITARIO ERASMO MEOZ","NO","LOS DEJO EN CASA","SI","NO","REDES SOCIALES","SI","Sí"
"CÚCUTA","PÚBLICA","TRÁNSITO DEPARTAMENTAL","SI","LOS ENTREGA A LA EMPRESA DEL ASEO","NO","NO","INFORMACIÓN DIRECTA","SI","Sí"
"CÚCUTA","PÚBLICA","HOSPITAL UNIVERSITARIO ERASMO MEOZ","NO","LOS ENTREGA A LOS PUNTOS DE RECOLECCIÓN AUTORIZADOS (GESTORES DE RECOLECCIÓN DE RESIDUOS POSTCONSUMO)","SI","NO","INFORMACIÓN DIRECTA","NO","Sí"
"CÚCUTA","PRIVADA","OHL","SI","LOS ENTREGA A LA EMPRESA DEL ASEO","NO","NO","REDES SOCIALES","NO","Sí"
"CÚCUTA","PÚBLICA","ESE HUEM","SI","LOS ENTREGA A LA EMPRESA DEL ASEO","SI","NO","INFORMACIÓN DIRECTA","NO","Sí"
"OCAÑA","AMA DE CASA","CASA","SI","LOS REGALA A UN FAMILIAR, AMIGO O VECINO","NO","NO","REDES SOCIALES","NO","Sí"
"OCAÑA","TRABAJADOR INDEPENDIENTE","COMERCIO","SI","LOS VENDE A UNA EMPRESA RECICLADORA, LOS REGALA A UN FAMILIAR, AMIGO O VECINO","NO","NO","REDES SOCIALES","NO","Sí"
"CÚCUTA","PRIVADA","ACTISALUD","NO","LOS DEJO EN CASA","NO","NO","REDES SOCIALES","SI","No"
"CÚCUTA","PÚBLICA","HOSPITAL ERASMO MEOZ","SI","LOS REGALA A UN FAMILIAR, AMIGO O VECINO","SI","NO","REDES SOCIALES, INFORMACIÓN DIRECTA, PUBLICACIÓN EN SEDE  ELECTRÓNICA","SI","Sí"
"CÚCUTA","TRABAJADOR INDEPENDIENTE","INFORMAL","NO","LOS ENTREGA A LA EMPRESA DEL ASEO, RECICLADORES","SI","SI","REDES SOCIALES, RADIO, TELEVISIÓN","NO","Sí"
"CÚCUTA","TRABAJADOR INDEPENDIENTE","ACTISALUD","SI","LOS ENTREGA A LOS PUNTOS DE RECOLECCIÓN AUTORIZADOS (GESTORES DE RECOLECCIÓN DE RESIDUOS POSTCONSUMO)","SI",,"REDES SOCIALES","SI","Sí"
"CÚCUTA","PÚBLICA","HOSPITAL ERASMO MEOZ","NO","LOS DEJO EN CASA","NO","NO","REDES SOCIALES","SI","Sí"
"EL ZULIA","PÚBLICA","SECRETARIA DE TRANSITO DEPARTAMENTAL","NO","LOS DEJO EN CASA","SI","NO","REDES SOCIALES","SI","Sí"
"CÚCUTA","PRIVADA","COLEGIO LOS PROCERES","NO","LOS DEJO EN CASA","SI","SI","REDES SOCIALES, INFORMACIÓN DIRECTA, PUBLICACIÓN EN SEDE  ELECTRÓNICA, RADIO, TELEVISIÓN","SI","Sí"
"CÚCUTA","PRIVADA","SGS","NO","LOS ENTREGA A LA EMPRESA DEL ASEO","SI","NO","REDES SOCIALES","SI","Sí"
"EL ZULIA","PÚBLICA","GOBERNACION N DE S","NO","LOS ENTREGA A LA EMPRESA DEL ASEO","NO","NO","REDES SOCIALES","SI","No"
"CÚCUTA","DESEMPLEADO","ESTUDIO EN LA UDES","NO","LOS DEJO EN CASA","SI","SI","REDES SOCIALES, RADIO, TELEVISIÓN","SI","Sí"
"CÚCUTA","PÚBLICA","ERASMO MEOZ","SI","LOS ENTREGA A LA EMPRESA DEL ASEO","NO","NO","REDES SOCIALES","SI","Sí"
"CÚCUTA","PÚBLICA","UNIVERSIDAD FRANCISCO DE PAULA SANTANDER","SI","LOS ENTREGA A LA EMPRESA DEL ASEO","SI","NO","REDES SOCIALES","SI","Sí"
"CÚCUTA","PÚBLICA","HOSPITAL UNIVERSITARIO ERASMO MEOZ","NO","LOS ENTREGA A LOS PUNTOS DE RECOLECCIÓN AUTORIZADOS (GESTORES DE RECOLECCIÓN DE RESIDUOS POSTCONSUMO)","SI","SI","REDES SOCIALES","SI","Sí"
"CÚCUTA","PÚBLICA","ESE HUEM","SI","LOS DEJO EN CASA","NO","NO","REDES SOCIALES","SI","Sí"
"CÚCUTA","PÚBLICA","HOSPITAL ERASMO MEOZ","SI","LOS ENTREGA A LA EMPRESA DEL ASEO","SI","NO","REDES SOCIALES","SI","Sí"
"CÚCUTA","PÚBLICA","SECRETARÍA DE TRÁNSITO DEPARTAMENTAL N DE S","NO","LOS DEJO EN CASA","NO","NO","REDES SOCIALES","NO","Sí"
"CÚCUTA","PÚBLICA","HOSPITAL UNIVERSITARIO ERASMO MEOZ","NO","LOS VENDE A UNA EMPRESA RECICLADORA, LOS REGALA A UN FAMILIAR, AMIGO O VECINO","SI","NO","NO SABIA QUE EXISTE","NO","No"
"CÚCUTA","PÚBLICA","HOSPITAL ERASMO MEOZ","SI","LOS ENTREGA A LOS PUNTOS DE RECOLECCIÓN AUTORIZADOS (GESTORES DE RECOLECCIÓN DE RESIDUOS POSTCONSUMO)","NO","NO","REDES SOCIALES","SI","Sí"
"CÚCUTA","PÚBLICA","HOSPITAL ERASMO MEOZ","NO","LOS ENTREGA A LOS PUNTOS DE RECOLECCIÓN AUTORIZADOS (GESTORES DE RECOLECCIÓN DE RESIDUOS POSTCONSUMO)","NO","NO","REDES SOCIALES","NO","Sí"
"CÚCUTA","PÚBLICA","SECRETARIA DE TRÁNSITO DEPARTAMENTAL","SI","LOS VENDE A UNA EMPRESA RECICLADORA, LOS REGALA A UN FAMILIAR, AMIGO O VECINO","NO","NO","REDES SOCIALES","SI","Sí"
"CÚCUTA","PÚBLICA","HOSPITAL ERASMO MEOZ","NO","LOS DEJO EN CASA","NO","NO","INFORMACIÓN DIRECTA","NO","No"
"CÚCUTA","PÚBLICA","HOSPITAL ERASMO MEOZ","SI","LOS ENTREGA A LOS PUNTOS DE RECOLECCIÓN AUTORIZADOS (GESTORES DE RECOLECCIÓN DE RESIDUOS POSTCONSUMO)","NO","NO","REDES SOCIALES","NO","Sí, No me interesa el tema"
"VILLA DEL ROSARIO","PÚBLICA","UFPS","NO","LOS DEJO EN CASA","NO","NO","REDES SOCIALES","NO","Sí"
"CÚCUTA","PÚBLICA","TRÁNSITO DEPARTAMENTAL NORTE DE SANTANDER","NO","LOS DEJO EN CASA","SI","SI","REDES SOCIALES","SI","Sí"
"CÚCUTA","PRIVADA","QUÍMICOS Y QUÍMICOS","NO","LOS DEJO EN CASA","NO","NO","REDES SOCIALES","NO","Sí"
"CÚCUTA","PÚBLICA","HOSPITAL UNIVERSITARIO ERASMO MEOZ","NO","LOS DEJO EN CASA","SI","NO","REDES SOCIALES","SI","Sí"
"CÚCUTA","TRABAJADOR INDEPENDIENTE","TRABAJO INDEPENDIENTE","SI","LOS REGALA A UN FAMILIAR, AMIGO O VECINO","NO","NO","REDES SOCIALES","NO","Sí"
"CÚCUTA","PÚBLICA","HOSPITAL ERASMO MEOZ","SI","LOS REGALA A UN FAMILIAR, AMIGO O VECINO","NO","NO","REDES SOCIALES","SI","Sí"
"CÚCUTA","PÚBLICA","HUEM","SI","LOS ENTREGA A LA EMPRESA DEL ASEO","SI","NO","TELEVISIÓN","SI","Sí"
"CHINÁCOTA","PÚBLICA","HUEM SANTA ANA","NO","LOS ENTREGA A LOS PUNTOS DE RECOLECCIÓN AUTORIZADOS (GESTORES DE RECOLECCIÓN DE RESIDUOS POSTCONSUMO)","SI","SI","RADIO, TELEVISIÓN, CORREO ELECTRÓNICO","SI","Sí"
"CÚCUTA","PRIVADA","ACTISALUD","SI","LOS DEJO EN CASA","NO","NO","NO SABIA QUE EXISTE","SI","Sí"
"CÚCUTA","PÚBLICA","HUEM","NO","LOS DEJO EN CASA","SI","NO","REDES SOCIALES","NO","Sí"
"CÚCUTA","PÚBLICA","HOSPITAL ERASMO MEOZ","SI","LOS ENTREGA A LA EMPRESA DEL ASEO, LOS REGALA A UN FAMILIAR, AMIGO O VECINO","NO","NO","INFORMACION DIRECTA","SI","Sí"
"CÚCUTA","PÚBLICA","H. ERASMO MEOZ","SI","LOS ENTREGA A LOS PUNTOS DE RECOLECCIÓN AUTORIZADOS (GESTORES DE RECOLECCIÓN DE RESIDUOS POSTCONSUMO)","NO","NO","NO SABIA QUE EXISTE","SI","Sí"
"CÚCUTA","PÚBLICA","GOBERNACIÓN NORTE DE SANTANDER","NO","LOS DEJO EN CASA","SI","SI","INFORMACIÓN DIRECTA","SI","Sí"
"CÚCUTA","PÚBLICA","ALCALDÍA DE CÚCUTA","SI","LOS ENTREGA A LA EMPRESA DEL ASEO","SI","NO","REDES SOCIALES","SI","Sí"
"CÚCUTA","PÚBLICA","HOSPITAL UNIVERSITARIO ERASMO MEOZ","NO","LOS DEJO EN CASA","NO","NO","INFORMACIÓN DIRECTA","SI","Sí"
"CÚCUTA","PÚBLICA","GOBERNACIÓN DE NORTE DE SANTANDER","SI","LOS ENTREGA A LA EMPRESA DEL ASEO","SI","SI","INFORMACIÓN DIRECTA","SI","Sí"
"CÚCUTA","PÚBLICA","HUEM","NO","LOS DEJO EN CASA","NO","NO","INFORMACIÓN DIRECTA","SI","Sí"
"CÚCUTA","PÚBLICA","HUEM","NO","LOS DEJO EN CASA","SI","NO","REDES SOCIALES","SI","Sí"
"CÚCUTA","AMA DE CASA","HOGAR","NO","LOS DEJO EN CASA","SI","NO","INFORMACION DIRECTA","NO","No"
"CÚCUTA","PÚBLICA","HUEM","NO","LOS DEJO EN CASA","NO","NO","INFORMACIÓN DIRECTA","NO","No"
"CÚCUTA","PÚBLICA","GOBERNACION DEL DEPARTAMENTO.","NO","LOS DEJO EN CASA","SI","SI","REDES SOCIALES","SI","Sí"
"CÚCUTA","PÚBLICA","H ERASMO MEOZ","NO","LOS DEJO EN CASA","NO","NO","REDES SOCIALES","SI","Sí"
"ARBOLEDAS","PÚBLICA","ALCALDÍA DE ARBOLEDAS","NO","LOS DEJO EN CASA","SI","SI","REDES SOCIALES","SI","Sí"
"CÚCUTA","PÚBLICA","HUEM","SI","LOS ENTREGA A LA EMPRESA DEL ASEO","NO","NO","REDES SOCIALES","NO","No conozco de tecnología"
"CÚCUTA","PÚBLICA","HUEM","NO","LOS DEJO EN CASA","NO","NO","REDES SOCIALES","NO","Sí"
"CÚCUTA","PÚBLICA","HOSPITAL UNIVERSITARIO ERASMO MEOZ","SI","LOS REGALA A UN FAMILIAR, AMIGO O VECINO","NO","NO","INFORMACIÓN DIRECTA","NO","Sí"
"CÚCUTA","PÚBLICA","ALCALDIA","SI","LOS ENTREGA A LOS PUNTOS DE RECOLECCIÓN AUTORIZADOS (GESTORES DE RECOLECCIÓN DE RESIDUOS POSTCONSUMO)","SI","SI","REDES SOCIALES","SI","Sí"
"CÚCUTA","PÚBLICA","GOBERNANCION DE NORTE DE SANTANDER","SI","LOS ENTREGA A LA EMPRESA DEL ASEO","NO","NO","REDES SOCIALES","SI","Sí"
"ARBOLEDAS","PÚBLICA","ALCALDÍA DE ARBOLEDAS","SI","LOS ENTREGA A LA EMPRESA DEL ASEO","SI","NO","REDES SOCIALES","SI","Sí"
"CÚCUTA","TRABAJADOR INDEPENDIENTE","VARIEDADES JULI","SI","LOS ENTREGA A LOS PUNTOS DE RECOLECCIÓN AUTORIZADOS (GESTORES DE RECOLECCIÓN DE RESIDUOS POSTCONSUMO)","SI","NO","REDES SOCIALES","SI","Sí"
"CÚCUTA","TRABAJADOR INDEPENDIENTE","MICRO EMPEESARIO","SI","LOS ENTREGA A LA EMPRESA DEL ASEO","NO","NO","REDES SOCIALES","NO","Sí"
"CÚCUTA","PRIVADA","ACTISALUD","SI","LOS ENTREGA A LOS PUNTOS DE RECOLECCIÓN AUTORIZADOS (GESTORES DE RECOLECCIÓN DE RESIDUOS POSTCONSUMO)","NO","NO","INFORMACIÓN DIRECTA","SI","No"
"CÚCUTA","PRIVADA","NO TENGO TRABAJO","SI","LOS ENTREGO A RECICLADORES GRATUITAMENTE","SI","NO","NO SABIA QUE EXISTE","SI","Sí"
"CÚCUTA","PÚBLICA","HOSPITAL UNIVERSITARIO ERASMO MEOZ","NO","LOS DEJO EN CASA","NO","NO","REDES SOCIALES","SI","Sí"
"CÚCUTA","PÚBLICA","GOBERNACIÓN NORTE DE SANTANDER","SI","LOS ENTREGA A LOS PUNTOS DE RECOLECCIÓN AUTORIZADOS (GESTORES DE RECOLECCIÓN DE RESIDUOS POSTCONSUMO)","SI","SI","REDES SOCIALES, PUBLICACIÓN EN SEDE  ELECTRÓNICA","NO","Sí"
"CÚCUTA","TRABAJADOR INDEPENDIENTE","NO TENGO TRABAJO","SI","LOS ENTREGA A LOS PUNTOS DE RECOLECCIÓN AUTORIZADOS (GESTORES DE RECOLECCIÓN DE RESIDUOS POSTCONSUMO)","SI","NO","REDES SOCIALES","SI","Sí"
"CÚCUTA","PÚBLICA","HOSPITAL UNIVERSITARIO ERASMO MEOZ","NO","LOS DEJO EN CASA","NO","NO","INFORMACIÓN DIRECTA","SI","No"
"CÚCUTA","TRABAJADOR INDEPENDIENTE","SECRETARIA DE TRÁNSITO DEPARTAMENTAL","SI","LOS ENTREGA A LA EMPRESA DEL ASEO","NO","NO","REDES SOCIALES","SI","Sí"
"CÚCUTA","PÚBLICA","HUEM","SI","LOS ENTREGA A LA EMPRESA DEL ASEO","NO","NO","REDES SOCIALES","NO","Sí"
"CÚCUTA","PÚBLICA","IDS","SI","LOS ENTREGA A LA EMPRESA DEL ASEO","SI","SI","INFORMACIÓN DIRECTA","SI","Sí"
"CÚCUTA","PÚBLICA","HUEM - ACTISALUD","NO","LOS DEJO EN CASA","NO","NO","REDES SOCIALES","SI","Sí"
"VILLA DEL ROSARIO","PRIVADA","DULCE SANDIA","SI","LOS VENDE A UNA EMPRESA RECICLADORA, LOS REGALA A UN FAMILIAR, AMIGO O VECINO","NO","NO","REDES SOCIALES","SI","Sí"
"CÚCUTA","TRABAJADOR INDEPENDIENTE","SKIN","SI","LOS ENTREGA A LA EMPRESA DEL ASEO","NO","NO","REDES SOCIALES","NO","Sí"
"CÚCUTA","PÚBLICA","SECRETARIA TRANSITO DEPARTAMENTAL","NO","LOS ENTREGA A LOS PUNTOS DE RECOLECCIÓN AUTORIZADOS (GESTORES DE RECOLECCIÓN DE RESIDUOS POSTCONSUMO)","SI","NO","INFORMACIÓN DIRECTA","SI","Sí"
"CÚCUTA","PÚBLICA","SECRETARIA DE TRANSITO DEPARTAMENTAL","SI","LOS VENDE A UNA EMPRESA RECICLADORA, LOS REGALA A UN FAMILIAR, AMIGO O VECINO","NO","NO","REDES SOCIALES","SI","Sí"
"CÚCUTA","PÚBLICA","SECRETARIA DE TRÁNSITO DEPARTAMENTAL","NO","LOS DEJO EN CASA","SI","SI","INFORMACIÓN DIRECTA","SI","Sí"
"CÚCUTA","PÚBLICA","HUEM","SI","LOS ENTREGA A LA EMPRESA DEL ASEO","NO","NO","INFORMACIÓN DIRECTA","NO","Sí"
"CÚCUTA","PÚBLICA","HOSPITAL UNIVERSITARIO ERASMO MEOZ","NO","LOS DEJO EN CASA","SI","NO","REDES SOCIALES","SI","Sí"
"CÚCUTA","PRIVADA","ACTISALUD","SI","LOS ENTREGA A LA EMPRESA DEL ASEO","NO","NO","REDES SOCIALES","NO","Sí"
"VILLA DEL ROSARIO","PÚBLICA","GOBERNACIÓN DE  NORTE DE SANTANDER","SI","LOS REGALA A UN FAMILIAR, AMIGO O VECINO","NO","SI","REDES SOCIALES","SI","Sí"
"CÚCUTA","PÚBLICA","HOSPITAL UNIVERSITARIO ERASMO MEOZ","NO","LOS ENTREGA A LA EMPRESA DEL ASEO","NO","NO","REDES SOCIALES","SI","No"
"VILLA DEL ROSARIO","PÚBLICA","HOSPITAL UNIVERSITARIO ERASMO MEOZ","SI","LOS ENTREGA A LOS PUNTOS DE RECOLECCIÓN AUTORIZADOS (GESTORES DE RECOLECCIÓN DE RESIDUOS POSTCONSUMO)","SI","NO","REDES SOCIALES","SI","Sí"
"CÚCUTA","PRIVADA","SUPERMERCADO BETEL S.A.","SI","VOTO A LA BASURA","NO","NO","REDES SOCIALES","NO","Sí"
"CÚCUTA","PÚBLICA","HOSPITAL UNIVERSITARIO ERASMO MEOZ","NO","LOS DEJO EN CASA","NO","NO","REDES SOCIALES","NO","Sí"
"CÚCUTA","PÚBLICA","E. S. E. HOSPITAL UNIVERSITARIO ERASMO MEOZ","NO","LOS DEJO EN CASA","NO","NO","REDES SOCIALES","NO","No"
"CÚCUTA","PÚBLICA","ACTISALUD","NO","LOS DEJO EN CASA","SI","NO","INFORMACIÓN DIRECTA","SI","Sí"
"CÚCUTA","PÚBLICA","HUEM","NO","LOS DEJO EN CASA","NO","NO","REDES SOCIALES","SI","Sí"
"CÚCUTA","PÚBLICA","SECRETARIA DE HACIENDA","SI","LOS ENTREGA A LA EMPRESA DEL ASEO","NO","NO","REDES SOCIALES","SI","Sí"
"CÚCUTA","PRIVADA","ACTISALUD","NO","LOS DEJO EN CASA","NO","NO","REDES SOCIALES","NO","Sí"
"CÚCUTA","PÚBLICA","ACTISALUD","SI","LOS ENTREGA A LA EMPRESA DEL ASEO","NO","NO","REDES SOCIALES","SI","No conozco de tecnología"
"LOS PATIOS","PÚBLICA","SECRETARÍA DE TRÁNSITO DEPARTAMENTAL","SI","LOS ENTREGA A LOS PUNTOS DE RECOLECCIÓN AUTORIZADOS (GESTORES DE RECOLECCIÓN DE RESIDUOS POSTCONSUMO)","NO","NO","REDES SOCIALES","SI","Sí"
"CÚCUTA","PÚBLICA","HOSPITAL UNIVERSITARIO ERASMO MEOZ","SI","LOS ENTREGA A LOS PUNTOS DE RECOLECCIÓN AUTORIZADOS (GESTORES DE RECOLECCIÓN DE RESIDUOS POSTCONSUMO)","NO","NO","REDES SOCIALES","NO","No conozco de tecnología"
"CÚCUTA","PÚBLICA","ESE HOSPITAL UNIVERSITARIO ERASMO MEOZ","SI","LOS VENDE A UNA EMPRESA RECICLADORA, LOS REGALA A UN FAMILIAR, AMIGO O VECINO","SI","NO","REDES SOCIALES","SI","Sí"
"CÚCUTA","PÚBLICA","ESE HOSPITAL UNIVERSITARIO ERASMO MEOZ","NO","LOS DEJO EN CASA","SI","NO","INFORMACIÓN DIRECTA, PUBLICACIÓN EN SEDE  ELECTRÓNICA","SI","Sí"
"CÚCUTA","DESEMPLEADO","NO TENGO TRABAJO","NO","LOS DEJO EN CASA","NO","NO","INFORMACION DIRECTA","SI","Sí"
"LA ESPERANZA","TRABAJADOR INDEPENDIENTE","INDEPENDIENTE","SI","LOS ENTREGA A LA EMPRESA DEL ASEO","NO","NO","INFORMACIÓN DIRECTA","SI","Sí"
"CÚCUTA","PÚBLICA","CAMARA DE REPRESENTANTES","NO","LOS REGALA A UN FAMILIAR, AMIGO O VECINO","NO","NO","REDES SOCIALES","NO","Sí"
"LA ESPERANZA","TRABAJADOR INDEPENDIENTE","DROGUERIA SAN PABLO","SI","LOS ENTREGA A LA EMPRESA DEL ASEO","NO","NO","INFORMACIÓN DIRECTA","NO","No conozco de tecnología"
"CÚCUTA","PÚBLICA","HUEM","SI","LOS DEJO EN CASA","NO","NO","REDES SOCIALES","NO","Sí"
"CÚCUTA","PRIVADA","KOBA","NO","LOS DEJO EN CASA","SI","NO","REDES SOCIALES","SI","Sí"
"CÚCUTA","PRIVADA","ACTISALUD","NO","LOS VENDE A UNA EMPRESA RECICLADORA, LOS REGALA A UN FAMILIAR, AMIGO O VECINO","SI","NO","REDES SOCIALES","SI","No"
"CÚCUTA","PÚBLICA","HOSPITAL UNIVERSITARIO ERASMO MEOZ","NO","LOS DEJO EN CASA","SI","NO","INFORMACIÓN DIRECTA","SI","Sí"
"CÚCUTA","PÚBLICA","HOSPITAL UNIVERSITARIO ERASMO MEOZ","NO","LOS DEJO EN CASA","NO","NO","REDES SOCIALES","SI","Sí"
"CÚCUTA","PÚBLICA","HOSPITAL UNIVERSITARIO ERASMO NEOZELANDÉS","NO","LOS DEJO EN CASA","NO","NO","REDES SOCIALES","SI","No"
"CÚCUTA","PÚBLICA","HOSPITAL UNIVERSITARIO ERASMO MEOZ","SI","LOS ENTREGA A LOS PUNTOS DE RECOLECCIÓN AUTORIZADOS (GESTORES DE RECOLECCIÓN DE RESIDUOS POSTCONSUMO)","NO","NO","REDES SOCIALES","SI","No"
"CÚCUTA","PÚBLICA","HOSPITAL ERAZMO MEOZ","NO","LOS DEJO EN CASA","SI","SI","RADIO","NO","No"
"ABREGO","PÚBLICA","AGENCIA DE DESARROLLO RURAL","NO","LOS DEJO EN CASA","SI","SI","INFORMACIÓN DIRECTA","SI","Sí"
"CÚCUTA","PÚBLICA","HOSPITAL UNIVERSITARIO HERASMO MEOZ","SI","LOS REGALA A UN FAMILIAR, AMIGO O VECINO","SI","NO","REDES SOCIALES","SI","Sí"
"BOCHALEMA","PÚBLICA","ASGOC","NO","LOS DEJO EN CASA","SI","NO","PUBLICACIÓN EN SEDE  ELECTRÓNICA","NO","No"
"CÚCUTA","PÚBLICA","HUEM","NO","LOS VENDE A UNA EMPRESA RECICLADORA, LOS REGALA A UN FAMILIAR, AMIGO O VECINO","SI","SI","REDES SOCIALES","NO","No"
"CÚCUTA","DESEMPLEADO","NO TENGO TRABAJO","NO","LOS DEJO EN CASA","SI","NO","REDES SOCIALES","NO","Sí"
"CÚCUTA","PÚBLICA","HOSPITAL ERASMO MEOZ","SI","LOS ENTREGA A LOS PUNTOS DE RECOLECCIÓN AUTORIZADOS (GESTORES DE RECOLECCIÓN DE RESIDUOS POSTCONSUMO)","NO","NO","REDES SOCIALES","SI","No"
"CÚCUTA","PÚBLICA","HUEM","SI","LOS ENTREGA A LOS PUNTOS DE RECOLECCIÓN AUTORIZADOS (GESTORES DE RECOLECCIÓN DE RESIDUOS POSTCONSUMO)","NO","NO","INFORMACIÓN DIRECTA","NO","Sí"
"VILLA CARO","PÚBLICA","ALCALDÍA DE VILLA CARO","SI","LOS DEJO EN CASA","NO","NO","REDES SOCIALES","SI","No"
"CÚCUTA","PÚBLICA","HOSPITAL ERASMO MEOZ","NO","LOS DEJO EN CASA","NO","NO","INFORMACIÓN DIRECTA","NO","Sí"
"CÚCUTA","PÚBLICA","HOSPITAL ERASMO MEOZ","SI","LOS ENTREGA A LOS PUNTOS DE RECOLECCIÓN AUTORIZADOS (GESTORES DE RECOLECCIÓN DE RESIDUOS POSTCONSUMO)","NO","NO","REDES SOCIALES","SI","Sí"
"CÚCUTA","TRABAJADOR INDEPENDIENTE","ACTISALUD","NO","LOS DEJO EN CASA","NO","NO","REDES SOCIALES","NO","Sí"
"CÚCUTA","PÚBLICA","HOSPITAL ERASMO MEOZ","SI","LOS REGALA A UN FAMILIAR, AMIGO O VECINO","SI","NO","REDES SOCIALES","NO","Sí"
"CÚCUTA","DESEMPLEADO","SIN FRONTERAS","NO","LOS DEJO EN CASA","NO","SI","REDES SOCIALES","NO","Sí"
"CÚCUTA","PÚBLICA","HOSPITAL UNIVERSITARIO ERASMO MEOZ","NO","LOS DEJO EN CASA","NO","NO","REDES SOCIALES","SI","Sí"
"VILLA DEL ROSARIO","PÚBLICA","DISTRIBUCIONES PASTOR JULIO DELGADO","NO","LOS ENTREGA A LOS PUNTOS DE RECOLECCIÓN AUTORIZADOS (GESTORES DE RECOLECCIÓN DE RESIDUOS POSTCONSUMO)","NO",,"INFORMACIÓN DIRECTA","NO","No"
"CÚCUTA","PÚBLICA","HUEM","NO","LOS DEJO EN CASA","NO","NO","REDES SOCIALES","NO","No conozco de tecnología"
"CÚCUTA","PÚBLICA","HOSPITAL UNIVERSITARIO ERASMO MEOZ","NO","LOS DEJO EN CASA","NO","NO","RADIO","NO","Sí"
"CÚCUTA","PÚBLICA","HOSPITAL UNIVERSITARIO ERASMO MEOZ","SI","LOS ENTREGA A LA EMPRESA DEL ASEO","SI","NO","REDES SOCIALES","SI","Sí"
"CÚCUTA","PÚBLICA","HOSPITAL UNIVERSITARIO ERASMO MEOZ","SI","LOS ENTREGA A LOS PUNTOS DE RECOLECCIÓN AUTORIZADOS (GESTORES DE RECOLECCIÓN DE RESIDUOS POSTCONSUMO)","SI","NO","REDES SOCIALES","SI","Sí"
"CÚCUTA","TRABAJADOR INDEPENDIENTE","CENABASTO","NO","LOS DEJO EN CASA","NO","NO","INFORMACION DIRECTA","SI","Sí"
"VILLA DEL ROSARIO","PRIVADA","DIMCULTURA","SI","LOS REGALA A UN FAMILIAR, AMIGO O VECINO","SI","NO","REDES SOCIALES","SI","Sí"
"VILLA DEL ROSARIO","TRABAJADOR INDEPENDIENTE","COMERCIO INFORMAL","SI","LOS REGALA A UN FAMILIAR, AMIGO O VECINO","SI","NO","REDES SOCIALES","SI","Sí"
"CÚCUTA","PRIVADA","CERÁMICA ITALIA S.A.","NO","LOS DEJO EN CASA","SI","NO","INFORMACIÓN DIRECTA","SI","Sí"
"VILLA DEL ROSARIO","PÚBLICA","EL RINCÓN","SI","LOS ENTREGA A LOS PUNTOS DE RECOLECCIÓN AUTORIZADOS (GESTORES DE RECOLECCIÓN DE RESIDUOS POSTCONSUMO)","SI","NO","INFORMACIÓN DIRECTA","SI","Sí"
"CÚCUTA","PÚBLICA","HOSPITAL UNIVEESITARIO  ERASMO MEOZ","SI","LOS REGALA A UN FAMILIAR, AMIGO O VECINO","SI","NO","REDES SOCIALES","SI","Sí"
"CÚCUTA","PÚBLICA","HOSPITAL UNIVERSITARIO ERASMO MEOZ","NO","LOS DEJO EN CASA","SI","SI","CORREO ELECTRÓNICO","NO","No"
"CÚCUTA","PÚBLICA","ASGOC","SI","LOS REGALA A UN FAMILIAR, AMIGO O VECINO","SI","NO","REDES SOCIALES","NO","No"
"CÚCUTA","PÚBLICA","ALCALDÍA DE CUCUTA","SI","LOS ENTREGA A LA EMPRESA DEL ASEO","NO","NO","INFORMACIÓN DIRECTA","SI","Sí"
"CÚCUTA","TRABAJADOR INDEPENDIENTE","IDS","NO","LOS DEJO EN CASA","NO","NO","REDES SOCIALES","SI","Sí"
"CÚCUTA","PÚBLICA","SECRETARÍA DE TRANSITO","SI","LOS ENTREGA A LOS PUNTOS DE RECOLECCIÓN AUTORIZADOS (GESTORES DE RECOLECCIÓN DE RESIDUOS POSTCONSUMO)","NO","NO","INFORMACIÓN DIRECTA","SI","Sí"
"CÚCUTA","TRABAJADOR INDEPENDIENTE","COMERCIO","SI","LOS VENDE A UNA EMPRESA RECICLADORA, LOS REGALA A UN FAMILIAR, AMIGO O VECINO","NO","NO","REDES SOCIALES","SI","No"
"LOS PATIOS","PÚBLICA","GOBERNACIÓN DE NORTE DE SANTANDER","NO","LOS DEJO EN CASA","SI","NO","REDES SOCIALES","SI","No"
"HERRÁN","AMA DE CASA","CASA","NO","LOS DEJO EN CASA","NO","NO","REDES SOCIALES","NO","Sí"
"CÚCUTA","PÚBLICA","COLEGIO EUSTORGIO COLMENARES BAPTISTA","SI","LOS REGALA A UN FAMILIAR, AMIGO O VECINO","NO","NO","CORREO ELECTRÓNICO","NO","Sí"
"VILLA DEL ROSARIO","DESEMPLEADO","ESTUDIANTE","SI","LOS ENTREGA A LOS PUNTOS DE RECOLECCIÓN AUTORIZADOS (GESTORES DE RECOLECCIÓN DE RESIDUOS POSTCONSUMO)","NO","NO","REDES SOCIALES, INFORMACIÓN DIRECTA","SI","Sí"
"VILLA DEL ROSARIO","PRIVADA","INTEGRADOS EN SALUD IPS","NO","LOS DEJO EN CASA","NO","NO","INFORMACIÓN DIRECTA","SI","Sí"
"PAMPLONA","PRIVADA","HOSPICLINIC","SI","LOS ENTREGA A LA EMPRESA DEL ASEO","NO","NO","REDES SOCIALES","SI","Sí"
"CÚCUTA","PÚBLICA","HUEM","SI","LOS ENTREGA A LA EMPRESA DEL ASEO","SI","NO","INFORMACION DIRECTA","SI","Sí"
"LOS PATIOS","PRIVADA","APUESTAS CUCUTA 75","NO","LOS VENDE A UNA EMPRESA RECICLADORA, LOS REGALA A UN FAMILIAR, AMIGO O VECINO","NO","NO","NO SABIA QUE EXISTE","NO","Sí"
"CÚCUTA","PÚBLICA","CONGRESO DE LA REPUBLICA","NO","LOS DEJO EN CASA","SI","NO","REDES SOCIALES","NO","Sí"
"CÚCUTA","PÚBLICA","IDS","NO","LOS DEJO EN CASA","SI","NO","REDES SOCIALES","NO","Sí"
"CÚCUTA","PÚBLICA","HOSPITAL ERAZMO MEOZ","NO","LOS ENTREGA A LOS PUNTOS DE RECOLECCIÓN AUTORIZADOS (GESTORES DE RECOLECCIÓN DE RESIDUOS POSTCONSUMO)","SI","NO","REDES SOCIALES","SI","Sí"
"CÚCUTA","PÚBLICA","HOSPITAL ERAZMO MEOZ","NO","LOS ENTREGA A LOS PUNTOS DE RECOLECCIÓN AUTORIZADOS (GESTORES DE RECOLECCIÓN DE RESIDUOS POSTCONSUMO)","SI","SI","REDES SOCIALES","SI","Sí"
"PAMPLONA","PÚBLICA","COLEGIO LA PRESENTACION PAMPLONA","NO","LOS DEJO EN CASA","SI","SI","INFORMACIÓN DIRECTA","SI","No"
"CÚCUTA","PÚBLICA","TRÁNSITO DEPARTAMENTAL NORTE DE SANTANDER","NO","LOS DEJO EN CASA","NO","SI","INFORMACIÓN DIRECTA","SI","Sí"
"CÚCUTA","TRABAJADOR INDEPENDIENTE","CONFECCION","SI","LOS ENTREGA A LA EMPRESA DEL ASEO","SI","SI","REDES SOCIALES, INFORMACIÓN DIRECTA","SI","Sí"
"CÚCUTA","TRABAJADOR INDEPENDIENTE","CONFECCIONES","SI","LOS ENTREGA A LA EMPRESA DEL ASEO","SI","NO","REDES SOCIALES, INFORMACIÓN DIRECTA","SI","Sí"
"CÚCUTA","TRABAJADOR INDEPENDIENTE","INDEPENDIENTE","SI","LOS ENTREGA A LA EMPRESA DEL ASEO","SI","NO","REDES SOCIALES, INFORMACIÓN DIRECTA","SI","Sí"
"CÚCUTA","PÚBLICA","INSTITUCIÓN EDUCATIVA PEDRO CUADRO HERRERA","SI","LOS ENTREGA A LA EMPRESA DEL ASEO","NO","NO","GRUPO DE WHATSAPP","NO","Sí"
"CÚCUTA","PRIVADA","ACTISALUD","NO","LOS DEJO EN CASA","SI","NO","REDES SOCIALES","NO","No"
"CÚCUTA","PÚBLICA","HOSPITAL ERASMO MEOZ","NO","LOS DEJO EN CASA","SI","NO","REDES SOCIALES","NO","No"
"ABREGO","TRABAJADOR INDEPENDIENTE","TRABAJO INDEPENDIENTE","SI","LOS ENTREGA A LOS PUNTOS DE RECOLECCIÓN AUTORIZADOS (GESTORES DE RECOLECCIÓN DE RESIDUOS POSTCONSUMO)","SI","NO","INFORMACIÓN DIRECTA","SI","Sí"
"EL ZULIA","PÚBLICA","SECRETARIA DE TRÁNSITO DEPARTAMENTAL","NO","LOS DEJO EN CASA","SI","NO","INFORMACIÓN DIRECTA","SI","No"
"CÚCUTA","TRABAJADOR INDEPENDIENTE","NO TENGO TRABAJO","NO","LOS DEJO EN CASA","SI","NO","REDES SOCIALES","SI","Sí"
"CÚCUTA","PÚBLICA","SECRETARIA DE EDUCACIÓN DE CÚCUTA","NO","LOS ENTREGA A LA EMPRESA DEL ASEO, LOS VENDE A UNA EMPRESA RECICLADORA, LOS REGALA A UN FAMILIAR, AMIGO O VECINO, LOS ENTREGA A LOS PUNTOS DE RECOLECCIÓN AUTORIZADOS (GESTORES DE RECOLECCIÓN DE RESIDUOS POSTCONSUMO)","SI","NO","REDES SOCIALES, CORREO ELECTRÓNICO","SI","Sí"
"SARDINATA","PÚBLICA","CER EL RECREO","SI","LOS VENDE A UNA EMPRESA RECICLADORA, LOS REGALA A UN FAMILIAR, AMIGO O VECINO","NO","NO","CORREO ELECTRÓNICO","SI","Sí"
"CÚCUTA","DESEMPLEADO","NO TENGO TRABAJO","SI","LOS DEJO EN CASA","NO","NO","REDES SOCIALES","NO","No conozco de tecnología"
"CÚCUTA","PÚBLICA","SECRETARIA DE AGUA POTABLE Y SANEAMIENTO BÁSICO DE NORTE DE SANTANDER","NO","LOS DEJO EN CASA","SI","NO","REDES SOCIALES","SI","Sí"
"CÚCUTA","PÚBLICA","SEM CÚCUTA","NO","LOS REGALA A UN FAMILIAR, AMIGO O VECINO","NO","NO","NO SABIA QUE EXISTE","SI","Sí"
"CÚCUTA","PÚBLICA","COLEGIO FRANCISCO JOSÉ DE CALDAS","NO","LOS DEJO EN CASA","NO","NO","INFORMACIÓN DIRECTA, CORREO ELECTRÓNICO","SI","No"
"CÚCUTA","PÚBLICA","I.E. COLEGIO FRANCISCO JOSE DE CALDAS","SI","LOS DEJO EN CASA","SI","NO","CORREO ELECTRÓNICO","SI","Sí"
"CÚCUTA","PÚBLICA","SEM CÚCUTA - COLEGIO FRANCISCO JOSÉ DE CALDAS","SI","LOS VENDE A UNA EMPRESA RECICLADORA, LOS REGALA A UN FAMILIAR, AMIGO O VECINO","NO","NO","NO SABIA QUE EXISTE","SI","Sí"
"CÚCUTA","PRIVADA","LOTERÍA DE CÚCUTA","NO","LOS DEJO EN CASA","NO","NO","INFORMACIÓN DIRECTA","SI","Sí"
"CÚCUTA","PRIVADA","COMUNIDAD DE LAS HIJAS DE MARÍN AUXILIADORA - PROVINCIA NUESTRA SEÑORA DE CHIQUINQUIRÁ","NO","LOS DEJO EN CASA","NO","NO","INFORMACION DIRECTA","SI","Sí"
"CONVENCIÓN","TRABAJADOR INDEPENDIENTE","INDEPENDIENTE","SI","LOS VENDE A UNA EMPRESA RECICLADORA, LOS REGALA A UN FAMILIAR, AMIGO O VECINO","NO","NO","REDES SOCIALES","NO","Sí"
"CONVENCIÓN","TRABAJADOR INDEPENDIENTE","EFECTY","NO","LOS VENDE A UNA EMPRESA RECICLADORA, LOS REGALA A UN FAMILIAR, AMIGO O VECINO","NO","NO","GRUPO DE WHATSAPP","SI","Sí"
"CONVENCIÓN","TRABAJADOR INDEPENDIENTE","MI CASA","NO","LOS DEJO EN CASA","NO","NO","REDES SOCIALES","NO","No me interesa el tema"
"CÚCUTA","PÚBLICA","COLEGIO FRANCISCO JOSE DE CALDAS","SI","LOS ENTREGA A LA EMPRESA DEL ASEO, LOS VENDE A UNA EMPRESA RECICLADORA, LOS REGALA A UN FAMILIAR, AMIGO O VECINO","NO","NO","REDES SOCIALES","NO","No"
"OCAÑA","TRABAJADOR INDEPENDIENTE","OBRAS","NO","LOS DEJO EN CASA","NO","NO","INFORMACIÓN DIRECTA","NO","Sí"
"TOLEDO","PÚBLICA","SECRETARIA DE EDUCACION DE NORTE DE SANTANDER","NO","LOS DEJO EN CASA","NO","NO","REDES SOCIALES, INFORMACIÓN DIRECTA, PUBLICACIÓN EN SEDE  ELECTRÓNICA","NO","Sí"
"ABREGO","PÚBLICA","C.E.R BAJO PAVEZ","NO","LOS DEJO EN CASA","SI","NO","CORREO ELECTRÓNICO","NO","Sí"
"CÚCUTA","PÚBLICA","HUEM","NO","LOS DEJO EN CASA","SI","NO","REDES SOCIALES","NO","Sí"
"CÚCUTA","PRIVADA","LOTERÍA DE CÚCUTA","NO","LOS DEJO EN CASA","NO","NO","INFORMACIÓN DIRECTA","NO","Sí"
"CÚCUTA","TRABAJADOR INDEPENDIENTE","TIENDA PERSONAL","SI","LOS ENTREGA A LA EMPRESA DEL ASEO","NO","NO","INFORMACION DIRECTA","NO","Sí"
"CÚCUTA","PÚBLICA","IE COLEGIO FRANCISCO JOSÉ DE CALDAS","NO","LOS DEJO EN CASA","SI","NO","NO SABIA QUE EXISTE","SI","Sí"
"CÚCUTA","PRIVADA","COMUNIDAD DE LAS HIJAS DE MARÍA AUXILIADORA - PROVINCIA NUESTRA SEÑORA DE CHIQUINQUIRÁ","SI","LOS ENTREGA A LA EMPRESA DEL ASEO","NO","NO","INFORMACION DIRECTA","NO","Sí"
"CÚCUTA","PÚBLICA","PERSONERÍA","NO","LOS DEJO EN CASA","SI","NO","REDES SOCIALES","SI","Sí"
"CÚCUTA","TRABAJADOR INDEPENDIENTE","INDEPENDIENTE","NO","LOS ENTREGA A LA EMPRESA DEL ASEO","NO","NO","INFORMACIÓN DIRECTA","SI","Sí"
"CÚCUTA","PRIVADA","JARDÍN MÍ PRIMER PASO","SI","LOS REGALA A UN FAMILIAR, AMIGO O VECINO","SI","NO","REDES SOCIALES","NO","Sí"
"CÚCUTA","PRIVADA","FOCUS YOUR MIND","NO","LOS DEJO EN CASA","NO","NO","INFORMACION DIRECTA","SI","Sí"
"CÚCUTA","TRABAJADOR INDEPENDIENTE","HOGAR","SI","LOS ENTREGA A LA EMPRESA DEL ASEO","NO","NO","INFORMACIÓN DIRECTA","NO","Sí"
"CÚCUTA","PRIVADA","LA MEJOR","NO","LOS DEJO EN CASA","NO","NO","INFORMACION DIRECTA","NO","Sí"
"CÚCUTA","PÚBLICA","LOTERÍA DE CUCUTA","SI","LOS ENTREGA A LOS PUNTOS DE RECOLECCIÓN AUTORIZADOS (GESTORES DE RECOLECCIÓN DE RESIDUOS POSTCONSUMO)","NO","SI","INFORMACIÓN DIRECTA","NO","No"
"LA PLAYA DE BELÉN","PÚBLICA","ALCALDÍA MUNICIPAL","SI","LOS REGALA A UN FAMILIAR, AMIGO O VECINO","NO","NO","CORREO ELECTRÓNICO","SI","Sí"
"CONVENCIÓN","TRABAJADOR INDEPENDIENTE","NO TENGO TRABAJO","SI","LOS REGALA A UN FAMILIAR, AMIGO O VECINO","NO","NO","REDES SOCIALES","SI","Sí"
"CÚCUTA","TRABAJADOR INDEPENDIENTE","DISEÑOS MARTHA ISABEL RAMIREZ","SI","LOS ENTREGA A LOS PUNTOS DE RECOLECCIÓN AUTORIZADOS (GESTORES DE RECOLECCIÓN DE RESIDUOS POSTCONSUMO)","NO","NO","REDES SOCIALES","SI","Sí"
"CÚCUTA","TRABAJADOR INDEPENDIENTE","NO TENGO TRABAJO","NO","LOS DEJO EN CASA","NO","NO","REDES SOCIALES","NO","Sí"
"CÚCUTA","PÚBLICA","LOTERÍA DE CÙCUTA","NO","LOS ENTREGA A LOS PUNTOS DE RECOLECCIÓN AUTORIZADOS (GESTORES DE RECOLECCIÓN DE RESIDUOS POSTCONSUMO)","SI","NO","REDES SOCIALES","SI","Sí"
"CÚCUTA","TRABAJADOR INDEPENDIENTE","SPA","NO","LOS DEJO EN CASA","NO","NO","REDES SOCIALES","NO","No conozco de tecnología"
"CÚCUTA","PÚBLICA","FRANCISCO JOSÉ DE  CALDAS","SI","LOS ENTREGA A LOS PUNTOS DE RECOLECCIÓN AUTORIZADOS (GESTORES DE RECOLECCIÓN DE RESIDUOS POSTCONSUMO)","SI","NO","REDES SOCIALES","NO","Sí"
"CÚCUTA","TRABAJADOR INDEPENDIENTE","TALLER SATÉLITE","NO","LOS VENDE A UNA EMPRESA RECICLADORA, LOS REGALA A UN FAMILIAR, AMIGO O VECINO","SI","NO","RADIO","NO","No"
"CÚCUTA","DESEMPLEADO","INSTITUTO TÉCNICO MERCEDES ABREGO","SI","LOS ENTREGA A LOS PUNTOS DE RECOLECCIÓN AUTORIZADOS (GESTORES DE RECOLECCIÓN DE RESIDUOS POSTCONSUMO)","NO","NO","REDES SOCIALES","NO","Sí"
"CÚCUTA","PRIVADA","MUEBLERÍA CASA ELEGANTE","SI","LOS DEJO EN CASA","NO","NO","REDES SOCIALES","SI","Sí"
"CÚCUTA","PRIVADA","MEDICUC","NO","LOS ENTREGA A LA EMPRESA DEL ASEO","NO","NO","REDES SOCIALES","NO","Sí"
"CÚCUTA","TRABAJADOR INDEPENDIENTE","TUTORIAS","SI","LOS REGALA A UN FAMILIAR, AMIGO O VECINO","NO","NO","REDES SOCIALES","SI","Sí"
"CÚCUTA","TRABAJADOR INDEPENDIENTE","CASA","SI","LOS DEJO EN CASA","NO","NO","INFORMACIÓN DIRECTA","SI","Sí"
"PAMPLONA","TRABAJADOR INDEPENDIENTE","VISIBLES","NO","LOS DEJO EN CASA","SI","NO","REDES SOCIALES","NO","Sí"
"CÚCUTA","TRABAJADOR INDEPENDIENTE","COMIDAS RAPIDAS","NO","LOS ENTREGA A LOS PUNTOS DE RECOLECCIÓN AUTORIZADOS (GESTORES DE RECOLECCIÓN DE RESIDUOS POSTCONSUMO)","SI","NO","REDES SOCIALES","NO","Sí"
"CÚCUTA","PÚBLICA","I.E.COLEGIO FRANCISCO JOSÉ DE CALDAS","NO","LOS ENTREGA A LOS PUNTOS DE RECOLECCIÓN AUTORIZADOS (GESTORES DE RECOLECCIÓN DE RESIDUOS POSTCONSUMO)","SI","NO","REDES SOCIALES","SI","Sí"
"CÚCUTA","AMA DE CASA","CASA DE FAMILIA","NO","LOS DEJO EN CASA","NO","NO","REDES SOCIALES","SI","Sí"
"CÚCUTA","PRIVADA","SALÓN DE BELLEZA DULCE SANDÍA","NO","LOS DEJO EN CASA","NO","NO","INFORMACIÓN DIRECTA","SI","Sí"
"CÚCUTA","PRIVADA","LOGISTCARGA S.A.S","NO","LOS DEJO EN CASA","NO","NO","REDES SOCIALES","SI","Sí"
"CÚCUTA","DESEMPLEADO","NO TENGO TRABAJO","NO","LOS DEJO EN CASA","NO","NO","REDES SOCIALES","SI","Sí"
"CÚCUTA","TRABAJADOR INDEPENDIENTE","INDEPENDIENTE","NO","LOS DEJO EN CASA","NO","NO","INFORMACIÓN DIRECTA","NO","No conozco de tecnología"
"CÚCUTA","PRIVADA","TODO MOTOS LA 18A","SI","LOS ENTREGA A LOS PUNTOS DE RECOLECCIÓN AUTORIZADOS (GESTORES DE RECOLECCIÓN DE RESIDUOS POSTCONSUMO)","SI","NO","REDES SOCIALES","SI","Sí"
"CÚCUTA","TRABAJADOR INDEPENDIENTE","COMERCIANTE","NO","LOS VENDE A UNA EMPRESA RECICLADORA, LOS REGALA A UN FAMILIAR, AMIGO O VECINO","SI","NO","REDES SOCIALES","SI","Sí"
"CÚCUTA","PRIVADA","HOTEL CASABLANCA","NO","LOS VENDE A UNA EMPRESA RECICLADORA, LOS REGALA A UN FAMILIAR, AMIGO O VECINO","NO","NO","RADIO","NO","No conozco de tecnología"
"CÚCUTA","PRIVADA","PANADERIA JORLI","SI","LOS REGALA A UN FAMILIAR, AMIGO O VECINO","NO","NO","INFORMACIÓN DIRECTA","SI","No"
"CÚCUTA","TRABAJADOR INDEPENDIENTE","CASA","NO","LOS DEJO EN CASA","NO","NO","REDES SOCIALES","SI","Sí"
"CÚCUTA","PRIVADA","PONQUÉ ROSMY","SI","LOS REGALA A UN FAMILIAR, AMIGO O VECINO","NO","NO","REDES SOCIALES","SI","Sí"
"CÚCUTA","PENSIONADO","INDEPENDIENTE","NO","LOS DEJO EN CASA","NO","NO","REDES SOCIALES","NO","Sí"
"CONVENCIÓN","TRABAJADOR INDEPENDIENTE","TRABAJO INDEPENDIENTE","NO","LOS ENTREGA A LA EMPRESA DEL ASEO","SI","NO","POR PARTE DE LA RECTORA DE LA ESCUELA NORMAL SUPERIOR CONVENCIÓN","SI","No"
"CÚCUTA","PRIVADA","SOLUCIONES CREATIVAS AUDIOVISUALES","NO","LOS DEJO EN CASA","SI","NO","REDES SOCIALES","NO","Sí"
"CÚCUTA","PRIVADA","URIBE STYLE SAS","SI","LOS ENTREGA A LA EMPRESA DEL ASEO, LOS REGALA A UN FAMILIAR, AMIGO O VECINO","NO","NO","INFORMACIÓN DIRECTA","SI","No"
"CÚCUTA","PÚBLICA","INNOVATECHIT","SI","LOS VENDE A UNA EMPRESA RECICLADORA, LOS REGALA A UN FAMILIAR, AMIGO O VECINO","NO","NO","INFORMACIÓN DIRECTA","SI","Sí"
"CÚCUTA","PÚBLICA","SECRETARIA DE EDUCACIÓN MUNICIPAL CÚCUTA","NO","LOS DEJO EN CASA","NO","NO","REDES SOCIALES","SI","Sí"
"CÚCUTA","TRABAJADOR INDEPENDIENTE","CONTADOR INDEPENFIENTE","NO","LOS DEJO EN CASA","NO","NO","CORREO ELECTRÓNICO","NO","Sí"
"CÚCUTA","PÚBLICA","UFPSO","NO","LOS DEJO EN CASA","NO","SI","INFORMACIÓN DIRECTA","SI","Sí"
"CÚCUTA","AMA DE CASA","AMA DE CASA","NO","LOS DEJO EN CASA","NO","NO","REDES SOCIALES","NO","No conozco de tecnología"
"CÚCUTA","TRABAJADOR INDEPENDIENTE","CONTADOR PUBLICO","NO","LOS DEJO EN CASA","NO","NO","CORREO ELECTRÓNICO","NO","Sí"
"CÚCUTA","PRIVADA","AUTO MARCOL MOTO SAS","NO","LOS VENDE A UNA EMPRESA RECICLADORA, LOS REGALA A UN FAMILIAR, AMIGO O VECINO","NO","NO","REDES SOCIALES","SI","No conozco de tecnología"
"CÚCUTA","TRABAJADOR INDEPENDIENTE","HOGAR","SI","LOS DEJO EN CASA","NO","NO","INFORMACIÓN DIRECTA","NO","Sí"
"CÚCUTA","TRABAJADOR INDEPENDIENTE","HOGAR","SI","LOS DEJO EN CASA","NO","NO","INFORMACIÓN DIRECTA","NO","Sí"
"CÚCUTA","PRIVADA","AGUAS KPITAL CÚCUTA S.A. E.S.P.","NO","LOS DEJO EN CASA","SI","NO","REDES SOCIALES","SI","Sí"
"CÚCUTA","PÚBLICA","INSTITUTO TÉCNICO NACIONAL DE COMERCIO","NO","LOS DEJO EN CASA","NO","NO","REDES SOCIALES","SI","Sí"
"CÚCUTA","PRIVADA","LABORATORIO ADRIANA CASTAÑEDA","NO","LOS DEJO EN CASA","NO","NO","INFORMACIÓN DIRECTA","NO","No"
"CÚCUTA","PÚBLICA","GOBERNACIÓN NORTE DE SANTANDER","SI","LOS REGALA A UN FAMILIAR, AMIGO O VECINO","SI","NO","REDES SOCIALES","SI","Sí"
"CÚCUTA","TRABAJADOR INDEPENDIENTE","INDEPENDIENTE","SI","LOS REGALA A UN FAMILIAR, AMIGO O VECINO","NO","NO","REDES SOCIALES","SI","No"
"CÚCUTA","TRABAJADOR INDEPENDIENTE","BELLEZA","SI","LOS REGALA A UN FAMILIAR, AMIGO O VECINO","NO","NO","REDES SOCIALES","NO","Sí"
"CÚCUTA","PÚBLICA","ROPITA SION","NO","LOS DEJO EN CASA","NO","NO","REDES SOCIALES","SI","Sí"
"CÚCUTA","PENSIONADO","NO TENGO TRABAJO","NO","LOS DEJO EN CASA","NO","NO","REDES SOCIALES","SI","Sí"
"CÚCUTA","TRABAJADOR INDEPENDIENTE","INDEPENDIENTE","NO","LOS DEJO EN CASA","NO","NO","INFORMACIÓN DIRECTA","NO","Sí"
"PAMPLONA","PRIVADA","IPS MECAS SALUD DOMICILIARIA SAS","SI","LOS REGALA A UN FAMILIAR, AMIGO O VECINO","NO","NO","REDES SOCIALES","SI","Sí"
"EL CARMEN","PÚBLICA","INSTITUTO DEPARTAMENTAL DE SALUD","SI","LOS ENTREGA A LOS PUNTOS DE RECOLECCIÓN AUTORIZADOS (GESTORES DE RECOLECCIÓN DE RESIDUOS POSTCONSUMO)","SI","SI","REDES SOCIALES","SI","Sí"
"LOS PATIOS","PÚBLICA","SECRETARIA DE EDUCACIÓN MUNICIPAL CÚCUTA","NO","LOS DEJO EN CASA","SI","NO","REDES SOCIALES","SI","Sí"
"CÚCUTA","TRABAJADOR INDEPENDIENTE","EN MI CASA","NO","LOS DEJO EN CASA","SI","NO","REDES SOCIALES","NO","Sí"
"EL CARMEN","PÚBLICA","SECRETARÍA DE EDUCACIÓN","SI","LOS ENTREGA A LOS PUNTOS DE RECOLECCIÓN AUTORIZADOS (GESTORES DE RECOLECCIÓN DE RESIDUOS POSTCONSUMO)","SI","SI","PUBLICACIÓN EN SEDE  ELECTRÓNICA","SI","Sí"
"EL CARMEN","PÚBLICA","INSTITUCIÓN EDUCATIVA ENRIQUE PARDO FARELO","NO","LOS DEJO EN CASA","SI","SI","REDES SOCIALES","SI","No"
"EL CARMEN","PÚBLICA","I.E ENRIQUE PARDO FARELO.","SI","LOS ENTREGA A LA EMPRESA DEL ASEO","NO","SI","INFORMACIÓN DIRECTA","SI","Sí"
"CÚCUTA","PÚBLICA","GOBERNACIÓN","SI","LOS ENTREGA A LA EMPRESA DEL ASEO","SI","SI","REDES SOCIALES","NO","Sí"
"CÚCUTA","DESEMPLEADO","NO TENGO TRABAJO","SI","LOS ENTREGA A LA EMPRESA DEL ASEO, LOS VENDE A UNA EMPRESA RECICLADORA, LOS REGALA A UN FAMILIAR, AMIGO O VECINO","SI","NO","INFORMACIÓN DIRECTA","NO","Sí"
"CÚCUTA","PRIVADA","FRESKALECHE","NO","LOS DEJO EN CASA","SI","NO","REDES SOCIALES","SI","Sí"
"PAMPLONA","PRIVADA","IPS MECAS SALUD DOMICILIARIA SAS","SI","LOS REGALA A UN FAMILIAR, AMIGO O VECINO","NO","NO","REDES SOCIALES","SI","Sí"
"CÚCUTA","PRIVADA","SUPERMERCADO LA ONCE FAMILIAR","NO","LOS ENTREGA A LA EMPRESA DEL ASEO","NO","NO","REDES SOCIALES","NO","Sí"
"EL CARMEN","PÚBLICA","ENRIQUE PARDO FARELO","SI","LOS REGALA A UN FAMILIAR, AMIGO O VECINO","SI","NO","REDES SOCIALES","SI","Sí"
"CÚCUTA","PRIVADA","GASEOSAS HIPINTO SAS","SI","LOS REGALA A UN FAMILIAR, AMIGO O VECINO","SI","NO","REDES SOCIALES","NO","Sí"
"CÚCUTA","TRABAJADOR INDEPENDIENTE","HOGAR","NO","LOS DEJO EN CASA","NO","NO","INFORMACIÓN DIRECTA","NO","Sí"
"CÚCUTA","PRIVADA","TVNOVEDADES","SI","LOS REGALA A UN FAMILIAR, AMIGO O VECINO","NO","NO","INFORMACIÓN DIRECTA","NO","Sí"
"EL CARMEN","PÚBLICA","CONCEJO MUNICIPAL","SI","LOS ENTREGA A LOS PUNTOS DE RECOLECCIÓN AUTORIZADOS (GESTORES DE RECOLECCIÓN DE RESIDUOS POSTCONSUMO)","SI","SI","REDES SOCIALES","SI","Sí"
"EL CARMEN","PRIVADA","AMERICANA DE SERVICIOS","NO","LOS DEJO EN CASA","NO","NO","REDES SOCIALES","SI","Sí"
"CÚCUTA","PRIVADA","HOTEL","SI","LOS ENTREGA A LA EMPRESA DEL ASEO","SI","NO","INFORMACION DIRECTA","SI","Sí"
"EL CARMEN","PÚBLICA","ALCALDÍA","NO","LOS VENDE A UNA EMPRESA RECICLADORA, LOS REGALA A UN FAMILIAR, AMIGO O VECINO","SI","SI","REDES SOCIALES","SI","Sí"
"CONVENCIÓN","DESEMPLEADO","ESCUELA NORMAL SUPERIOR","NO","LOS ENTREGA A LOS PUNTOS DE RECOLECCIÓN AUTORIZADOS (GESTORES DE RECOLECCIÓN DE RESIDUOS POSTCONSUMO)","NO","SI","REDES SOCIALES","NO","Sí"
"CÚCUTA","PÚBLICA","HOSPITAL ERASMO MEOZ","SI","LOS ENTREGA A LA EMPRESA DEL ASEO","NO","NO","CORREO ELECTRÓNICO","NO","No"
"EL CARMEN","DESEMPLEADO","NO TENGO TRABAJO","NO","LOS VENDE A UNA EMPRESA RECICLADORA, LOS REGALA A UN FAMILIAR, AMIGO O VECINO","SI","NO","REDES SOCIALES","SI","Sí"
"EL CARMEN","DESEMPLEADO","DESPLEADO","NO","LOS DEJO EN CASA","NO","NO","REDES SOCIALES","NO","Sí"
"EL CARMEN","PÚBLICA","ALCALDIA MUNICIAL","SI","LOS ENTREGA A LOS PUNTOS DE RECOLECCIÓN AUTORIZADOS (GESTORES DE RECOLECCIÓN DE RESIDUOS POSTCONSUMO)","NO","SI","INFORMACIÓN DIRECTA","SI","Sí"
"EL CARMEN","TRABAJADOR INDEPENDIENTE","TRABAJO CON REVISTAS","SI","LOS ENTREGA A LOS PUNTOS DE RECOLECCIÓN AUTORIZADOS (GESTORES DE RECOLECCIÓN DE RESIDUOS POSTCONSUMO)","SI","SI","REDES SOCIALES","NO","Sí"
"EL CARMEN","TRABAJADOR INDEPENDIENTE","CAFETERÍA","SI","LOS DEJO EN CASA","NO","NO","REDES SOCIALES","NO","Sí"
"EL CARMEN","TRABAJADOR INDEPENDIENTE","VENDO ZAPATOS Y ROPA","SI","LOS ENTREGA A LOS PUNTOS DE RECOLECCIÓN AUTORIZADOS (GESTORES DE RECOLECCIÓN DE RESIDUOS POSTCONSUMO)","NO","SI","INFORMACIÓN DIRECTA","SI","Sí"
"EL CARMEN","AMA DE CASA","CASA","NO","LOS DEJO EN CASA","NO","NO","REDES SOCIALES","SI","Sí"
"CÚCUTA","PÚBLICA","IDS","SI","LOS REGALA A UN FAMILIAR, AMIGO O VECINO","NO","SI","REDES SOCIALES","SI","Sí"
"CÚCUTA","PÚBLICA","GOBERNACION DE NORTE DE SANTANDER","SI","LOS ENTREGA A LA EMPRESA DEL ASEO","NO","SI","REDES SOCIALES","SI","Sí"
"OCAÑA","PÚBLICA","I.E LA PRESENTACION","NO","LOS DEJO EN CASA","SI","NO","REDES SOCIALES","SI","Sí"
"CÚCUTA","PÚBLICA","INSTITUTO TÉCNICO NACIONAL DE COMERCIO","SI","LOS ENTREGA A LOS PUNTOS DE RECOLECCIÓN AUTORIZADOS (GESTORES DE RECOLECCIÓN DE RESIDUOS POSTCONSUMO)","NO","NO","NO SABIA QUE EXISTE","SI","Sí"
"OCAÑA","PÚBLICA","SECRETARIA DE EDUCACIÓN DE NORTE DE SANTANDER","SI","LOS DEJO EN CASA","NO","NO","REDES SOCIALES","SI","Sí"
"CÚCUTA","PÚBLICA","SECRETARIA DE EDUCACION","SI","LOS ENTREGA A LOS PUNTOS DE RECOLECCIÓN AUTORIZADOS (GESTORES DE RECOLECCIÓN DE RESIDUOS POSTCONSUMO)","SI","SI","REDES SOCIALES","NO","Sí"
"OCAÑA","PÚBLICA","EJÉRCITO NACIONAL","NO","LOS DEJO EN CASA","SI","NO","REDES SOCIALES","SI","Sí"
"CÚCUTA","PÚBLICA","SECRETARIA DE EDUCACIÓN","SI","LOS REGALA A UN FAMILIAR, AMIGO O VECINO","SI","NO","INFORMACIÓN DIRECTA","NO","Sí"
"EL CARMEN","PÚBLICA","SECRETARIA DE CULTURA TURISMO RECREACIÓN Y DEPORTE","NO","LOS DEJO EN CASA","SI","NO","REDES SOCIALES","SI","No"
"EL CARMEN","PÚBLICA","ALCALDÍA MUNICIPAL.","SI","LOS VENDE A UNA EMPRESA RECICLADORA, LOS REGALA A UN FAMILIAR, AMIGO O VECINO","SI","NO","INFORMACIÓN DIRECTA","SI","Sí"
"EL ZULIA","PRIVADA","CALIDAD TOTAL","NO","LOS VENDE A UNA EMPRESA RECICLADORA, LOS REGALA A UN FAMILIAR, AMIGO O VECINO","NO","NO","POR MEDIO DE UNA COMPAÑERA DE TRABAJO","NO","Sí"
"CÚCUTA","TRABAJADOR INDEPENDIENTE","NO TENGO TRABAJO","NO","LOS DEJO EN CASA","NO","NO","INFORMACIÓN DIRECTA","SI","Sí"
"CÚCUTA","PRIVADA","ASGOC","NO","LOS DEJO EN CASA","NO","NO","REDES SOCIALES","SI","Sí"
"EL ZULIA","PÚBLICA","IE. FRANCISCO DE PAULA SANTANDER","NO","LOS DEJO EN CASA","SI","SI","REDES SOCIALES","SI","Sí"
"EL TARRA","PÚBLICA","IE ORU BAJO","SI","LOS ENTREGA A LA EMPRESA DEL ASEO","SI","SI","INFORMACIÓN DIRECTA","SI","Sí"
"CÚCUTA","PÚBLICA","GOBERNACION","SI","LOS VENDE A UNA EMPRESA RECICLADORA, LOS REGALA A UN FAMILIAR, AMIGO O VECINO","NO","NO","REDES SOCIALES","SI","Sí"
"CÚCUTA","PÚBLICA","LOTERÍA DE CÚCUTA","NO","LOS DEJO EN CASA","NO","NO","INFORMACIÓN DIRECTA","SI","Sí"
"EL CARMEN","PÚBLICA","INSTITUCIÓN EDUCATIVA COLEGIO SANTO ÁNGEL","NO","LOS ENTREGA A LA EMPRESA DEL ASEO","SI","NO","REDES SOCIALES","SI","Sí"
"OCAÑA","PÚBLICA","I.E. LA PRESENTACIÓN","SI","LOS ENTREGA A LOS PUNTOS DE RECOLECCIÓN AUTORIZADOS (GESTORES DE RECOLECCIÓN DE RESIDUOS POSTCONSUMO)","SI","SI","REDES SOCIALES, INFORMACIÓN DIRECTA","SI","Sí"
"CHINÁCOTA","TRABAJADOR INDEPENDIENTE","CABAÑAS CHINACOTA","NO","LOS DEJO EN CASA","NO","NO","REDES SOCIALES","SI","Sí"
"CÚCUTA","TRABAJADOR INDEPENDIENTE","NO TENGO TRABAJO","SI","LOS REGALA A UN FAMILIAR, AMIGO O VECINO","NO","NO","REDES SOCIALES","NO","Sí"
"LOS PATIOS","TRABAJADOR INDEPENDIENTE","OFICINA PROPIA","SI","LOS REGALA A UN FAMILIAR, AMIGO O VECINO","NO","NO","REDES SOCIALES","SI","Sí"
"EL ZULIA","TRABAJADOR INDEPENDIENTE","PARCELA LA VICTORIA","SI","LOS VENDE A UNA EMPRESA RECICLADORA, LOS REGALA A UN FAMILIAR, AMIGO O VECINO","NO","NO","REDES SOCIALES","SI","Sí"
"CÚCUTA","PÚBLICA","INSTITUCIÓN EDUCATIVA INEM JOSÉ EUSEBIO CARO","NO","LOS DEJO EN CASA","NO","NO","REDES SOCIALES","SI","Sí"
"CÚCUTA","PRIVADA","CLARO","NO","LOS DEJO EN CASA","NO","NO","REDES SOCIALES","SI","Sí"
"CÚCUTA","PRIVADA","CALIDAD TOTAL","SI","LOS DEJO EN CASA","NO","NO","REDES SOCIALES","SI","Sí"
"CÚCUTA","PRIVADA","EMPRESA DE SEGURIDAD","SI","LOS VENDE A UNA EMPRESA RECICLADORA, LOS REGALA A UN FAMILIAR, AMIGO O VECINO","NO","NO","POR MEDIO DEL COLEGIO","NO","No"
"MUTISCUA","PÚBLICA","ALCALDIA MUTISCUA","SI","LOS ENTREGA A LA EMPRESA DEL ASEO","NO","NO","REDES SOCIALES","SI","Sí"
"CÚCUTA","TRABAJADOR INDEPENDIENTE","ZEUS PUBLICIDAD","SI","LOS REGALA A UN FAMILIAR, AMIGO O VECINO","NO","NO","REDES SOCIALES","SI","Sí"
"CÚCUTA","TRABAJADOR INDEPENDIENTE","PUBLI CUCUTA","NO","LOS REGALA A UN FAMILIAR, AMIGO O VECINO","SI","NO","REDES SOCIALES","SI","Sí"
"CÚCUTA","DESEMPLEADO","DESPLEADO","NO","LOS REGALA A UN FAMILIAR, AMIGO O VECINO","SI","NO","REDES SOCIALES","SI","Sí"
"EL CARMEN","PÚBLICA","INSTITUCIÓN EDUCATIVA COLEGIO SANTO ÁNGEL","NO","LOS DEJO EN CASA","SI","NO","REDES SOCIALES","SI","Sí"
"CÚCUTA","PÚBLICA","GOBERNACIÓN NORTE DE SANTANDER","SI","LOS ENTREGA A LOS PUNTOS DE RECOLECCIÓN AUTORIZADOS (GESTORES DE RECOLECCIÓN DE RESIDUOS POSTCONSUMO)","SI","NO","REDES SOCIALES","NO","Sí"
"CÚCUTA","PRIVADA","ACTISALUD","NO","LOS DEJO EN CASA","SI","NO","CORREO ELECTRÓNICO","SI","Sí"
"CÚCUTA","PÚBLICA","SECRETARIA DE EDUCACIÓN MUNICIPAL","NO","LOS DEJO EN CASA","SI","NO","REDES SOCIALES","SI","Sí"
"CÚCUTA","PÚBLICA","FRANCISCO JOSE DE CALDAS","NO","LOS ENTREGA A LOS PUNTOS DE RECOLECCIÓN AUTORIZADOS (GESTORES DE RECOLECCIÓN DE RESIDUOS POSTCONSUMO)","SI","NO","INFORMACIÓN DIRECTA","NO","No"
"CÚCUTA","PÚBLICA","COLEGIO FRANCISCO JOSÉ DE CALDAS","SI","LOS ENTREGA A LA EMPRESA DEL ASEO, LOS VENDE A UNA EMPRESA RECICLADORA, LOS REGALA A UN FAMILIAR, AMIGO O VECINO","NO","NO","REDES SOCIALES","SI","Sí"
"CÚCUTA","PÚBLICA","FRANCISCO JOSÉ DE CALDAS","NO","LOS DEJO EN CASA","SI","SI","INFORMACIÓN DIRECTA","SI","Sí"
"OCAÑA","TRABAJADOR INDEPENDIENTE","CAEKA SAS","NO","LOS DEJO EN CASA","NO","NO","REDES SOCIALES","SI","No"
"OCAÑA","TRABAJADOR INDEPENDIENTE","INDEPENDIENTE","NO","LOS DEJO EN CASA","NO","NO","REDES SOCIALES","NO","Sí"
"OCAÑA","AMA DE CASA","AMA DE CASA","NO","LOS VENDE A UNA EMPRESA RECICLADORA, LOS REGALA A UN FAMILIAR, AMIGO O VECINO","NO","NO","REDES SOCIALES","NO","No"
"OCAÑA","TRABAJADOR INDEPENDIENTE","LIZ DISEÑOS","NO","LOS DEJO EN CASA","NO","NO","INFORMACION DIRECTA","SI","Sí"
"CÚCUTA","TRABAJADOR INDEPENDIENTE","RITMOSHOP","NO","LOS DEJO EN CASA","SI","NO","INFORMACIÓN DIRECTA","SI","Sí"
"CONVENCIÓN","PÚBLICA","INSTITUTO TÉCNICO AGRÍCOLA","SI","LOS DEJO EN CASA","SI","NO","REDES SOCIALES","SI","Sí"
"CÚCUTA","PRIVADA","LABORATORIO CLÍNICO DRA JOHANNA PORTILLA","SI","LOS DEPOSITO EN CONTENEDORES PARA RECICLAJE","NO","NO","INFORMACION DIRECTA","SI","No tenía conocimiento"
"CÚCUTA","TRABAJADOR INDEPENDIENTE","HOGAR","SI","LOS ENTREGA A LOS PUNTOS DE RECOLECCIÓN AUTORIZADOS (GESTORES DE RECOLECCIÓN DE RESIDUOS POSTCONSUMO)","NO","NO","INFORMACION DIRECTA","NO","Sí"
"CÚCUTA","PÚBLICA","CONTRALORÍA","NO","LOS DEJO EN CASA","NO","NO","INFORMACIÓN DIRECTA","SI","Sí"
"OCAÑA","TRABAJADOR INDEPENDIENTE","EN CASA","SI","LOS VENDE A UNA EMPRESA RECICLADORA, LOS REGALA A UN FAMILIAR, AMIGO O VECINO","NO","NO","REDES SOCIALES","NO","Sí"
"OCAÑA","TRABAJADOR INDEPENDIENTE","MARIACHI GARIBALDI","SI","LOS REGALA A UN FAMILIAR, AMIGO O VECINO","NO","NO","REDES SOCIALES","SI","Sí"
"OCAÑA","TRABAJADOR INDEPENDIENTE","TAXISTA","SI","LOS ENTREGA A LA EMPRESA DEL ASEO","NO","NO","REDES SOCIALES","NO","Sí"
"OCAÑA","TRABAJADOR INDEPENDIENTE","INDEPENDIENTE","NO","LOS DEJO EN CASA","NO","NO","REDES SOCIALES","NO","Sí"
"CÚCUTA","TRABAJADOR INDEPENDIENTE","INDEPENDIENTE","SI","LOS REGALA A UN FAMILIAR, AMIGO O VECINO","SI","SI","REDES SOCIALES","SI","Sí"
"OCAÑA","PÚBLICA","COLEGIO LA PRESENTACIÓN","SI","LOS ENTREGA A LA EMPRESA DEL ASEO","NO","NO","REDES SOCIALES","NO","Sí"
"OCAÑA","TRABAJADOR INDEPENDIENTE","HOGAR","SI","LOS ENTREGA A LA EMPRESA DEL ASEO","NO","NO","REDES SOCIALES","SI","Sí"
"CONVENCIÓN","PÚBLICA","BANCO AGRARIO","SI","LOS VENDE A UNA EMPRESA RECICLADORA, LOS REGALA A UN FAMILIAR, AMIGO O VECINO","NO","NO","REDES SOCIALES","SI","Sí"
"PAMPLONA","PRIVADA","PACU","NO","LOS ENTREGA A LOS PUNTOS DE RECOLECCIÓN AUTORIZADOS (GESTORES DE RECOLECCIÓN DE RESIDUOS POSTCONSUMO)","SI","NO","REDES SOCIALES","SI","Sí"
"CÚCUTA","TRABAJADOR INDEPENDIENTE","KUKUY SHOES","NO","LOS DEJO EN CASA","NO","NO","REDES SOCIALES","SI","Sí"
"OCAÑA","PÚBLICA","INSTITUCIÓN EDUCATIVA LA PRESENTACIÓN","SI","LOS ENTREGA A LA EMPRESA DEL ASEO","SI","SI","TELEVISIÓN","SI","Sí"
"CONVENCIÓN","TRABAJADOR INDEPENDIENTE","FINCA BOCACHILLO","SI","LOS VENDE A UNA EMPRESA RECICLADORA, LOS REGALA A UN FAMILIAR, AMIGO O VECINO","NO","NO","INFORMACIÓN DIRECTA","NO","Sí"
"OCAÑA","PRIVADA","FUNDACIÓN CONSTRUYENDO TEJIDO SOCIAL","NO","LOS DEJO EN CASA","SI","NO","REDES SOCIALES","NO","Sí"
"OCAÑA","PÚBLICA","SED NORTE DE SANTANDER","NO","LOS VENDE A UNA EMPRESA RECICLADORA, LOS REGALA A UN FAMILIAR, AMIGO O VECINO","SI","NO","INFORMACION DIRECTA","SI","No"
"CONVENCIÓN","AMA DE CASA","HOGAR","SI","LOS VENDE A UNA EMPRESA RECICLADORA, LOS REGALA A UN FAMILIAR, AMIGO O VECINO","NO","NO","INFORMACIÓN DIRECTA","NO","Sí"
"OCAÑA","PÚBLICA","INSTITUCIÓN EDUCATIVA LA PRESENTACIÓN","SI","LOS REGALA A UN FAMILIAR, AMIGO O VECINO","NO","NO","REDES SOCIALES","SI","No conozco de tecnología"
"OCAÑA","PÚBLICA","EJERCITO NACIONAL DE COLOMBIA","SI","LOS ENTREGA A LOS PUNTOS DE RECOLECCIÓN AUTORIZADOS (GESTORES DE RECOLECCIÓN DE RESIDUOS POSTCONSUMO)","SI","NO","CORREO ELECTRÓNICO","SI","Sí"
"OCAÑA","PÚBLICA","INSTITUCIÓN EDUCATIVA LA PRESENTACIÓN","NO","LOS DEJO EN CASA","NO","NO","REDES SOCIALES","SI","Sí"
"OCAÑA","PÚBLICA","COLEGIO LA PRESENTACION","NO","LOS DEJO EN CASA","NO","NO","REDES SOCIALES","SI","Sí"
"CÚCUTA","PÚBLICA","INSTITUCIÓN EDUCATIVA COLEGIO FRANCISCO JOSE DE CALDAS","NO","LOS DEJO EN CASA","SI","NO","REDES SOCIALES","SI","Sí"
"OCAÑA","PÚBLICA","BISAN","NO","LOS DEJO EN CASA","NO","NO","REDES SOCIALES","NO","No"
"CÚCUTA","PÚBLICA","COLMARJ","NO","LOS ENTREGA A LOS PUNTOS DE RECOLECCIÓN AUTORIZADOS (GESTORES DE RECOLECCIÓN DE RESIDUOS POSTCONSUMO)","SI","SI","POR MEDIO DE LA INSTITUCIÓN EDUCATIVA","SI","No"
"CÚCUTA","DESEMPLEADO","NO TENGO TRABAJO","SI","LOS REGALA A UN FAMILIAR, AMIGO O VECINO","NO","NO","NO SABIA QUE EXISTE","NO","Sí"
"CÚCUTA","PÚBLICA","COLEGIO FRANCISCO JOSÉ DE CALDAS","NO","LOS DEJO EN CASA","SI","NO","REDES SOCIALES","SI","Sí"
"OCAÑA","PÚBLICA","SED NORTEDE SANTANDER","NO","LOS DEJO EN CASA","SI","SI","REDES SOCIALES","SI","Sí"
"OCAÑA","TRABAJADOR INDEPENDIENTE","NO TENGO TRABAJO","NO","LOS ENTREGA A LA EMPRESA DEL ASEO","NO","NO","INFORMACIÓN DIRECTA","SI","No conozco de tecnología"
"OCAÑA","PÚBLICA","IE LA PRESENTACIÓN","NO","LOS DEJO EN CASA","SI","NO","REDES SOCIALES","SI","Sí"
"CÚCUTA","PÚBLICA","ESE HOSPITAL ERASMO MEOZ","NO","LOS DEJO EN CASA","NO","SI","RADIO","SI","Sí"
"CÚCUTA","PÚBLICA","HOSPITAL UNIVERSITARIO ERASMO MEOZ","SI","LOS ENTREGA A LOS PUNTOS DE RECOLECCIÓN AUTORIZADOS (GESTORES DE RECOLECCIÓN DE RESIDUOS POSTCONSUMO)","SI","SI","INFORMACIÓN EN EL CONJUNTO DONDE RESIDO","SI","Sí"
"OCAÑA","PÚBLICA","INSTITUCIÓN EDUCATIVA LA PRESENTACIÓN","NO","LOS DEJO EN CASA","SI","NO","REDES SOCIALES","SI","Sí"
"CÚCUTA","PÚBLICA","COLEGIO FRANCISCO JOSE DE CALDAS","SI","LOS ENTREGA A LA EMPRESA DEL ASEO","SI","NO","INFORMACIÓN DIRECTA","SI","Sí"
"CÚCUTA","PÚBLICA","E.S.E. HOSPITAL UNIVERSITARIO ERASMO MEOZ","SI","LOS ENTREGA A LOS PUNTOS DE RECOLECCIÓN AUTORIZADOS (GESTORES DE RECOLECCIÓN DE RESIDUOS POSTCONSUMO)","SI","NO","REDES SOCIALES","SI","Sí"
"CÚCUTA","PÚBLICA","INSTITUCIÓN EDUCATIVA COLEGIO FRANCISCO JOSÉ DE CALDAS","NO","LOS DEJO EN CASA","SI","NO","POR EL LUGAR DONDE TRABAJO","SI","Sí"
"CÚCUTA","PÚBLICA","SECRETARÍA DE EDUCACIÓN MUNICIPAL","NO","LOS DEJO EN CASA","SI","NO","INFORMACIÓN DIRECTA","SI","Sí"
"VILLA DEL ROSARIO","PÚBLICA","COLEGIO FRANCISCO JOSÉ DE CALDAS CUCUTA","NO","LOS DEJO EN CASA","SI","NO","INFORMACION DIRECTA","SI","Sí"
"CÚCUTA","TRABAJADOR INDEPENDIENTE","INDEPENDIENTE","NO","LOS VENDE A UNA EMPRESA RECICLADORA, LOS REGALA A UN FAMILIAR, AMIGO O VECINO","SI","NO","REDES SOCIALES","SI","Sí"
"CÚCUTA","PRIVADA","COLEGIO PRIMERO DE MAYO","NO","LOS ENTREGA A LA EMPRESA DEL ASEO, LOS REGALA A UN FAMILIAR, AMIGO O VECINO","SI","NO","REDES SOCIALES, INFORMACIÓN DIRECTA","SI","No conozco de tecnología"
"CÚCUTA","AMA DE CASA","CASA","NO","LOS DEJO EN CASA","SI","NO","REDES SOCIALES","SI","Sí"
"LOS PATIOS","PÚBLICA","COLEGIO FRANCISCO JOSÉ DE CALDAS","SI","LOS DEJO EN CASA","SI","NO","INFORMACION DIRECTA","NO","No"
"CÚCUTA","TRABAJADOR INDEPENDIENTE","IDEPENDIENTE","SI","LOS REGALA A UN FAMILIAR, AMIGO O VECINO","NO","NO","REDES SOCIALES","SI","Sí"
"CÚCUTA","PRIVADA","TIENDAPP SAS","NO","LOS VENDE A UNA EMPRESA RECICLADORA, LOS REGALA A UN FAMILIAR, AMIGO O VECINO","NO","NO","NO SABIA QUE EXISTE","SI","Sí"
"CÚCUTA","TRABAJADOR INDEPENDIENTE","INDEPENDIENTE","NO","LOS DEJO EN CASA","SI","NO","REDES SOCIALES","SI","No"
"CÚCUTA","TRABAJADOR INDEPENDIENTE","EXCLUSIVO SALOME, FABRICA DE CALZADO","NO","LOS VENDE A UNA EMPRESA RECICLADORA, LOS REGALA A UN FAMILIAR, AMIGO O VECINO","NO","NO","NO SABIA QUE EXISTE","NO","Sí"
"CÚCUTA","TRABAJADOR INDEPENDIENTE","INDEPENDIENTE","NO","LOS REGALA A UN FAMILIAR, AMIGO O VECINO","NO","NO","REDES SOCIALES","SI","Sí"
"CÚCUTA","PÚBLICA","SEM CUCUTA","NO","LOS DEJO EN CASA","SI","NO","REDES SOCIALES","SI","Sí"
"CÚCUTA","PRIVADA","BUIMON","SI","LOS ENTREGA A LA EMPRESA DEL ASEO","NO","NO","INFORMACIÓN DIRECTA","NO","No"
"OCAÑA","PÚBLICA","INSTITUCIÓN EDUCATIVA COLEGIO LA PRESENTACIÓN","NO","LOS DEJO EN CASA","SI","NO","REDES SOCIALES","SI","Sí"
"CÚCUTA","AMA DE CASA","CASA","NO","LOS DEJO EN CASA","SI","SI","REDES SOCIALES","SI","Sí"
"CÚCUTA","PÚBLICA","COLEGIO FRANCISCO JOSÉ DE CALDAS CÚCUTA","NO","LOS DEJO EN CASA","SI","NO","REDES SOCIALES, INFORMACIÓN DIRECTA","SI","Sí"
"CÚCUTA","PÚBLICA","COLEGIO FRANCISCO JOSÉ DE CALDAS","SI","LOS ENTREGA A LA EMPRESA DEL ASEO, LOS REGALA A UN FAMILIAR, AMIGO O VECINO","SI",,"REDES SOCIALES, INFORMACIÓN DIRECTA","SI","Sí"
"CÚCUTA","PRIVADA","MYM INVERSIONES MORENO","NO","LOS DEJO EN CASA","NO","NO","REDES SOCIALES","SI","Sí"
"CÚCUTA","TRABAJADOR INDEPENDIENTE","OFICIOS VARIOS","NO","LOS VENDE A UNA EMPRESA RECICLADORA, LOS REGALA A UN FAMILIAR, AMIGO O VECINO","NO","SI","INFORMACIÓN DIRECTA","SI","Sí"
"CÚCUTA","AMA DE CASA","HOGAR","SI","LOS VENDE A UNA EMPRESA RECICLADORA, LOS REGALA A UN FAMILIAR, AMIGO O VECINO","NO","NO","PUBLICACIÓN EN SEDE  ELECTRÓNICA","NO","No"
"CÚCUTA","AMA DE CASA","AMA DE CASA","NO","LOS VENDE A UNA EMPRESA RECICLADORA, LOS REGALA A UN FAMILIAR, AMIGO O VECINO","SI","NO","NO SABIA QUE EXISTE","SI","Sí"
"CÚCUTA","PRIVADA","ACTISALUD","SI","LOS ENTREGA A LA EMPRESA DEL ASEO","NO","NO","INFORMACION DIRECTA","SI","No"
"CÚCUTA","PÚBLICA","IPS NEUROCOOP NEUROALIADOS","SI","LOS VENDE A UNA EMPRESA RECICLADORA, LOS REGALA A UN FAMILIAR, AMIGO O VECINO","NO","NO","INFORMACIÓN DIRECTA","SI","No me interesa el tema"
"EL CARMEN","PÚBLICA","INSTITUCIÓN EDUCATIVA SANTO ANGEL","NO","LOS DEJO EN CASA","SI","NO","INFORMACIÓN DIRECTA","SI","Sí"
"CÚCUTA","DESEMPLEADO","NO TENGO TRABAJO","NO","LOS DEJO EN CASA","SI","NO","REDES SOCIALES","SI","Sí"
"CÚCUTA","TRABAJADOR INDEPENDIENTE","NO TENGO TRABAJO","NO","LOS DEJO EN CASA","NO","NO","REDES SOCIALES","NO","Sí"
"CÚCUTA","PÚBLICA","COLEGIO FRANCISCO JOSÉ DE CALDAS","NO","LOS ENTREGA A LA EMPRESA DEL ASEO","SI","NO","REDES SOCIALES, INFORMACIÓN DIRECTA","SI","Sí"
"CÚCUTA","AMA DE CASA","AMA DE CASA","NO","LOS DEJO EN CASA","NO","NO","INFORMACION DIRECTA","NO","Sí"
"CÚCUTA","AMA DE CASA","AMA DE CASA","NO","LOS DEJO EN CASA","SI","NO","REDES SOCIALES","NO","No conozco de tecnología"
"CÚCUTA","PRIVADA","ARMANDO QUINTERO","SI","LOS ENTREGA A LOS PUNTOS DE RECOLECCIÓN AUTORIZADOS (GESTORES DE RECOLECCIÓN DE RESIDUOS POSTCONSUMO)","NO","NO","INFORMACIÓN DIRECTA","NO","Sí"
"EL CARMEN","PÚBLICA","CENTRO EDUCATIVO RURAL EL SUL","SI","LOS ENTREGA A LA EMPRESA DEL ASEO","NO","NO","REDES SOCIALES","SI","Sí"
"CÚCUTA","PÚBLICA","COLEGIO FRANCISCO JOSÉ DE CALDAS","SI","LOS REGALA A UN FAMILIAR, AMIGO O VECINO","SI","NO","REDES SOCIALES","NO","Sí"
"CÚCUTA","PRIVADA","AQG OFICINA","NO","LOS DEJO EN CASA","NO","NO","REDES SOCIALES","NO","Sí"
"CÚCUTA","PÚBLICA","SECRETARIA DE CULTURA DEPARTAMENTAL","SI","LOS ENTREGA A LA EMPRESA DEL ASEO","NO","NO","REDES SOCIALES","SI","Sí"
"CÚCUTA","TRABAJADOR INDEPENDIENTE","PLATINCOIN","SI","LOS REGALA A UN FAMILIAR, AMIGO O VECINO","SI","NO","INFORMACIÓN DIRECTA","SI","Sí"
"CÚCUTA","PRIVADA","CORPORACIÓN TRIGAL DEL NORTE","NO","LOS DEJO EN CASA","SI","NO","INFORMACIÓN DIRECTA","SI","No"
"CÚCUTA","TRABAJADOR INDEPENDIENTE","FOTOCOPIAS FREDO","NO","LOS DEJO EN CASA","NO","NO","REDES SOCIALES","NO","No conozco de tecnología"
"CÚCUTA","PRIVADA","AGUAS KPITAL CUCUTA","NO","LOS DEJO EN CASA","SI","NO","REDES SOCIALES","NO","Sí"
"CÚCUTA","TRABAJADOR INDEPENDIENTE","MACA DISEÑOS","SI","LOS REGALA A UN FAMILIAR, AMIGO O VECINO","NO","NO","NO SABIA QUE EXISTE","SI","Sí"
"CÚCUTA","PÚBLICA","FRANCISCO JOSE DE CALDAS","SI","LOS VENDE A UNA EMPRESA RECICLADORA, LOS REGALA A UN FAMILIAR, AMIGO O VECINO","NO","NO","INFORMACION DIRECTA","SI","Sí"
"EL CARMEN","PÚBLICA","SECRETARIA DE EDUCACIÓN DEPARTAMENTAL","NO","LOS DEJO EN CASA","SI","NO","INFORMACIÓN DIRECTA","NO","No"
"CÚCUTA","PÚBLICA","HUEM","NO","LOS DEJO EN CASA","NO","SI","RADIO","NO","Sí"
"CÚCUTA","DESEMPLEADO","NO TENGO TRABAJO","NO","LOS DEJO EN CASA","SI","NO","REDES SOCIALES","SI","Sí"
"CÚCUTA","TRABAJADOR INDEPENDIENTE","CATALOGOS","NO","LOS DEJO EN CASA","NO","NO","REDES SOCIALES","NO","No conozco de tecnología"
"LOS PATIOS","PÚBLICA","SECRETARIA DE EDUCACIÓN MINIICPAL","NO","LOS DEJO EN CASA","SI","NO","REDES SOCIALES","SI","Sí"
"CÚCUTA","AMA DE CASA","CASA","NO","LOS VENDE A UNA EMPRESA RECICLADORA, LOS REGALA A UN FAMILIAR, AMIGO O VECINO","NO","NO","INFORMACIÓN DIRECTA","NO","No conozco de tecnología"
"CÚCUTA","PÚBLICA","I.E COLEGIO FRANCISCO JOSÉ DE CALDAS","SI","LOS ENTREGA A LOS PUNTOS DE RECOLECCIÓN AUTORIZADOS (GESTORES DE RECOLECCIÓN DE RESIDUOS POSTCONSUMO)","SI","NO","INFORMACIÓN DIRECTA","SI","Sí"
"CÚCUTA","TRABAJADOR INDEPENDIENTE","SANATY","NO","LOS DEJO EN CASA","SI","NO","REDES SOCIALES","SI","Sí"
"CÚCUTA","AMA DE CASA","HOGAR","NO","LOS DEJO EN CASA","NO","SI","INFORMACIÓN DIRECTA","SI","Sí"
"CÚCUTA","TRABAJADOR INDEPENDIENTE","CENABASTOS","NO","LOS VENDE A UNA EMPRESA RECICLADORA, LOS REGALA A UN FAMILIAR, AMIGO O VECINO","NO","NO","NO SABIA QUE EXISTE","NO","No"
"CÚCUTA","PRIVADA","TVNOVEDADES","SI","LOS REGALA A UN FAMILIAR, AMIGO O VECINO","SI","NO","INFORMACIÓN DIRECTA","NO","Sí"
"CÚCUTA","TRABAJADOR INDEPENDIENTE","NO TENGO TRABAJO","NO","LOS VENDE A UNA EMPRESA RECICLADORA, LOS REGALA A UN FAMILIAR, AMIGO O VECINO","NO","NO","REDES SOCIALES","NO","No conozco de tecnología"
"EL CARMEN","PÚBLICA","INSTITUCION EDUCATIVA SANTO ANGEL","NO","LOS DEJO EN CASA","SI","NO","REDES SOCIALES","SI","Sí"
"CÚCUTA","TRABAJADOR INDEPENDIENTE","CATALOGOS","NO","LOS VENDE A UNA EMPRESA RECICLADORA, LOS REGALA A UN FAMILIAR, AMIGO O VECINO","NO","NO","REDES SOCIALES","NO","No"
"CÚCUTA","PÚBLICA","SECRETARIA DE EDUCACIÓN MUNICIPAL","NO","LOS DEJO EN CASA","NO","NO","INFORMACION DIRECTA","SI","Sí"
"CÚCUTA","PÚBLICA","I.E.COLEG FRANCISCO JOSE DE CALDAS","NO","LOS DEJO EN CASA","SI","NO","TELEVISIÓN","SI","No conozco de tecnología"
"CÚCUTA","PRIVADA","CALIDAD TOTAL Y","NO","LOS DEJO EN CASA","NO","NO","REDES SOCIALES","SI","Sí"
"CÚCUTA","AMA DE CASA","AMA DE CASA","NO","LOS REGALA A UN FAMILIAR, AMIGO O VECINO","SI","NO","REDES SOCIALES","NO","No"
"CÚCUTA","PÚBLICA","I.E COLEGIO FRANCISCO JOSÉ DE CALDAS","SI","LOS REGALA A UN FAMILIAR, AMIGO O VECINO","NO","NO","REDES SOCIALES, INFORMACIÓN DIRECTA","SI","Sí"
"OCAÑA","PÚBLICA","INSTITUCION EDUCATIVA LA PRESENTACION OCAÑA","NO","LOS DEJO EN CASA","SI","SI","INFORMACIÓN DIRECTA","SI","Sí"
"OCAÑA","AMA DE CASA","CASA","NO","LOS DEJO EN CASA","NO","NO","REDES SOCIALES","NO","Sí"
"OCAÑA","PÚBLICA","INSTITUTO TÉCNICO ALFONSO LÓPEZ","SI","LOS ENTREGA A LA EMPRESA DEL ASEO","SI","NO","INFORMACION DIRECTA","SI","Sí"
"CÚCUTA","TRABAJADOR INDEPENDIENTE","TRABAJO INDEPENDIENTE","NO","LOS DEJO EN CASA","NO","NO","RADIO","SI","No"
"OCAÑA","PÚBLICA","HOSPITAL EMITO QUINTERO CAÑIZARES","NO","LOS DEJO EN CASA","SI","NO","REDES SOCIALES","SI","Sí"
"CÚCUTA","DESEMPLEADO","NO TENGO TRABAJO","NO","LOS DEJO EN CASA","SI","NO","INFORMACIÓN DIRECTA","SI","No"
"CÚCUTA","PÚBLICA","SCRETARIA DW EDUCACIIN MUNICIPAL","NO","LOS REGALA A UN FAMILIAR, AMIGO O VECINO","SI","NO","REDES SOCIALES","SI","Sí"
"EL CARMEN","PÚBLICA","CENTRO EDUCATIVO EL SUL.","NO","LOS DEJO EN CASA","NO","NO","REDES SOCIALES","NO","No"
"CÚCUTA","PENSIONADO","NO TENGO TRABAJO","SI","LOS DEJO EN CASA","SI","NO","INFORMACION DIRECTA","SI","Sí"
"CÚCUTA","TRABAJADOR INDEPENDIENTE","CASA","NO","LOS DEJO EN CASA","NO","SI","REDES SOCIALES","SI","Sí"
"OCAÑA","AMA DE CASA","AMA DE CASA","NO","LOS DEJO EN CASA","SI","NO","INFORMACIÓN DIRECTA","NO","Sí"
"CÚCUTA","PRIVADA","COMFAORITENE","NO","LOS DEJO EN CASA","NO","NO","INFORMACIÓN DIRECTA","SI","Sí"
"OCAÑA","TRABAJADOR INDEPENDIENTE","INDEPENDIENTE","SI","LOS DEJO EN CASA","NO","NO","A TRAVÉS DE UN AMIGO","SI","Sí"
"OCAÑA","PRIVADA","BIDESA DISTRIBUCIONES S. A. S","NO","LOS DEJO EN CASA","NO","NO","REDES SOCIALES","SI","No"
"CÚCUTA","DESEMPLEADO","NO TENGO TRABAJO","NO","LOS VENDE A UNA EMPRESA RECICLADORA, LOS REGALA A UN FAMILIAR, AMIGO O VECINO","NO","NO","INFORMACIÓN DIRECTA","NO","Sí"
"CÚCUTA","TRABAJADOR INDEPENDIENTE","INDEP NDIENTE","NO","LOS DEJO EN CASA","NO","NO","PUBLICACIÓN EN SEDE  ELECTRÓNICA","NO","No"
"CÚCUTA","PÚBLICA","SECRETARIA DE EDUCACIÓN MUNICIPAL","SI","LOS ENTREGA A LA EMPRESA DEL ASEO, LOS REGALA A UN FAMILIAR, AMIGO O VECINO, LOS ENTREGA A LOS PUNTOS DE RECOLECCIÓN AUTORIZADOS (GESTORES DE RECOLECCIÓN DE RESIDUOS POSTCONSUMO)","SI","NO","REDES SOCIALES","SI","Sí"
"CÚCUTA","AMA DE CASA","AMA DE CASA","NO","LOS DEJO EN CASA","NO","NO","REDES SOCIALES","SI","Sí"
"CÚCUTA","PÚBLICA","PANADERÍA PAISA PAN","NO","LOS DEJO EN CASA","NO","NO","REDES SOCIALES","SI","No"
"CÚCUTA","PÚBLICA","ASAMBLEA DE NORTE DE SANTANDER","NO","LOS DEJO EN CASA","SI","NO","INFORMACIÓN DIRECTA","SI","Sí"
"EL CARMEN","PÚBLICA","COLEGIO SANTO ANGEL","NO","LOS DEJO EN CASA","NO","NO","REDES SOCIALES","SI","No"
"EL CARMEN","PÚBLICA","CENTRO EDUCATIVO RURAL EL SUL","SI","LOS ENTREGA A LA EMPRESA DEL ASEO","SI","NO","INFORMACIÓN DIRECTA","SI","No"
"OCAÑA","TRABAJADOR INDEPENDIENTE","CASA DE FAMILIA","NO","LOS DEJO EN CASA","SI","NO","INFORMACIÓN DIRECTA","NO","Sí"
"CÚCUTA","DESEMPLEADO","NO TENGO TRABAJO","NO","LOS VENDE A UNA EMPRESA RECICLADORA, LOS REGALA A UN FAMILIAR, AMIGO O VECINO","NO","NO","POR PARTE DEL COLEGIO FRANCISCO JOSÉ DE CALDAS","SI","Sí"
"EL CARMEN","PÚBLICA","CER EL SUL MUNICIPUO DENEL CARMEN","NO","LOS DEJO EN CASA","NO","NO","REDES SOCIALES","NO","No"
"CÚCUTA","TRABAJADOR INDEPENDIENTE","NO TENGO TRABAJO","NO","LOS VENDE A UNA EMPRESA RECICLADORA, LOS REGALA A UN FAMILIAR, AMIGO O VECINO","NO","NO","INFORMACION DIRECTA","SI","Sí"
"OCAÑA","PÚBLICA","IE LA PRESENTACIÓN","SI","LOS REGALA A UN FAMILIAR, AMIGO O VECINO","NO","NO","REDES SOCIALES","SI","No"
"CÚCUTA","AMA DE CASA","CASA","SI","LOS ENTREGA A LOS PUNTOS DE RECOLECCIÓN AUTORIZADOS (GESTORES DE RECOLECCIÓN DE RESIDUOS POSTCONSUMO)","NO","NO","NO SABIA QUE EXISTE","NO","Sí"
"CÚCUTA","TRABAJADOR INDEPENDIENTE","RIOTIC","SI","LOS ENTREGA A LA EMPRESA DEL ASEO","SI","NO","INFORMACIÓN DIRECTA","SI","Sí"
"CÚCUTA","PRIVADA","ESPÍRITU URBANO","NO","LOS VENDE A UNA EMPRESA RECICLADORA, LOS REGALA A UN FAMILIAR, AMIGO O VECINO","SI","NO","INFORMACIÓN DIRECTA","SI","No conozco de tecnología"
"CÚCUTA","TRABAJADOR INDEPENDIENTE","HOGAR","NO","LOS DEJO EN CASA","NO","NO","REDES SOCIALES","SI","Sí"
"CÚCUTA","PENSIONADO","LOTERÍA DE CÚCUTA","NO","LOS DEJO EN CASA","NO","NO","REDES SOCIALES","SI","Sí"
"CÚCUTA","PRIVADA","CIADE","NO","LOS DEJO EN CASA","SI","NO","REDES SOCIALES","SI","Sí"
"EL CARMEN","PÚBLICA","I. E. COLEGIO SANTO ANGEL","NO","LOS DEJO EN CASA","NO","NO","INFORMACIÓN DIRECTA","NO","Sí"
"CÚCUTA","TRABAJADOR INDEPENDIENTE","CASA","NO","LOS DEJO EN CASA","NO","SI","INFORMACION DIRECTA","NO","No conozco de tecnología"
"CÚCUTA","TRABAJADOR INDEPENDIENTE","EBANISTA","NO","LOS VENDE A UNA EMPRESA RECICLADORA, LOS REGALA A UN FAMILIAR, AMIGO O VECINO","SI","NO","REDES SOCIALES","NO","Sí"
"CÚCUTA","PRIVADA","CONSULTORIO  MEDICO ODONTOLÓGICO  VILLABONA","NO","LOS ENTREGA A LA EMPRESA DEL ASEO","SI","NO","REDES SOCIALES","NO","No"
"EL CARMEN","PÚBLICA","SECRETARIA DE LA EDUCACIÓN","NO","LOS DEJO EN CASA","NO","SI","REDES SOCIALES","SI","Sí"
"EL CARMEN","PÚBLICA","CER EL SUL SEDE LA ESPERANZA","NO","LOS DEJO EN CASA","NO","NO","REDES SOCIALES","SI","Sí"
"VILLA DEL ROSARIO","PRIVADA","FRENOS Y AUTOPARTES EL BUEN SERVICIO SAS","SI","LOS DEJO EN CASA","NO","NO","REDES SOCIALES","SI","Sí"
"OCAÑA","TRABAJADOR INDEPENDIENTE","NO TENGO TRABAJO","NO","LOS DEJO EN CASA","NO","NO","INFORMACIÓN DIRECTA","NO","No"
"CÚCUTA","PRIVADA","COLEGIO NUESTRA SEÑORA DE PILAR","SI","LOS ENTREGA A LA EMPRESA DEL ASEO","NO","NO","REDES SOCIALES","SI","Sí"
"LOS PATIOS","TRABAJADOR INDEPENDIENTE","TALLER JOYERÍA","NO","LOS DEJO EN CASA","NO","NO","REDES SOCIALES","SI","Sí"
"CÚCUTA","PÚBLICA","SECRETARÍA DE SALUD","SI","LOS ENTREGA A LOS PUNTOS DE RECOLECCIÓN AUTORIZADOS (GESTORES DE RECOLECCIÓN DE RESIDUOS POSTCONSUMO)","SI","SI","INFORMACION DIRECTA","SI","No"
"CÚCUTA","PÚBLICA","INSTITUCIÓN JUAN PABLO I","SI","LOS REGALA A UN FAMILIAR, AMIGO O VECINO","SI","NO","REDES SOCIALES","SI","No"
"EL CARMEN","PÚBLICA","CENTRO EDUCATIVO RURAL EL SUL SEDE MARIQUITA","NO","LOS DEJO EN CASA","SI","NO","REDES SOCIALES","SI","Sí"
"OCAÑA","PRIVADA","BANCO DE BOGOTÁ","NO","LOS DEJO EN CASA","NO","NO","REDES SOCIALES","SI","Sí"
"OCAÑA","PÚBLICA","HOSPITAL EQC","NO","LOS DEJO EN CASA","SI","SI","REDES SOCIALES, INFORMACIÓN DIRECTA","SI","Sí"
"OCAÑA","PÚBLICA","COLEGIO LA SALLE","SI","LOS ENTREGA A LA EMPRESA DEL ASEO","NO","NO","NO SABIA QUE EXISTE","SI","No"
"CONVENCIÓN","PÚBLICA","SED NORTE DE SANTANDER","SI","LOS REGALA A UN FAMILIAR, AMIGO O VECINO","NO","NO","REDES SOCIALES","SI","Sí"
"CÚCUTA","TRABAJADOR INDEPENDIENTE","PERSONAL","NO","LOS DEJO EN CASA","NO","NO","REDES SOCIALES","NO","Sí"
"CONVENCIÓN","TRABAJADOR INDEPENDIENTE","INDEPENDIENTE","SI","LOS REGALA A UN FAMILIAR, AMIGO O VECINO","NO","NO","REDES SOCIALES","SI","Sí"
"CONVENCIÓN","PRIVADA","COOMOTILON","SI","LOS VENDE A UNA EMPRESA RECICLADORA, LOS REGALA A UN FAMILIAR, AMIGO O VECINO","NO","NO","REDES SOCIALES","SI","Sí"
"OCAÑA","PÚBLICA","HOSPITAL EMIRO QUINTERO CAÑIZARES","NO","LOS DEJO EN CASA","SI","NO","INFORMACIÓN DIRECTA","SI","Sí"
"CONVENCIÓN","TRABAJADOR INDEPENDIENTE","NIÑERA","SI","LOS ENTREGA A LA EMPRESA DEL ASEO","SI","NO","REDES SOCIALES","SI","Sí"
"CONVENCIÓN","TRABAJADOR INDEPENDIENTE","AGRICULTOR","SI","LOS ENTREGA A LA EMPRESA DEL ASEO","NO","NO","REDES SOCIALES","SI","Sí"
"OCAÑA","DESEMPLEADO","NO TENGO TRABAJO","NO","LOS REGALA A UN FAMILIAR, AMIGO O VECINO","SI","NO","INFORMACIÓN DIRECTA","NO","Sí"
"OCAÑA","PÚBLICA","I.E LA PRESENTACIÓN","SI","LOS ENTREGA A LOS PUNTOS DE RECOLECCIÓN AUTORIZADOS (GESTORES DE RECOLECCIÓN DE RESIDUOS POSTCONSUMO)","SI","NO","REDES SOCIALES","NO","Sí"
"CONVENCIÓN","TRABAJADOR INDEPENDIENTE","AGRICULTOR","SI","LOS ENTREGA A LA EMPRESA DEL ASEO","NO","NO","REDES SOCIALES","NO","Sí"
"OCAÑA","TRABAJADOR INDEPENDIENTE","VENTA DE MIS PRODUCTOS","SI","LOS RECICLADORES LOS RECOGEN","NO","NO","INFORMACIÓN DIRECTA","SI","Sí"
"CÚCUTA","PÚBLICA","SENA","SI","LOS REGALA A UN FAMILIAR, AMIGO O VECINO","NO","NO","INFORMACIÓN DIRECTA","SI","Sí"
"CONVENCIÓN","PÚBLICA","INSTITUTO TÉCNICO AGRÍCOLA","NO","LOS ENTREGA A LOS PUNTOS DE RECOLECCIÓN AUTORIZADOS (GESTORES DE RECOLECCIÓN DE RESIDUOS POSTCONSUMO)","SI","NO","REDES SOCIALES","SI","Sí"
"CONVENCIÓN","TRABAJADOR INDEPENDIENTE","BUENOS AIRES","SI","LOS VENDE A UNA EMPRESA RECICLADORA, LOS REGALA A UN FAMILIAR, AMIGO O VECINO","SI","NO","REDES SOCIALES","NO","Sí"
"OCAÑA","DESEMPLEADO","NO TENGO TRABAJO","SI","LOS ENTREGA A LOS PUNTOS DE RECOLECCIÓN AUTORIZADOS (GESTORES DE RECOLECCIÓN DE RESIDUOS POSTCONSUMO)","NO","NO","PUBLICACIÓN EN SEDE  ELECTRÓNICA","NO","No"
"OCAÑA","PÚBLICA","INDEPENDIENTE","NO","LOS DEJO EN CASA","NO","NO","RADIO","NO","Sí"
"OCAÑA","PÚBLICA","PROTEGER","NO","LOS DEJO EN CASA","NO","NO","REDES SOCIALES","SI","Sí"
"OCAÑA","PÚBLICA","COLEGIO LA PRESENTACIÓN","NO","LOS DEJO EN CASA","SI","NO","REDES SOCIALES","NO","Sí"
"OCAÑA","PÚBLICA","BANCO AGRARIO","NO","LOS DEJO EN CASA","SI","NO","INFORMACIÓN DIRECTA","SI","No"
"OCAÑA","TRABAJADOR INDEPENDIENTE","NO TENGO TRABAJO","SI","LOS DEJO EN CASA","NO","NO","REDES SOCIALES","NO","Sí"
"OCAÑA","TRABAJADOR INDEPENDIENTE","INDEPENDIENTE","NO","LOS DEJO EN CASA","NO","NO","REDES SOCIALES","SI","Sí"
"VILLA DEL ROSARIO","AMA DE CASA","AMA DE CASA","SI","LOS VENDE A UNA EMPRESA RECICLADORA, LOS REGALA A UN FAMILIAR, AMIGO O VECINO","NO","NO","REDES SOCIALES","SI","Sí"
"OCAÑA","PÚBLICA","HOSPITAL EMIRO QUINTERO CAÑIZARES","NO","LOS ENTREGA A LA EMPRESA DEL ASEO","SI","NO","INFORMACIÓN DIRECTA","NO","Sí"
"CONVENCIÓN","PÚBLICA","INSTITUTO TÉCNICO AGRÍCOLA","NO","LOS DEJO EN CASA","SI","SI","PUBLICACIÓN EN SEDE  ELECTRÓNICA","SI","Sí"
"OCAÑA","PRIVADA","NUSKIN","SI","LOS ENTREGA A LA EMPRESA DEL ASEO","NO","NO","REDES SOCIALES","SI","Sí"
"CONVENCIÓN","PÚBLICA","I.E INSTITUTO TÉCNICO AGRÍCOLA","SI","LOS REGALA A UN FAMILIAR, AMIGO O VECINO","SI","NO","INFORMACIÓN DIRECTA","SI","Sí"
"OCAÑA","TRABAJADOR INDEPENDIENTE","AMA DE CASA","NO","LOS DEJO EN CASA","NO","NO","INFORMACIÓN DIRECTA","SI","Sí"
"OCAÑA","TRABAJADOR INDEPENDIENTE","INDEPENDIENTE","SI","LOS ENTREGA A LA EMPRESA DEL ASEO, LOS REGALA A UN FAMILIAR, AMIGO O VECINO","NO","NO","INFORMACIÓN DIRECTA","SI","Sí"
"OCAÑA","PRIVADA","FINANCIERA COMULTRASAN","SI","LOS ENTREGA A LA EMPRESA DEL ASEO, LOS VENDE A UNA EMPRESA RECICLADORA","NO","NO","REDES SOCIALES","SI","Sí"
"OCAÑA","PÚBLICA","ALCALDIA","NO","LOS DEJO EN CASA","SI","SI","REDES SOCIALES","SI","Sí"
"OCAÑA","PÚBLICA","TV SAN JORGE","NO","LOS DEJO EN CASA","NO","NO","INFORMACIÓN DIRECTA","SI","Sí"
"OCAÑA","DESEMPLEADO","UNIVERSIDAD","SI","LOS ENTREGA A LA EMPRESA DEL ASEO","SI","NO","REDES SOCIALES","SI","Sí"
"OCAÑA","PÚBLICA","HOSPITAL EMIRO QUINTERO CAÑIZARES","SI","LOS REGALA A UN FAMILIAR, AMIGO O VECINO","NO","NO","REDES SOCIALES","NO","No"
"OCAÑA","TRABAJADOR INDEPENDIENTE","INDEPENDIENTE","NO","LOS DEJO EN CASA","NO","NO","INFORMACIÓN DIRECTA","SI","Sí"
"OCAÑA","PÚBLICA","ESE HOSPITAL EMIRO QUINTERO CAÑIZARES","NO","LOS REGALA A UN FAMILIAR, AMIGO O VECINO","NO","NO","NO SABIA QUE EXISTE","NO","Sí"
"OCAÑA","PÚBLICA","E.S.E HOSPITAL EMIRO QUINTERO CAÑIZARES","SI","LOS ENTREGA A LA EMPRESA DEL ASEO","NO","SI","INFORMACIÓN DIRECTA","SI","Sí"
"OCAÑA","PÚBLICA","HOSPITAL EMIRO QUINTERO CAÑIZARES","NO","LOS VENDE A UNA EMPRESA RECICLADORA, LOS REGALA A UN FAMILIAR, AMIGO O VECINO","NO","NO","POR UN AMIGO","SI","Sí"
"OCAÑA","PÚBLICA","ACTUALMENTE ESTOY DESEMPLEADA","SI","LOS ENTREGA A LOS PUNTOS DE RECOLECCIÓN AUTORIZADOS (GESTORES DE RECOLECCIÓN DE RESIDUOS POSTCONSUMO)","SI","SI","REDES SOCIALES, RADIO, TELEVISIÓN","NO","Sí"
"OCAÑA","PRIVADA","HOGAR","NO","LOS REGALA A UN FAMILIAR, AMIGO O VECINO","NO","NO","REDES SOCIALES, FAMILIA","SI","Sí"
"OCAÑA","DESEMPLEADO","NO TENGO TRABAJO","NO","LOS DEJO EN CASA","NO","NO","INFORMACIÓN DIRECTA","NO","Sí"
"OCAÑA","TRABAJADOR INDEPENDIENTE","CONTRATISTA","NO","LOS DEJO EN CASA","NO","NO","INFORMACIÓN DIRECTA","SI","Sí"
"OCAÑA","PRIVADA","CLINICA","SI","LOS REGALA A UN FAMILIAR, AMIGO O VECINO","NO","NO","REDES SOCIALES","NO","No"
"OCAÑA","PRIVADA","COMFANORTE","NO","LOS REGALA A UN FAMILIAR, AMIGO O VECINO","NO","NO","NO SABIA QUE EXISTE","SI","Sí"
"OCAÑA","PRIVADA","COSPOCES","NO","LOS DEJO EN CASA","NO","NO","REDES SOCIALES","NO","No"
"OCAÑA","PÚBLICA","HEQC","NO","LOS DEJO EN CASA","SI","NO","REDES SOCIALES","NO","No"
"OCAÑA","AMA DE CASA","CASA","NO","LOS VENDE A UNA EMPRESA RECICLADORA, LOS REGALA A UN FAMILIAR, AMIGO O VECINO","NO","NO","NO SABIA QUE EXISTE","SI","No"
"CONVENCIÓN","TRABAJADOR INDEPENDIENTE","SUMINISTROS Y CONSTRUCCIONES","SI","LOS REGALA A UN FAMILIAR, AMIGO O VECINO","NO","NO","REDES SOCIALES","SI","No"
"OCAÑA","PÚBLICA","CONFESALUD","NO","LOS DEJO EN CASA","SI","SI","REDES SOCIALES, PUBLICACIÓN EN SEDE  ELECTRÓNICA, RADIO","SI","Sí"
"OCAÑA","PÚBLICA","UFPSO","NO","LOS DEJO EN CASA","NO","NO","REDES SOCIALES","SI","Sí"
"OCAÑA","PÚBLICA","I C B F","NO","LOS DEJO EN CASA","NO","NO","REDES SOCIALES","NO","Sí"
"CÚCUTA","TRABAJADOR INDEPENDIENTE","INDEPENDIENTE","SI","LOS VENDE A UNA EMPRESA RECICLADORA, LOS REGALA A UN FAMILIAR, AMIGO O VECINO","SI","NO","REDES SOCIALES","SI","Sí"
"CÚCUTA","PRIVADA","OPTICA SUVISION EXPRESS","SI","LOS ENTREGA A LA EMPRESA DEL ASEO","NO","NO","REDES SOCIALES","SI","Sí"
"OCAÑA","TRABAJADOR INDEPENDIENTE","OFICIOS BARIOS","NO","LOS ENTREGA A LOS PUNTOS DE RECOLECCIÓN AUTORIZADOS (GESTORES DE RECOLECCIÓN DE RESIDUOS POSTCONSUMO)","SI","NO","INFORMACIÓN DIRECTA","NO","No"
"OCAÑA","PRIVADA","GIMNASIO CAMPESTRE VILLA MARGARITA","SI","LOS ENTREGA A LA EMPRESA DEL ASEO","SI","NO","REDES SOCIALES","NO","Sí"
"OCAÑA","TRABAJADOR INDEPENDIENTE","YERALDIN","SI","LOS REGALA A UN FAMILIAR, AMIGO O VECINO","NO","NO","REDES SOCIALES","SI","Sí"
"CÚCUTA","DESEMPLEADO","CASA DE HOGAR","NO","LOS VENDE A UNA EMPRESA RECICLADORA, LOS REGALA A UN FAMILIAR, AMIGO O VECINO","SI","NO","RADIO","NO","No conozco de tecnología"
"CÚCUTA","TRABAJADOR INDEPENDIENTE","ESTADIO GENERAL SANTANDER","NO","LOS DEJO EN CASA","SI","SI","PUBLICACIÓN EN SEDE  ELECTRÓNICA","SI","Sí"
"CÚCUTA","TRABAJADOR INDEPENDIENTE","TU DULCE CORAZÓN","SI","LOS ENTREGA A LOS PUNTOS DE RECOLECCIÓN AUTORIZADOS (GESTORES DE RECOLECCIÓN DE RESIDUOS POSTCONSUMO)","SI","NO","REDES SOCIALES","SI","Sí"
"OCAÑA","PÚBLICA","HOSPITAL EMIRO QUINTERO CAÑIZARES","NO","LOS DEJO EN CASA","NO","NO","NO SABIA QUE EXISTE","NO","Sí"
"CONVENCIÓN","PÚBLICA","CER LLANO GRANDE","SI","LOS ENTREGA A LOS PUNTOS DE RECOLECCIÓN AUTORIZADOS (GESTORES DE RECOLECCIÓN DE RESIDUOS POSTCONSUMO)","NO","NO","REDES SOCIALES","SI","Sí"
"CONVENCIÓN","PÚBLICA","FER","NO","LOS DEJO EN CASA","SI","NO","REDES SOCIALES","SI","Sí"
"CÚCUTA","PRIVADA","CAFETERÍA SAN JOSE DE CÚCUTA","NO","LOS VENDE A UNA EMPRESA RECICLADORA, LOS REGALA A UN FAMILIAR, AMIGO O VECINO","SI","NO","INFORMACIÓN DIRECTA","NO","No"
"OCAÑA","PRIVADA","ÉXITO","NO","LOS DEJO EN CASA","SI","NO","INFORMACIÓN DIRECTA","SI","Sí"
"OCAÑA","PRIVADA","GIMNASIO CAMPESTRE VILLA MARGARITA","NO","LOS DEJO EN CASA","SI","NO","INFORMACIÓN DIRECTA","SI","Sí"
"CÚCUTA","PÚBLICA","IGLESIA CENTRO CRISTIANO","NO","LOS DEJO EN CASA","NO","NO","REDES SOCIALES","NO","No"
"CÚCUTA","DESEMPLEADO","NO TENGO TRABAJO","NO","LOS REGALA A UN FAMILIAR, AMIGO O VECINO","NO","NO","REDES SOCIALES","NO","No"
"EL CARMEN","PÚBLICA","SECRETARIA DE EDUCACIÓN DEPARTAMENTAL","NO","LOS REGALA A UN FAMILIAR, AMIGO O VECINO","SI","SI","REDES SOCIALES","NO","Sí"
"OCAÑA","TRABAJADOR INDEPENDIENTE","WILIAN NEVERA","NO","LOS REGALA A UN FAMILIAR, AMIGO O VECINO","NO","NO","REDES SOCIALES","NO","Sí"
"CÚCUTA","TRABAJADOR INDEPENDIENTE","TRABAJO INDEPENDIENTE","SI","LOS REGALA A UN FAMILIAR, AMIGO O VECINO, LOS ENTREGA A LOS PUNTOS DE RECOLECCIÓN AUTORIZADOS (GESTORES DE RECOLECCIÓN DE RESIDUOS POSTCONSUMO)","NO","NO","REDES SOCIALES","NO","Sí, No conozco de tecnología"
"ABREGO","TRABAJADOR INDEPENDIENTE","WILIAN NEVERA","NO","LOS REGALA A UN FAMILIAR, AMIGO O VECINO","NO","SI","REDES SOCIALES","NO","Sí"
"CÚCUTA","TRABAJADOR INDEPENDIENTE","VIANEY","SI","LOS ENTREGA A LA EMPRESA DEL ASEO, LOS REGALA A UN FAMILIAR, AMIGO O VECINO","SI","NO","REDES SOCIALES, INFORMACIÓN DIRECTA","SI","Sí"
"EL CARMEN","PÚBLICA","SECRETARIA DE EDUCACIÓN DEPARTAMENTAL","NO","LOS ENTREGA A LOS PUNTOS DE RECOLECCIÓN AUTORIZADOS (GESTORES DE RECOLECCIÓN DE RESIDUOS POSTCONSUMO)","SI","NO","REDES SOCIALES, INFORMACIÓN DEL DIRECTOR DE CENTRO","NO","No"
"CÚCUTA","TRABAJADOR INDEPENDIENTE","NO TENGO TRABAJO","NO","LOS DEJO EN CASA","NO","SI","REDES SOCIALES, INFORMACIÓN DIRECTA","NO","No"
"EL CARMEN","PÚBLICA","SECRETARIA DE EDUCACIÓN DEPARTAMENTAL","NO","LOS ENTREGA A LOS PUNTOS DE RECOLECCIÓN AUTORIZADOS (GESTORES DE RECOLECCIÓN DE RESIDUOS POSTCONSUMO)","SI","SI","REDES SOCIALES, EL DIRECTOR DEL CENTRO EDUCATIVO","NO","No"
"CÚCUTA","TRABAJADOR INDEPENDIENTE","AMA DE CASA","NO","LOS DEJO EN CASA","SI","NO","REDES SOCIALES","SI","Sí"
"CÚCUTA","TRABAJADOR INDEPENDIENTE","NO TENGO TRABAJO","SI","LOS ENTREGA A LOS PUNTOS DE RECOLECCIÓN AUTORIZADOS (GESTORES DE RECOLECCIÓN DE RESIDUOS POSTCONSUMO)","NO","NO","REDES SOCIALES","SI","Sí"
"CÚCUTA","TRABAJADOR INDEPENDIENTE","NO TENGO TRABAJO","NO","LOS DEJO EN CASA","NO","NO","INFORMACIÓN DIRECTA","SI","No me interesa el tema"
"CÚCUTA","TRABAJADOR INDEPENDIENTE","INDEPENDIENTE","SI","LOS VENDE A UNA EMPRESA RECICLADORA, LOS REGALA A UN FAMILIAR, AMIGO O VECINO","NO","NO","INFORMACION DIRECTA","NO","Sí"
"CÚCUTA","PÚBLICA","ALEJANDRIA","NO","LOS VENDE A UNA EMPRESA RECICLADORA, LOS REGALA A UN FAMILIAR, AMIGO O VECINO","SI","NO","REDES SOCIALES","SI","Sí"
"OCAÑA","PRIVADA","AUVIMER IPS","SI","LOS DEJO EN CASA","SI","NO","NO SABIA QUE EXISTE","SI","No"
"CÚCUTA","PRIVADA","GASOLINA EXTRA","NO","LOS DEJO EN CASA","SI","SI","REDES SOCIALES","SI","Sí"
"CÚCUTA","PRIVADA","PASTEURIZADORA LA MEJOR SA","NO","LOS DEJO EN CASA","SI","NO","REDES SOCIALES","NO","Sí"
"CÚCUTA","TRABAJADOR INDEPENDIENTE","INDEPENDIENTE","NO","LOS DEJO EN CASA","SI","NO","INFORMACIÓN DIRECTA","NO","No"
"CÚCUTA","DESEMPLEADO","NO TENGO TRABAJO","NO","LOS DEJO EN CASA","SI","NO","PROFESORA","NO","No conozco de tecnología"
"CÚCUTA","TRABAJADOR INDEPENDIENTE","INDEPENDIENTE","NO","LOS DEJO EN CASA","SI","NO","REDES SOCIALES","NO","No me interesa el tema"
"CÚCUTA","PRIVADA","MASAY JEANS","NO","LOS DEJO EN CASA","NO","NO","INFORMACIÓN DIRECTA","NO","No me interesa el tema"
"CÚCUTA","TRABAJADOR INDEPENDIENTE","COALES MINERAL","NO","LOS ENTREGA A LA EMPRESA DEL ASEO, LOS VENDE A UNA EMPRESA RECICLADORA","NO","NO","INFORMACIÓN DIRECTA","SI","No me interesa el tema"
"CÚCUTA","TRABAJADOR INDEPENDIENTE","VENTAS","SI","LOS VENDE A UNA EMPRESA RECICLADORA, LOS REGALA A UN FAMILIAR, AMIGO O VECINO","NO","NO","INFORMACIÓN DIRECTA","SI","Sí"
"CÚCUTA","AMA DE CASA","AMA DE CASA","NO","LOS DEJO EN CASA","NO","NO","NO SABIA QUE EXISTE","SI","No conozco de tecnología"
"CÚCUTA","PÚBLICA","GOBERNACIÓN DE NORTE SANTANDER","NO","LOS ENTREGA A LOS PUNTOS DE RECOLECCIÓN AUTORIZADOS (GESTORES DE RECOLECCIÓN DE RESIDUOS POSTCONSUMO)","SI","SI","INFORMACIÓN DIRECTA","SI","Sí"
"VILLA DEL ROSARIO","TRABAJADOR INDEPENDIENTE","VENTA POR CATALOGO","NO","LOS DEJO EN CASA","NO","SI","REDES SOCIALES, RADIO","SI","Sí"
"CÚCUTA","TRABAJADOR INDEPENDIENTE","EMPRESA DE CONFECCIONES","SI","LOS ENTREGA A LA EMPRESA DEL ASEO","NO","NO","REDES SOCIALES, WHASSAP","SI","Sí"
"CÚCUTA","PÚBLICA","SECRETARÍA DE SEGURIDAD CIUDADANA","SI","LOS REGALA A UN FAMILIAR, AMIGO O VECINO","NO","SI","INFORMACIÓN DIRECTA","SI","No, No conozco de tecnología"
"CÚCUTA","DESEMPLEADO","NO TENGO TRABAJO","NO","LOS VENDE A UNA EMPRESA RECICLADORA, LOS REGALA A UN FAMILIAR, AMIGO O VECINO","SI","NO","INFORMACIÓN DIRECTA","NO","No"
"CÚCUTA","PÚBLICA","COL GREMIOS UNIDOS","SI","LOS REGALA A UN FAMILIAR, AMIGO O VECINO","SI","NO","REDES SOCIALES","SI","Sí"
"CÚCUTA","PÚBLICA","SEM CUCUTA","NO","LOS DEJO EN CASA","NO","NO","CORREO ELECTRÓNICO","SI","Sí"
"CONVENCIÓN","DESEMPLEADO","AUN NO","NO","LOS ENTREGA A LOS PUNTOS DE RECOLECCIÓN AUTORIZADOS (GESTORES DE RECOLECCIÓN DE RESIDUOS POSTCONSUMO)","NO","NO","NO SABIA QUE EXISTE","SI","Sí"
"CÚCUTA","DESEMPLEADO","CASA","NO","LOS DEJO EN CASA","NO","NO","NO SABIA QUE EXISTE","SI","Sí"
"CÚCUTA","DESEMPLEADO","NO TENGO TRABAJO","NO","LOS VENDE A UNA EMPRESA RECICLADORA, LOS REGALA A UN FAMILIAR, AMIGO O VECINO","SI","NO","REDES SOCIALES","NO","No"
"CÚCUTA","PÚBLICA","ASGOC","NO","LOS DEJO EN CASA","NO","NO","GRUPO DE WHATSAPP","SI","Sí"
"PAMPLONA","TRABAJADOR INDEPENDIENTE","AMA DE CASA","NO","LOS ENTREGA A LOS PUNTOS DE RECOLECCIÓN AUTORIZADOS (GESTORES DE RECOLECCIÓN DE RESIDUOS POSTCONSUMO)","SI","NO","REDES SOCIALES","SI","Sí"
"PAMPLONA","TRABAJADOR INDEPENDIENTE","AMA DE CASA","NO","LOS ENTREGA A LA EMPRESA DEL ASEO","SI","NO","REDES SOCIALES","SI","Sí"
"EL CARMEN","PÚBLICA","CENTRO EDUCATIVO RURAL EL SUL","SI","LOS REGALA A UN FAMILIAR, AMIGO O VECINO","NO","NO","REDES SOCIALES","SI","Sí"
"CÚCUTA","TRABAJADOR INDEPENDIENTE","VENTA DE CATÁLOGO","SI","LOS ENTREGA A LOS PUNTOS DE RECOLECCIÓN AUTORIZADOS (GESTORES DE RECOLECCIÓN DE RESIDUOS POSTCONSUMO)","SI","NO","REDES SOCIALES","SI","Sí"
"CÚCUTA","PRIVADA","SURAMERICANA DE SEGUROS","SI","LOS REGALA A UN FAMILIAR, AMIGO O VECINO","SI","NO","REDES SOCIALES","SI","Sí"
"EL ZULIA","DESEMPLEADO","NO TENGO TRABAJO","SI","LOS ENTREGA A LA EMPRESA DEL ASEO","NO","NO","INFORMACIÓN DIRECTA","SI","Sí"
"EL ZULIA","DESEMPLEADO","NO TENGO TRABAJO","SI","LOS ENTREGA A LOS PUNTOS DE RECOLECCIÓN AUTORIZADOS (GESTORES DE RECOLECCIÓN DE RESIDUOS POSTCONSUMO)","SI","SI","INFORMACIÓN DIRECTA","SI","Sí"
"CÚCUTA","TRABAJADOR INDEPENDIENTE","INÉS BOUTIQUE","NO","LOS ENTREGA A LA EMPRESA DEL ASEO","NO","NO","REDES SOCIALES","SI","Sí"
"EL CARMEN","PÚBLICA","SECRETARIA DE EDUCACIÓN N DE S","SI","LOS ENTREGA A LA EMPRESA DEL ASEO","SI","NO","REDES SOCIALES","NO","No"
"CÚCUTA","TRABAJADOR INDEPENDIENTE","ESTUDIANTIL","SI","LOS ENTREGA A LA EMPRESA DEL ASEO","NO","NO","INFORMACIÓN DIRECTA","SI","Sí"
"CÚCUTA","DESEMPLEADO","NO TENGO TRABAJO","SI","LOS ENTREGA A LOS PUNTOS DE RECOLECCIÓN AUTORIZADOS (GESTORES DE RECOLECCIÓN DE RESIDUOS POSTCONSUMO)","SI","NO","INFORMACIÓN DIRECTA","SI","Sí"
"CÚCUTA","DESEMPLEADO","NO TENGO TRABAJO","SI","LOS ENTREGA A LOS PUNTOS DE RECOLECCIÓN AUTORIZADOS (GESTORES DE RECOLECCIÓN DE RESIDUOS POSTCONSUMO)","SI","NO","INFORMACIÓN DIRECTA","SI","Sí"
"CÚCUTA","PÚBLICA","INSTITUCIÓN EDUCATIVA EUSTORGIO COLMENARES BAPTISTA","SI","LOS REGALA A UN FAMILIAR, AMIGO O VECINO","SI","NO","REDES SOCIALES","NO","Sí"
"EL CARMEN","PÚBLICA","CENTRO EDUCATIVO RURAL EL SUL","NO","LOS DEJO EN CASA","SI","NO","REDES SOCIALES","SI","Sí"
"CÚCUTA","AMA DE CASA","HOGAR","SI","LOS VENDE A UNA EMPRESA RECICLADORA, LOS REGALA A UN FAMILIAR, AMIGO O VECINO","NO","NO","NO SABIA QUE EXISTE","SI","No, No tenía conocimiento de esas jornadas"
"EL CARMEN","PÚBLICA","SEDE VILLANUEVA","NO","LOS DEJO EN CASA","SI","NO","INFORMACIÓN DIRECTA","NO","No"
"EL CARMEN","PÚBLICA","SED NORTE DE SANTANDER","SI","LOS REGALA A UN FAMILIAR, AMIGO O VECINO","NO","NO","NO SABIA QUE EXISTE","SI","Sí"
"PAMPLONA","PÚBLICA","CORPORACIÓN AUTONOMA REGIONAL DE LA FRANTERA NORORIENTAL","NO","LOS DEJO EN CASA","SI","SI","REDES SOCIALES","NO","No conozco de tecnología"
"PUERTO SANTANDER","PÚBLICA","ALCALDÍA MUNICIPAL","NO","LOS DEJO EN CASA","NO","SI","INFORMACIÓN DIRECTA","SI","Sí"
"CÚCUTA","DESEMPLEADO","NO TENGO TRABAJO","SI","LOS REGALA A UN FAMILIAR, AMIGO O VECINO","SI","NO","REDES SOCIALES","NO","Sí"
"CÚCUTA","PRIVADA","COMERCIANTE","SI","LOS ENTREGA A LA EMPRESA DEL ASEO, LOS VENDE A UNA EMPRESA RECICLADORA, LOS REGALA A UN FAMILIAR, AMIGO O VECINO","NO","NO","INFORMACION DIRECTA","SI","Sí"
"CÚCUTA","AMA DE CASA","AMA DE CASA","SI","LOS ENTREGA A LA EMPRESA DEL ASEO, LOS VENDE A UNA EMPRESA RECICLADORA, LOS REGALA A UN FAMILIAR, AMIGO O VECINO","NO","NO","INFORMACION DIRECTA","SI","Sí"
"EL ZULIA","TRABAJADOR INDEPENDIENTE","CAMPO","NO","LOS DEJO EN CASA","NO","NO","REDES SOCIALES","SI","Sí"
"CONVENCIÓN","PRIVADA","CORPORACIÓN YRAKA","NO","LOS DEJO EN CASA","SI","NO","REDES SOCIALES","SI","Sí"
"CONVENCIÓN","PÚBLICA","SECRETARIA DE EDUCACIÓN DEL NORTE DE SANTANDER","NO","LOS DEJO EN CASA","NO","NO","REDES SOCIALES","SI","Sí"
"CONVENCIÓN","PÚBLICA","INSTITUCIÓN EDUCATIVA COLEGIO LA LA SALLE OCAÑA NORTE DE SANTANDWR","NO","LOS VENDE A UNA EMPRESA RECICLADORA, LOS REGALA A UN FAMILIAR, AMIGO O VECINO","NO","NO","REDES SOCIALES","NO","Sí"
"EL CARMEN","PÚBLICA","CER EL SUL SEDE LA CUESTA","NO","LOS DEJO EN CASA","SI","NO","REDES SOCIALES","NO","Sí"
"OCAÑA","PÚBLICA","PRESENTACIÓN OCAÑA","NO","LOS DEJO EN CASA","SI","NO","REDES SOCIALES","SI","Sí"
"EL ZULIA","PÚBLICA","TÉCNICO","NO","LOS DEJO EN CASA","SI","NO","INFORMACIÓN DIRECTA","SI","Sí"
"CÚCUTA","DESEMPLEADO","NO TENGO TRABAJO","SI","VOTO A LA BASURA","NO","NO","REDES SOCIALES","SI","Sí"
"CÚCUTA","PÚBLICA","HUEM","SI","LOS REGALA A UN FAMILIAR, AMIGO O VECINO, LOS ENTREGA A LOS PUNTOS DE RECOLECCIÓN AUTORIZADOS (GESTORES DE RECOLECCIÓN DE RESIDUOS POSTCONSUMO)","SI","SI","INFORMACIÓN DIRECTA","SI","Sí"
"CÚCUTA","PRIVADA","MINA EL PEÑÓN","NO","LOS DEJO EN CASA","NO","NO","POR MEDIO DEL COLEGIO","NO","Sí"
"OCAÑA","TRABAJADOR INDEPENDIENTE","METALICAS DUMADAZA","SI","LOS ENTREGA A LA EMPRESA DEL ASEO, PEQUEÑA MICROEMPRESA","NO","NO","REDES SOCIALES","SI","Sí"
"CÚCUTA","PÚBLICA","PEDRO CUADRO HERRERA","NO","LOS DEJO EN CASA","SI","SI","REDES SOCIALES","SI","Sí"
"CÚCUTA","TRABAJADOR INDEPENDIENTE","HOGAR","SI","LOS REGALA A UN FAMILIAR, AMIGO O VECINO","NO","NO","INFORMACIÓN DIRECTA","NO","Sí"
"EL CARMEN","PÚBLICA","SECRETARIA DE EDUCACIÓN DE NORTE DE SANTANDER","NO","LOS DEJO EN CASA","NO","NO","INFORMACIÓN DIRECTA","NO","No"
"CÚCUTA","DESEMPLEADO","NO TENGO TRABAJO","NO","LOS ENTREGA A LOS PUNTOS DE RECOLECCIÓN AUTORIZADOS (GESTORES DE RECOLECCIÓN DE RESIDUOS POSTCONSUMO)","SI","NO","REDES SOCIALES","NO","No"
"CÚCUTA","DESEMPLEADO","NO TENGO TRABAJO","NO","LOS DEJO EN CASA","SI","NO","INFORMACIÓN DIRECTA","SI","Sí"
"LOS PATIOS","DESEMPLEADO","NO TENGO TRABAJO","NO","LOS ENTREGA A LOS PUNTOS DE RECOLECCIÓN AUTORIZADOS (GESTORES DE RECOLECCIÓN DE RESIDUOS POSTCONSUMO)","NO","NO","REDES SOCIALES","NO","Sí"
"LOS PATIOS","TRABAJADOR INDEPENDIENTE","EN CASA","NO","LOS REGALA A UN FAMILIAR, AMIGO O VECINO","SI","NO","REDES SOCIALES","NO","Sí"
"CÚCUTA","PÚBLICA","NO TENGO TRABAJO","NO","LOS VENDE A UNA EMPRESA RECICLADORA, LOS REGALA A UN FAMILIAR, AMIGO O VECINO","SI","NO","INFORMACION DIRECTA","NO","No"
"CÚCUTA","TRABAJADOR INDEPENDIENTE","CNBS","NO","LOS DEJO EN CASA","SI","NO","INFORMACIÓN DIRECTA","SI","Sí"
"CÚCUTA","DESEMPLEADO","DESEMPLEADO","SI","LOS ENTREGA A LOS PUNTOS DE RECOLECCIÓN AUTORIZADOS (GESTORES DE RECOLECCIÓN DE RESIDUOS POSTCONSUMO)","SI","NO","CORREO ELECTRÓNICO","NO","Sí"
"LOS PATIOS","DESEMPLEADO","NO TENGO TRABAJO","SI","LOS ENTREGA A LOS PUNTOS DE RECOLECCIÓN AUTORIZADOS (GESTORES DE RECOLECCIÓN DE RESIDUOS POSTCONSUMO)","SI","SI","REDES SOCIALES","SI","No"
"CÚCUTA","DESEMPLEADO","NO TENGO TRABAJO","SI","LOS REGALA A UN FAMILIAR, AMIGO O VECINO","NO","NO","INFORMACIÓN DIRECTA","NO","Sí"
"CÚCUTA","TRABAJADOR INDEPENDIENTE","VENTA DE ROPA","NO","A TODOS LES DOY UTILIDAD","NO","NO","INFORMACION DIRECTA","SI","Sí"
"CÚCUTA","DESEMPLEADO","NO TENGO TRABAJO","NO","LOS DEJO EN CASA","NO","NO","REDES SOCIALES","NO","No"
"CÚCUTA","DESEMPLEADO","NO TENGO TRABAJO","NO","LOS VENDE A UNA EMPRESA RECICLADORA, LOS REGALA A UN FAMILIAR, AMIGO O VECINO","SI","NO","REDES SOCIALES","NO","Ninguna"
"CÚCUTA","TRABAJADOR INDEPENDIENTE","NO TENGO TRABAJO","NO","LOS VENDE A UNA EMPRESA RECICLADORA, LOS REGALA A UN FAMILIAR, AMIGO O VECINO","SI","NO","INFORMACIÓN DIRECTA","NO","No"
"CÚCUTA","DESEMPLEADO","NO TENGO TRABAJO","SI","LOS ENTREGA A LOS PUNTOS DE RECOLECCIÓN AUTORIZADOS (GESTORES DE RECOLECCIÓN DE RESIDUOS POSTCONSUMO)","NO","NO","GRUPO DE WHATSAPP","NO","No"
"CÚCUTA","DESEMPLEADO","ESTUDIO","NO","LOS DEJO EN CASA","SI","NO","REDES SOCIALES, TELEVISIÓN","SI","Sí"
"CÚCUTA","PÚBLICA","COLEGIO","SI","LOS DEJO EN CASA","NO","NO","INFORMACIÓN DIRECTA","NO","No, No me interesa el tema"
"LOS PATIOS","DESEMPLEADO","NO TENGO TRABAJO","SI","LOS REGALA A UN FAMILIAR, AMIGO O VECINO","SI","NO","TELEVISIÓN","SI","Sí"
"CÚCUTA","PRIVADA","TEJAR BLOQUES Y LADRILLOS","NO","LOS ENTREGA A LA EMPRESA DEL ASEO","NO","NO","REDES SOCIALES","NO","No me interesa el tema"
"CÚCUTA","DESEMPLEADO","NO TENGO TRABAJO","NO","LOS DEJO EN CASA","NO","NO","REDES SOCIALES","NO","No"
"EL ZULIA","TRABAJADOR INDEPENDIENTE","CAMPO","SI","LOS ENTREGA A LA EMPRESA DEL ASEO","NO","NO","REDES SOCIALES","SI","Sí"
"CÚCUTA","DESEMPLEADO","NO TENGO TRABAJO","NO","LOS ENTREGA A LOS PUNTOS DE RECOLECCIÓN AUTORIZADOS (GESTORES DE RECOLECCIÓN DE RESIDUOS POSTCONSUMO)","NO","NO","REDES SOCIALES, RADIO","NO","Sí"
"CÚCUTA","DESEMPLEADO","NO TENGO TRABAJO","SI","LOS ENTREGA A LOS PUNTOS DE RECOLECCIÓN AUTORIZADOS (GESTORES DE RECOLECCIÓN DE RESIDUOS POSTCONSUMO)","SI","NO","REDES SOCIALES","NO","Sí"
"CÚCUTA","DESEMPLEADO","AMA DE CASA","NO","LOS ENTREGA A LA EMPRESA DEL ASEO","NO","NO","INFORMACIÓN DIRECTA","NO","No"
"CÚCUTA","PÚBLICA","SENA","NO","LOS DEJO EN CASA","SI","NO","REDES SOCIALES","NO","No"
"CÚCUTA","AMA DE CASA","HOGAR","NO","LOS ENTREGA A LA EMPRESA DEL ASEO","NO","NO","INFORMACIÓN DIRECTA","NO","No"
"CÚCUTA","DESEMPLEADO","NO TENGO TRABAJO","SI","LOS ENTREGA A LOS PUNTOS DE RECOLECCIÓN AUTORIZADOS (GESTORES DE RECOLECCIÓN DE RESIDUOS POSTCONSUMO)","SI","NO","CORREO ELECTRÓNICO","NO","No"
"LOS PATIOS","DESEMPLEADO","NO TENGO TRABAJO","NO","LOS VENDE A UNA EMPRESA RECICLADORA, LOS REGALA A UN FAMILIAR, AMIGO O VECINO","NO","NO","REDES SOCIALES","NO","N/A"
"EL CARMEN","PÚBLICA","SECRETARIA DE EDUCACIÓN NORTE DE SANTANDER","NO","LOS DEJO EN CASA","NO","NO","REDES SOCIALES","SI","Sí"
"CÚCUTA","DESEMPLEADO","NO TENGO TRABAJO","SI","LOS ENTREGA A LOS PUNTOS DE RECOLECCIÓN AUTORIZADOS (GESTORES DE RECOLECCIÓN DE RESIDUOS POSTCONSUMO)","NO","NO","NO SABIA QUE EXISTE","NO","Sí"
"CÚCUTA","AMA DE CASA","AMA DE CASA","SI","LOS ENTREGA A LA EMPRESA DEL ASEO","NO","NO","RADIO","NO","No conozco de tecnología"
"CÚCUTA","PÚBLICA","COLEGIO GREMIOS UNIDOS","NO","LOS DEJO EN CASA","NO","NO","REDES SOCIALES","SI","Sí"
"CÚCUTA","DESEMPLEADO","IESCJ","SI","LOS ENTREGA A LA EMPRESA DEL ASEO","SI","NO","REDES SOCIALES, INFORMACIÓN DIRECTA","SI","No"
"CÚCUTA","DESEMPLEADO","NO TENGO TRABAJO","NO","LOS VENDE A UNA EMPRESA RECICLADORA, LOS REGALA A UN FAMILIAR, AMIGO O VECINO","NO","NO","REDES SOCIALES","SI","Sí"
"CÚCUTA","TRABAJADOR INDEPENDIENTE","INDEPENDIENTE","NO","LOS DEJO EN CASA","SI","NO","REDES SOCIALES","SI","Sí"
"CÚCUTA","PÚBLICA","JEANS ALEJA","SI","LOS REGALA A UN FAMILIAR, AMIGO O VECINO, LOS ENTREGA A LOS PUNTOS DE RECOLECCIÓN AUTORIZADOS (GESTORES DE RECOLECCIÓN DE RESIDUOS POSTCONSUMO)","NO","NO","INFORMACIÓN DIRECTA","NO","No"
"CÚCUTA","DESEMPLEADO","NO TENGO TRABAJO","SI","LOS ENTREGA A LA EMPRESA DEL ASEO","NO","NO","NO SABIA QUE EXISTE","NO","Sí"
"CÚCUTA","TRABAJADOR INDEPENDIENTE","ASESORIAS VT","SI","LOS REGALA A UN FAMILIAR, AMIGO O VECINO","NO","NO","INFORMACIÓN DIRECTA","NO","No"
"CÚCUTA","DESEMPLEADO","DESEMPLEADO","SI","LOS ENTREGA A LOS PUNTOS DE RECOLECCIÓN AUTORIZADOS (GESTORES DE RECOLECCIÓN DE RESIDUOS POSTCONSUMO)","NO","NO","PUBLICACIÓN EN SEDE  ELECTRÓNICA","SI","Sí"
"CÚCUTA","TRABAJADOR INDEPENDIENTE","INDEPENDIENTE","NO","LOS DEJO EN CASA","NO","NO","REDES SOCIALES","NO","No"
"CÚCUTA","TRABAJADOR INDEPENDIENTE","INDEPENDIENTE","NO","LOS DEJO EN CASA","SI","NO","REDES SOCIALES","SI","Sí"
"CÚCUTA","TRABAJADOR INDEPENDIENTE","INSTITUTO TÉCNICO PADRE MANUEL BRICEÑO JAUREGUI FE Y ALEGRÍA","NO","LOS VENDE A UNA EMPRESA RECICLADORA, LOS REGALA A UN FAMILIAR, AMIGO O VECINO","SI","NO","REDES SOCIALES, PUBLICACIÓN EN SEDE  ELECTRÓNICA","NO","Sí"
"CÚCUTA","PÚBLICA","COLEGIO PADRE MANUEL BRICEÑO JAUREGUI FE Y ALEGRIA","SI","UTILIZO PARA PROYECTOS","SI","NO","REDES SOCIALES","SI","Sí"
"CÚCUTA","TRABAJADOR INDEPENDIENTE","INDEPENDIENTE","NO","LOS VENDE A UNA EMPRESA RECICLADORA, LOS REGALA A UN FAMILIAR, AMIGO O VECINO","SI","NO","NO SABIA QUE EXISTE","SI","Sí"
"CÚCUTA","PÚBLICA","INSTITUTO TECNICO PADRE MANUEL BRICEÑO JÁUREGUI","NO","LOS DEJO EN CASA","SI","NO","REDES SOCIALES, INFORMACIÓN DIRECTA","SI","Sí"
"CÚCUTA","PÚBLICA","SI","NO","LOS DEJO EN CASA","NO","NO","INFORMACIÓN DIRECTA","NO","No"
"CÚCUTA","TRABAJADOR INDEPENDIENTE","COLMABRIJA","NO","LOS DEJO EN CASA","SI","NO","INFORMACIÓN DIRECTA","SI","Sí"
"CÚCUTA","TRABAJADOR INDEPENDIENTE","INDEPENDIENTE","NO","LOS DEJO EN CASA","NO","NO","REDES SOCIALES","SI","Sí"
"CÚCUTA","TRABAJADOR INDEPENDIENTE","INSTITUTO TECNICO PADRE MANUEL BRICEÑO JAUREGUI FEY ALEGRIA","NO","LOS ENTREGA A LOS PUNTOS DE RECOLECCIÓN AUTORIZADOS (GESTORES DE RECOLECCIÓN DE RESIDUOS POSTCONSUMO)","NO","NO","TELEVISIÓN","NO","No me interesa el tema"
"CÚCUTA","PÚBLICA","INDEPENDIENTE","NO","LOS DEJO EN CASA","SI","NO","REDES SOCIALES","SI","No me interesa el tema"
"CÚCUTA","TRABAJADOR INDEPENDIENTE","NO TENGO TRABAJO","NO","LOS DEJO EN CASA","NO","NO","REDES SOCIALES","SI","No"
"CÚCUTA","PÚBLICA","INDEPENDIENTE","SI","LOS VENDE A UNA EMPRESA RECICLADORA, LOS REGALA A UN FAMILIAR, AMIGO O VECINO","NO","NO","INFORMACION DIRECTA","SI","Sí"
"CÚCUTA","TRABAJADOR INDEPENDIENTE","SOY MENOR DE EDAD","SI","LOS VENDE A UNA EMPRESA RECICLADORA, LOS REGALA A UN FAMILIAR, AMIGO O VECINO","SI","NO","NO SABIA QUE EXISTE","SI","Sí"
"CÚCUTA","TRABAJADOR INDEPENDIENTE","INSTITUTO TÉCNICO PADRE MANUEL BRICEÑO JAUREGUI FE Y ALEGRÍA","NO","LOS DEJO EN CASA","SI","SI","PUBLICACIÓN EN SEDE  ELECTRÓNICA","SI","Sí"
"CÚCUTA","DESEMPLEADO","NO TENGO TRABAJO","SI","LOS REGALA A UN FAMILIAR, AMIGO O VECINO","NO","NO","REDES SOCIALES","NO","Sí"
"CÚCUTA","TRABAJADOR INDEPENDIENTE","NO TENGO TRABAJO","NO","LOS DEJO EN CASA","NO","NO","INFORMACIÓN DIRECTA","SI","Sí"
"CÚCUTA","DESEMPLEADO","INSTITUTO TECNICO PADRE MANUEL BRICEÑO JAUREGUI FE Y ALEGRIA","NO","LOS DEJO EN CASA","NO","NO","REDES SOCIALES","SI","Sí"
"CÚCUTA","PÚBLICA","SENA","SI","LOS VENDE A UNA EMPRESA RECICLADORA, LOS REGALA A UN FAMILIAR, AMIGO O VECINO","SI","NO","PUBLICACIÓN EN SEDE  ELECTRÓNICA","NO","No"
"CÚCUTA","TRABAJADOR INDEPENDIENTE","VENDEDOR AMBULANTE","NO","LOS DEJO EN CASA","NO","NO","REDES SOCIALES","SI","Sí"
"CÚCUTA","DESEMPLEADO","NO TENGO TRABAJO","NO","LOS DEJO EN CASA","NO","NO","INFORMACIÓN DIRECTA","NO","No me interesa el tema, La verdad no entiendo mucho sobre este tema"
"CÚCUTA","DESEMPLEADO","NO TENGO TRABAJO","NO","LOS DEJO EN CASA","NO","NO","INFORMACION DIRECTA","SI","No"
"CÚCUTA","DESEMPLEADO","NO TENGO TRABAJO","NO","LOS VENDE A UNA EMPRESA RECICLADORA, LOS REGALA A UN FAMILIAR, AMIGO O VECINO","NO","NO","NO SABIA QUE EXISTE","NO","No"
"CÚCUTA","DESEMPLEADO","NO TENGO TRABAJO","NO","LOS VENDE A UNA EMPRESA RECICLADORA, LOS REGALA A UN FAMILIAR, AMIGO O VECINO","NO","NO","TÉCNICA","NO","No me interesa el tema"
"EL CARMEN","PÚBLICA","IE COLEGIO SANTO ANGEL","NO","LOS DEJO EN CASA","NO","NO","REDES SOCIALES","NO","Sí"
"EL CARMEN","PÚBLICA","I.E COLEGIO SANTO ANGEL","NO","LOS DEJO EN CASA","NO","NO","REDES SOCIALES","NO","Sí"
"CÚCUTA","DESEMPLEADO","ESTUDIO","NO","LOS ENTREGA A LA EMPRESA DEL ASEO, LOS VENDE A UNA EMPRESA RECICLADORA","NO","NO","REDES SOCIALES","NO","No me interesa el tema"
"CÚCUTA","PÚBLICA","SENA","NO","LOS DEJO EN CASA","SI","NO","REDES SOCIALES","SI","No"
"CÚCUTA","TRABAJADOR INDEPENDIENTE","INDEPENDIENTE","SI","LOS REGALA A UN FAMILIAR, AMIGO O VECINO","SI","NO","REDES SOCIALES","SI","No me interesa el tema"
"LOS PATIOS","TRABAJADOR INDEPENDIENTE","AVON","NO","LOS DEJO EN CASA","SI","NO","INFORMACION DIRECTA","SI","No"
"CÁCHIRA","PRIVADA","TIP","SI","LOS ENTREGA A LA EMPRESA DEL ASEO","NO","NO","PUBLICACIÓN EN SEDE  ELECTRÓNICA","SI","Sí"
"CÚCUTA","DESEMPLEADO","NO TENGO TRABAJO","SI","LOS ENTREGA A LOS PUNTOS DE RECOLECCIÓN AUTORIZADOS (GESTORES DE RECOLECCIÓN DE RESIDUOS POSTCONSUMO)","SI","NO","INFORMACIÓN DIRECTA","NO","Sí"
"CÚCUTA","DESEMPLEADO","NO TENGO TRABAJO","NO","LOS DEJO EN CASA","SI","SI","REDES SOCIALES","NO","Sí"
"CÚCUTA","TRABAJADOR INDEPENDIENTE","FIVERR","SI","LOS DEJO EN CASA","SI","NO","RADIO","SI","Sí"
"CÚCUTA","TRABAJADOR INDEPENDIENTE","CABINA DE ESTETICA","NO","LOS ENTREGA A LOS PUNTOS DE RECOLECCIÓN AUTORIZADOS (GESTORES DE RECOLECCIÓN DE RESIDUOS POSTCONSUMO)","SI","NO","INFORMACIÓN DIRECTA","SI","Sí"
"CÚCUTA","TRABAJADOR INDEPENDIENTE","INDEPENDIENTE","NO","LOS VENDE A UNA EMPRESA RECICLADORA, LOS REGALA A UN FAMILIAR, AMIGO O VECINO","NO","NO","REDES SOCIALES","NO","No"
"OCAÑA","TRABAJADOR INDEPENDIENTE","CASA DE FAMILIA","NO","LOS ENTREGA A LOS PUNTOS DE RECOLECCIÓN AUTORIZADOS (GESTORES DE RECOLECCIÓN DE RESIDUOS POSTCONSUMO)","NO","NO","REDES SOCIALES","NO","No"
"CÚCUTA","PRIVADA","CENTRO DE PSICOLOGÍA Y TERAPIAS","SI","LOS DEJO EN CASA","NO","NO","CORREO ELECTRÓNICO","NO","Sí"
"CÚCUTA","PÚBLICA","COLEGIO GREMIOS UNIDOS","SI","LOS ENTREGA A LOS PUNTOS DE RECOLECCIÓN AUTORIZADOS (GESTORES DE RECOLECCIÓN DE RESIDUOS POSTCONSUMO)","SI","NO","CORREO ELECTRÓNICO","SI","Sí"
"EL CARMEN","PÚBLICA","SECRETARIA DE EDUCACIÓN NORTE SANTANDER","NO","LOS DEJO EN CASA","NO","NO","REDES SOCIALES","SI","No"
"CÚCUTA","PÚBLICA","JOSE AQUILINO DURAN","NO","LOS DEJO EN CASA","NO","NO","REDES SOCIALES","SI","No"
"EL CARMEN","PÚBLICA","ALCALDIA MUNICIPAL","SI","LOS DEJO EN CASA","NO","NO","CORREO ELECTRÓNICO","SI","Sí"
"CÚCUTA","PÚBLICA","SECRETARIA DE EDUCACIÓN","NO","LOS VENDE A UNA EMPRESA RECICLADORA, LOS REGALA A UN FAMILIAR, AMIGO O VECINO","SI","SI","INFORMACIÓN DIRECTA","SI","Sí"
